season,batter,matches,runs,balls,fours,sixes,strike_rate
2009,A Chopra,1,11,19,2,0,57.89
2009,A Flintoff,3,62,53,5,2,116.98
2009,A Kumble,6,16,19,2,0,84.21
2009,A Mishra,5,26,20,2,2,130.0
2009,A Nehra,1,1,1,0,0,100.0
2009,A Singh,2,1,3,0,0,33.33
2009,A Symonds,8,249,163,15,11,152.76
2009,AA Bilakhia,6,67,80,5,0,83.75
2009,AB Agarkar,5,66,57,3,3,115.79
2009,AB Dinda,2,2,3,0,0,66.67
2009,AB McDonald,1,3,4,0,0,75.0
2009,AB de Villiers,13,465,354,39,12,131.36
2009,AC Gilchrist,16,495,322,54,29,153.73
2009,AD Mascarenhas,4,39,39,4,0,100.0
2009,AD Mathews,1,16,13,2,0,123.08
2009,AM Nayar,11,193,151,14,7,127.81
2009,AM Rahane,7,144,121,12,3,119.01
2009,AN Ghosh,2,7,8,1,0,87.5
2009,AS Raut,7,78,61,5,3,127.87
2009,B Akhil,3,17,15,1,1,113.33
2009,B Lee,4,28,34,2,1,82.35
2009,BAW Mendis,1,0,1,0,0,0.0
2009,BB McCullum,13,286,236,27,12,121.19
2009,BJ Hodge,12,365,309,34,9,118.12
2009,C Nanda,1,0,1,0,0,0.0
2009,CH Gayle,7,184,148,18,10,124.32
2009,D du Preez,1,10,13,0,0,76.92
2009,DA Warner,7,163,132,16,5,123.48
2009,DB Ravi Teja,6,65,70,7,0,92.86
2009,DJ Bravo,10,218,201,15,8,108.46
2009,DJ Hussey,4,98,57,7,6,171.93
2009,DL Vettori,3,34,31,3,0,109.68
2009,DPMD Jayawardene,10,219,165,17,7,132.73
2009,DR Smith,8,215,131,12,15,164.12
2009,DS Kulkarni,3,9,17,0,0,52.94
2009,DW Steyn,1,0,3,0,0,0.0
2009,FH Edwards,2,4,5,0,0,80.0
2009,G Gambhir,15,286,276,32,2,103.62
2009,GC Smith,12,212,213,27,1,99.53
2009,GJ Bailey,2,45,39,7,0,115.38
2009,GR Napier,1,15,16,1,0,93.75
2009,HH Gibbs,14,371,330,32,12,112.42
2009,Harbhajan Singh,10,84,53,6,5,158.49
2009,I Sharma,3,16,13,1,1,123.08
2009,IK Pathan,12,196,158,17,6,124.05
2009,J Botha,3,47,39,5,0,120.51
2009,JA Morkel,10,97,70,8,4,138.57
2009,JD Ryder,5,56,48,9,0,116.67
2009,JDP Oram,8,88,92,5,4,95.65
2009,JH Kallis,15,361,331,37,8,109.06
2009,JP Duminy,12,372,325,26,11,114.46
2009,Joginder Sharma,2,20,18,0,1,111.11
2009,K Goel,8,124,133,9,4,93.23
2009,KC Sangakkara,13,332,322,29,5,103.11
2009,KD Karthik,13,288,217,20,9,132.72
2009,KP Appanna,1,0,1,0,0,0.0
2009,KP Pietersen,6,93,84,8,2,110.71
2009,KV Sharma,1,1,3,0,0,33.33
2009,Kamran Khan,1,3,5,0,0,60.0
2009,L Balaji,3,4,10,0,0,40.0
2009,L Ronchi,1,0,2,0,0,0.0
2009,LA Carseldine,5,81,66,11,0,122.73
2009,LA Pomersbach,4,41,46,3,1,89.13
2009,LR Shukla,6,83,85,5,3,97.65
2009,LRPL Taylor,11,280,206,20,15,135.92
2009,M Kartik,2,21,20,0,0,105.0
2009,M Manhas,6,75,62,7,1,120.97
2009,M Morkel,1,8,8,1,0,100.0
2009,M Muralitharan,4,8,8,1,0,100.0
2009,M Rawat,3,16,19,1,0,84.21
2009,M Vijay,4,60,67,4,2,89.55
2009,MC Henriques,3,38,40,2,1,95.0
2009,MF Maharoof,2,21,21,0,0,100.0
2009,MK Pandey,4,168,117,17,4,143.59
2009,MK Tiwary,1,9,13,1,0,69.23
2009,ML Hayden,12,572,393,60,22,145.55
2009,MM Patel,5,33,26,5,0,126.92
2009,MN van Wyk,5,167,131,19,1,127.48
2009,MS Dhoni,13,332,261,22,9,127.2
2009,MS Gony,2,13,7,0,2,185.71
2009,MV Boucher,9,150,114,8,6,131.58
2009,Mashrafe Mortaza,1,2,2,0,0,100.0
2009,Mohammad Ashraful,1,2,10,0,0,20.0
2009,NK Patel,2,18,38,1,0,47.37
2009,NV Ojha,8,168,144,11,11,116.67
2009,P Kumar,8,65,46,1,6,141.3
2009,PA Patel,9,142,126,19,2,112.7
2009,PC Valthaty,2,6,12,1,0,50.0
2009,PJ Sangwan,4,6,10,0,0,60.0
2009,PP Chawla,8,31,36,3,0,86.11
2009,PP Ojha,4,1,7,0,0,14.29
2009,PR Shah,4,53,51,4,2,103.92
2009,Pankaj Singh,2,1,2,0,0,50.0
2009,R Ashwin,1,8,15,1,0,53.33
2009,R Bhatia,5,8,18,1,0,44.44
2009,R Bishnoi,3,19,17,1,2,111.76
2009,R Dravid,12,271,234,28,3,115.81
2009,R Vinay Kumar,7,47,44,4,1,106.82
2009,RA Jadeja,13,295,265,21,6,111.32
2009,RE van der Merwe,8,122,98,8,8,124.49
2009,RG Sharma,16,362,313,22,18,115.65
2009,RJ Harris,5,21,18,0,0,116.67
2009,RJ Quiney,7,103,102,12,3,100.98
2009,RP Singh,5,8,17,0,0,47.06
2009,RR Powar,3,23,22,2,0,104.55
2009,RR Raje,2,12,9,0,1,133.33
2009,RS Bopara,5,138,119,8,7,115.97
2009,RV Uthappa,13,175,170,18,3,102.94
2009,S Badrinath,11,177,164,20,4,107.93
2009,S Dhawan,4,40,45,3,0,88.89
2009,S Sohal,8,115,91,9,8,126.37
2009,S Sreesanth,2,5,18,1,0,27.78
2009,SA Asnodkar,8,98,93,11,4,105.38
2009,SB Bangar,1,2,9,0,0,22.22
2009,SB Jakati,2,20,15,3,0,133.33
2009,SB Styris,1,14,8,0,1,175.0
2009,SC Ganguly,11,189,205,13,6,92.2
2009,SD Chitnis,1,6,8,1,0,75.0
2009,SK Raina,14,434,306,37,21,141.83
2009,SK Trivedi,3,9,17,0,0,52.94
2009,SK Warne,10,108,116,6,4,93.1
2009,SL Malinga,1,0,1,0,0,0.0
2009,SM Harwood,2,9,13,0,0,69.23
2009,SM Katich,9,145,117,15,6,123.93
2009,SP Goswami,2,53,60,6,0,88.33
2009,SR Tendulkar,13,364,299,39,10,121.74
2009,SS Shaikh,1,6,7,1,0,85.71
2009,SS Tiwary,3,13,12,0,0,108.33
2009,ST Jayasuriya,12,221,190,23,7,116.32
2009,Shoaib Ahmed,3,1,6,0,0,16.67
2009,T Henderson,2,11,15,0,1,73.33
2009,T Kohli,1,1,4,0,0,25.0
2009,T Thushara,2,2,7,0,0,28.57
2009,TL Suman,12,237,190,18,8,124.74
2009,TM Dilshan,13,418,339,42,13,123.3
2009,TM Srivastava,1,0,1,0,0,0.0
2009,V Kohli,13,246,219,22,8,112.33
2009,V Sehwag,11,198,134,24,7,147.76
2009,VVS Laxman,5,19,33,1,1,57.58
2009,W Jaffer,2,15,17,2,0,88.24
2009,WA Mota,6,30,48,0,0,62.5
2009,WP Saha,7,72,41,3,4,175.61
2009,WPUJC Vaas,2,30,21,1,1,142.86
2009,Y Nagar,1,20,20,1,0,100.0
2009,Y Venugopal Rao,12,124,114,6,3,108.77
2009,YK Pathan,13,261,187,25,14,139.57
2009,YV Takawale,1,18,22,2,0,81.82
2009,Yashpal Singh,4,47,65,5,0,72.31
2009,Yuvraj Singh,14,340,294,25,16,115.65
2009,Z Khan,3,8,11,0,0,72.73
2011,A Mishra,9,68,49,9,1,138.78
2011,A Mithun,4,27,20,3,1,135.0
2011,A Singh,2,1,4,0,0,25.0
2011,A Symonds,9,135,138,9,3,97.83
2011,AA Chavan,1,1,3,0,0,33.33
2011,AA Jhunjhunwala,2,10,17,2,0,58.82
2011,AB Agarkar,1,7,5,1,0,140.0
2011,AB Dinda,1,0,5,0,0,0.0
2011,AB McDonald,1,8,7,0,0,114.29
2011,AB de Villiers,13,312,242,21,14,128.93
2011,AC Blizzard,6,120,87,21,2,137.93
2011,AC Gilchrist,14,383,291,41,18,131.62
2011,AC Thomas,2,1,4,0,0,25.0
2011,AG Murtaza,1,2,5,0,0,40.0
2011,AG Paunikar,4,49,54,9,0,90.74
2011,AJ Finch,6,47,46,3,3,102.17
2011,AL Menaria,10,180,152,10,10,118.42
2011,AM Nayar,9,61,66,9,0,92.42
2011,AM Rahane,7,120,98,12,2,122.45
2011,AN Ahmed,1,18,13,1,1,138.46
2011,AS Raut,4,60,58,5,1,103.45
2011,AT Rayudu,16,395,349,44,9,113.18
2011,AUK Pathan,5,33,16,5,2,206.25
2011,B Akhil,1,13,9,0,1,144.44
2011,B Chipli,13,207,170,21,4,121.76
2011,B Kumar,1,1,1,0,0,100.0
2011,B Lee,4,5,9,0,0,55.56
2011,BA Bhatt,1,0,5,0,0,0.0
2011,BB McCullum,13,357,272,35,16,131.25
2011,BJ Haddin,1,18,11,2,1,163.64
2011,BJ Hodge,14,285,234,26,9,121.79
2011,Bipul Sharma,3,23,18,1,0,127.78
2011,CA Ingram,3,21,25,2,0,84.0
2011,CA Pujara,3,34,31,4,0,109.68
2011,CH Gayle,12,608,331,57,44,183.69
2011,CJ Ferguson,4,48,54,6,0,88.89
2011,CK Langeveldt,1,8,8,0,1,100.0
2011,CL White,6,104,109,6,2,95.41
2011,DA Warner,13,324,275,34,11,117.82
2011,DB Ravi Teja,9,183,143,17,4,127.97
2011,DE Bollinger,1,0,1,0,0,0.0
2011,DH Yagnik,4,16,21,1,0,76.19
2011,DJ Bravo,2,11,6,1,1,183.33
2011,DJ Hussey,8,64,63,3,3,101.59
2011,DJ Jacobs,6,92,88,10,4,104.55
2011,DL Vettori,4,23,28,1,1,82.14
2011,DPMD Jayawardene,13,299,257,35,5,116.34
2011,DS Kulkarni,1,2,4,0,0,50.0
2011,DT Christian,13,190,157,9,7,121.02
2011,DW Steyn,5,36,35,3,0,102.86
2011,EJG Morgan,9,137,117,17,3,117.09
2011,FY Fazal,2,19,19,3,0,100.0
2011,G Gambhir,15,378,314,44,3,120.38
2011,GC Smith,4,42,51,6,0,82.35
2011,Harbhajan Singh,8,103,71,9,6,145.07
2011,Harpreet Singh,2,14,20,0,0,70.0
2011,I Malhotra,1,7,4,1,0,175.0
2011,I Sharma,4,4,5,0,0,80.0
2011,IK Pathan,12,150,137,12,6,109.49
2011,IR Jaggi,2,28,37,3,0,75.68
2011,Iqbal Abdulla,2,15,12,1,0,125.0
2011,J Botha,9,230,198,20,2,116.16
2011,J Syed Mohammad,2,15,12,2,0,125.0
2011,JA Morkel,12,138,100,8,8,138.0
2011,JD Ryder,13,292,196,37,11,148.98
2011,JDP Oram,1,0,3,0,0,0.0
2011,JE Taylor,2,3,3,0,0,100.0
2011,JEC Franklin,5,107,78,10,2,137.18
2011,JH Kallis,14,424,378,46,6,112.17
2011,JJ van der Wath,3,18,16,1,1,112.5
2011,JP Duminy,10,205,173,9,8,118.5
2011,JR Hopes,8,196,157,22,3,124.84
2011,Joginder Sharma,1,0,1,0,0,0.0
2011,KA Pollard,12,146,132,12,6,110.61
2011,KB Arun Karthik,2,7,8,1,0,87.5
2011,KC Sangakkara,13,358,291,44,5,123.02
2011,KD Karthik,13,282,220,32,7,128.18
2011,KM Jadhav,4,18,23,1,0,78.26
2011,L Ablish,1,0,2,0,0,0.0
2011,L Balaji,2,4,2,0,0,200.0
2011,LA Pomersbach,4,51,39,4,2,130.77
2011,LR Shukla,1,14,10,2,0,140.0
2011,LRPL Taylor,11,181,150,11,7,120.67
2011,M Kaif,4,41,33,5,0,124.24
2011,M Kartik,2,12,14,1,0,85.71
2011,M Klinger,4,73,75,9,0,97.33
2011,M Manhas,10,114,123,8,4,92.68
2011,M Morkel,5,40,24,3,2,166.67
2011,M Muralitharan,1,5,7,0,0,71.43
2011,M Vijay,16,434,339,34,20,128.02
2011,MA Agarwal,7,141,117,16,4,120.51
2011,MD Mishra,5,67,60,5,2,111.67
2011,MEK Hussey,14,492,413,53,6,119.13
2011,MJ Lumb,1,0,2,0,0,0.0
2011,MK Pandey,9,246,227,28,6,108.37
2011,MK Tiwary,13,359,322,26,14,111.49
2011,MM Patel,1,0,1,0,0,0.0
2011,MR Marsh,3,50,49,2,3,102.04
2011,MS Bisla,5,72,89,8,0,80.9
2011,MS Dhoni,13,392,245,25,23,160.0
2011,MS Gony,2,0,2,0,0,0.0
2011,MS Wade,3,22,33,0,0,66.67
2011,MV Boucher,2,6,6,0,0,100.0
2011,Mandeep Singh,5,47,41,4,1,114.63
2011,ND Doshi,1,0,13,0,0,0.0
2011,NJ Rimmington,1,1,1,0,0,100.0
2011,NL McCullum,2,26,22,0,1,118.18
2011,NLTC Perera,2,23,27,4,0,85.19
2011,NV Ojha,14,160,161,11,11,99.38
2011,OA Shah,2,26,15,1,2,173.33
2011,P Kumar,7,27,31,2,1,87.1
2011,P Parameswaran,1,1,1,0,0,100.0
2011,PA Patel,13,202,182,25,2,110.99
2011,PC Valthaty,14,463,334,56,20,138.62
2011,PP Chawla,6,48,55,2,2,87.27
2011,PR Shah,1,5,5,1,0,100.0
2011,R Ashwin,2,2,6,0,0,33.33
2011,R Bhatia,6,25,22,3,0,113.64
2011,R Dravid,12,343,312,45,2,109.94
2011,R McLaren,4,90,96,7,1,93.75
2011,R Ninan,1,3,5,0,0,60.0
2011,R Sathish,3,25,34,1,0,73.53
2011,R Sharma,5,24,21,1,2,114.29
2011,R Vinay Kumar,7,50,47,4,1,106.38
2011,RA Jadeja,12,283,227,20,14,124.67
2011,RE van der Merwe,4,14,16,1,0,87.5
2011,RG Sharma,13,372,297,32,13,125.25
2011,RJ Harris,7,31,38,3,0,81.58
2011,RN ten Doeschate,3,107,73,9,5,146.58
2011,RP Singh,4,2,4,0,0,50.0
2011,RR Powar,3,11,13,0,0,84.62
2011,RV Gomez,8,46,50,4,1,92.0
2011,RV Uthappa,13,264,205,27,10,128.78
2011,S Anirudha,5,83,74,6,3,112.16
2011,S Aravind,2,13,8,2,0,162.5
2011,S Badrinath,12,396,312,38,9,126.92
2011,S Dhawan,14,400,309,47,7,129.45
2011,S Nadeem,1,0,1,0,0,0.0
2011,S Rana,1,18,15,2,0,120.0
2011,S Randiv,1,2,4,0,0,50.0
2011,S Sohal,10,249,190,25,10,131.05
2011,S Sreesanth,3,1,9,0,0,11.11
2011,S Sriram,1,4,7,0,0,57.14
2011,SA Asnodkar,1,9,9,1,0,100.0
2011,SB Styris,1,5,2,1,0,250.0
2011,SB Wagh,2,2,3,0,0,66.67
2011,SC Ganguly,3,50,58,3,2,86.21
2011,SD Chitnis,1,9,9,1,0,100.0
2011,SE Marsh,13,504,343,52,20,146.94
2011,SJ Srivastava,2,4,3,0,0,133.33
2011,SK Raina,16,438,323,36,17,135.6
2011,SK Trivedi,1,0,2,0,0,0.0
2011,SK Warne,4,10,20,1,0,50.0
2011,SL Malinga,2,8,9,0,1,88.89
2011,SP Goswami,4,29,29,5,0,100.0
2011,SR Tendulkar,16,553,488,67,5,113.32
2011,SR Watson,11,330,252,31,17,130.95
2011,SS Tiwary,13,187,186,13,5,100.54
2011,STR Binny,2,37,31,2,1,119.35
2011,SW Tait,2,10,10,1,0,100.0
2011,Shakib Al Hasan,3,29,22,4,0,131.82
2011,Sunny Singh,5,43,31,6,1,138.71
2011,TD Paine,2,10,26,0,0,38.46
2011,TL Suman,6,65,51,5,5,127.45
2011,TM Dilshan,10,226,180,33,3,125.56
2011,TR Birt,5,75,57,9,2,131.58
2011,UBT Chand,2,2,12,0,0,16.67
2011,UT Yadav,2,1,5,0,0,20.0
2011,V Kohli,16,557,459,55,16,121.35
2011,V Sehwag,11,424,239,51,18,177.41
2011,VR Aaron,1,0,5,0,0,0.0
2011,VVS Laxman,3,44,41,3,2,107.32
2011,WD Parnell,5,37,39,2,1,94.87
2011,WP Saha,2,68,63,2,4,107.94
2011,Y Gnaneswara Rao,1,19,17,3,0,111.76
2011,Y Nagar,10,111,100,6,6,111.0
2011,Y Venugopal Rao,14,336,279,30,13,120.43
2011,YK Pathan,11,283,200,24,13,141.5
2011,Yuvraj Singh,13,343,261,24,18,131.42
2011,Z Khan,2,21,24,2,0,87.5
2012,A Ashish Reddy,5,35,29,3,1,120.69
2012,A Chandila,1,0,1,0,0,0.0
2012,A Mishra,5,16,20,1,0,80.0
2012,A Nehra,2,11,12,1,0,91.67
2012,A Singh,1,0,2,0,0,0.0
2012,AA Chavan,2,11,8,2,0,137.5
2012,AA Jhunjhunwala,3,24,26,1,1,92.31
2012,AB Dinda,1,2,5,0,0,40.0
2012,AB McDonald,3,47,35,6,2,134.29
2012,AB de Villiers,12,315,195,25,15,161.54
2012,AC Blizzard,1,0,3,0,0,0.0
2012,AC Gilchrist,7,172,142,21,4,121.13
2012,AC Thomas,2,19,15,1,1,126.67
2012,AD Mascarenhas,3,14,16,1,0,87.5
2012,AD Mathews,8,127,108,5,4,117.59
2012,AD Russell,2,47,26,3,3,180.77
2012,AG Murtaza,1,3,5,0,0,60.0
2012,AJ Finch,2,55,51,8,0,107.84
2012,AL Menaria,12,220,200,14,8,110.0
2012,AM Nayar,4,45,49,2,1,91.84
2012,AM Rahane,16,560,433,73,10,129.33
2012,AP Majumdar,4,87,76,7,2,114.47
2012,AT Rayudu,15,333,252,21,14,132.14
2012,AUK Pathan,2,6,7,0,0,85.71
2012,Ankit Sharma,4,18,13,0,2,138.46
2012,Azhar Mahmood,10,186,142,16,8,130.99
2012,B Chipli,4,37,35,3,2,105.71
2012,B Kumar,8,40,40,4,0,100.0
2012,B Lee,3,42,20,2,4,210.0
2012,BA Bhatt,1,6,2,0,1,300.0
2012,BB McCullum,12,289,283,37,3,102.12
2012,BB Samantray,1,2,2,0,0,100.0
2012,BJ Hodge,12,245,173,18,9,141.62
2012,Bipul Sharma,4,72,47,6,3,153.19
2012,CA Lynn,1,6,9,1,0,66.67
2012,CA Pujara,2,17,21,1,1,80.95
2012,CH Gayle,13,665,416,44,53,159.86
2012,CJ Ferguson,4,50,63,3,0,79.37
2012,CJ McKay,1,8,15,0,0,53.33
2012,CL White,13,479,319,41,20,150.16
2012,DA Miller,6,98,75,6,4,130.67
2012,DA Warner,8,256,155,28,14,165.16
2012,DAJ Bracewell,1,12,9,1,0,133.33
2012,DB Das,10,126,92,9,6,136.96
2012,DB Ravi Teja,2,4,4,1,0,100.0
2012,DE Bollinger,1,3,5,0,0,60.0
2012,DH Yagnik,3,25,13,5,0,192.31
2012,DJ Bravo,15,346,248,18,19,139.52
2012,DJ Harris,4,111,101,11,5,109.9
2012,DJ Hussey,15,396,305,28,17,129.84
2012,DJ Jacobs,1,0,10,0,0,0.0
2012,DL Vettori,5,30,25,3,1,120.0
2012,DPMD Jayawardene,15,335,298,39,3,112.42
2012,DR Smith,6,157,97,18,7,161.86
2012,DS Kulkarni,1,10,5,2,0,200.0
2012,DT Christian,7,145,118,8,6,122.88
2012,DW Steyn,5,19,21,0,1,90.48
2012,F du Plessis,11,327,257,24,13,127.24
2012,G Gambhir,17,590,411,64,17,143.55
2012,GB Hogg,2,15,16,1,0,93.75
2012,GJ Maxwell,2,6,11,0,0,54.55
2012,Gurkeerat Singh,4,86,52,12,2,165.38
2012,HH Gibbs,3,81,88,8,2,92.05
2012,HV Patel,3,15,15,1,0,100.0
2012,Harbhajan Singh,11,108,80,14,3,135.0
2012,Harmeet Singh,2,15,7,3,0,214.29
2012,Harpreet Singh,1,6,6,0,0,100.0
2012,IK Pathan,12,176,126,14,6,139.68
2012,IR Jaggi,3,15,21,0,0,71.43
2012,Iqbal Abdulla,2,2,3,0,0,66.67
2012,J Botha,7,58,54,4,1,107.41
2012,J Syed Mohammad,1,4,1,1,0,400.0
2012,J Theron,1,7,6,1,0,116.67
2012,JA Morkel,11,79,61,3,3,129.51
2012,JD Ryder,11,256,211,23,8,121.33
2012,JEC Franklin,11,220,222,15,7,99.1
2012,JH Kallis,17,409,382,34,10,107.07
2012,JP Duminy,9,244,190,13,11,128.42
2012,JP Faulkner,2,14,13,0,0,107.69
2012,K Upadhyay,1,11,8,0,1,137.5
2012,KA Pollard,11,220,158,15,14,139.24
2012,KC Sangakkara,12,200,183,21,4,109.29
2012,KD Karthik,14,238,212,30,2,112.26
2012,KK Cooper,4,38,19,3,3,200.0
2012,KMDN Kulasekara,1,5,3,1,0,166.67
2012,KP Pietersen,8,305,207,22,20,147.34
2012,LR Shukla,7,75,57,4,5,131.58
2012,LRPL Taylor,12,197,171,12,7,115.2
2012,M Kaif,1,14,16,1,0,87.5
2012,M Kartik,3,26,21,1,1,123.81
2012,M Manhas,7,120,96,10,4,125.0
2012,M Morkel,3,3,5,0,0,60.0
2012,M Muralitharan,2,6,9,0,0,66.67
2012,M Vijay,12,325,250,38,10,130.0
2012,MA Agarwal,11,180,131,14,12,137.4
2012,MD Mishra,1,4,4,1,0,100.0
2012,MEK Hussey,8,261,236,28,8,110.59
2012,MJ Clarke,6,98,94,12,0,104.26
2012,MK Pandey,9,143,110,12,6,130.0
2012,MK Tiwary,15,260,246,21,3,105.69
2012,MM Patel,2,2,7,0,0,28.57
2012,MN Samuels,8,124,123,7,5,100.81
2012,MS Bisla,7,213,160,16,10,133.12
2012,MS Dhoni,16,317,252,25,7,125.79
2012,MS Gony,1,4,8,0,0,50.0
2012,Mandeep Singh,16,432,341,53,7,126.69
2012,N Saini,10,140,140,16,0,100.0
2012,NLTC Perera,2,4,9,0,0,44.44
2012,NV Ojha,16,255,223,21,13,114.35
2012,OA Shah,13,340,255,24,16,133.33
2012,P Awana,1,4,5,0,0,80.0
2012,P Dogra,3,15,24,0,0,62.5
2012,P Kumar,7,35,29,2,1,120.69
2012,P Negi,4,36,29,4,1,124.14
2012,P Parameswaran,1,0,1,0,0,0.0
2012,PA Patel,12,194,164,19,4,118.29
2012,PA Reddy,3,73,59,6,2,123.73
2012,PC Valthaty,6,30,51,4,0,58.82
2012,PP Chawla,12,106,88,9,4,120.45
2012,PP Ojha,3,4,13,0,0,30.77
2012,R Ashwin,5,18,15,2,0,120.0
2012,R Bhatia,6,35,28,4,0,125.0
2012,R Dravid,16,462,412,63,4,112.14
2012,R Sharma,4,2,11,0,0,18.18
2012,R Vinay Kumar,6,62,61,3,1,101.64
2012,RA Jadeja,13,187,150,12,9,124.67
2012,RE Levi,6,83,73,10,4,113.7
2012,RG Sharma,16,433,341,39,18,126.98
2012,RJ Harris,2,18,11,1,1,163.64
2012,RJ Peterson,5,32,30,3,1,106.67
2012,RN ten Doeschate,3,21,21,1,1,100.0
2012,RP Singh,5,6,12,0,0,50.0
2012,RV Uthappa,16,405,342,38,10,118.42
2012,S Anirudha,2,19,6,1,2,316.67
2012,S Aravind,1,14,8,3,0,175.0
2012,S Badrinath,9,196,181,23,2,108.29
2012,S Dhawan,15,569,438,58,18,129.91
2012,S Nadeem,1,0,2,0,0,0.0
2012,SA Yadav,1,0,4,0,0,0.0
2012,SB Jakati,2,7,12,0,0,58.33
2012,SC Ganguly,15,268,271,30,4,98.89
2012,SD Chitnis,4,66,62,7,1,106.45
2012,SE Marsh,13,336,280,39,7,120.0
2012,SK Raina,17,418,310,33,18,134.84
2012,SK Trivedi,1,5,6,0,0,83.33
2012,SL Malinga,6,55,53,4,3,103.77
2012,SP Goswami,6,69,67,4,1,102.99
2012,SP Narine,2,9,7,2,0,128.57
2012,SPD Smith,14,362,262,24,14,138.17
2012,SR Tendulkar,13,324,283,39,4,114.49
2012,SR Watson,7,255,168,26,14,151.79
2012,SS Tiwary,10,183,161,8,8,113.66
2012,STR Binny,6,90,67,9,3,134.33
2012,Shakib Al Hasan,7,91,73,6,3,124.66
2012,Sunny Gupta,1,0,1,0,0,0.0
2012,TL Suman,2,15,19,1,1,78.95
2012,TM Dilshan,9,285,259,33,5,110.04
2012,UBT Chand,2,36,34,2,3,105.88
2012,UT Yadav,3,2,7,0,0,28.57
2012,V Kohli,14,307,279,28,8,110.04
2012,V Pratap Singh,1,0,1,0,0,0.0
2012,V Sehwag,16,495,307,57,19,161.24
2012,VR Aaron,2,1,3,0,0,33.33
2012,WD Parnell,5,19,27,2,0,70.37
2012,WP Saha,1,6,14,0,0,42.86
2012,Y Nagar,8,153,133,13,3,115.04
2012,Y Venugopal Rao,7,132,126,8,5,104.76
2012,YK Pathan,16,194,166,10,7,116.87
2012,Z Khan,4,12,17,1,0,70.59
2013,A Ashish Reddy,9,106,74,8,4,143.24
2013,A Chandila,1,4,6,0,0,66.67
2013,A Mishra,5,59,71,6,0,83.1
2013,A Mithun,1,2,2,0,0,100.0
2013,A Mukund,1,19,21,1,0,90.48
2013,A Nehra,4,1,8,0,0,12.5
2013,AB Agarkar,2,12,16,0,0,75.0
2013,AB Dinda,4,9,10,1,0,90.0
2013,AB McDonald,1,0,2,0,0,0.0
2013,AB de Villiers,14,373,223,34,17,167.26
2013,AC Gilchrist,13,294,229,41,6,128.38
2013,AD Mascarenhas,1,5,5,0,0,100.0
2013,AD Mathews,9,152,115,4,10,132.17
2013,AD Russell,2,11,14,0,0,78.57
2013,AG Murtaza,1,5,4,1,0,125.0
2013,AJ Finch,13,440,322,51,16,136.65
2013,AL Menaria,1,1,2,0,0,50.0
2013,AM Nayar,8,66,71,5,0,92.96
2013,AM Rahane,18,488,458,42,11,106.55
2013,AP Tare,5,123,84,14,5,146.43
2013,AS Rajpoot,1,2,6,0,0,33.33
2013,AT Rayudu,15,265,229,22,4,115.72
2013,Azhar Mahmood,10,196,154,22,5,127.27
2013,B Chipli,1,16,17,1,1,94.12
2013,B Kumar,8,52,70,3,1,74.29
2013,B Laughlin,2,4,9,0,0,44.44
2013,B Lee,2,21,12,1,2,175.0
2013,BAW Mendis,1,2,4,0,0,50.0
2013,BB McCullum,1,6,7,1,0,85.71
2013,BB Samantray,6,86,74,10,1,116.22
2013,BJ Hodge,14,293,217,27,9,135.02
2013,BJ Rohrer,8,193,141,21,5,136.88
2013,BMAJ Mendis,3,23,27,0,0,85.19
2013,CA Pujara,4,92,99,14,0,92.93
2013,CH Gayle,16,720,454,57,52,158.59
2013,CH Morris,6,14,16,0,0,87.5
2013,CL White,12,226,195,18,9,115.9
2013,CM Gautam,3,44,34,4,1,129.41
2013,DA Miller,12,418,253,28,24,165.22
2013,DA Warner,16,410,324,41,14,126.54
2013,DB Das,6,75,74,5,5,101.35
2013,DB Ravi Teja,2,14,17,0,0,82.35
2013,DH Yagnik,9,125,93,17,2,134.41
2013,DJ Bravo,12,121,106,11,3,114.15
2013,DJ Hussey,11,235,208,20,6,112.98
2013,DJG Sammy,9,174,132,11,10,131.82
2013,DPMD Jayawardene,15,331,312,39,6,106.09
2013,DR Smith,13,418,340,40,19,122.94
2013,DT Christian,2,6,15,0,0,40.0
2013,DW Steyn,7,49,35,4,2,140.0
2013,EJG Morgan,13,307,240,28,13,127.92
2013,G Gambhir,15,406,342,51,5,118.71
2013,GH Vihari,16,240,269,17,1,89.22
2013,GJ Maxwell,3,36,27,1,4,133.33
2013,Gurkeerat Singh,9,108,95,10,3,113.68
2013,Harbhajan Singh,13,116,79,12,5,146.84
2013,Harmeet Singh,1,3,4,0,0,75.0
2013,IC Pandey,1,0,2,0,0,0.0
2013,IK Pathan,13,153,155,10,4,98.71
2013,Iqbal Abdulla,2,8,14,0,0,57.14
2013,J Botha,6,43,52,5,1,82.69
2013,J Syed Mohammad,2,10,13,1,0,76.92
2013,JA Morkel,3,46,37,2,3,124.32
2013,JD Unadkat,2,2,2,0,0,100.0
2013,JH Kallis,15,311,322,35,3,96.58
2013,JP Faulkner,9,57,57,5,2,100.0
2013,K Upadhyay,1,1,1,0,0,100.0
2013,KA Pollard,18,420,278,27,29,151.08
2013,KB Arun Karthik,5,41,38,3,1,107.89
2013,KC Sangakkara,9,120,136,13,0,88.24
2013,KD Karthik,19,510,409,54,14,124.69
2013,KK Cooper,5,39,22,4,2,177.27
2013,KK Nair,2,9,12,0,0,75.0
2013,KL Rahul,2,20,16,4,0,125.0
2013,KM Jadhav,10,152,123,8,5,123.58
2013,KV Sharma,6,78,73,6,2,106.85
2013,KW Richardson,2,34,36,2,1,94.44
2013,L Balaji,2,9,10,1,0,90.0
2013,LA Pomersbach,3,58,59,5,1,98.31
2013,LJ Wright,5,106,59,16,3,179.66
2013,LR Shukla,2,3,12,0,0,25.0
2013,LRPL Taylor,5,63,76,2,1,82.89
2013,M Kartik,2,2,3,0,0,66.67
2013,M Manhas,2,13,17,1,0,76.47
2013,M Morkel,6,57,29,6,3,196.55
2013,M Rawat,1,5,11,0,0,45.45
2013,M Vijay,15,312,286,27,8,109.09
2013,M Vohra,10,161,117,22,2,137.61
2013,MA Agarwal,5,67,62,6,3,108.06
2013,MC Henriques,9,165,124,20,3,133.06
2013,MC Juneja,7,125,128,11,1,97.66
2013,MDKJ Perera,2,14,13,3,0,107.69
2013,MEK Hussey,17,733,565,81,17,129.73
2013,MG Johnson,6,39,36,2,2,108.33
2013,MK Pandey,6,129,131,10,3,98.47
2013,MK Tiwary,9,146,140,12,1,104.29
2013,MM Sharma,2,0,5,0,0,0.0
2013,MN Samuels,2,8,18,1,0,44.44
2013,MR Marsh,7,126,93,5,9,135.48
2013,MS Bisla,14,255,235,36,6,108.51
2013,MS Dhoni,16,461,280,32,25,164.64
2013,MS Gony,4,45,25,4,3,180.0
2013,Mandeep Singh,14,260,223,36,0,116.59
2013,Mohammed Shami,1,5,10,0,0,50.0
2013,NLTC Perera,13,233,159,12,14,146.54
2013,NM Coulter-Nile,1,9,6,0,1,150.0
2013,NV Ojha,2,9,10,1,0,90.0
2013,OA Shah,2,25,23,2,0,108.7
2013,P Awana,4,1,9,0,0,11.11
2013,P Dogra,1,5,8,0,0,62.5
2013,P Kumar,7,47,38,3,3,123.68
2013,PA Patel,12,282,246,35,4,114.63
2013,PA Reddy,7,91,101,9,0,90.1
2013,PC Valthaty,1,6,17,0,0,35.29
2013,PJ Sangwan,1,4,2,1,0,200.0
2013,PP Chawla,10,64,57,5,3,112.28
2013,PP Ojha,3,2,4,0,0,50.0
2013,PV Tambe,1,3,6,0,0,50.0
2013,Parvez Rasool,2,5,9,0,0,55.56
2013,Q de Kock,2,4,7,1,0,57.14
2013,R Ashwin,5,35,49,4,0,71.43
2013,R Bhatia,10,99,80,8,3,123.75
2013,R Dhawan,4,21,21,3,0,100.0
2013,R Dravid,17,471,424,64,5,111.08
2013,R McLaren,2,3,6,0,0,50.0
2013,R Rampaul,6,38,36,3,1,105.56
2013,R Sathish,8,109,76,9,5,143.42
2013,R Sharma,5,11,16,1,0,68.75
2013,R Shukla,1,1,2,0,0,50.0
2013,R Vinay Kumar,5,70,44,6,3,159.09
2013,RA Jadeja,14,201,134,17,6,150.0
2013,RE van der Merwe,2,22,25,2,0,88.0
2013,RG Sharma,19,538,408,35,28,131.86
2013,RJ Harris,2,2,5,0,0,40.0
2013,RN ten Doeschate,4,85,63,9,2,134.92
2013,RT Ponting,5,52,75,3,1,69.33
2013,RV Gomez,1,4,1,1,0,400.0
2013,RV Uthappa,15,412,354,38,12,116.38
2013,S Anirudha,1,0,2,0,0,0.0
2013,S Badrinath,7,124,120,11,0,103.33
2013,S Dhawan,10,311,253,37,5,122.92
2013,S Kaul,1,7,9,0,0,77.78
2013,S Nadeem,6,14,27,1,0,51.85
2013,S Narwal,1,23,15,4,0,153.33
2013,S Sreesanth,2,1,4,0,0,25.0
2013,SE Marsh,8,300,249,39,4,120.48
2013,SK Raina,17,548,364,50,18,150.55
2013,SK Trivedi,2,3,7,0,0,42.86
2013,SL Malinga,6,9,18,1,0,50.0
2013,SMSM Senanayake,4,10,16,0,0,62.5
2013,SP Narine,6,21,19,0,2,110.53
2013,SPD Smith,6,142,107,15,4,132.71
2013,SR Tendulkar,14,287,231,39,5,124.24
2013,SR Watson,16,543,378,59,22,143.65
2013,SS Tiwary,6,109,106,4,4,102.83
2013,STR Binny,16,293,199,25,12,147.24
2013,SV Samson,10,206,178,19,5,115.73
2013,SW Tait,1,1,3,0,0,33.33
2013,Sachin Baby,1,3,7,0,0,42.86
2013,Sandeep Sharma,1,0,1,0,0,0.0
2013,TL Suman,4,40,44,7,0,90.91
2013,TM Dilshan,5,76,92,12,0,82.61
2013,UA Birla,1,7,14,1,0,50.0
2013,UBT Chand,9,158,157,17,4,100.64
2013,UT Yadav,7,38,38,3,1,100.0
2013,V Kohli,16,639,454,65,22,140.75
2013,V Sehwag,13,295,229,41,6,128.82
2013,WD Parnell,1,5,7,0,0,71.43
2013,WP Saha,3,70,56,6,4,125.0
2013,X Thalaivan Sargunam,1,10,17,0,0,58.82
2013,YK Pathan,16,332,239,30,15,138.91
2013,Yuvraj Singh,13,238,190,14,15,125.26
2014,A Mishra,2,4,7,0,0,57.14
2014,AB Dinda,3,4,12,0,0,33.33
2014,AB de Villiers,13,395,248,26,24,159.27
2014,AD Russell,2,2,8,0,0,25.0
2014,AJ Finch,13,309,261,31,9,118.39
2014,AM Nayar,4,43,46,5,1,93.48
2014,AM Rahane,12,339,291,38,3,116.49
2014,AN Ahmed,1,4,1,1,0,400.0
2014,AP Tare,11,126,97,16,3,129.9
2014,AR Patel,7,62,60,6,1,103.33
2014,AT Rayudu,14,361,286,31,8,126.22
2014,Ankit Sharma,2,34,30,4,1,113.33
2014,B Kumar,2,1,4,0,0,25.0
2014,BB McCullum,14,405,333,32,19,121.62
2014,BCJ Cutting,1,8,6,0,1,133.33
2014,BE Hendricks,1,0,1,0,0,0.0
2014,BJ Hodge,4,101,72,4,6,140.28
2014,BR Dunk,3,40,35,7,0,114.29
2014,CA Lynn,2,58,49,5,3,118.37
2014,CA Pujara,6,125,123,17,0,101.63
2014,CH Gayle,9,196,184,18,12,106.52
2014,CJ Anderson,11,265,181,21,15,146.41
2014,CM Gautam,9,121,110,13,5,110.0
2014,DA Miller,16,446,299,34,21,149.16
2014,DA Warner,14,528,371,39,24,142.32
2014,DH Yagnik,1,4,6,0,0,66.67
2014,DJ Bravo,1,8,3,0,1,266.67
2014,DJ Hussey,4,116,94,8,6,123.4
2014,DJG Sammy,9,108,91,4,8,118.68
2014,DR Smith,16,566,415,50,34,136.39
2014,DS Kulkarni,2,35,25,1,2,140.0
2014,DW Steyn,3,22,26,1,0,84.62
2014,F du Plessis,12,303,235,26,7,128.94
2014,G Gambhir,16,335,290,36,4,115.52
2014,GJ Bailey,16,257,188,19,10,136.7
2014,GJ Maxwell,16,552,291,48,36,189.69
2014,HV Patel,3,13,7,1,1,185.71
2014,Harbhajan Singh,7,28,25,2,2,112.0
2014,IK Pathan,6,55,54,5,0,101.85
2014,Imran Tahir,2,8,10,2,0,80.0
2014,JA Morkel,5,45,41,1,3,109.76
2014,JD Unadkat,2,1,6,0,0,16.67
2014,JDS Neesham,3,42,46,3,1,91.3
2014,JH Kallis,7,151,128,13,4,117.97
2014,JJ Bumrah,2,1,3,0,0,33.33
2014,JO Holder,1,16,12,2,1,133.33
2014,JP Duminy,14,410,302,22,20,135.76
2014,JP Faulkner,12,181,93,8,16,194.62
2014,KA Pollard,15,273,202,15,15,135.15
2014,KD Karthik,14,325,258,28,11,125.97
2014,KK Cooper,3,39,26,2,3,150.0
2014,KK Nair,11,330,232,38,9,142.24
2014,KL Rahul,8,166,164,12,3,101.22
2014,KM Jadhav,10,149,99,13,7,150.51
2014,KP Pietersen,11,294,233,34,7,126.18
2014,KV Sharma,8,42,29,1,3,144.83
2014,KW Richardson,1,1,2,0,0,50.0
2014,Karanveer Singh,1,1,1,0,0,100.0
2014,L Balaji,2,1,3,0,0,33.33
2014,LMP Simmons,8,394,290,43,14,135.86
2014,LR Shukla,3,31,38,2,1,81.58
2014,LRPL Taylor,4,59,59,6,0,100.0
2014,M Manhas,5,35,23,3,1,152.17
2014,M Morkel,1,4,3,0,0,133.33
2014,M Vijay,11,207,192,20,5,107.81
2014,M Vohra,8,324,232,27,16,139.66
2014,M de Lange,1,1,2,0,0,50.0
2014,MA Agarwal,8,115,91,12,3,126.37
2014,MA Starc,8,85,84,9,0,101.19
2014,MC Henriques,2,9,14,1,0,64.29
2014,MEK Hussey,9,209,182,17,7,114.84
2014,MG Johnson,8,56,50,4,3,112.0
2014,MK Pandey,16,409,343,35,11,119.24
2014,MK Tiwary,8,152,118,14,4,128.81
2014,MM Sharma,1,1,3,0,0,33.33
2014,MS Bisla,1,3,9,0,0,33.33
2014,MS Dhoni,15,371,247,22,20,150.2
2014,Mandeep Singh,3,24,25,2,0,96.0
2014,Mohammed Shami,4,3,7,0,0,42.86
2014,NJ Maddinson,2,16,14,3,0,114.29
2014,NV Ojha,10,232,160,14,17,145.0
2014,P Kumar,1,1,2,0,0,50.0
2014,PA Patel,12,205,185,30,1,110.81
2014,PP Chawla,5,31,19,4,1,163.16
2014,PP Ojha,3,4,8,0,0,50.0
2014,PV Tambe,2,5,9,0,0,55.56
2014,Q de Kock,7,153,130,19,4,117.69
2014,R Ashwin,5,45,45,4,0,100.0
2014,R Bhatia,7,67,53,4,3,126.42
2014,R Dhawan,6,82,75,8,1,109.33
2014,R Rampaul,1,13,13,0,1,100.0
2014,R Shukla,3,18,21,2,0,85.71
2014,R Tewatia,1,16,13,0,1,123.08
2014,R Vinay Kumar,2,4,6,0,0,66.67
2014,RA Jadeja,10,146,109,9,5,133.94
2014,RG Sharma,15,390,302,31,16,129.14
2014,RN ten Doeschate,6,52,33,3,4,157.58
2014,RR Rossouw,3,39,41,2,2,95.12
2014,RV Uthappa,16,660,478,74,18,138.08
2014,S Anirudha,1,3,5,0,0,60.0
2014,S Dhawan,14,377,317,49,7,118.93
2014,S Gopal,1,11,10,1,0,110.0
2014,S Kaul,1,2,2,0,0,100.0
2014,S Nadeem,3,7,19,0,0,36.84
2014,S Rana,7,73,64,7,1,114.06
2014,SA Yadav,10,164,115,16,5,142.61
2014,SE Marsh,2,70,52,7,3,134.62
2014,SK Raina,16,523,357,51,19,146.5
2014,SL Malinga,1,2,4,0,0,50.0
2014,SP Narine,4,10,14,0,0,71.43
2014,SPD Smith,7,152,112,13,4,135.71
2014,SR Watson,13,246,198,20,14,124.24
2014,STR Binny,11,123,121,4,5,101.65
2014,SV Samson,13,339,273,25,17,124.18
2014,Sandeep Sharma,1,2,5,0,0,40.0
2014,Shakib Al Hasan,11,229,153,22,7,149.67
2014,Shivam Sharma,2,5,3,1,0,166.67
2014,TG Southee,1,4,4,1,0,100.0
2014,UBT Chand,1,2,9,0,0,22.22
2014,UT Yadav,1,2,4,0,0,50.0
2014,V Kohli,14,359,294,23,16,122.11
2014,V Sehwag,17,455,314,56,18,144.9
2014,VH Zol,2,29,26,3,1,111.54
2014,VR Aaron,3,35,33,2,1,106.06
2014,VS Malik,1,1,2,0,0,50.0
2014,WD Parnell,1,2,2,0,0,100.0
2014,WP Saha,13,362,249,33,18,145.38
2014,Y Venugopal Rao,5,71,63,8,0,112.7
2014,YK Pathan,12,268,165,15,20,162.42
2014,YS Chahal,1,1,1,0,0,100.0
2014,YV Takawale,5,104,91,17,1,114.29
2014,Yuvraj Singh,14,376,274,22,28,137.23
2014,Z Khan,3,8,7,0,1,114.29
2015,A Ashish Reddy,5,73,46,3,5,158.7
2015,A Mishra,4,8,12,0,0,66.67
2015,A Nehra,4,1,7,0,0,14.29
2015,AB de Villiers,14,513,291,60,22,176.29
2015,AD Mathews,10,144,103,12,6,139.81
2015,AD Russell,11,326,169,35,19,192.9
2015,AJ Finch,3,23,33,4,0,69.7
2015,AM Rahane,13,540,412,53,13,131.07
2015,AN Ahmed,3,10,5,2,0,200.0
2015,AP Tare,2,14,17,1,0,82.35
2015,AR Patel,11,197,164,13,7,120.12
2015,AT Rayudu,14,281,192,18,16,146.35
2015,Ankit Sharma,2,7,6,1,0,116.67
2015,Anureet Singh,5,8,11,0,1,72.73
2015,Azhar Mahmood,1,6,7,1,0,85.71
2015,B Kumar,3,17,10,2,1,170.0
2015,BB McCullum,13,370,232,43,20,159.48
2015,BE Hendricks,1,1,2,0,0,50.0
2015,Bipul Sharma,1,1,2,0,0,50.0
2015,CH Gayle,14,491,331,39,38,148.34
2015,CH Morris,7,76,45,3,5,168.89
2015,CJ Anderson,4,114,96,11,6,118.75
2015,CM Gautam,1,4,5,0,0,80.0
2015,D Wiese,7,122,85,12,4,143.53
2015,DA Miller,12,354,258,21,21,137.21
2015,DA Warner,14,562,356,65,21,157.87
2015,DJ Bravo,13,195,148,22,5,131.76
2015,DJ Hooda,9,151,95,6,11,158.95
2015,DJ Muthuswami,1,1,3,0,0,33.33
2015,DJG Sammy,2,13,18,0,0,72.22
2015,DR Smith,15,373,318,49,14,117.3
2015,DS Kulkarni,2,4,11,0,0,36.36
2015,DW Steyn,3,20,13,3,0,153.85
2015,EJG Morgan,9,187,151,11,11,123.84
2015,F du Plessis,15,380,304,37,5,125.0
2015,G Gambhir,13,327,278,41,4,117.63
2015,GB Hogg,2,7,6,0,0,116.67
2015,GH Vihari,4,39,34,6,0,114.71
2015,GJ Bailey,11,258,187,22,7,137.97
2015,GJ Maxwell,11,146,113,13,8,129.2
2015,Gurkeerat Singh,5,35,39,3,1,89.74
2015,HH Pandya,8,112,60,9,8,186.67
2015,HV Patel,6,19,12,0,2,158.33
2015,Harbhajan Singh,9,117,72,9,9,162.5
2015,Imran Tahir,2,5,6,0,0,83.33
2015,Iqbal Abdulla,2,20,17,4,0,117.65
2015,J Botha,3,31,15,5,1,206.67
2015,J Suchith,5,48,32,4,2,150.0
2015,J Theron,1,1,1,0,0,100.0
2015,JA Morkel,3,86,65,9,2,132.31
2015,JP Duminy,13,414,315,27,20,131.43
2015,JP Faulkner,11,144,108,12,5,133.33
2015,KA Pollard,14,419,255,28,28,164.31
2015,KD Karthik,11,141,117,15,4,120.51
2015,KK Nair,12,181,145,18,5,124.83
2015,KL Rahul,8,142,124,8,5,114.52
2015,KM Jadhav,12,189,140,16,7,135.0
2015,KS Williamson,2,31,27,1,1,114.81
2015,KV Sharma,9,104,85,3,6,122.35
2015,Karanveer Singh,2,9,11,1,0,81.82
2015,LMP Simmons,13,540,438,56,21,123.29
2015,M Morkel,1,4,3,0,0,133.33
2015,M Vijay,10,217,196,23,7,110.71
2015,M Vohra,7,82,81,4,5,101.23
2015,MA Agarwal,10,213,176,23,7,121.02
2015,MA Starc,3,11,14,1,0,78.57
2015,MC Henriques,9,287,210,19,13,136.67
2015,MEK Hussey,4,77,70,5,3,110.0
2015,MG Johnson,7,30,34,1,1,88.24
2015,MJ McClenaghan,3,13,6,0,2,216.67
2015,MK Pandey,12,225,184,22,7,122.28
2015,MK Tiwary,2,57,56,8,1,101.79
2015,MM Sharma,5,28,18,1,2,155.56
2015,MS Bisla,2,37,30,6,1,123.33
2015,MS Dhoni,16,331,278,25,15,119.06
2015,Mandeep Singh,8,157,100,17,6,157.0
2015,NJ Maddinson,1,4,7,1,0,57.14
2015,NLTC Perera,2,12,15,0,1,80.0
2015,NM Coulter-Nile,5,20,18,2,1,111.11
2015,NV Ojha,11,137,120,12,4,114.17
2015,P Kumar,4,17,25,1,0,68.0
2015,P Negi,9,116,72,10,5,161.11
2015,PA Patel,14,339,246,47,5,137.8
2015,PJ Cummins,1,0,2,0,0,0.0
2015,PP Chawla,7,54,47,5,2,114.89
2015,PV Tambe,2,3,5,0,0,60.0
2015,Parvez Rasool,1,2,2,0,0,100.0
2015,Q de Kock,3,122,77,18,4,158.44
2015,R Ashwin,6,52,32,6,1,162.5
2015,R Bhatia,1,0,1,0,0,0.0
2015,R Dhawan,4,36,33,2,2,109.09
2015,R Vinay Kumar,2,0,2,0,0,0.0
2015,RA Jadeja,10,114,115,5,3,99.13
2015,RG More,1,2,2,0,0,100.0
2015,RG Sharma,16,482,333,41,21,144.74
2015,RN ten Doeschate,5,61,45,4,3,135.56
2015,RR Rossouw,2,14,10,1,1,140.0
2015,RS Bopara,8,145,120,6,6,120.83
2015,RV Uthappa,13,364,277,42,7,131.41
2015,S Aravind,1,0,1,0,0,0.0
2015,S Dhawan,14,353,285,45,6,123.86
2015,S Gopal,1,1,1,0,0,100.0
2015,S Nadeem,1,2,7,0,0,28.57
2015,SA Abbott,2,15,13,1,1,115.38
2015,SA Yadav,13,157,113,12,8,138.94
2015,SE Marsh,3,83,52,9,3,159.62
2015,SK Raina,16,345,278,27,16,124.1
2015,SL Malinga,1,6,10,1,0,60.0
2015,SN Khan,7,111,70,12,2,158.57
2015,SN Thakur,1,7,6,1,0,116.67
2015,SP Narine,1,0,1,0,0,0.0
2015,SPD Smith,12,298,220,34,3,135.45
2015,SR Watson,9,347,257,37,14,135.02
2015,SS Iyer,14,439,342,41,21,128.36
2015,SS Tiwary,6,109,78,9,5,139.74
2015,STR Binny,8,74,65,7,1,113.85
2015,SV Samson,11,204,162,16,8,125.93
2015,Sandeep Sharma,2,8,10,1,0,80.0
2015,Shakib Al Hasan,3,36,27,5,0,133.33
2015,TG Southee,2,13,9,1,0,144.44
2015,UBT Chand,5,102,83,13,2,122.89
2015,UT Yadav,3,29,14,5,1,207.14
2015,V Kohli,16,505,386,35,23,130.83
2015,V Sehwag,7,98,82,12,3,119.51
2015,VR Aaron,1,6,3,0,1,200.0
2015,WP Saha,12,234,174,16,10,134.48
2015,YK Pathan,12,312,229,29,12,136.24
2015,YS Chahal,1,1,1,0,0,100.0
2015,Yuvraj Singh,13,248,209,23,10,118.66
2016,A Ashish Reddy,3,47,29,2,4,162.07
2016,A Mishra,2,4,14,0,0,28.57
2016,A Nehra,1,1,1,0,0,100.0
2016,A Zampa,1,0,1,0,0,0.0
2016,AB de Villiers,16,687,405,57,37,169.63
2016,AD Nath,3,20,27,1,0,74.07
2016,AD Russell,7,172,104,9,14,165.38
2016,AJ Finch,12,393,297,45,11,132.32
2016,AM Rahane,14,480,378,54,9,126.98
2016,AP Tare,2,8,15,1,0,53.33
2016,AR Patel,9,90,70,3,6,128.57
2016,AT Rayudu,12,334,277,28,12,120.58
2016,Ankit Sharma,1,3,3,0,0,100.0
2016,B Kumar,8,43,27,6,1,159.26
2016,BB McCullum,16,354,262,38,16,135.11
2016,BB Sran,3,4,3,0,0,133.33
2016,BCJ Cutting,4,65,34,4,6,191.18
2016,Bipul Sharma,4,51,25,1,5,204.0
2016,C Munro,3,30,30,3,0,100.0
2016,CA Lynn,2,25,22,0,1,113.64
2016,CH Gayle,10,227,150,17,21,151.33
2016,CH Morris,7,195,109,15,12,178.9
2016,CJ Jordan,1,3,4,0,0,75.0
2016,CR Brathwaite,6,83,38,6,8,218.42
2016,D Wiese,1,5,4,0,0,125.0
2016,DA Miller,12,148,112,11,4,132.14
2016,DA Warner,17,848,558,88,31,151.97
2016,DJ Bravo,12,99,82,11,1,120.73
2016,DJ Hooda,15,144,119,9,5,121.01
2016,DR Smith,12,324,220,35,16,147.27
2016,DS Kulkarni,5,27,16,3,0,168.75
2016,DW Steyn,1,1,2,0,0,50.0
2016,EJG Morgan,6,123,105,8,4,117.14
2016,ER Dwivedi,2,24,14,2,2,171.43
2016,F Behardien,3,14,13,2,0,107.69
2016,F du Plessis,6,206,162,17,9,127.16
2016,G Gambhir,14,447,366,48,5,122.13
2016,GJ Bailey,5,84,97,9,2,86.6
2016,GJ Maxwell,9,111,82,8,4,135.37
2016,Gurkeerat Singh,5,102,75,10,3,136.0
2016,HH Pandya,9,44,63,4,0,69.84
2016,HM Amla,6,157,119,20,4,131.93
2016,Harbhajan Singh,7,92,84,11,2,109.52
2016,IK Pathan,3,11,13,0,0,84.62
2016,Imran Tahir,1,5,7,1,0,71.43
2016,Iqbal Abdulla,2,37,26,4,1,142.31
2016,Ishan Kishan,5,42,41,5,0,102.44
2016,J Yadav,2,6,10,0,0,60.0
2016,JA Morkel,1,16,9,0,2,177.78
2016,JC Buttler,14,255,183,23,11,139.34
2016,JJ Bumrah,2,8,11,1,0,72.73
2016,JO Holder,4,22,19,2,1,115.79
2016,JP Duminy,8,191,155,13,3,123.23
2016,JP Faulkner,5,77,58,7,0,132.76
2016,KA Pollard,12,207,144,11,16,143.75
2016,KC Cariappa,2,13,11,0,1,118.18
2016,KD Karthik,15,335,266,38,3,125.94
2016,KH Pandya,8,237,124,22,13,191.13
2016,KJ Abbott,3,13,8,0,1,162.5
2016,KK Nair,12,357,295,40,6,121.02
2016,KL Rahul,12,397,271,37,16,146.49
2016,KM Jadhav,3,42,31,2,2,135.48
2016,KP Pietersen,4,73,61,4,3,119.67
2016,KS Williamson,6,124,122,14,0,101.64
2016,KV Sharma,3,36,30,3,1,120.0
2016,KW Richardson,1,1,1,0,0,100.0
2016,LMP Simmons,1,8,8,0,1,100.0
2016,M Ashwin,1,0,1,0,0,0.0
2016,M Morkel,1,1,1,0,0,100.0
2016,M Vijay,13,447,353,49,10,126.63
2016,M Vohra,6,161,126,19,3,127.78
2016,MA Agarwal,3,27,25,3,1,108.0
2016,MC Henriques,15,182,157,15,6,115.92
2016,MG Johnson,2,5,14,0,0,35.71
2016,MJ Guptill,3,57,55,3,3,103.64
2016,MJ McClenaghan,4,34,23,2,3,147.83
2016,MK Pandey,11,248,183,17,9,135.52
2016,MM Sharma,4,31,25,3,1,124.0
2016,MP Stoinis,4,146,105,13,4,139.05
2016,MR Marsh,1,7,11,0,0,63.64
2016,MS Dhoni,12,284,210,18,14,135.24
2016,Mohammed Shami,2,2,4,0,0,50.0
2016,N Rana,3,104,74,7,8,140.54
2016,NLTC Perera,10,150,92,7,11,163.04
2016,NM Coulter-Nile,2,9,14,1,0,64.29
2016,NS Naik,2,23,31,1,0,74.19
2016,NV Ojha,13,136,138,7,5,98.55
2016,P Kumar,6,24,26,3,0,92.31
2016,P Negi,6,57,59,2,3,96.61
2016,P Sahu,2,19,13,1,1,146.15
2016,PA Patel,10,177,151,23,4,117.22
2016,PP Chawla,3,27,26,4,0,103.85
2016,PSP Handscomb,1,6,12,0,0,50.0
2016,PV Tambe,1,7,18,1,0,38.89
2016,Parvez Rasool,1,10,9,1,0,111.11
2016,Q de Kock,13,445,326,52,13,136.5
2016,R Ashwin,6,41,38,3,1,107.89
2016,R Bhatia,5,34,20,1,2,170.0
2016,R Dhawan,2,14,6,0,1,233.33
2016,R Sathish,3,24,24,1,1,100.0
2016,R Vinay Kumar,2,13,12,0,1,108.33
2016,RA Jadeja,15,191,175,14,4,109.14
2016,RG Sharma,14,489,366,49,17,133.61
2016,RR Pant,10,198,152,19,6,130.26
2016,RV Uthappa,14,324,239,39,6,135.56
2016,S Dhawan,17,501,427,51,8,117.33
2016,S Gopal,1,2,16,0,0,12.5
2016,S Kaushik,1,0,1,0,0,0.0
2016,S Nadeem,1,1,5,0,0,20.0
2016,SA Yadav,11,182,141,18,5,129.08
2016,SB Jakati,1,1,2,0,0,50.0
2016,SE Marsh,6,159,134,13,4,118.66
2016,SK Raina,15,399,312,39,10,127.88
2016,SN Khan,4,66,31,7,4,212.9
2016,SP Narine,3,7,13,0,0,53.85
2016,SPD Smith,7,270,175,27,8,154.29
2016,SR Watson,15,179,134,14,12,133.58
2016,SS Iyer,6,30,43,2,1,69.77
2016,SS Tiwary,7,170,139,17,4,122.3
2016,STR Binny,5,63,39,5,4,161.54
2016,SV Samson,14,291,258,20,8,112.79
2016,SW Billings,4,88,63,4,4,139.68
2016,Sachin Baby,6,119,77,9,5,154.55
2016,Sandeep Sharma,3,7,8,0,0,87.5
2016,Shakib Al Hasan,7,114,106,7,5,107.55
2016,TG Southee,4,30,18,1,2,166.67
2016,TM Head,3,54,39,3,2,138.46
2016,UBT Chand,1,0,4,0,0,0.0
2016,UT Khawaja,6,127,99,14,3,128.28
2016,UT Yadav,2,9,5,0,1,180.0
2016,V Kohli,16,973,637,84,38,152.75
2016,WP Saha,11,246,192,26,1,128.12
2016,YK Pathan,12,342,232,33,12,147.41
2016,Yuvraj Singh,10,236,179,22,13,131.84
2016,Z Khan,2,6,13,1,0,46.15
2017,A Choudhary,3,25,20,1,1,125.0
2017,A Mishra,5,41,38,2,2,107.89
2017,A Zampa,1,5,7,1,0,71.43
2017,AB Dinda,1,7,7,1,0,100.0
2017,AB de Villiers,9,216,163,12,16,132.52
2017,AD Mathews,2,32,27,2,1,118.52
2017,AD Nath,1,0,1,0,0,0.0
2017,AF Milne,3,7,12,0,0,58.33
2017,AJ Finch,12,285,174,25,17,163.79
2017,AJ Tye,3,53,29,4,3,182.76
2017,AM Rahane,16,382,323,35,9,118.27
2017,AP Tare,2,0,6,0,0,0.0
2017,AR Bawne,1,12,12,1,0,100.0
2017,AR Patel,13,227,162,11,11,140.12
2017,AS Rajpoot,1,4,7,1,0,57.14
2017,AT Rayudu,5,91,78,7,3,116.67
2017,Ankit Sharma,1,25,15,2,1,166.67
2017,Ankit Soni,3,7,9,0,1,77.78
2017,Anureet Singh,1,15,12,2,0,125.0
2017,B Kumar,2,4,4,0,0,100.0
2017,BA Stokes,11,316,221,22,15,142.99
2017,BB McCullum,10,285,196,25,16,145.41
2017,BCJ Cutting,3,51,26,5,3,196.15
2017,Basil Thampi,5,28,28,1,1,100.0
2017,Bipul Sharma,3,31,24,2,1,129.17
2017,C de Grandhomme,9,126,92,10,6,136.96
2017,CA Lynn,6,202,120,19,11,168.33
2017,CH Gayle,8,194,154,14,14,125.97
2017,CH Morris,7,150,89,15,6,168.54
2017,CJ Anderson,11,142,122,8,9,116.39
2017,CJ Jordan,1,0,1,0,0,0.0
2017,CR Brathwaite,1,11,10,2,0,110.0
2017,CR Woakes,7,46,47,4,1,97.87
2017,DA Miller,4,83,78,4,4,106.41
2017,DA Warner,13,635,443,62,26,143.34
2017,DJ Hooda,6,78,52,5,4,150.0
2017,DL Chahar,1,14,6,0,2,233.33
2017,DM Bravo,1,6,5,1,0,120.0
2017,DR Smith,11,239,156,32,8,153.21
2017,DS Kulkarni,1,1,2,0,0,50.0
2017,DT Christian,9,79,49,5,5,161.22
2017,EJG Morgan,4,65,62,6,2,104.84
2017,F du Plessis,1,8,7,1,0,114.29
2017,G Gambhir,15,422,341,50,7,123.75
2017,GJ Maxwell,13,310,178,20,26,174.16
2017,HH Pandya,15,235,135,11,20,174.07
2017,HM Amla,10,420,287,40,17,146.34
2017,Harbhajan Singh,6,15,13,0,1,115.38
2017,I Sharma,3,8,12,1,0,66.67
2017,IK Pathan,1,2,3,0,0,66.67
2017,IR Jaggi,2,33,39,3,0,84.62
2017,Imran Tahir,1,0,2,0,0,0.0
2017,Ishan Kishan,10,277,205,29,13,135.12
2017,JC Buttler,10,273,179,27,15,152.51
2017,JD Unadkat,1,2,5,0,0,40.0
2017,JJ Bumrah,2,16,12,0,1,133.33
2017,JJ Roy,2,45,28,6,1,160.71
2017,JP Faulkner,6,54,56,4,0,96.43
2017,K Rabada,3,55,64,5,1,85.94
2017,KA Pollard,15,390,270,27,23,144.44
2017,KC Cariappa,2,2,7,0,0,28.57
2017,KD Karthik,12,314,233,24,9,134.76
2017,KH Pandya,11,243,179,24,7,135.75
2017,KK Nair,12,277,223,38,6,124.22
2017,KM Jadhav,12,198,146,20,5,135.62
2017,KS Williamson,7,256,168,20,10,152.38
2017,KV Sharma,5,44,36,4,2,122.22
2017,Kuldeep Yadav,2,20,22,2,0,90.91
2017,LH Ferguson,1,1,1,0,0,100.0
2017,LMP Simmons,6,136,107,10,8,127.1
2017,M Vohra,9,229,159,23,9,144.03
2017,MA Agarwal,3,26,27,3,0,96.3
2017,MC Henriques,10,233,168,22,4,138.69
2017,MG Johnson,2,20,17,1,1,117.65
2017,MJ Guptill,7,132,87,17,5,151.72
2017,MJ McClenaghan,4,14,14,0,1,100.0
2017,MK Pandey,12,396,306,28,12,129.41
2017,MK Tiwary,13,324,235,31,11,137.87
2017,MM Patel,1,0,1,0,0,0.0
2017,MM Sharma,7,51,50,4,1,102.0
2017,MN Samuels,4,29,31,1,2,93.55
2017,MP Stoinis,3,17,24,1,0,70.83
2017,MS Dhoni,15,290,250,15,16,116.0
2017,Mandeep Singh,9,176,167,18,4,105.39
2017,Mohammad Nabi,1,2,3,0,0,66.67
2017,Mohammed Shami,6,36,24,4,2,150.0
2017,N Rana,11,324,252,22,17,128.57
2017,NM Coulter-Nile,3,14,12,0,2,116.67
2017,NV Ojha,5,79,65,2,3,121.54
2017,P Kumar,2,8,9,0,0,88.89
2017,P Negi,9,134,103,10,6,130.1
2017,PA Patel,15,372,276,48,7,134.78
2017,PJ Cummins,7,71,47,4,4,151.06
2017,PJ Sangwan,3,2,4,0,0,50.0
2017,PP Chawla,1,2,6,0,0,33.33
2017,R Bhatia,1,16,17,0,1,94.12
2017,R Tewatia,2,19,11,4,0,172.73
2017,RA Jadeja,10,158,113,13,4,139.82
2017,RA Tripathi,14,391,267,43,17,146.44
2017,RD Chahar,1,3,2,0,0,150.0
2017,RG Sharma,15,266,228,25,7,116.67
2017,RR Pant,13,309,184,25,20,167.93
2017,RV Uthappa,13,388,235,36,21,165.11
2017,Rashid Khan,3,11,9,0,1,122.22
2017,S Aravind,6,32,40,2,0,80.0
2017,S Badree,5,13,23,0,0,56.52
2017,S Dhawan,13,417,329,49,7,126.75
2017,S Kaul,1,0,2,0,0,0.0
2017,S Nadeem,2,2,7,0,0,28.57
2017,SA Yadav,7,105,88,8,3,119.32
2017,SE Marsh,8,264,192,36,5,137.5
2017,SK Raina,13,374,253,35,13,147.83
2017,SL Malinga,2,7,3,0,1,233.33
2017,SN Thakur,3,0,3,0,0,0.0
2017,SP Jackson,3,38,31,5,0,122.58
2017,SP Narine,14,224,130,34,10,172.31
2017,SPD Smith,15,472,387,38,12,121.96
2017,SR Watson,6,47,54,2,1,87.04
2017,SS Iyer,12,338,242,36,10,139.67
2017,SS Tiwary,1,52,43,9,0,120.93
2017,STR Binny,6,62,58,5,3,106.9
2017,SV Samson,13,373,261,31,19,142.91
2017,SW Billings,5,113,84,18,0,134.52
2017,Sachin Baby,3,15,15,2,0,100.0
2017,Sandeep Sharma,2,7,5,0,0,140.0
2017,Shakib Al Hasan,1,1,1,0,0,100.0
2017,Swapnil Singh,2,12,19,0,0,63.16
2017,TA Boult,1,5,8,0,0,62.5
2017,TG Southee,1,7,3,0,1,233.33
2017,TM Head,7,151,108,9,6,139.81
2017,TS Mills,2,8,8,0,1,100.0
2017,UT Yadav,4,10,13,0,0,76.92
2017,V Kohli,10,308,252,23,11,122.22
2017,V Shankar,3,86,63,11,1,136.51
2017,VR Aaron,2,4,10,0,0,40.0
2017,Vishnu Vinod,2,10,21,1,0,47.62
2017,WP Saha,11,234,186,20,8,125.81
2017,Washington Sundar,5,9,12,0,0,75.0
2017,YK Pathan,11,143,115,9,6,124.35
2017,YS Chahal,6,13,26,0,0,50.0
2017,Yuvraj Singh,10,243,165,29,8,147.27
2017,Z Khan,2,3,12,0,0,25.0
2007/08,A Chopra,5,42,52,5,0,80.77
2007/08,A Kumble,4,13,17,1,0,76.47
2007/08,A Mishra,3,37,42,3,0,88.1
2007/08,A Mukund,1,0,1,0,0,0.0
2007/08,A Nehra,3,3,12,0,0,25.0
2007/08,A Symonds,3,161,104,15,9,154.81
2007/08,AA Noffke,1,9,10,1,0,90.0
2007/08,AB Agarkar,6,54,45,5,2,120.0
2007/08,AB Dinda,2,2,4,0,0,50.0
2007/08,AB de Villiers,6,95,98,5,1,96.94
2007/08,AC Gilchrist,14,436,314,51,19,138.85
2007/08,AD Mascarenhas,1,9,8,0,1,112.5
2007/08,AM Nayar,10,206,137,16,9,150.36
2007/08,AM Rahane,2,4,17,1,0,23.53
2007/08,AS Yadav,6,49,39,5,2,125.64
2007/08,Abdur Razzak,1,0,2,0,0,0.0
2007/08,B Akhil,7,46,31,4,3,148.39
2007/08,B Chipli,3,20,28,3,0,71.43
2007/08,B Lee,3,17,12,2,1,141.67
2007/08,BB McCullum,4,188,91,13,15,206.59
2007/08,BJ Hodge,3,12,17,2,0,70.59
2007/08,CK Kapugedera,3,16,22,0,0,72.73
2007/08,CL White,8,114,100,8,4,114.0
2007/08,CRD Fernando,1,2,1,0,0,200.0
2007/08,D Kalyankrishna,1,3,8,0,0,37.5
2007/08,D Salunkhe,3,33,24,5,0,137.5
2007/08,DB Das,6,103,94,9,5,109.57
2007/08,DB Ravi Teja,6,109,81,10,5,134.57
2007/08,DJ Bravo,7,178,131,19,5,135.88
2007/08,DJ Hussey,13,319,258,19,17,123.64
2007/08,DJ Thornely,4,39,53,2,2,73.58
2007/08,DNT Zoysa,2,11,9,1,0,122.22
2007/08,DP Vijaykumar,1,1,1,0,0,100.0
2007/08,DPMD Jayawardene,12,179,131,15,7,136.64
2007/08,DR Smith,3,45,40,5,1,112.5
2007/08,DS Kulkarni,1,2,16,0,0,12.5
2007/08,DS Lehmann,2,18,18,3,0,100.0
2007/08,DT Patil,2,13,13,1,0,100.0
2007/08,DW Steyn,2,2,5,0,0,40.0
2007/08,G Gambhir,14,534,378,68,8,141.27
2007/08,GC Smith,11,441,361,54,8,122.16
2007/08,GD McGrath,2,4,5,1,0,80.0
2007/08,H Das,1,2,5,0,0,40.0
2007/08,HH Gibbs,9,167,153,17,8,109.15
2007/08,Harbhajan Singh,3,30,17,1,3,176.47
2007/08,I Sharma,5,11,11,1,0,100.0
2007/08,IK Pathan,10,131,115,9,6,113.91
2007/08,Iqbal Abdulla,1,1,2,0,0,50.0
2007/08,J Arunkumar,3,23,23,5,0,100.0
2007/08,JA Morkel,10,241,162,18,14,148.77
2007/08,JDP Oram,2,18,12,1,1,150.0
2007/08,JH Kallis,11,199,183,23,4,108.74
2007/08,JR Hopes,11,221,148,27,8,149.32
2007/08,Joginder Sharma,2,16,11,1,1,145.45
2007/08,K Goel,6,76,78,7,4,97.44
2007/08,KC Sangakkara,9,320,197,41,8,162.44
2007/08,KD Karthik,8,145,107,13,4,135.51
2007/08,Kamran Akmal,6,128,77,13,8,166.23
2007/08,L Balaji,1,0,4,0,0,0.0
2007/08,L Ronchi,4,34,32,6,1,106.25
2007/08,LA Pomersbach,5,152,99,13,9,153.54
2007/08,LPC Silva,3,40,26,5,1,153.85
2007/08,LR Shukla,12,163,122,17,5,133.61
2007/08,LRPL Taylor,4,149,81,13,10,183.95
2007/08,M Kaif,14,176,170,14,6,103.53
2007/08,M Kartik,3,30,27,3,0,111.11
2007/08,M Muralitharan,1,0,3,0,0,0.0
2007/08,M Ntini,2,11,18,2,0,61.11
2007/08,M Rawat,7,34,39,3,1,87.18
2007/08,MA Khote,3,24,22,2,1,109.09
2007/08,MEK Hussey,3,168,100,12,11,168.0
2007/08,MF Maharoof,8,125,79,10,7,158.23
2007/08,MK Pandey,2,3,9,0,0,33.33
2007/08,MK Tiwary,7,104,85,16,0,122.35
2007/08,ML Hayden,4,189,127,24,6,148.82
2007/08,MM Patel,1,0,1,0,0,0.0
2007/08,MS Dhoni,14,414,310,38,15,133.55
2007/08,MS Gony,5,35,22,2,3,159.09
2007/08,MV Boucher,10,225,177,24,6,127.12
2007/08,Misbah-ul-Haq,8,117,81,10,6,144.44
2007/08,Mohammad Asif,2,3,6,0,0,50.0
2007/08,Mohammad Hafeez,8,64,83,7,2,77.11
2007/08,NK Patel,4,103,81,13,1,127.16
2007/08,P Kumar,12,112,98,10,6,114.29
2007/08,PA Patel,13,302,295,42,3,102.37
2007/08,PJ Sangwan,2,2,5,0,0,40.0
2007/08,PM Sarvesh Kumar,1,1,2,0,0,50.0
2007/08,PP Chawla,7,90,58,10,3,155.17
2007/08,PP Ojha,3,2,4,0,0,50.0
2007/08,PR Shah,4,34,34,4,0,100.0
2007/08,Pankaj Singh,2,5,8,0,0,62.5
2007/08,R Bhatia,3,34,28,2,2,121.43
2007/08,R Dravid,14,371,297,35,11,124.92
2007/08,R Vinay Kumar,4,25,22,2,1,113.64
2007/08,RA Jadeja,9,135,100,11,6,135.0
2007/08,RG Sharma,12,404,270,38,19,149.63
2007/08,RP Singh,9,27,24,2,1,112.5
2007/08,RR Powar,1,28,21,4,1,133.33
2007/08,RR Raje,3,8,9,1,0,88.89
2007/08,RR Sarwan,4,73,75,6,1,97.33
2007/08,RT Ponting,4,39,53,2,1,73.58
2007/08,RV Uthappa,14,320,274,34,9,116.79
2007/08,S Anirudha,1,1,7,0,0,14.29
2007/08,S Badrinath,11,192,130,21,8,147.69
2007/08,S Chanderpaul,3,25,31,4,0,80.65
2007/08,S Dhawan,14,340,295,35,8,115.25
2007/08,S Sohal,2,4,8,0,0,50.0
2007/08,S Sreesanth,2,0,3,0,0,0.0
2007/08,S Vidyut,8,145,109,21,3,133.03
2007/08,SA Asnodkar,9,311,231,43,6,134.63
2007/08,SB Bangar,6,47,49,1,3,95.92
2007/08,SB Joshi,2,6,14,0,0,42.86
2007/08,SB Styris,8,112,122,9,2,91.8
2007/08,SC Ganguly,13,349,305,33,15,114.43
2007/08,SD Chitnis,2,18,9,1,1,200.0
2007/08,SE Marsh,11,616,440,59,26,140.0
2007/08,SK Raina,14,421,294,35,18,143.2
2007/08,SK Trivedi,3,5,12,0,0,41.67
2007/08,SK Warne,7,70,58,7,2,120.69
2007/08,SM Katich,2,96,68,11,2,141.18
2007/08,SM Pollock,8,147,111,12,8,132.43
2007/08,SP Fleming,10,196,162,27,3,120.99
2007/08,SP Goswami,3,82,85,9,1,96.47
2007/08,SR Tendulkar,7,188,177,26,2,106.21
2007/08,SR Watson,15,472,307,47,19,153.75
2007/08,SS Tiwary,2,26,20,3,1,130.0
2007/08,ST Jayasuriya,14,514,308,57,31,166.88
2007/08,Salman Butt,7,193,160,30,2,120.62
2007/08,Shahid Afridi,9,81,46,7,6,176.09
2007/08,Shoaib Akhtar,1,2,7,0,0,28.57
2007/08,Shoaib Malik,5,52,46,5,0,113.04
2007/08,Sohail Tanvir,5,36,28,3,1,128.57
2007/08,T Kohli,2,10,15,0,1,66.67
2007/08,T Taibu,3,31,26,3,0,119.23
2007/08,TM Dilshan,7,104,78,14,3,133.33
2007/08,TM Srivastava,2,8,10,0,0,80.0
2007/08,U Kaul,1,0,1,0,0,0.0
2007/08,Umar Gul,4,39,19,1,5,205.26
2007/08,V Kohli,12,165,157,18,4,105.1
2007/08,V Sehwag,14,406,216,46,21,187.96
2007/08,VRV Singh,2,4,3,1,0,133.33
2007/08,VS Yeligati,1,2,2,0,0,100.0
2007/08,VVS Laxman,6,155,132,22,1,117.42
2007/08,VY Mahesh,5,15,27,0,0,55.56
2007/08,W Jaffer,6,115,104,12,3,110.58
2007/08,WA Mota,2,26,27,2,0,96.3
2007/08,WP Saha,10,159,119,12,7,133.61
2007/08,WPUJC Vaas,4,21,17,0,1,123.53
2007/08,Y Venugopal Rao,10,288,207,22,15,139.13
2007/08,YK Pathan,15,435,239,43,25,182.01
2007/08,YV Takawale,4,70,64,7,2,109.38
2007/08,Younis Khan,1,3,7,0,0,42.86
2007/08,Yuvraj Singh,14,299,184,24,19,162.5
2007/08,Z Khan,7,34,42,4,0,80.95
2009/10,A Kumble,5,6,11,0,0,54.55
2009/10,A Mishra,7,39,50,1,0,78.0
2009/10,A Mithun,1,5,4,1,0,125.0
2009/10,A Nehra,2,23,19,2,1,121.05
2009/10,A Symonds,16,429,340,35,18,126.18
2009/10,A Uniyal,2,4,7,0,0,57.14
2009/10,AA Bilakhia,1,2,4,0,0,50.0
2009/10,AA Jhunjhunwala,10,183,166,16,4,110.24
2009/10,AB Agarkar,4,40,28,4,0,142.86
2009/10,AB Barath,3,42,42,5,1,100.0
2009/10,AB Dinda,1,0,1,0,0,0.0
2009/10,AB McDonald,3,65,52,3,2,125.0
2009/10,AB de Villiers,7,111,119,7,0,93.28
2009/10,AC Gilchrist,16,289,185,31,16,156.22
2009/10,AC Voges,7,181,143,15,3,126.57
2009/10,AD Mascarenhas,2,12,10,0,0,120.0
2009/10,AD Mathews,10,233,183,18,8,127.32
2009/10,AG Paunikar,1,0,1,0,0,0.0
2009/10,AJ Finch,1,21,21,0,1,100.0
2009/10,AM Nayar,3,58,51,4,2,113.73
2009/10,AN Ahmed,1,4,7,0,0,57.14
2009/10,AP Dole,2,34,22,3,1,154.55
2009/10,AP Tare,4,50,36,5,3,138.89
2009/10,AS Raut,5,56,48,3,3,116.67
2009/10,AT Rayudu,14,356,244,34,13,145.9
2009/10,Anirudh Singh,4,63,66,6,1,95.45
2009/10,B Lee,3,11,9,1,0,122.22
2009/10,B Sumanth,4,35,37,3,0,94.59
2009/10,BAW Mendis,1,1,1,0,0,100.0
2009/10,BB McCullum,5,114,109,14,2,104.59
2009/10,BJ Hodge,4,99,90,11,1,110.0
2009/10,Bipul Sharma,2,9,7,1,0,128.57
2009/10,C Madan,1,15,18,3,0,83.33
2009/10,CA Pujara,6,122,115,14,3,106.09
2009/10,CH Gayle,9,292,183,30,16,159.56
2009/10,CK Langeveldt,1,0,1,0,0,0.0
2009/10,CL White,5,48,33,3,3,145.45
2009/10,CRD Fernando,1,2,2,0,0,100.0
2009/10,DA Warner,11,282,189,27,14,149.21
2009/10,DE Bollinger,2,18,16,1,1,112.5
2009/10,DJ Bravo,8,61,53,3,4,115.09
2009/10,DJ Hussey,6,94,85,5,5,110.59
2009/10,DL Vettori,3,33,27,4,0,122.22
2009/10,DP Nannes,2,4,13,0,0,30.77
2009/10,DPMD Jayawardene,13,445,299,55,12,148.83
2009/10,DR Martyn,1,19,24,1,0,79.17
2009/10,DR Smith,3,22,25,1,1,88.0
2009/10,DW Steyn,4,13,17,2,0,76.47
2009/10,EJG Morgan,4,35,30,2,1,116.67
2009/10,FY Fazal,9,164,153,19,1,107.19
2009/10,G Gambhir,10,277,217,32,2,127.65
2009/10,GC Smith,2,44,39,7,0,112.82
2009/10,GJ Bailey,1,18,27,2,0,66.67
2009/10,HH Gibbs,10,267,234,26,9,114.1
2009/10,Harbhajan Singh,7,105,60,12,5,175.0
2009/10,Harmeet Singh,1,0,1,0,0,0.0
2009/10,I Sharma,2,6,17,0,0,35.29
2009/10,IK Pathan,13,276,186,21,10,148.39
2009/10,Iqbal Abdulla,1,0,1,0,0,0.0
2009/10,J Theron,2,2,5,0,0,40.0
2009/10,JA Morkel,11,199,131,10,13,151.91
2009/10,JH Kallis,16,572,489,67,9,116.97
2009/10,JM Kemp,2,26,24,1,1,108.33
2009/10,JP Duminy,7,157,131,13,5,119.85
2009/10,Jaskaran Singh,4,8,11,0,0,72.73
2009/10,K Goel,2,18,20,1,1,90.0
2009/10,KA Pollard,14,273,146,23,17,186.99
2009/10,KAJ Roach,1,10,9,1,0,111.11
2009/10,KB Arun Karthik,1,3,5,0,0,60.0
2009/10,KC Sangakkara,12,357,256,47,5,139.45
2009/10,KD Karthik,14,278,236,26,6,117.8
2009/10,KM Jadhav,5,76,56,7,2,135.71
2009/10,KP Appanna,2,2,3,0,0,66.67
2009/10,KP Pietersen,7,236,157,23,8,150.32
2009/10,L Balaji,3,18,20,1,1,90.0
2009/10,LR Shukla,2,36,26,3,2,138.46
2009/10,LRPL Taylor,7,88,75,2,6,117.33
2009/10,M Kaif,3,28,30,2,0,93.33
2009/10,M Kartik,2,22,22,2,0,100.0
2009/10,M Manhas,8,157,149,14,0,105.37
2009/10,M Morkel,2,9,16,1,0,56.25
2009/10,M Muralitharan,1,1,2,0,0,50.0
2009/10,M Vijay,15,458,292,36,26,156.85
2009/10,MC Henriques,1,11,5,2,0,220.0
2009/10,MD Mishra,11,166,142,18,6,116.9
2009/10,MEK Hussey,3,37,44,2,0,84.09
2009/10,MF Maharoof,4,31,23,2,2,134.78
2009/10,MJ Lumb,11,278,189,45,6,147.09
2009/10,MK Pandey,13,249,225,27,7,110.67
2009/10,MK Tiwary,11,237,185,23,5,128.11
2009/10,ML Hayden,16,346,279,37,16,124.01
2009/10,MM Patel,2,4,5,0,0,80.0
2009/10,MR Marsh,2,28,30,1,1,93.33
2009/10,MS Bisla,10,218,177,27,6,123.16
2009/10,MS Dhoni,11,287,210,26,8,136.67
2009/10,MS Gony,1,2,6,0,0,33.33
2009/10,MV Boucher,2,13,10,0,1,130.0
2009/10,Mandeep Singh,2,4,11,1,0,36.36
2009/10,NV Ojha,14,377,283,42,15,133.22
2009/10,OA Shah,5,115,95,7,5,121.05
2009/10,P Dogra,8,107,106,4,5,100.94
2009/10,P Kumar,3,4,8,0,0,50.0
2009/10,PA Patel,4,72,79,6,2,91.14
2009/10,PD Collingwood,7,203,156,9,13,130.13
2009/10,PJ Sangwan,2,10,14,0,0,71.43
2009/10,PP Chawla,6,62,59,7,0,105.08
2009/10,PP Ojha,3,3,8,0,0,37.5
2009/10,Pankaj Singh,1,1,2,0,0,50.0
2009/10,R Ashwin,6,30,40,2,0,75.0
2009/10,R Bhatia,3,24,17,1,2,141.18
2009/10,R Dravid,11,256,199,34,3,128.64
2009/10,R McLaren,7,66,69,7,0,95.65
2009/10,R Sathish,10,112,96,11,0,116.67
2009/10,R Sharma,4,29,26,3,1,111.54
2009/10,R Vinay Kumar,5,27,32,1,0,84.38
2009/10,RE van der Merwe,1,1,2,0,0,50.0
2009/10,RG Sharma,16,404,300,36,14,134.67
2009/10,RJ Harris,5,45,39,2,2,115.38
2009/10,RP Singh,5,9,19,0,0,47.37
2009/10,RR Powar,2,5,8,0,0,62.5
2009/10,RS Bopara,9,248,214,25,3,115.89
2009/10,RS Gavaskar,1,2,8,0,0,25.0
2009/10,RS Sodhi,1,4,2,1,0,200.0
2009/10,RV Uthappa,14,374,218,21,27,171.56
2009/10,S Anirudha,2,30,18,2,2,166.67
2009/10,S Badrinath,15,356,301,41,5,118.27
2009/10,S Dhawan,10,191,169,23,3,113.02
2009/10,S Ladda,2,0,9,0,0,0.0
2009/10,S Narwal,3,14,12,2,0,116.67
2009/10,S Sreesanth,3,27,21,5,0,128.57
2009/10,S Sriram,1,27,29,3,0,93.1
2009/10,S Tyagi,1,3,4,0,0,75.0
2009/10,SA Asnodkar,1,5,4,1,0,125.0
2009/10,SC Ganguly,14,493,418,58,15,117.94
2009/10,SE Bond,1,1,2,0,0,50.0
2009/10,SE Marsh,4,147,114,14,6,128.95
2009/10,SJ Srivastava,2,1,2,0,0,50.0
2009/10,SK Raina,16,528,364,45,23,145.05
2009/10,SK Trivedi,4,20,14,3,1,142.86
2009/10,SK Warne,6,10,19,0,0,52.63
2009/10,SL Malinga,1,1,1,0,0,100.0
2009/10,SP Goswami,1,8,10,2,0,80.0
2009/10,SR Tendulkar,15,618,463,86,3,133.48
2009/10,SR Watson,5,185,113,18,9,163.72
2009/10,SS Tiwary,15,419,307,29,18,136.48
2009/10,ST Jayasuriya,4,33,31,4,1,106.45
2009/10,STR Binny,1,8,5,1,0,160.0
2009/10,SW Tait,2,12,13,0,1,92.31
2009/10,T Thushara,2,10,11,0,0,90.91
2009/10,TL Suman,14,307,255,23,12,120.39
2009/10,TM Dilshan,6,44,53,6,0,83.02
2009/10,UT Yadav,1,3,4,0,0,75.0
2009/10,V Kohli,13,307,211,26,12,145.5
2009/10,V Sehwag,14,356,217,47,14,164.06
2009/10,VS Malik,1,6,5,1,0,120.0
2009/10,VVS Laxman,6,64,60,7,1,106.67
2009/10,WP Saha,6,67,53,9,1,126.42
2009/10,WPUJC Vaas,5,30,34,1,1,88.24
2009/10,Y Nagar,1,1,6,0,0,16.67
2009/10,Y Venugopal Rao,4,34,43,3,1,79.07
2009/10,YA Abdulla,1,0,1,0,0,0.0
2009/10,YK Pathan,14,333,200,22,24,166.5
2009/10,Yuvraj Singh,14,259,200,21,14,129.5
2009/10,Z Khan,3,24,13,3,1,184.62
2012,AB de Villiers,1,4,2,1,0,200.0
2012,CA Pujara,1,0,1,0,0,0.0
2012,CH Gayle,1,68,35,2,6,194.29
2012,DJ Bravo,1,25,14,2,1,178.57
2012,DL Vettori,1,1,1,0,0,100.0
2012,F du Plessis,1,71,46,5,4,154.35
2012,JA Morkel,1,28,7,2,3,400.0
2012,M Vijay,1,11,15,1,0,73.33
2012,MA Agarwal,1,45,26,5,3,173.08
2012,MS Dhoni,1,41,23,1,2,178.26
2012,R Vinay Kumar,1,6,1,0,1,600.0
2012,RA Jadeja,1,4,1,1,0,400.0
2012,RR Bhatkal,1,0,2,0,0,0.0
2012,SK Raina,1,23,14,3,1,164.29
2012,SS Tiwary,1,8,6,1,0,133.33
2012,V Kohli,1,57,46,5,2,123.91
2013,A Ashish Reddy,1,19,15,0,1,126.67
2013,A Mishra,1,30,24,3,0,125.0
2013,AB Dinda,1,0,1,0,0,0.0
2013,AD Mathews,1,20,24,1,0,83.33
2013,AJ Finch,1,16,13,3,0,123.08
2013,AM Nayar,1,0,2,0,0,0.0
2013,B Kumar,1,0,1,0,0,0.0
2013,BB Samantray,1,37,37,3,1,100.0
2013,CL White,1,0,1,0,0,0.0
2013,DW Steyn,1,4,1,1,0,400.0
2013,GH Vihari,1,1,8,0,0,12.5
2013,KV Sharma,1,7,13,0,0,53.85
2013,MK Pandey,1,7,6,1,0,116.67
2013,MR Marsh,1,14,13,1,1,107.69
2013,NLTC Perera,1,2,4,0,0,50.0
2013,PA Patel,1,12,9,2,0,133.33
2013,Q de Kock,1,2,8,0,0,25.0
2013,R Sharma,1,0,1,0,0,0.0
2013,RV Uthappa,1,22,14,4,0,157.14
2013,SPD Smith,1,17,25,0,0,68.0
2013,TL Suman,1,12,14,1,0,85.71
2015,AR Patel,1,9,10,0,1,90.0
2015,Anureet Singh,1,10,20,0,0,50.0
2015,BB McCullum,1,66,44,8,3,150.0
2015,DA Miller,1,3,9,0,0,33.33
2015,DR Smith,1,26,13,3,2,200.0
2015,GJ Bailey,1,1,3,0,0,33.33
2015,Karanveer Singh,1,2,5,0,0,40.0
2015,M Vijay,1,34,32,4,1,106.25
2015,MG Johnson,1,1,2,0,0,50.0
2015,MS Dhoni,1,41,27,2,2,151.85
2015,RA Jadeja,1,18,11,2,0,163.64
2015,SE Marsh,1,10,10,1,0,100.0
2015,SK Raina,1,29,25,4,0,116.0
2015,Sandeep Sharma,1,1,4,0,0,25.0
2015,V Sehwag,1,1,2,0,0,50.0
2015,WP Saha,1,15,23,0,0,65.22
2016,AD Russell,1,16,10,1,1,160.0
2016,AR Patel,1,21,7,1,2,300.0
2016,DA Miller,1,13,18,0,0,72.22
2016,G Gambhir,1,54,45,6,1,120.0
2016,GJ Maxwell,1,68,42,6,4,161.9
2016,Gurkeerat Singh,1,11,11,1,0,100.0
2016,M Vijay,1,6,11,1,0,54.55
2016,M Vohra,1,0,5,0,0,0.0
2016,MM Sharma,1,1,1,0,0,100.0
2016,MP Stoinis,1,0,3,0,0,0.0
2016,RV Uthappa,1,70,49,6,2,142.86
2016,Sandeep Sharma,1,1,1,0,0,100.0
2016,Swapnil Singh,1,0,1,0,0,0.0
2016,WP Saha,1,24,20,3,0,120.0
2016,YK Pathan,1,19,16,0,1,118.75
2017,A Mishra,1,8,14,0,0,57.14
2017,AJ Finch,1,15,8,0,2,187.5
2017,AP Tare,1,18,17,3,0,105.88
2017,BB McCullum,1,35,24,4,2,145.83
2017,CA Lynn,1,93,41,6,8,226.83
2017,CH Gayle,1,6,8,1,0,75.0
2017,CH Morris,1,4,5,0,0,80.0
2017,CR Brathwaite,1,1,5,0,0,20.0
2017,DA Warner,1,6,6,1,0,100.0
2017,G Gambhir,1,76,48,12,0,158.33
2017,HH Pandya,1,15,24,0,0,62.5
2017,Harbhajan Singh,1,1,3,0,0,33.33
2017,Iqbal Abdulla,1,5,7,0,0,71.43
2017,JJ Roy,1,14,12,3,0,116.67
2017,KA Pollard,1,5,9,0,0,55.56
2017,KD Karthik,1,47,25,6,2,188.0
2017,KK Nair,1,4,3,1,0,133.33
2017,KM Jadhav,1,69,37,5,5,186.49
2017,KV Sharma,1,5,5,1,0,100.0
2017,LMP Simmons,1,1,5,0,0,20.0
2017,MC Henriques,1,44,35,6,0,125.71
2017,MJ McClenaghan,1,2,1,0,0,200.0
2017,Mandeep Singh,1,12,10,3,0,120.0
2017,N Rana,1,9,11,2,0,81.82
2017,P Negi,1,10,8,0,1,125.0
2017,PA Patel,1,23,17,1,1,135.29
2017,PJ Cummins,1,6,6,1,0,100.0
2017,RG Sharma,1,67,45,6,2,148.89
2017,RR Pant,1,57,36,3,4,158.33
2017,S Dhawan,1,62,46,4,2,134.78
2017,S Nadeem,1,0,2,0,0,0.0
2017,SK Raina,1,68,51,7,0,133.33
2017,SR Watson,1,24,24,4,0,100.0
2017,STR Binny,1,16,18,1,0,88.89
2017,SV Samson,1,13,12,1,0,108.33
2017,SW Billings,1,25,19,1,1,131.58
2017,TS Mills,1,0,3,0,0,0.0
2017,V Shankar,1,15,12,1,0,125.0
2017,Vishnu Vinod,1,9,5,0,1,180.0
2017,Yuvraj Singh,1,9,11,1,0,81.82
2017,Z Khan,1,1,1,0,0,100.0
2018,A Dananjaya,1,4,5,0,0,80.0
2018,A Mishra,1,1,2,0,0,50.0
2018,AB de Villiers,11,480,275,39,30,174.55
2018,AD Hales,6,148,117,13,6,126.5
2018,AD Nath,1,9,13,1,0,69.23
2018,AD Russell,14,316,170,17,31,185.88
2018,AJ Finch,9,134,100,6,8,134.0
2018,AJ Tye,8,32,38,2,1,84.21
2018,AM Rahane,14,370,313,39,5,118.21
2018,AR Patel,8,80,69,3,4,115.94
2018,AS Rajpoot,3,11,18,1,0,61.11
2018,AT Rayudu,16,602,401,53,34,150.12
2018,Abhishek Sharma,3,63,33,3,5,190.91
2018,Anureet Singh,1,3,4,0,0,75.0
2018,B Kumar,4,13,16,1,0,81.25
2018,B Laughlin,2,1,4,0,0,25.0
2018,B Stanlake,1,5,2,1,0,250.0
2018,BA Stokes,12,196,160,13,6,122.5
2018,BB McCullum,6,127,87,16,6,145.98
2018,BB Sran,3,3,7,0,0,42.86
2018,BCJ Cutting,6,96,58,5,8,165.52
2018,Basil Thampi,1,3,6,0,0,50.0
2018,C Munro,4,63,41,7,4,153.66
2018,C de Grandhomme,8,131,83,4,10,157.83
2018,CA Lynn,16,491,377,56,18,130.24
2018,CH Gayle,11,368,252,30,27,146.03
2018,CH Morris,3,46,26,3,2,176.92
2018,CJ Anderson,3,17,22,0,1,77.27
2018,CR Brathwaite,4,75,48,1,8,156.25
2018,CR Woakes,4,17,19,1,1,89.47
2018,DA Miller,3,74,63,3,2,117.46
2018,DJ Bravo,10,141,90,8,10,156.67
2018,DJ Hooda,8,87,81,2,3,107.41
2018,DJM Short,7,115,99,11,5,116.16
2018,DL Chahar,4,50,29,1,4,172.41
2018,DR Shorey,1,8,9,0,1,88.89
2018,DS Kulkarni,2,6,7,0,0,85.71
2018,DT Christian,3,26,32,0,1,81.25
2018,E Lewis,13,382,276,32,24,138.41
2018,F du Plessis,6,162,128,17,6,126.56
2018,G Gambhir,5,85,88,8,1,96.59
2018,GJ Maxwell,12,169,120,14,9,140.83
2018,H Klaasen,4,57,47,5,1,121.28
2018,HH Pandya,13,260,195,20,11,133.33
2018,HV Patel,2,60,33,1,6,181.82
2018,Harbhajan Singh,3,29,35,3,1,82.86
2018,IS Sodhi,1,1,6,0,0,16.67
2018,Imran Tahir,1,2,2,0,0,100.0
2018,Ishan Kishan,12,275,184,22,17,149.46
2018,JC Archer,6,15,19,2,0,78.95
2018,JC Buttler,13,548,352,52,21,155.68
2018,JD Unadkat,5,49,38,6,1,128.95
2018,JJ Bumrah,3,10,10,1,0,100.0
2018,JJ Roy,5,120,94,9,7,127.66
2018,JP Duminy,2,36,40,3,1,90.0
2018,JPR Scantlebury-Searles,2,8,6,0,1,133.33
2018,K Gowtham,13,126,64,9,9,196.88
2018,KA Pollard,8,133,99,10,7,134.34
2018,KD Karthik,16,498,336,49,16,148.21
2018,KH Pandya,13,228,157,22,10,145.22
2018,KK Nair,12,301,221,23,13,136.2
2018,KL Rahul,14,659,415,66,32,158.8
2018,KM Jadhav,1,24,21,1,2,114.29
2018,KS Williamson,17,735,515,64,28,142.72
2018,Kuldeep Yadav,3,12,24,1,0,50.0
2018,LE Plunkett,2,1,3,0,0,33.33
2018,M Ashwin,1,1,2,0,0,50.0
2018,M Markande,6,21,24,2,0,87.5
2018,M Prasidh Krishna,1,1,5,0,0,20.0
2018,M Vijay,1,12,10,0,1,120.0
2018,M Vohra,4,55,47,2,4,117.02
2018,MA Agarwal,11,120,94,9,5,127.66
2018,MA Wood,1,1,3,0,0,33.33
2018,MG Johnson,2,16,10,2,0,160.0
2018,MJ McClenaghan,4,11,9,1,1,122.22
2018,MK Lomror,2,20,21,1,0,95.24
2018,MK Pandey,13,284,246,22,5,115.45
2018,MK Tiwary,4,47,44,4,1,106.82
2018,MM Ali,4,77,46,4,6,167.39
2018,MM Sharma,4,10,13,1,0,76.92
2018,MP Stoinis,7,99,75,6,4,132.0
2018,MS Dhoni,15,455,301,24,30,151.16
2018,Mandeep Singh,13,252,186,16,11,135.48
2018,Mohammad Nabi,2,18,12,3,0,150.0
2018,Mohammed Shami,1,7,6,1,0,116.67
2018,Mohammed Siraj,3,25,22,2,1,113.64
2018,Mujeeb Ur Rahman,2,10,7,2,0,142.86
2018,Mustafizur Rahman,1,1,3,0,0,33.33
2018,N Rana,15,304,232,26,14,131.03
2018,NV Ojha,1,1,4,0,0,25.0
2018,P Chopra,1,8,6,2,0,133.33
2018,P Negi,2,3,5,0,0,60.0
2018,PA Patel,6,153,109,20,4,140.37
2018,PJ Sangwan,1,0,4,0,0,0.0
2018,PP Chawla,5,27,34,1,1,79.41
2018,PP Shaw,9,245,160,27,10,153.12
2018,Q de Kock,8,201,162,20,8,124.07
2018,R Ashwin,8,102,71,7,5,143.66
2018,R Tewatia,5,50,43,5,1,116.28
2018,R Vinay Kumar,1,6,3,1,0,200.0
2018,RA Jadeja,8,89,74,3,4,120.27
2018,RA Tripathi,12,226,166,18,8,136.14
2018,RG Sharma,14,286,214,25,12,133.64
2018,RK Bhui,1,0,5,0,0,0.0
2018,RK Singh,4,29,31,4,0,93.55
2018,RR Pant,14,684,394,68,37,173.6
2018,RV Uthappa,16,351,264,30,21,132.95
2018,Rashid Khan,7,59,31,3,6,190.32
2018,S Dhawan,16,497,362,59,14,137.29
2018,S Gopal,4,50,45,5,0,111.11
2018,S Kaul,3,3,14,0,0,21.43
2018,S Nadeem,1,6,8,0,0,75.0
2018,SA Yadav,14,512,384,61,16,133.33
2018,SK Raina,15,445,335,46,12,132.84
2018,SN Khan,6,51,41,7,1,124.39
2018,SN Thakur,1,15,5,3,0,300.0
2018,SP Goswami,3,52,38,6,1,136.84
2018,SP Narine,16,357,188,40,23,189.89
2018,SR Watson,15,555,358,44,35,155.03
2018,SS Iyer,13,411,309,29,21,133.01
2018,STR Binny,5,44,39,2,2,112.82
2018,SV Samson,15,441,319,30,19,138.24
2018,SW Billings,8,108,78,8,5,138.46
2018,Sandeep Sharma,3,0,4,0,0,0.0
2018,Shakib Al Hasan,13,239,195,26,5,122.56
2018,Shivam Mavi,3,13,15,1,0,86.67
2018,Shubman Gill,10,203,139,22,5,146.04
2018,TA Boult,1,0,2,0,0,0.0
2018,TG Southee,4,52,46,5,1,113.04
2018,TK Curran,4,23,28,3,0,82.14
2018,UT Yadav,5,3,11,0,0,27.27
2018,V Kohli,14,530,379,52,18,139.84
2018,V Shankar,9,212,147,11,11,144.22
2018,WP Saha,10,122,102,17,1,119.61
2018,Washington Sundar,5,65,38,5,4,171.05
2018,YK Pathan,13,260,200,22,11,130.0
2018,YS Chahal,1,0,4,0,0,0.0
2018,Yuvraj Singh,6,65,73,6,2,89.04
2019,A Mishra,4,21,24,2,0,87.5
2019,AB de Villiers,13,442,287,31,26,154.01
2019,AD Nath,5,61,57,5,2,107.02
2019,AD Russell,13,514,249,32,52,206.43
2019,AJ Turner,4,3,10,0,0,30.0
2019,AJ Tye,1,0,2,0,0,0.0
2019,AM Rahane,13,393,285,45,9,137.89
2019,AR Patel,12,110,87,10,3,126.44
2019,AS Joseph,1,15,13,2,0,115.38
2019,AT Rayudu,17,282,301,20,7,93.69
2019,Abhishek Sharma,3,9,9,1,0,100.0
2019,Avesh Khan,1,4,3,1,0,133.33
2019,B Kumar,4,12,19,1,0,63.16
2019,BA Stokes,9,123,97,8,4,126.8
2019,BB Sran,1,3,3,0,0,100.0
2019,BCJ Cutting,3,18,17,1,1,105.88
2019,Basil Thampi,1,1,1,0,0,100.0
2019,C Munro,4,84,70,9,4,120.0
2019,C de Grandhomme,4,46,49,4,2,93.88
2019,CA Ingram,12,184,154,20,5,119.48
2019,CA Lynn,13,405,288,41,22,140.62
2019,CH Gayle,13,490,319,45,34,153.61
2019,CH Morris,6,32,37,1,2,86.49
2019,CR Brathwaite,2,11,9,1,0,122.22
2019,DA Miller,10,213,163,19,7,130.67
2019,DA Warner,12,692,481,57,21,143.87
2019,DJ Bravo,8,80,66,6,3,121.21
2019,DJ Hooda,7,64,63,5,1,101.59
2019,DL Chahar,2,7,9,1,0,77.78
2019,DR Shorey,1,5,8,0,0,62.5
2019,DS Kulkarni,1,5,3,1,0,166.67
2019,E Lewis,3,48,52,4,2,92.31
2019,F du Plessis,12,396,321,36,15,123.36
2019,GC Viljoen,3,3,7,0,0,42.86
2019,GH Vihari,2,4,8,0,0,50.0
2019,Gurkeerat Singh,3,98,70,11,2,140.0
2019,H Klaasen,2,9,9,0,0,100.0
2019,HF Gurney,1,1,5,0,0,20.0
2019,HH Pandya,15,409,211,28,30,193.84
2019,HV Patel,1,0,2,0,0,0.0
2019,Harbhajan Singh,1,1,3,0,0,33.33
2019,Harpreet Brar,1,20,12,2,1,166.67
2019,I Sharma,1,10,3,1,1,333.33
2019,IS Sodhi,1,6,11,0,0,54.55
2019,Ishan Kishan,6,101,100,8,4,101.0
2019,J Suchith,1,6,15,0,0,40.0
2019,JC Archer,5,67,40,4,4,167.5
2019,JC Buttler,8,311,205,38,14,151.71
2019,JD Unadkat,2,1,3,0,0,33.33
2019,JJ Bumrah,1,0,1,0,0,0.0
2019,JL Denly,1,0,1,0,0,0.0
2019,JM Bairstow,10,445,281,48,18,158.36
2019,K Gowtham,4,18,19,1,1,94.74
2019,K Rabada,4,14,15,0,1,93.33
2019,KA Pollard,12,281,176,14,22,159.66
2019,KC Cariappa,1,9,3,0,1,300.0
2019,KD Karthik,12,254,173,22,14,146.82
2019,KH Pandya,14,183,150,18,5,122.0
2019,KK Ahmed,1,0,1,0,0,0.0
2019,KK Nair,1,5,6,0,0,83.33
2019,KL Rahul,14,593,437,49,25,135.7
2019,KM Jadhav,12,162,166,19,3,97.59
2019,KMA Paul,5,18,24,1,1,75.0
2019,KS Williamson,9,156,129,12,5,120.93
2019,Kuldeep Yadav,3,12,8,1,0,150.0
2019,LS Livingstone,4,70,48,6,5,145.83
2019,M Ashwin,3,3,5,0,0,60.0
2019,M Markande,1,6,5,1,0,120.0
2019,M Prasidh Krishna,1,0,2,0,0,0.0
2019,M Vijay,2,64,61,6,1,104.92
2019,MA Agarwal,13,332,234,26,14,141.88
2019,MJ Guptill,3,82,54,4,7,151.85
2019,MJ McClenaghan,4,11,16,2,0,68.75
2019,MJ Santner,2,32,22,0,3,145.45
2019,MK Lomror,1,8,3,2,0,266.67
2019,MK Pandey,11,345,264,34,6,130.68
2019,MM Ali,10,220,133,16,17,165.41
2019,MM Sharma,1,0,2,0,0,0.0
2019,MP Stoinis,10,211,156,14,10,135.26
2019,MS Dhoni,12,416,305,22,23,136.39
2019,Mandeep Singh,12,165,120,10,4,137.5
2019,Mohammad Nabi,7,121,77,8,8,157.14
2019,Mohammed Shami,2,1,2,0,0,50.0
2019,Mohammed Siraj,3,4,12,0,0,33.33
2019,Mujeeb Ur Rahman,2,0,4,0,0,0.0
2019,N Pooran,6,168,107,10,14,157.01
2019,N Rana,11,344,235,27,21,146.38
2019,NS Naik,1,7,16,1,0,43.75
2019,Navdeep Saini,2,2,4,0,0,50.0
2019,P Negi,4,9,12,1,0,75.0
2019,P Ray Barman,1,19,24,2,0,79.17
2019,P Simran Singh,1,16,17,1,1,94.12
2019,PA Patel,14,373,265,48,10,140.75
2019,PP Chawla,5,42,37,4,2,113.51
2019,PP Shaw,16,353,263,45,9,134.22
2019,Q de Kock,16,529,396,45,25,133.59
2019,R Ashwin,6,42,28,3,3,150.0
2019,R Parag,5,160,126,17,5,126.98
2019,R Tewatia,4,26,22,2,1,118.18
2019,RA Jadeja,9,106,87,7,4,121.84
2019,RA Tripathi,7,141,117,13,2,120.51
2019,RD Chahar,4,12,11,2,0,109.09
2019,RG Sharma,15,405,314,52,10,128.98
2019,RK Bhui,1,7,12,0,0,58.33
2019,RK Singh,3,37,34,1,2,108.82
2019,RR Pant,16,494,302,37,27,163.58
2019,RV Uthappa,11,284,247,28,10,114.98
2019,Rashid Khan,7,34,23,2,2,147.83
2019,Rasikh Salam,1,5,4,0,0,125.0
2019,S Dhawan,16,521,382,64,11,136.39
2019,S Dube,4,40,33,1,3,121.21
2019,S Gopal,7,63,46,8,1,136.96
2019,S Kaul,1,0,1,0,0,0.0
2019,S Lamichhane,1,0,1,0,0,0.0
2019,SA Yadav,15,424,324,45,10,130.86
2019,SD Lad,1,15,13,1,1,115.38
2019,SE Rutherford,7,73,54,2,7,135.19
2019,SK Raina,17,383,312,45,9,122.76
2019,SM Curran,8,95,55,13,3,172.73
2019,SN Khan,5,180,141,19,4,127.66
2019,SN Thakur,2,14,7,1,1,200.0
2019,SO Hetmyer,5,90,73,4,7,123.29
2019,SP Narine,8,143,85,17,9,168.24
2019,SPD Smith,10,319,273,30,4,116.85
2019,SR Watson,17,398,311,42,20,127.97
2019,SS Iyer,16,467,386,42,14,120.98
2019,STR Binny,5,70,40,5,4,175.0
2019,SV Samson,11,342,229,28,13,149.34
2019,SW Billings,1,0,4,0,0,0.0
2019,Sandeep Sharma,2,6,3,1,0,200.0
2019,Shakib Al Hasan,1,9,10,0,0,90.0
2019,Shubman Gill,13,296,237,21,10,124.89
2019,TA Boult,2,7,4,0,1,175.0
2019,TG Southee,1,9,9,0,0,100.0
2019,UT Yadav,5,25,25,3,1,100.0
2019,V Kohli,14,464,327,46,13,141.9
2019,V Shankar,14,244,193,11,12,126.42
2019,VR Aaron,1,3,7,0,0,42.86
2019,WP Saha,5,86,53,13,1,162.26
2019,Washington Sundar,2,1,3,0,0,33.33
2019,Y Prithvi Raj,1,0,1,0,0,0.0
2019,YK Pathan,7,40,45,1,1,88.89
2019,YS Chahal,3,6,16,0,0,37.5
2019,Yuvraj Singh,4,98,75,7,6,130.67
2020/21,A Nortje,3,7,6,0,0,116.67
2020/21,AB de Villiers,14,460,287,34,23,160.28
2020/21,AD Russell,9,117,79,9,9,148.1
2020/21,AJ Finch,12,268,239,28,8,112.13
2020/21,AJ Tye,1,6,6,0,1,100.0
2020/21,AM Rahane,8,113,107,12,2,105.61
2020/21,AR Patel,9,117,83,6,8,140.96
2020/21,AS Rajpoot,2,9,10,0,1,90.0
2020/21,AT Carey,3,32,29,0,1,110.34
2020/21,AT Rayudu,11,359,279,30,12,128.67
2020/21,Abdul Samad,7,113,67,8,6,168.66
2020/21,Abhishek Sharma,7,71,56,6,3,126.79
2020/21,Arshdeep Singh,1,0,3,0,0,0.0
2020/21,B Kumar,1,0,2,0,0,0.0
2020/21,BA Stokes,8,285,200,36,7,142.5
2020/21,CH Gayle,7,295,212,15,24,139.15
2020/21,CH Morris,5,34,21,2,3,161.9
2020/21,CJ Jordan,4,29,31,2,0,93.55
2020/21,CV Varun,3,10,15,0,0,66.67
2020/21,D Padikkal,15,473,378,51,8,125.13
2020/21,DA Warner,16,548,406,52,14,134.98
2020/21,DJ Bravo,2,7,6,0,0,116.67
2020/21,DJ Hooda,5,102,72,5,5,141.67
2020/21,DL Chahar,3,7,12,0,0,58.33
2020/21,DR Sams,1,0,2,0,0,0.0
2020/21,DS Kulkarni,1,3,2,0,0,150.0
2020/21,DW Steyn,1,1,2,0,0,50.0
2020/21,EJG Morgan,14,419,303,32,24,138.28
2020/21,F du Plessis,13,449,319,42,14,140.75
2020/21,GJ Maxwell,11,108,105,9,0,102.86
2020/21,Gurkeerat Singh,5,71,80,8,0,88.75
2020/21,HH Pandya,13,283,158,14,25,179.11
2020/21,HV Patel,2,21,24,2,0,87.5
2020/21,I Udana,4,15,11,1,1,136.36
2020/21,Imran Tahir,1,13,10,2,0,130.0
2020/21,Ishan Kishan,13,516,353,36,30,146.18
2020/21,JC Archer,10,113,60,5,10,188.33
2020/21,JC Buttler,12,328,227,27,16,144.49
2020/21,JD Unadkat,1,9,13,0,0,69.23
2020/21,JDS Neesham,3,19,18,0,1,105.56
2020/21,JJ Bumrah,1,5,3,0,0,166.67
2020/21,JL Pattinson,2,15,13,2,0,115.38
2020/21,JM Bairstow,11,345,272,31,13,126.84
2020/21,JO Holder,4,66,53,5,3,124.53
2020/21,JR Philippe,5,78,77,9,1,101.3
2020/21,K Gowtham,2,42,27,3,2,155.56
2020/21,K Rabada,6,56,49,4,2,114.29
2020/21,KA Pollard,12,281,149,17,22,188.59
2020/21,KD Karthik,14,169,136,20,4,124.26
2020/21,KH Pandya,11,109,92,9,5,118.48
2020/21,KK Ahmed,1,0,2,0,0,0.0
2020/21,KK Nair,3,16,14,2,0,114.29
2020/21,KL Nagarkoti,6,22,31,1,0,70.97
2020/21,KL Rahul,14,676,521,58,23,129.75
2020/21,KM Jadhav,5,62,65,7,0,95.38
2020/21,KS Williamson,11,317,236,26,10,134.32
2020/21,Kartik Tyagi,2,4,6,0,0,66.67
2020/21,Kuldeep Yadav,2,13,21,1,0,61.9
2020/21,LH Ferguson,2,43,29,4,1,148.28
2020/21,M Ashwin,1,4,4,0,0,100.0
2020/21,M Prasidh Krishna,2,2,4,0,0,50.0
2020/21,M Vijay,3,32,43,4,0,74.42
2020/21,MA Agarwal,11,432,272,46,15,158.82
2020/21,MK Lomror,3,59,54,2,3,109.26
2020/21,MK Pandey,15,425,333,35,18,127.63
2020/21,MM Ali,3,12,16,1,0,75.0
2020/21,MP Stoinis,17,352,235,31,16,149.79
2020/21,MR Marsh,1,0,1,0,0,0.0
2020/21,MS Dhoni,12,200,172,16,7,116.28
2020/21,Mandeep Singh,7,130,109,10,4,119.27
2020/21,Mohammad Nabi,1,11,8,2,0,137.5
2020/21,Mohammed Shami,2,2,3,0,0,66.67
2020/21,Mohammed Siraj,3,17,14,2,0,121.43
2020/21,Mujeeb Ur Rahman,1,1,3,0,0,33.33
2020/21,N Jagadeesan,2,33,29,4,0,113.79
2020/21,N Pooran,14,353,209,23,25,168.9
2020/21,N Rana,14,352,254,43,12,138.58
2020/21,NM Coulter-Nile,2,25,15,4,0,166.67
2020/21,NS Naik,1,1,3,0,0,33.33
2020/21,Navdeep Saini,3,27,27,3,0,100.0
2020/21,P Dubey,1,7,13,0,0,53.85
2020/21,P Simran Singh,2,15,15,2,0,100.0
2020/21,PJ Cummins,10,146,114,9,8,128.07
2020/21,PK Garg,10,133,109,9,4,122.02
2020/21,PP Shaw,13,228,167,27,8,136.53
2020/21,Q de Kock,16,506,361,46,22,140.17
2020/21,R Ashwin,5,37,34,3,1,108.82
2020/21,R Parag,8,86,77,6,3,111.69
2020/21,R Tewatia,11,255,182,13,17,140.11
2020/21,RA Jadeja,11,232,134,22,11,173.13
2020/21,RA Tripathi,11,230,181,21,10,127.07
2020/21,RD Chahar,1,2,4,0,0,50.0
2020/21,RD Gaikwad,6,204,169,16,6,120.71
2020/21,RG Sharma,12,334,263,27,19,127.0
2020/21,RK Singh,1,11,11,1,0,100.0
2020/21,RR Pant,14,345,300,32,9,115.0
2020/21,RV Uthappa,12,196,164,19,7,119.51
2020/21,Rashid Khan,6,35,29,3,2,120.69
2020/21,Ravi Bishnoi,2,7,12,1,0,58.33
2020/21,S Dhawan,17,618,425,67,13,145.41
2020/21,S Dube,9,129,105,5,9,122.86
2020/21,S Gopal,5,37,39,3,0,94.87
2020/21,S Nadeem,2,7,8,1,0,87.5
2020/21,SA Yadav,15,480,330,61,11,145.45
2020/21,SM Curran,11,186,141,12,12,131.91
2020/21,SN Khan,3,33,29,5,0,113.79
2020/21,SN Thakur,2,12,21,0,0,57.14
2020/21,SO Hetmyer,11,185,124,11,12,149.19
2020/21,SP Goswami,2,0,4,0,0,0.0
2020/21,SP Narine,9,121,85,10,8,142.35
2020/21,SPD Smith,14,311,235,32,9,132.34
2020/21,SR Watson,11,299,247,33,13,121.05
2020/21,SS Cottrell,1,0,2,0,0,0.0
2020/21,SS Iyer,17,519,419,40,16,123.87
2020/21,SS Tiwary,5,103,80,8,3,128.75
2020/21,SV Samson,14,375,234,21,26,160.26
2020/21,Sandeep Sharma,5,12,15,1,0,80.0
2020/21,Shahbaz Ahmed,1,1,1,0,0,100.0
2020/21,Shivam Mavi,3,10,14,1,0,71.43
2020/21,Shubman Gill,14,440,372,44,9,118.28
2020/21,T Banton,2,18,20,1,1,90.0
2020/21,T Natarajan,2,3,5,0,0,60.0
2020/21,TA Boult,1,0,1,0,0,0.0
2020/21,TK Curran,4,83,62,5,3,133.87
2020/21,TU Deshpande,2,21,12,2,1,175.0
2020/21,UT Yadav,1,0,2,0,0,0.0
2020/21,V Kohli,15,471,384,24,11,122.66
2020/21,V Shankar,5,97,96,10,1,101.04
2020/21,VR Aaron,2,1,10,0,0,10.0
2020/21,WP Saha,4,214,153,24,5,139.87
2020/21,Washington Sundar,9,111,95,10,2,116.84
2020/21,YBK Jaiswal,3,40,44,2,2,90.91
2020/21,YS Chahal,2,1,3,0,0,33.33
2021,AB de Villiers,14,313,211,23,16,148.34
2021,AD Russell,8,183,117,14,14,156.41
2021,AF Milne,3,16,17,0,1,94.12
2021,AK Markram,6,146,119,12,4,122.69
2021,AM Rahane,1,8,8,1,0,100.0
2021,AR Patel,6,40,46,2,1,86.96
2021,AT Rayudu,13,257,167,16,17,153.89
2021,Abdul Samad,10,111,87,4,8,127.59
2021,Abhishek Sharma,7,98,75,7,4,130.67
2021,Anmolpreet Singh,1,16,14,2,1,114.29
2021,Anuj Rawat,1,0,1,0,0,0.0
2021,Arshdeep Singh,2,2,3,0,0,66.67
2021,Avesh Khan,1,5,3,1,0,166.67
2021,B Kumar,7,34,30,3,0,113.33
2021,BA Stokes,1,0,3,0,0,0.0
2021,C Sakariya,5,16,24,2,0,66.67
2021,CA Lynn,1,49,35,4,3,140.0
2021,CH Gayle,10,193,154,21,8,125.32
2021,CH Morris,7,67,49,2,5,136.73
2021,CJ Jordan,2,32,21,1,3,152.38
2021,CR Woakes,1,15,11,2,0,136.36
2021,CV Varun,2,2,4,0,0,50.0
2021,D Padikkal,14,411,327,44,14,125.69
2021,DA Miller,8,124,113,11,3,109.73
2021,DA Warner,8,197,184,15,6,107.07
2021,DJ Bravo,3,47,18,3,4,261.11
2021,DJ Hooda,11,160,121,9,9,132.23
2021,DJ Malan,1,26,26,1,1,100.0
2021,DL Chahar,1,1,1,0,0,100.0
2021,DR Sams,2,6,6,0,0,100.0
2021,DT Christian,7,14,23,1,0,60.87
2021,E Lewis,5,151,93,18,7,162.37
2021,EJG Morgan,15,133,139,8,6,95.68
2021,F du Plessis,16,633,456,61,23,138.82
2021,FA Allen,2,6,11,0,0,54.55
2021,GD Phillips,3,26,32,1,2,81.25
2021,GHS Garton,2,2,4,0,0,50.0
2021,GJ Maxwell,14,513,354,48,21,144.92
2021,HH Pandya,11,127,111,11,5,114.41
2021,HV Patel,7,59,46,6,2,128.26
2021,Harbhajan Singh,2,4,4,0,0,100.0
2021,Harpreet Brar,5,64,58,3,2,110.34
2021,Ishan Kishan,10,241,177,21,10,136.16
2021,J Suchith,1,14,6,2,1,233.33
2021,J Yadav,2,34,26,2,1,130.77
2021,JA Richardson,2,15,24,2,0,62.5
2021,JC Buttler,7,254,164,27,13,154.88
2021,JD Unadkat,3,41,29,3,2,141.38
2021,JDS Neesham,2,0,2,0,0,0.0
2021,JJ Bumrah,7,16,17,2,0,94.12
2021,JJ Roy,5,150,120,21,1,125.0
2021,JM Bairstow,7,248,175,20,15,141.71
2021,JO Holder,7,85,70,2,6,121.43
2021,K Rabada,3,13,6,2,0,216.67
2021,K Yadav,1,0,4,0,0,0.0
2021,KA Jamieson,7,65,55,5,3,118.18
2021,KA Pollard,13,245,164,16,16,149.39
2021,KD Karthik,15,223,170,22,7,131.18
2021,KH Pandya,12,143,122,10,6,117.21
2021,KK Ahmed,1,1,2,0,0,50.0
2021,KL Nagarkoti,1,0,2,0,0,0.0
2021,KL Rahul,13,626,450,48,30,139.11
2021,KM Jadhav,5,55,52,2,2,105.77
2021,KS Bharat,6,191,154,10,8,124.03
2021,KS Williamson,10,270,237,30,2,113.92
2021,Kartik Tyagi,2,2,4,0,0,50.0
2021,LH Ferguson,1,18,10,1,1,180.0
2021,LS Livingstone,5,42,41,3,1,102.44
2021,Lalit Yadav,5,68,70,7,0,97.14
2021,M Ashwin,2,15,24,1,0,62.5
2021,M Jansen,2,0,3,0,0,0.0
2021,M Prasidh Krishna,1,0,1,0,0,0.0
2021,M Shahrukh Khan,10,153,114,9,10,134.21
2021,M Vohra,4,42,39,5,2,107.69
2021,MA Agarwal,12,441,309,42,18,142.72
2021,MC Henriques,4,31,32,0,1,96.88
2021,MK Lomror,4,94,73,3,6,128.77
2021,MK Pandey,8,292,235,21,10,124.26
2021,MM Ali,15,357,260,31,19,137.31
2021,MP Stoinis,7,89,71,11,1,125.35
2021,MS Dhoni,11,114,107,12,3,106.54
2021,Mandeep Singh,1,15,13,2,0,115.38
2021,Mohammad Nabi,3,34,20,3,2,170.0
2021,Mohammed Shami,3,13,17,0,0,76.47
2021,Mohammed Siraj,4,20,26,1,1,76.92
2021,Mujeeb Ur Rahman,1,1,1,0,0,100.0
2021,Mustafizur Rahman,3,8,14,0,1,57.14
2021,N Pooran,10,85,76,3,5,111.84
2021,N Rana,16,383,313,34,17,122.36
2021,NM Coulter-Nile,2,4,5,0,0,80.0
2021,NT Ellis,2,18,16,0,1,112.5
2021,Navdeep Saini,1,2,4,0,0,50.0
2021,P Simran Singh,2,19,23,1,1,82.61
2021,PJ Cummins,5,93,56,5,8,166.07
2021,PK Garg,5,72,74,2,3,97.3
2021,PP Chawla,1,0,2,0,0,0.0
2021,PP Shaw,15,479,300,56,18,159.67
2021,PWH de Silva,2,1,2,0,0,50.0
2021,Q de Kock,11,297,255,29,7,116.47
2021,R Ashwin,5,44,42,2,1,104.76
2021,R Parag,10,93,82,6,4,113.41
2021,R Tewatia,11,155,147,11,6,105.44
2021,RA Jadeja,11,227,155,19,9,146.45
2021,RA Tripathi,16,397,282,41,11,140.78
2021,RD Chahar,4,14,15,1,0,93.33
2021,RD Gaikwad,16,635,462,64,23,137.45
2021,RG Sharma,13,381,298,33,14,127.85
2021,RM Patidar,4,71,62,3,3,114.52
2021,RR Pant,16,424,328,43,10,129.27
2021,RV Patel,2,25,27,3,0,92.59
2021,RV Uthappa,4,115,84,8,5,136.9
2021,Rashid Khan,10,83,66,9,2,125.76
2021,Ravi Bishnoi,1,1,4,0,0,25.0
2021,S Dhawan,16,587,471,63,16,124.63
2021,S Dube,9,230,193,18,10,119.17
2021,S Gopal,2,7,5,0,1,140.0
2021,S Kaul,2,8,8,1,0,100.0
2021,S Nadeem,1,0,1,0,0,0.0
2021,SA Yadav,14,317,220,40,10,144.09
2021,SK Raina,11,160,127,13,9,125.98
2021,SM Curran,4,56,29,5,3,193.1
2021,SN Khan,2,0,4,0,0,0.0
2021,SN Thakur,4,5,4,0,0,125.0
2021,SO Hetmyer,12,242,142,19,12,170.42
2021,SP Narine,10,62,47,3,5,131.91
2021,SPD Smith,7,152,135,13,2,112.59
2021,SS Iyer,8,175,171,7,5,102.34
2021,SS Tiwary,4,115,97,10,2,118.56
2021,SV Samson,14,484,351,45,17,137.89
2021,Sachin Baby,1,7,16,0,0,43.75
2021,Sandeep Sharma,2,8,7,1,0,114.29
2021,Shahbaz Ahmed,7,59,53,4,2,111.32
2021,Shakib Al Hasan,6,47,48,3,1,97.92
2021,Shivam Mavi,2,25,20,2,2,125.0
2021,Shubman Gill,17,478,401,50,12,119.2
2021,T Shamsi,1,2,4,0,0,50.0
2021,TA Boult,2,1,4,0,0,25.0
2021,TG Southee,1,3,5,0,0,60.0
2021,TH David,1,1,3,0,0,33.33
2021,TK Curran,2,21,17,2,0,123.53
2021,TL Seifert,1,2,4,0,0,50.0
2021,V Kohli,15,405,337,43,9,120.18
2021,V Shankar,5,58,52,1,3,111.54
2021,VR Iyer,10,370,288,37,14,128.47
2021,Virat Singh,2,15,26,1,0,57.69
2021,WP Saha,9,131,139,7,5,94.24
2021,Washington Sundar,4,31,46,2,0,67.39
2021,YBK Jaiswal,10,249,168,32,10,148.21
2021,YS Chahal,2,10,27,0,0,37.04
2022,A Badoni,11,161,130,11,7,123.85
2022,A Manohar,7,108,75,14,3,144.0
2022,A Nortje,1,1,6,0,0,16.67
2022,A Tomar,1,4,8,1,0,50.0
2022,AD Russell,12,335,189,18,32,177.25
2022,AJ Finch,5,86,61,10,3,140.98
2022,AK Markram,12,381,273,25,19,139.56
2022,AM Rahane,7,133,128,14,4,103.91
2022,AR Patel,10,182,120,12,10,151.67
2022,AS Joseph,3,5,7,0,0,71.43
2022,AS Roy,1,0,2,0,0,0.0
2022,AT Rayudu,11,274,223,25,15,122.87
2022,Abdul Samad,2,4,7,0,0,57.14
2022,Abhishek Sharma,14,426,319,47,13,133.54
2022,Akash Deep,1,0,2,0,0,0.0
2022,Aman Hakim Khan,1,5,3,1,0,166.67
2022,Anmolpreet Singh,2,13,13,1,0,100.0
2022,Anuj Rawat,8,129,118,10,7,109.32
2022,Arshdeep Singh,6,21,29,3,0,72.41
2022,Avesh Khan,4,22,13,0,3,169.23
2022,B Indrajith,3,21,30,2,0,70.0
2022,B Kumar,6,24,25,3,0,96.0
2022,B Sai Sudharsan,5,145,113,14,3,128.32
2022,CJ Jordan,2,11,8,0,0,137.5
2022,CV Varun,3,12,18,2,0,66.67
2022,D Brevis,7,161,113,14,11,142.48
2022,D Padikkal,17,376,305,41,14,123.28
2022,D Pretorius,5,44,28,3,3,157.14
2022,DA Miller,16,481,335,32,23,143.58
2022,DA Warner,12,432,285,52,15,151.58
2022,DJ Bravo,6,23,24,1,1,95.83
2022,DJ Hooda,14,451,329,36,18,137.08
2022,DJ Mitchell,2,33,44,1,0,75.0
2022,DJ Willey,2,18,30,3,0,60.0
2022,DP Conway,7,252,172,23,12,146.51
2022,DR Sams,10,38,36,1,3,105.56
2022,E Lewis,5,73,56,8,3,130.36
2022,F du Plessis,16,468,367,49,13,127.52
2022,FA Allen,1,8,7,1,0,114.29
2022,Fazalhaq Farooqi,1,2,8,0,0,25.0
2022,GJ Maxwell,13,301,177,31,15,170.06
2022,HE van der Dussen,3,22,24,2,0,91.67
2022,HH Pandya,15,487,370,49,12,131.62
2022,HR Shokeen,2,43,48,5,0,89.58
2022,HV Patel,7,43,39,4,2,110.26
2022,Harpreet Brar,3,22,25,1,2,88.0
2022,Harshit Rana,2,2,2,0,0,100.0
2022,Ishan Kishan,14,418,346,45,11,120.81
2022,J Suchith,2,2,8,0,0,25.0
2022,JC Buttler,17,863,574,84,45,150.35
2022,JD Unadkat,5,59,37,4,3,159.46
2022,JDS Neesham,2,31,27,3,0,114.81
2022,JJ Bumrah,4,0,8,0,0,0.0
2022,JM Bairstow,11,253,173,34,9,146.24
2022,JM Sharma,10,234,143,22,12,163.64
2022,JO Holder,8,58,44,2,6,131.82
2022,JR Hazlewood,5,18,26,1,0,69.23
2022,K Gowtham,1,0,1,0,0,0.0
2022,K Kartikeya,1,3,5,0,0,60.0
2022,K Rabada,7,48,42,5,2,114.29
2022,KA Pollard,11,144,133,6,9,108.27
2022,KD Karthik,16,330,178,27,22,185.39
2022,KH Pandya,13,183,145,16,4,126.21
2022,KK Ahmed,2,0,2,0,0,0.0
2022,KK Nair,2,16,18,1,0,88.89
2022,KL Rahul,14,616,454,45,30,135.68
2022,KR Sen,1,0,3,0,0,0.0
2022,KS Bharat,2,8,7,2,0,114.29
2022,KS Sharma,1,4,4,1,0,100.0
2022,KS Williamson,12,216,231,16,8,93.51
2022,Kartik Tyagi,2,7,6,1,0,116.67
2022,Kuldeep Yadav,7,48,52,3,2,92.31
2022,LH Ferguson,2,5,4,1,0,125.0
2022,LS Livingstone,14,437,238,29,34,183.61
2022,Lalit Yadav,8,161,144,11,7,111.81
2022,M Ashwin,4,12,14,1,1,85.71
2022,M Jansen,2,9,7,0,1,128.57
2022,M Prasidh Krishna,2,6,12,0,0,50.0
2022,M Shahrukh Khan,8,117,108,4,9,108.33
2022,M Theekshana,2,7,7,0,1,100.0
2022,M Vohra,1,19,11,1,2,172.73
2022,MA Agarwal,12,196,160,23,6,122.5
2022,MJ Santner,4,22,27,3,0,81.48
2022,MK Lomror,5,86,57,7,4,150.88
2022,MK Pandey,6,88,80,9,2,110.0
2022,MM Ali,10,244,177,24,11,137.85
2022,MP Stoinis,10,156,106,7,13,147.17
2022,MR Marsh,8,251,189,19,14,132.8
2022,MS Dhoni,12,232,186,21,10,124.73
2022,MS Wade,10,157,138,23,2,113.77
2022,Mandeep Singh,3,18,23,4,0,78.26
2022,Mohammed Siraj,4,30,33,5,0,90.91
2022,Mohsin Khan,3,23,16,2,1,143.75
2022,Mukesh Choudhary,2,6,6,1,0,100.0
2022,Mustafizur Rahman,1,3,5,0,0,60.0
2022,N Jagadeesan,2,40,37,3,1,108.11
2022,N Pooran,13,306,212,16,21,144.34
2022,N Rana,14,361,249,29,22,144.98
2022,NM Coulter-Nile,1,1,2,0,0,50.0
2022,NT Ellis,1,0,2,0,0,0.0
2022,Navdeep Saini,1,2,2,0,0,100.0
2022,OC McCoy,1,8,5,0,1,160.0
2022,OF Smith,6,51,44,1,5,115.91
2022,P Simran Singh,1,14,11,2,0,127.27
2022,PBB Rajapaksa,9,206,128,16,13,160.94
2022,PJ Cummins,5,63,23,5,6,273.91
2022,PJ Sangwan,1,2,5,0,0,40.0
2022,PK Garg,2,46,33,4,2,139.39
2022,PN Mankad,1,4,1,1,0,400.0
2022,PP Shaw,10,283,184,37,10,153.8
2022,PVD Chameera,7,43,28,3,3,153.57
2022,PWH de Silva,7,38,43,4,1,88.37
2022,Q de Kock,15,508,340,47,23,149.41
2022,R Ashwin,12,191,134,14,9,142.54
2022,R Dhawan,4,37,40,4,2,92.5
2022,R Parag,14,183,132,11,10,138.64
2022,R Powell,12,250,167,10,22,149.7
2022,R Sanjay Yadav,1,0,2,0,0,0.0
2022,R Shepherd,3,58,40,2,5,145.0
2022,R Tewatia,12,217,147,22,9,147.62
2022,RA Bawa,2,11,14,1,0,78.57
2022,RA Jadeja,10,116,98,6,5,118.37
2022,RA Tripathi,14,413,260,40,20,158.85
2022,RD Chahar,8,77,68,7,4,113.24
2022,RD Gaikwad,14,368,289,33,14,127.34
2022,RG Sharma,14,268,222,28,13,120.72
2022,RK Singh,7,174,117,17,7,148.72
2022,RM Patidar,7,333,217,27,18,153.46
2022,RP Meredith,1,0,1,0,0,0.0
2022,RR Pant,13,340,222,35,16,153.15
2022,RV Patel,1,6,3,0,1,200.0
2022,RV Uthappa,11,230,170,19,14,135.29
2022,Ramandeep Singh,4,45,39,3,1,115.38
2022,Rashid Khan,8,91,44,3,9,206.82
2022,Rasikh Salam,1,7,6,1,0,116.67
2022,Ravi Bishnoi,1,0,1,0,0,0.0
2022,S Dhawan,14,460,372,47,12,123.66
2022,S Dube,11,289,184,22,16,157.07
2022,S Gopal,1,9,7,2,0,128.57
2022,SA Abbott,1,7,5,0,1,140.0
2022,SA Yadav,8,303,206,23,16,147.09
2022,SE Rutherford,2,33,50,1,1,66.0
2022,SN Khan,5,91,67,9,2,135.82
2022,SN Thakur,10,120,87,7,7,137.93
2022,SO Hetmyer,15,314,204,21,21,153.92
2022,SP Jackson,5,23,26,0,1,88.46
2022,SP Narine,9,71,40,6,6,177.5
2022,SS Iyer,14,401,298,41,11,134.56
2022,SS Prabhudessai,5,67,58,7,2,115.52
2022,SV Samson,17,458,311,43,26,147.27
2022,SW Billings,8,169,137,9,10,123.36
2022,Shahbaz Ahmed,11,219,179,14,9,122.35
2022,Shashank Singh,5,69,47,5,4,146.81
2022,Shivam Mavi,3,3,7,0,0,42.86
2022,Shubman Gill,16,483,362,51,11,133.43
2022,Simarjeet Singh,3,7,8,0,0,87.5
2022,T Stubbs,2,2,4,0,0,50.0
2022,TA Boult,7,40,29,2,1,137.93
2022,TG Southee,5,2,12,0,0,16.67
2022,TH David,8,186,86,12,16,216.28
2022,TL Seifert,2,24,19,4,0,126.32
2022,TS Mills,2,0,3,0,0,0.0
2022,Tilak Varma,14,397,302,29,16,131.46
2022,UT Yadav,7,55,40,4,4,137.5
2022,Umran Malik,4,4,8,0,0,50.0
2022,V Kohli,16,341,294,32,8,115.99
2022,V Shankar,4,19,35,1,0,54.29
2022,VG Arora,4,5,13,0,0,38.46
2022,VR Iyer,12,182,169,17,7,107.69
2022,WP Saha,11,317,259,40,7,122.39
2022,Washington Sundar,7,101,69,9,3,146.38
2022,YBK Jaiswal,10,258,191,28,10,135.08
2022,YS Chahal,1,5,8,0,0,62.5
2022,Yash Dayal,1,0,1,0,0,0.0
2023,A Badoni,12,238,171,13,12,139.18
2023,A Manohar,6,114,83,6,7,137.35
2023,A Mishra,1,19,30,2,0,63.33
2023,A Nortje,7,37,29,6,0,127.59
2023,A Zampa,3,10,16,0,0,62.5
2023,AD Russell,14,227,155,13,18,146.45
2023,AJ Hosein,1,16,10,1,1,160.0
2023,AK Markram,13,248,197,18,8,125.89
2023,AM Rahane,11,326,189,24,16,172.49
2023,AR Patel,13,283,201,21,15,140.8
2023,AS Joseph,1,7,12,1,0,58.33
2023,AS Roy,4,23,19,3,0,121.05
2023,AT Rayudu,12,158,113,10,9,139.82
2023,AU Rashid,2,22,15,2,1,146.67
2023,Abdul Basith,1,1,1,0,0,100.0
2023,Abdul Samad,8,169,125,10,11,135.2
2023,Abhishek Sharma,11,226,156,28,6,144.87
2023,Abishek Porel,4,33,31,1,2,106.45
2023,Akash Deep,1,17,8,2,1,212.5
2023,Aman Hakim Khan,9,110,101,7,6,108.91
2023,Anmolpreet Singh,4,105,82,15,2,128.05
2023,Anuj Rawat,7,91,71,6,4,128.17
2023,Arjun Tendulkar,1,13,9,0,1,144.44
2023,Arshad Khan,3,18,15,0,1,120.0
2023,Arshdeep Singh,1,2,2,0,0,100.0
2023,Atharva Taide,7,186,129,20,6,144.19
2023,Avesh Khan,1,0,1,0,0,0.0
2023,B Kumar,5,42,47,4,0,89.36
2023,B Sai Sudharsan,8,362,253,33,12,143.08
2023,BA Stokes,2,15,14,2,0,107.14
2023,C Green,16,452,279,40,22,162.01
2023,C Sakariya,2,4,6,1,0,66.67
2023,CJ Jordan,2,6,12,0,0,50.0
2023,CV Varun,2,1,9,0,0,11.11
2023,D Padikkal,11,261,200,31,6,130.5
2023,D Wiese,3,21,11,0,3,190.91
2023,DA Miller,13,259,178,18,13,145.51
2023,DA Warner,14,516,391,69,10,131.97
2023,DG Nalkande,1,0,1,0,0,0.0
2023,DJ Hooda,12,84,90,3,2,93.33
2023,DJ Willey,3,35,32,4,0,109.38
2023,DL Chahar,1,1,2,0,0,50.0
2023,DP Conway,15,672,479,77,18,140.29
2023,Dhruv Jurel,11,152,88,11,9,172.73
2023,F du Plessis,14,730,472,60,36,154.66
2023,Fazalhaq Farooqi,1,1,5,0,0,20.0
2023,GD Phillips,5,39,22,2,4,177.27
2023,GJ Maxwell,14,400,218,29,31,183.49
2023,H Klaasen,11,448,251,32,25,178.49
2023,HC Brook,11,190,153,23,4,124.18
2023,HH Pandya,15,346,251,26,15,137.85
2023,HR Shokeen,3,23,17,4,0,135.29
2023,HV Patel,2,6,6,0,1,100.0
2023,Harpreet Brar,8,52,41,5,2,126.83
2023,Harpreet Singh,3,76,58,8,3,131.03
2023,Harshit Rana,1,0,1,0,0,0.0
2023,I Sharma,1,1,1,0,0,100.0
2023,Ishan Kishan,15,454,318,54,18,142.77
2023,JC Archer,2,4,4,0,0,100.0
2023,JC Buttler,14,392,281,42,14,139.5
2023,JD Unadkat,1,9,7,1,0,128.57
2023,JE Root,1,10,15,1,0,66.67
2023,JJ Roy,8,285,187,36,12,152.41
2023,JM Sharma,14,309,196,22,21,157.65
2023,JO Holder,3,12,11,0,1,109.09
2023,JP Behrendorff,2,6,9,0,0,66.67
2023,JR Hazlewood,1,1,2,0,0,50.0
2023,K Gowtham,7,61,36,2,5,169.44
2023,K Kartikeya,1,6,7,1,0,85.71
2023,K Rabada,2,0,2,0,0,0.0
2023,KD Karthik,13,140,104,13,5,134.62
2023,KH Pandya,14,188,164,15,6,114.63
2023,KL Rahul,9,274,241,28,4,113.69
2023,KM Asif,1,0,2,0,0,0.0
2023,KM Jadhav,1,12,10,1,0,120.0
2023,KR Mayers,13,379,258,38,22,146.9
2023,KS Sharma,2,12,21,0,0,57.14
2023,KV Sharma,2,3,5,0,0,60.0
2023,Kuldeep Yadav,10,31,48,2,0,64.58
2023,LS Livingstone,9,279,166,20,19,168.07
2023,Lalit Yadav,6,66,59,8,0,111.86
2023,Liton Das,1,4,4,1,0,100.0
2023,M Jansen,6,39,43,4,0,90.7
2023,M Markande,3,21,13,2,1,161.54
2023,M Shahrukh Khan,12,156,93,13,9,167.74
2023,M Vohra,1,10,11,1,0,90.91
2023,MA Agarwal,10,270,208,29,6,129.81
2023,MA Wood,2,11,5,1,1,220.0
2023,MD Shanaka,3,26,26,2,1,100.0
2023,MG Bracewell,4,58,47,6,1,123.4
2023,MJ Santner,2,2,4,0,0,50.0
2023,MK Lomror,10,135,96,9,8,140.62
2023,MK Pandey,9,160,145,15,3,110.34
2023,MM Ali,10,124,87,12,6,142.53
2023,MM Sharma,1,0,1,0,0,0.0
2023,MP Stoinis,15,408,271,28,27,150.55
2023,MR Marsh,9,128,97,11,7,131.96
2023,MS Dhoni,12,104,54,3,10,192.59
2023,MW Short,6,117,92,15,4,127.17
2023,Mandeep Singh,3,14,16,0,1,87.5
2023,Mohammed Shami,2,5,6,1,0,83.33
2023,Mohammed Siraj,2,1,2,0,0,50.0
2023,Mohit Rathee,1,1,2,0,0,50.0
2023,Mohsin Khan,1,0,7,0,0,0.0
2023,Mukesh Kumar,3,7,9,0,0,77.78
2023,Mustafizur Rahman,1,1,1,0,0,100.0
2023,N Jagadeesan,6,89,81,14,1,109.88
2023,N Pooran,15,358,207,26,26,172.95
2023,N Rana,14,413,291,39,20,141.92
2023,N Wadhera,10,241,165,23,12,146.06
2023,NT Ellis,2,1,7,0,0,14.29
2023,Naveen-ul-Haq,3,16,20,2,0,80.0
2023,Noor Ahmad,3,8,9,1,0,88.89
2023,P Dubey,1,16,20,2,0,80.0
2023,P Simran Singh,14,358,238,38,19,150.42
2023,PBB Rajapaksa,4,71,62,6,2,114.52
2023,PD Salt,9,218,133,24,10,163.91
2023,PK Garg,2,22,22,1,0,100.0
2023,PN Mankad,4,93,71,12,2,130.99
2023,PP Chawla,4,25,22,1,1,113.64
2023,PP Shaw,8,106,84,16,1,126.19
2023,PWH de Silva,5,33,28,3,0,117.86
2023,Q de Kock,4,143,101,10,8,141.58
2023,R Ashwin,9,67,51,5,3,131.37
2023,R Dhawan,2,20,12,1,1,166.67
2023,R Parag,7,78,65,4,5,120.0
2023,R Powell,3,7,9,1,0,77.78
2023,R Shepherd,1,0,1,0,0,0.0
2023,R Tewatia,10,87,57,3,7,152.63
2023,RA Jadeja,12,190,132,11,9,143.94
2023,RA Tripathi,13,273,212,29,10,128.77
2023,RD Chahar,2,0,9,0,0,0.0
2023,RD Gaikwad,15,590,398,46,30,148.24
2023,RG Sharma,16,332,248,35,17,133.87
2023,RK Singh,14,474,313,31,29,151.44
2023,RP Meredith,1,0,2,0,0,0.0
2023,RR Rossouw,9,209,140,17,11,149.29
2023,RV Patel,4,49,43,3,1,113.95
2023,Rahmanullah Gurbaz,11,227,169,17,15,134.32
2023,Rashid Khan,9,130,60,8,13,216.67
2023,Ravi Bishnoi,7,20,27,1,0,74.07
2023,S Dhawan,11,373,258,49,12,144.57
2023,S Dube,14,418,264,12,35,158.33
2023,SA Yadav,16,605,332,65,28,182.23
2023,SM Curran,13,276,201,20,13,137.31
2023,SN Khan,4,53,61,4,1,86.89
2023,SN Thakur,9,113,70,13,4,161.43
2023,SO Hetmyer,13,299,196,12,23,152.55
2023,SP Narine,10,21,25,2,1,84.0
2023,SS Prabhudessai,4,35,29,1,2,120.69
2023,SV Samson,14,362,236,25,24,153.39
2023,Sandeep Sharma,2,2,6,0,0,33.33
2023,Sanvir Singh,2,11,9,1,1,122.22
2023,Shahbaz Ahmed,6,42,39,3,1,107.69
2023,Shubman Gill,17,890,560,85,33,158.93
2023,Sikandar Raza,7,139,98,10,6,141.84
2023,Swapnil Singh,1,2,4,0,0,50.0
2023,T Stubbs,2,25,31,2,0,80.65
2023,TA Boult,4,16,14,1,1,114.29
2023,TH David,15,231,145,12,15,159.31
2023,TU Deshpande,1,0,1,0,0,0.0
2023,Tilak Varma,11,343,208,26,23,164.9
2023,UT Yadav,5,19,18,1,0,105.56
2023,Umran Malik,1,19,7,1,2,271.43
2023,V Kohli,14,639,457,65,16,139.82
2023,V Shankar,10,301,187,27,15,160.96
2023,VG Arora,2,3,2,0,0,150.0
2023,VR Iyer,14,404,276,32,21,146.38
2023,Vijaykumar Vyshak,2,13,9,0,1,144.44
2023,Vishnu Vinod,3,37,30,2,2,123.33
2023,Vivrant Sharma,1,69,47,9,2,146.81
2023,WD Parnell,1,2,5,0,0,40.0
2023,WP Saha,17,371,285,47,8,130.18
2023,Washington Sundar,5,60,60,6,0,100.0
2023,YBK Jaiswal,14,625,381,83,26,164.04
2023,YV Dhull,3,16,23,1,0,69.57
2023,Yudhvir Singh,2,1,2,0,0,50.0
2024,A Badoni,12,235,171,22,5,137.43
2024,A Kamboj,1,2,2,0,0,100.0
2024,A Manohar,2,9,16,1,0,56.25
2024,A Nortje,2,4,8,0,0,50.0
2024,A Raghuvanshi,7,163,105,16,8,155.24
2024,AA Kulkarni,2,9,8,2,0,112.5
2024,AD Russell,9,222,116,20,16,191.38
2024,AJ Turner,2,21,18,0,2,116.67
2024,AK Markram,11,220,175,18,4,125.71
2024,AM Rahane,12,242,196,24,7,123.47
2024,AR Patel,12,235,179,19,10,131.28
2024,AS Roy,1,3,3,0,0,100.0
2024,Abdul Samad,12,182,108,15,11,168.52
2024,Abhishek Sharma,16,484,235,36,42,205.96
2024,Abishek Porel,12,327,204,36,13,160.29
2024,Akash Deep,1,2,2,0,0,100.0
2024,Akash Madhwal,1,4,5,0,0,80.0
2024,Anmolpreet Singh,2,5,6,1,0,83.33
2024,Anuj Rawat,5,98,77,10,3,127.27
2024,Arshad Khan,3,78,50,5,5,156.0
2024,Arshad Khan (2),1,5,4,1,0,125.0
2024,Arshdeep Singh,1,4,3,1,0,133.33
2024,Ashutosh Sharma,9,189,110,10,15,171.82
2024,Atharva Taide,2,61,39,7,2,156.41
2024,Avesh Khan,2,10,5,1,0,200.0
2024,Azmatullah Omarzai,4,42,33,2,2,127.27
2024,B Kumar,5,23,29,3,0,79.31
2024,B Sai Sudharsan,12,527,368,48,17,143.21
2024,BR Sharath,1,2,5,0,0,40.0
2024,C Green,12,255,178,22,10,143.26
2024,D Brevis,3,69,59,3,5,116.95
2024,D Ferreira,2,8,11,0,0,72.73
2024,D Padikkal,7,38,52,3,0,73.08
2024,DA Miller,9,210,139,20,8,151.08
2024,DA Warner,8,168,124,17,10,135.48
2024,DG Nalkande,1,12,11,0,1,109.09
2024,DJ Hooda,9,145,105,16,3,138.1
2024,DJ Mitchell,13,318,223,27,10,142.6
2024,Dhruv Jurel,11,195,141,18,7,138.3
2024,F du Plessis,15,438,271,47,21,161.62
2024,G Coetzee,5,14,22,0,1,63.64
2024,GJ Maxwell,9,52,43,6,2,120.93
2024,Gulbadin Naib,1,19,15,1,1,126.67
2024,H Klaasen,15,479,277,19,38,172.92
2024,HH Pandya,13,216,151,17,11,143.05
2024,HV Patel,4,13,19,1,1,68.42
2024,Harpreet Brar,7,75,54,8,2,138.89
2024,Harpreet Singh,2,27,34,2,0,79.41
2024,I Sharma,2,1,7,0,0,14.29
2024,Ishan Kishan,14,320,214,35,16,149.53
2024,J Fraser-McGurk,9,330,139,32,28,237.41
2024,JA Richardson,1,2,2,0,0,100.0
2024,JC Buttler,11,359,254,36,12,141.34
2024,JD Unadkat,5,24,26,2,1,92.31
2024,JJ Bumrah,4,12,12,1,0,100.0
2024,JM Bairstow,11,298,195,33,14,152.82
2024,JM Sharma,12,187,142,9,12,131.69
2024,K Rabada,3,20,14,0,2,142.86
2024,KA Maharaj,1,1,2,0,0,50.0
2024,KD Karthik,13,326,173,27,22,188.44
2024,KH Pandya,11,133,105,8,5,126.67
2024,KL Rahul,14,520,380,45,19,136.84
2024,KS Williamson,2,27,27,4,0,100.0
2024,KV Sharma,3,31,15,2,3,206.67
2024,Kuldeep Yadav,5,47,41,6,1,114.63
2024,Kumar Kushagra,3,3,7,0,0,42.86
2024,L Wood,1,9,3,0,1,300.0
2024,LB Williams,1,1,2,0,0,50.0
2024,LH Ferguson,1,1,1,0,0,100.0
2024,LS Livingstone,7,111,78,8,7,142.31
2024,Lalit Yadav,2,10,12,1,0,83.33
2024,M Jansen,2,18,13,1,1,138.46
2024,M Shahrukh Khan,7,127,75,9,9,169.33
2024,MA Agarwal,4,64,57,8,1,112.28
2024,MA Starc,5,9,11,1,0,81.82
2024,MJ Santner,3,14,17,1,0,82.35
2024,MJ Suthar,1,1,2,0,0,50.0
2024,MK Lomror,10,125,68,9,9,183.82
2024,MK Pandey,1,42,30,2,2,140.0
2024,MM Ali,5,128,98,7,8,130.61
2024,MM Sharma,2,2,15,0,0,13.33
2024,MP Stoinis,14,388,261,39,16,148.66
2024,MR Marsh,4,61,38,9,3,160.53
2024,MS Dhoni,11,161,72,14,13,223.61
2024,MS Wade,1,4,6,0,0,66.67
2024,Mayank Dagar,1,0,1,0,0,0.0
2024,Mohammad Nabi,5,35,31,2,2,112.9
2024,Mohammed Siraj,1,12,8,0,2,150.0
2024,Mohsin Khan,1,2,1,0,0,200.0
2024,Mukesh Kumar,2,3,9,0,0,33.33
2024,N Pooran,14,499,279,35,36,178.85
2024,N Rana,2,42,34,5,1,123.53
2024,N Wadhera,6,109,84,9,6,129.76
2024,Naman Dhir,7,140,78,12,10,179.49
2024,Naveen-ul-Haq,1,2,4,0,0,50.0
2024,Nithish Kumar Reddy,11,303,212,15,21,142.92
2024,Noor Ahmad,2,5,9,1,0,55.56
2024,P Simran Singh,14,334,212,34,20,157.55
2024,PD Salt,12,435,235,50,24,185.11
2024,PJ Cummins,10,136,94,9,8,144.68
2024,PP Chawla,6,15,15,1,1,100.0
2024,PP Shaw,8,198,121,30,5,163.64
2024,Q de Kock,11,250,186,29,9,134.41
2024,R Ashwin,8,86,74,5,4,116.22
2024,R Parag,14,573,383,40,33,149.61
2024,R Powell,7,103,68,10,6,151.47
2024,R Ravindra,10,222,137,22,12,162.04
2024,R Sai Kishore,1,13,6,0,2,216.67
2024,R Shepherd,5,57,21,5,5,271.43
2024,R Tewatia,9,188,126,24,5,149.21
2024,RA Jadeja,11,267,187,22,8,142.78
2024,RA Tripathi,6,165,113,18,6,146.02
2024,RD Chahar,2,21,15,3,1,140.0
2024,RD Gaikwad,14,583,412,58,18,141.5
2024,RG Sharma,14,417,276,45,23,151.09
2024,RJ Gleeson,1,2,2,0,0,100.0
2024,RJW Topley,1,3,6,0,0,50.0
2024,RK Bhui,2,3,9,0,0,33.33
2024,RK Singh,11,168,111,13,8,151.35
2024,RM Patidar,13,395,223,21,33,177.13
2024,RR Pant,13,446,287,36,25,155.4
2024,RR Rossouw,8,211,115,25,11,183.48
2024,Rahmanullah Gurbaz,2,62,46,7,4,134.78
2024,Ramandeep Singh,9,125,61,5,12,204.92
2024,Rashid Khan,8,102,69,11,3,147.83
2024,Rasikh Salam,4,28,30,4,0,93.33
2024,Ravi Bishnoi,3,4,6,0,0,66.67
2024,S Dhawan,5,152,121,18,4,125.62
2024,S Dube,14,396,243,28,28,162.96
2024,SA Yadav,11,345,205,36,18,168.29
2024,SB Dubey,3,33,19,3,2,173.68
2024,SD Hope,9,183,122,12,12,150.0
2024,SH Johnson,3,6,7,1,0,85.71
2024,SM Curran,12,270,217,24,6,124.42
2024,SN Thakur,3,21,17,2,1,123.53
2024,SO Hetmyer,9,113,68,9,7,166.18
2024,SP Narine,14,488,269,50,33,181.41
2024,SS Iyer,14,351,239,34,14,146.86
2024,SS Prabhudessai,1,24,18,3,0,133.33
2024,SV Samson,15,531,343,48,24,154.81
2024,SZ Mulani,1,1,1,0,0,100.0
2024,Sameer Rizvi,5,51,43,4,2,118.6
2024,Sanvir Singh,3,14,12,1,0,116.67
2024,Saurav Chauhan,3,18,15,1,1,120.0
2024,Shahbaz Ahmed,12,215,166,7,13,129.52
2024,Shashank Singh,14,354,215,28,21,164.65
2024,Shivam Singh,1,2,3,0,0,66.67
2024,Shubman Gill,12,426,289,37,15,147.4
2024,Sikandar Raza,2,43,38,2,2,113.16
2024,Sumit Kumar,3,18,24,2,1,75.0
2024,Swapnil Singh,5,37,21,3,3,176.19
2024,T Kohler-Cadmore,3,48,54,7,1,88.89
2024,T Stubbs,13,378,196,24,26,192.86
2024,TA Boult,4,14,16,2,0,87.5
2024,TH David,11,241,150,14,15,160.67
2024,TM Head,15,567,294,64,32,192.86
2024,TU Deshpande,1,0,1,0,0,0.0
2024,Tanush Kotian,1,24,31,3,0,77.42
2024,Tilak Varma,13,416,277,35,19,150.18
2024,UT Yadav,2,12,15,0,1,80.0
2024,V Kohli,15,741,479,62,38,154.7
2024,V Shankar,7,83,72,7,2,115.28
2024,V Viyaskanth,1,7,5,0,0,140.0
2024,VG Arora,1,1,1,0,0,100.0
2024,VR Iyer,13,370,233,35,19,158.8
2024,Vijaykumar Vyshak,2,1,3,0,0,33.33
2024,WG Jacks,8,230,130,16,18,176.92
2024,WP Saha,9,136,115,18,3,118.26
2024,Washington Sundar,1,0,1,0,0,0.0
2024,YBK Jaiswal,15,435,278,54,16,156.47
2024,Yudhvir Singh,2,21,14,1,2,150.0
2025,A Badoni,11,329,221,27,14,148.87
2025,A Kamboj,5,14,12,2,0,116.67
2025,A Manohar,5,61,61,2,4,100.0
2025,A Mhatre,7,240,127,31,11,188.98
2025,A Raghuvanshi,11,300,214,30,8,140.19
2025,AD Russell,10,167,102,16,14,163.73
2025,AK Markram,13,445,298,38,22,149.33
2025,AM Rahane,12,390,264,36,20,147.73
2025,AR Patel,11,263,167,23,15,157.49
2025,AS Roy,1,0,1,0,0,0.0
2025,Abdul Samad,12,164,93,8,14,176.34
2025,Abhishek Sharma,13,439,225,46,28,195.11
2025,Abishek Porel,13,301,205,28,12,146.83
2025,Akash Deep,2,6,2,0,1,300.0
2025,Akash Madhwal,1,4,9,0,0,44.44
2025,Aniket Verma,12,236,142,12,20,166.2
2025,Arshad Khan,4,23,19,0,3,121.05
2025,Arshdeep Singh,2,2,6,0,0,33.33
2025,Ashutosh Sharma,9,204,126,14,13,161.9
2025,Atharva Taide,1,13,9,3,0,144.44
2025,Avesh Khan,4,21,12,3,1,175.0
2025,Azmatullah Omarzai,5,57,41,6,3,139.02
2025,B Kumar,6,14,25,1,0,56.0
2025,B Sai Sudharsan,15,759,486,88,21,156.17
2025,BKG Mendis,1,20,10,1,2,200.0
2025,C Bosch,2,47,32,3,3,146.88
2025,CV Varun,1,1,1,0,0,100.0
2025,D Brevis,6,225,125,13,17,180.0
2025,D Ferreira,1,1,3,0,0,33.33
2025,D Padikkal,10,247,163,22,14,151.53
2025,DA Miller,10,153,119,13,4,128.57
2025,DJ Hooda,5,31,40,2,1,77.5
2025,DL Chahar,4,37,25,3,2,148.0
2025,DP Conway,6,156,119,17,4,131.09
2025,DS Rathi,1,1,3,0,0,33.33
2025,Dhruv Jurel,13,333,213,22,22,156.34
2025,F du Plessis,9,202,161,18,8,125.47
2025,Fazalhaq Farooqi,1,2,2,0,0,100.0
2025,G Coetzee,2,17,10,2,1,170.0
2025,GJ Maxwell,6,48,49,5,1,97.96
2025,H Klaasen,13,487,279,42,25,174.55
2025,HH Pandya,12,224,137,18,13,163.5
2025,HV Patel,4,21,26,0,0,80.77
2025,Harpreet Brar,2,11,13,0,1,84.62
2025,Harshit Rana,7,57,52,5,3,109.62
2025,Ishan Kishan,13,354,231,33,15,153.25
2025,J Fraser-McGurk,6,55,52,7,2,105.77
2025,J Overton,2,15,7,1,1,214.29
2025,JC Archer,7,63,50,3,4,126.0
2025,JC Buttler,13,538,330,52,24,163.03
2025,JG Bethell,2,67,39,9,3,171.79
2025,JJ Bumrah,1,0,1,0,0,0.0
2025,JM Bairstow,2,85,46,7,5,184.78
2025,JM Sharma,11,261,147,24,17,177.55
2025,JP Inglis,11,278,171,26,16,162.57
2025,JR Hazlewood,1,0,1,0,0,0.0
2025,K Kartikeya,2,3,5,0,0,60.0
2025,K Rabada,2,9,8,0,1,112.5
2025,KA Jamieson,2,0,5,0,0,0.0
2025,KH Pandya,7,109,85,9,4,128.24
2025,KK Ahmed,1,1,2,0,0,50.0
2025,KK Nair,8,198,114,24,10,173.68
2025,KL Rahul,13,546,363,53,21,150.41
2025,KS Rathore,1,0,5,0,0,0.0
2025,KT Maphaka,1,8,2,2,0,400.0
2025,KV Sharma,1,1,1,0,0,100.0
2025,Kuldeep Yadav,5,18,16,2,0,112.5
2025,L Ngidi,1,0,2,0,0,0.0
2025,LH Ferguson,1,4,1,1,0,400.0
2025,LS Livingstone,8,112,84,4,9,133.33
2025,M Jansen,8,75,63,3,4,119.05
2025,M Shahrukh Khan,11,179,100,11,13,179.0
2025,M Theekshana,4,10,27,0,0,37.04
2025,M Tiwari,1,3,4,0,0,75.0
2025,MA Agarwal,4,95,64,10,2,148.44
2025,MA Starc,5,6,10,0,0,60.0
2025,MJ Owen,1,0,2,0,0,0.0
2025,MJ Santner,8,40,33,2,3,121.21
2025,MK Pandey,3,92,65,5,5,141.54
2025,MM Ali,2,5,14,0,0,35.71
2025,MM Sharma,2,1,3,0,0,33.33
2025,MP Breetzke,1,14,12,1,1,116.67
2025,MP Stoinis,11,160,85,8,15,188.24
2025,MR Marsh,13,627,381,56,37,164.57
2025,MS Bhandage,1,1,4,0,0,25.0
2025,MS Dhoni,13,196,145,12,12,135.17
2025,Mohammed Shami,4,10,10,1,0,100.0
2025,Mohammed Siraj,1,3,4,0,0,75.0
2025,Musheer Khan,1,0,3,0,0,0.0
2025,Mustafizur Rahman,1,0,1,0,0,0.0
2025,N Pooran,14,524,265,45,40,197.74
2025,N Rana,11,217,134,27,9,161.94
2025,N Wadhera,15,369,251,28,21,147.01
2025,Naman Dhir,12,252,138,25,13,182.61
2025,Nithish Kumar Reddy,11,182,152,16,4,119.74
2025,Noor Ahmad,6,7,17,0,0,41.18
2025,P Simran Singh,18,599,368,63,30,162.77
2025,PD Salt,13,403,227,48,22,177.53
2025,PHKD Mendis,5,92,68,7,2,135.29
2025,PJ Cummins,9,97,58,6,7,167.24
2025,PVD Chameera,3,10,14,0,0,71.43
2025,PVSN Raju,1,1,1,0,0,100.0
2025,PWA Mulder,1,9,11,1,0,81.82
2025,PWH de Silva,5,9,15,0,0,60.0
2025,Prince Yadav,2,5,10,0,0,50.0
2025,Priyansh Arya,18,545,298,60,31,182.89
2025,Q de Kock,8,152,116,9,11,131.03
2025,R Ashwin,4,33,29,3,1,113.79
2025,R Minz,2,6,15,0,0,40.0
2025,R Parag,14,397,236,28,27,168.22
2025,R Powell,1,5,5,1,0,100.0
2025,R Ravindra,8,191,147,18,4,129.93
2025,R Sai Kishore,3,5,10,0,0,50.0
2025,R Shepherd,3,70,23,5,7,304.35
2025,R Tewatia,11,99,59,6,7,167.8
2025,RA Bawa,1,8,4,0,0,200.0
2025,RA Jadeja,14,301,222,25,10,135.59
2025,RA Tripathi,5,55,57,6,1,96.49
2025,RD Gaikwad,5,122,81,14,4,150.62
2025,RD Rickelton,14,388,255,47,17,152.16
2025,RG Sharma,15,418,279,41,22,149.82
2025,RK Singh,11,206,133,20,10,154.89
2025,RM Patidar,14,312,217,25,14,143.78
2025,RR Pant,13,269,202,23,16,133.17
2025,Rahmanullah Gurbaz,5,74,53,10,3,139.62
2025,Ramandeep Singh,7,47,35,1,4,134.29
2025,Rashid Khan,8,40,28,2,3,142.86
2025,Ravi Bishnoi,2,13,16,0,2,81.25
2025,S Dube,14,357,268,22,21,133.21
2025,SA Yadav,16,717,427,69,38,167.92
2025,SB Dubey,8,106,65,6,8,163.08
2025,SE Rutherford,11,291,184,22,18,158.15
2025,SH Johnson,2,2,4,0,0,50.0
2025,SK Rasheed,5,71,63,9,2,112.7
2025,SM Curran,5,114,82,11,4,139.02
2025,SN Thakur,5,18,12,3,0,150.0
2025,SO Hetmyer,13,245,168,18,11,145.83
2025,SP Narine,12,246,144,25,19,170.83
2025,SS Iyer,17,604,343,43,39,176.09
2025,SV Samson,9,285,201,27,13,141.79
2025,Sameer Rizvi,4,121,79,11,7,153.16
2025,Sandeep Sharma,1,6,5,0,0,120.0
2025,Sediqullah Atal,1,22,16,0,2,137.5
2025,Shahbaz Ahmed,1,9,8,1,0,112.5
2025,Shashank Singh,14,350,228,23,18,153.51
2025,Shubman Gill,15,650,414,62,24,157.0
2025,Simarjeet Singh,3,3,7,0,0,42.86
2025,Suryansh Shedge,3,7,11,0,0,63.64
2025,T Stubbs,13,306,200,25,12,153.0
2025,TA Boult,2,2,3,0,0,66.67
2025,TH David,9,187,99,16,14,188.89
2025,TM Head,12,374,226,50,15,165.49
2025,TU Deshpande,4,7,8,0,0,87.5
2025,Tilak Varma,13,343,245,23,16,140.0
2025,Urvil Patel,3,68,32,5,6,212.5
2025,V Kohli,15,657,454,66,19,144.71
2025,V Nigam,8,142,78,16,8,182.05
2025,V Shankar,5,118,90,8,3,131.11
2025,V Suryavanshi,7,252,121,18,24,208.26
2025,VG Arora,2,0,8,0,0,0.0
2025,VR Iyer,7,142,102,15,4,139.22
2025,WG Jacks,11,233,172,22,11,135.47
2025,Washington Sundar,5,133,80,10,7,166.25
2025,XC Bartlett,1,11,15,1,0,73.33
2025,YBK Jaiswal,14,559,350,60,28,159.71
2025,Yash Dayal,3,4,8,0,0,50.0
2026,A Badoni,10,215,141,23,9,152.48
2026,A Kamboj,4,58,36,3,4,161.11
2026,A Mhatre,6,201,112,20,12,179.46
2026,A Nortje,1,0,1,0,0,0.0
2026,A Raghuvanshi,12,422,287,40,19,147.04
2026,AA Kulkarni,2,17,25,1,0,68.0
2026,AF Milne,1,2,2,0,0,100.0
2026,AJ Hosein,2,5,3,0,0,166.67
2026,AK Markram,11,231,166,20,11,139.16
2026,AM Ghazanfar,1,2,3,0,0,66.67
2026,AM Rahane,14,335,248,25,18,135.08
2026,AR Patel,11,173,131,16,6,132.06
2026,AS Roy,7,52,39,3,2,133.33
2026,Abdul Samad,7,116,88,10,5,131.82
2026,Abhishek Sharma,15,563,275,50,43,204.73
2026,Abishek Porel,4,108,88,15,1,122.73
2026,Akshat Raghuwanshi,2,29,25,1,1,116.0
2026,Aniket Verma,8,79,54,6,5,146.3
2026,Arjun Tendulkar,1,5,5,0,0,100.0
2026,Arshad Khan,2,23,11,1,2,209.09
2026,Arshdeep Singh,1,1,1,0,0,100.0
2026,Ashok Sharma,2,1,4,0,0,25.0
2026,Ashutosh Sharma,8,171,92,15,12,185.87
2026,Ashwani Kumar,1,1,6,0,0,16.67
2026,Auqib Nabi,2,14,3,2,1,466.67
2026,Avesh Khan,3,6,6,1,0,100.0
2026,Azmatullah Omarzai,2,52,27,3,5,192.59
2026,B Kumar,4,34,26,3,1,130.77
2026,B Sai Sudharsan,17,722,454,75,30,159.03
2026,Brijesh Sharma,2,2,4,0,0,50.0
2026,C Bosch,4,50,31,5,2,161.29
2026,C Connolly,13,491,299,43,32,164.21
2026,C Green,14,322,220,22,17,146.36
2026,CV Varun,2,5,6,1,0,83.33
2026,D Brevis,8,151,118,8,10,127.97
2026,D Ferreira,13,317,177,26,23,179.1
2026,D Padikkal,15,464,275,49,24,168.73
2026,DA Miller,10,211,137,15,14,154.01
2026,DA Payne,1,6,5,0,0,120.0
2026,DL Chahar,4,25,19,3,1,131.58
2026,DS Rathi,2,2,5,0,0,40.0
2026,DV Malewar,2,2,5,0,0,40.0
2026,Dhruv Jurel,16,515,333,47,24,154.65
2026,E Malinga,3,7,17,0,0,41.18
2026,FH Allen,11,349,163,33,28,214.11
2026,GD Phillips,5,67,54,4,2,124.07
2026,GF Linde,3,31,21,6,0,147.62
2026,H Klaasen,15,624,390,48,31,160.0
2026,HH Pandya,10,206,149,21,7,138.26
2026,HV Patel,3,10,9,2,0,111.11
2026,Harpreet Brar,1,5,3,1,0,166.67
2026,Harsh Dubey,4,13,9,2,0,144.44
2026,Himmat Singh,5,92,65,5,5,141.54
2026,Ishan Kishan,15,602,330,60,32,182.42
2026,J Overton,6,136,85,13,6,160.0
2026,JC Archer,10,64,46,4,4,139.13
2026,JC Buttler,17,526,345,51,26,152.46
2026,JD Unadkat,1,4,3,0,0,133.33
2026,JG Bethell,7,96,77,12,3,124.68
2026,JJ Bumrah,2,7,7,1,0,100.0
2026,JM Sharma,12,116,95,9,6,122.11
2026,JO Holder,7,65,52,3,3,125.0
2026,JP Inglis,5,266,142,32,12,187.32
2026,JR Hazlewood,1,0,1,0,0,0.0
2026,K Rabada,4,47,38,5,2,123.68
2026,KA Jamieson,1,12,13,1,1,92.31
2026,KH Pandya,9,226,153,20,11,147.71
2026,KK Nair,2,18,18,3,0,100.0
2026,KL Rahul,14,593,339,56,31,174.93
2026,Kartik Sharma,11,295,216,24,16,136.57
2026,Kartik Tyagi,3,11,10,1,1,110.0
2026,Krish Bhagat,2,10,21,0,0,47.62
2026,Kuldeep Yadav,4,9,21,0,0,42.86
2026,Kumar Kushagra,1,18,14,3,0,128.57
2026,L Ngidi,3,4,6,0,0,66.67
2026,LG Pretorius,2,7,8,0,0,87.5
2026,LS Livingstone,2,15,25,0,1,60.0
2026,M Jansen,5,51,45,1,3,113.33
2026,M Prasidh Krishna,1,6,7,1,0,85.71
2026,M Shahrukh Khan,5,43,33,3,2,130.3
2026,M Tiwari,1,18,8,2,1,225.0
2026,MA Starc,1,0,2,0,0,0.0
2026,MD Choudhary,10,170,120,11,12,141.67
2026,MD Shanaka,5,63,46,3,4,136.96
2026,MJ Henry,2,7,10,1,0,70.0
2026,MJ Santner,2,26,19,3,0,136.84
2026,MK Pandey,2,70,49,8,2,142.86
2026,MP Stoinis,9,216,119,23,11,181.51
2026,MP Yadav,1,5,5,1,0,100.0
2026,MR Marsh,13,563,343,51,36,164.14
2026,MW Short,3,60,50,6,1,120.0
2026,Mohammed Shami,7,31,22,2,3,140.91
2026,Mohammed Siraj,2,5,16,1,0,31.25
2026,Mohsin Khan,2,0,4,0,0,0.0
2026,Mukesh Choudhary,1,2,2,0,0,100.0
2026,N Burger,3,14,9,0,1,155.56
2026,N Pooran,14,234,183,11,19,127.87
2026,N Rana,9,225,149,27,10,151.01
2026,N Sindhu,5,63,50,7,2,126.0
2026,N Wadhera,6,65,57,4,4,114.04
2026,Naman Dhir,14,318,216,31,13,147.22
2026,Nithish Kumar Reddy,13,302,176,19,21,171.59
2026,Noor Ahmad,4,11,23,0,1,47.83
2026,P Nissanka,10,278,173,33,12,160.69
2026,P Simran Singh,13,510,300,55,23,170.0
2026,PD Salt,6,202,120,16,11,168.33
2026,PJ Cummins,3,30,19,1,3,157.89
2026,PP Hinge,2,3,9,0,0,33.33
2026,PR Veer,5,90,67,10,3,134.33
2026,PVD Chameera,1,0,3,0,0,0.0
2026,Prince Yadav,1,0,1,0,0,0.0
2026,Priyansh Arya,13,364,171,27,32,212.87
2026,Q de Kock,3,132,81,9,9,162.96
2026,R Minz,2,6,4,1,0,150.0
2026,R Parag,14,309,195,24,21,158.46
2026,R Powell,7,190,140,16,10,135.71
2026,R Shepherd,7,83,65,6,5,127.69
2026,R Smaran,4,19,25,3,0,76.0
2026,R Tewatia,15,190,131,20,8,145.04
2026,RA Bawa,1,16,14,1,0,114.29
2026,RA Jadeja,11,266,196,24,5,135.71
2026,RD Gaikwad,14,337,272,29,12,123.9
2026,RD Rickelton,12,448,240,31,38,186.67
2026,RG Sharma,9,283,179,21,21,158.1
2026,RK Singh,11,299,198,28,11,151.01
2026,RM Patidar,14,501,259,30,42,193.44
2026,RR Pant,13,313,227,30,11,137.89
2026,Ramandeep Singh,6,82,68,8,2,120.59
2026,Rashid Khan,6,50,41,4,2,121.95
2026,Rasikh Salam,1,3,2,0,0,150.0
2026,Ravi Bishnoi,2,0,3,0,0,0.0
2026,Ravi Singh,1,4,2,1,0,200.0
2026,S Arora,10,121,77,9,9,157.14
2026,S Dube,12,270,170,24,15,158.82
2026,SA Yadav,13,270,183,28,10,147.54
2026,SB Dubey,6,81,58,8,3,139.66
2026,SE Rutherford,7,123,74,5,12,166.22
2026,SH Johnson,1,0,1,0,0,0.0
2026,SN Khan,7,161,94,23,6,171.28
2026,SN Thakur,3,24,30,2,0,80.0
2026,SO Hetmyer,7,78,69,5,3,113.04
2026,SP Narine,4,40,32,2,4,125.0
2026,SR Dubey,1,4,2,1,0,200.0
2026,SS Iyer,13,498,293,39,30,169.97
2026,SS Mishra,1,1,3,0,0,33.33
2026,SU Parakh,4,46,33,5,2,139.39
2026,SV Samson,14,477,285,53,24,167.37
2026,Sakib Hussain,1,5,7,1,0,71.43
2026,Salil Arora,1,35,21,2,2,166.67
2026,Sameer Rizvi,9,252,171,15,17,147.37
2026,Shahbaz Ahmed,2,58,41,4,3,141.46
2026,Shashank Singh,9,132,70,11,8,188.57
2026,Shivang Kumar,6,53,45,6,1,117.78
2026,Shubman Gill,16,732,449,74,33,163.03
2026,Suryansh Shedge,7,158,90,9,12,175.56
2026,T Dahiya,2,12,15,2,0,80.0
2026,T Natarajan,1,1,2,0,0,50.0
2026,T Stubbs,13,275,216,18,9,127.31
2026,TA Boult,2,8,4,0,1,200.0
2026,TH David,15,305,159,22,23,191.82
2026,TL Seifert,3,19,18,2,1,105.56
2026,TM Head,15,410,240,46,23,170.83
2026,TU Deshpande,2,26,14,0,3,185.71
2026,Tilak Varma,14,359,246,30,17,145.93
2026,Urvil Patel,7,129,64,6,14,201.56
2026,V Kohli,16,675,406,73,25,166.26
2026,V Nigam,2,15,10,2,0,150.0
2026,V Suryavanshi,16,776,326,63,72,238.04
2026,VG Arora,2,1,3,0,0,33.33
2026,VR Iyer,6,209,112,21,13,186.61
2026,Vijaykumar Vyshak,2,2,4,0,0,50.0
2026,Vishnu Vinod,1,15,8,1,1,187.5
2026,WG Jacks,7,139,75,12,9,185.33
2026,Washington Sundar,16,377,249,40,12,151.41
2026,XC Bartlett,3,29,13,2,2,223.08
2026,YBK Jaiswal,16,427,280,52,18,152.5
