season,bowler,matches,balls,runs_conceded,wickets,dot_balls,fours_conceded,sixes_conceded,overs,economy,dot_ball_pct
2009,A Flintoff,3,66,105,2,20,7,7,11.0,9.55,30.3
2009,A Kumble,16,355,340,22,138,18,8,59.17,5.75,38.87
2009,A Mishra,11,253,285,14,98,13,13,42.17,6.76,38.74
2009,A Mithun,1,24,39,0,7,3,2,4.0,9.75,29.17
2009,A Nehra,13,306,326,22,139,30,9,51.0,6.39,45.42
2009,A Singh,5,105,93,9,56,9,2,17.5,5.31,53.33
2009,A Symonds,8,144,156,9,65,9,8,24.0,6.5,45.14
2009,AB Agarkar,11,186,270,8,65,31,9,31.0,8.71,34.95
2009,AB Dinda,8,144,187,6,67,18,9,24.0,7.79,46.53
2009,AB McDonald,1,18,22,0,2,1,0,3.0,7.33,11.11
2009,AD Mascarenhas,5,116,132,6,58,13,5,19.33,6.83,50.0
2009,AD Mathews,1,14,30,0,2,4,1,2.33,12.86,14.29
2009,AM Nayar,4,72,79,4,27,7,1,12.0,6.58,37.5
2009,AM Rahane,1,6,5,1,2,0,0,1.0,5.0,33.33
2009,AM Salvi,5,102,126,4,40,10,6,17.0,7.41,39.22
2009,AS Raut,4,24,36,0,4,3,1,4.0,9.0,16.67
2009,Anureet Singh,2,30,43,2,16,4,3,5.0,8.6,53.33
2009,B Akhil,5,66,77,4,19,5,2,11.0,7.0,28.79
2009,B Lee,5,120,98,6,69,12,1,20.0,4.9,57.5
2009,BAW Mendis,4,100,133,4,26,5,7,16.67,7.98,26.0
2009,BJ Hodge,9,120,153,7,34,7,8,20.0,7.65,28.33
2009,C Nanda,3,48,55,2,13,1,2,8.0,6.88,27.08
2009,CH Gayle,7,113,132,1,32,7,4,18.83,7.01,28.32
2009,CK Langeveldt,1,24,14,3,16,2,0,4.0,3.5,66.67
2009,D du Preez,2,42,55,4,18,6,1,7.0,7.86,42.86
2009,DJ Bravo,11,199,246,14,89,24,11,33.17,7.42,44.72
2009,DJ Hussey,3,24,33,1,7,2,1,4.0,8.25,29.17
2009,DL Vettori,7,139,179,10,48,15,7,23.17,7.73,34.53
2009,DP Nannes,13,297,349,20,135,46,7,49.5,7.05,45.45
2009,DR Smith,8,84,122,1,26,11,6,14.0,8.71,30.95
2009,DS Kulkarni,8,156,198,5,65,23,6,26.0,7.62,41.67
2009,DW Steyn,3,54,57,3,27,4,3,9.0,6.33,50.0
2009,FH Edwards,6,140,144,6,70,20,2,23.33,6.17,50.0
2009,GR Napier,1,24,27,1,8,2,1,4.0,6.75,33.33
2009,Harbhajan Singh,13,264,252,13,103,19,6,44.0,5.73,39.02
2009,Harmeet Singh,7,137,187,4,46,19,6,22.83,8.19,33.58
2009,I Sharma,11,258,281,11,130,33,7,43.0,6.53,50.39
2009,IK Pathan,14,302,378,20,121,41,11,50.33,7.51,40.07
2009,J Botha,3,72,67,5,30,4,2,12.0,5.58,41.67
2009,JA Morkel,12,240,315,15,99,36,8,40.0,7.88,41.25
2009,JD Ryder,5,102,113,5,40,6,6,17.0,6.65,39.22
2009,JDP Oram,7,93,132,6,28,11,6,15.5,8.52,30.11
2009,JH Kallis,14,276,334,7,111,38,8,46.0,7.26,40.22
2009,JP Duminy,6,105,86,4,44,3,3,17.5,4.91,41.9
2009,Jaskaran Singh,1,18,31,0,8,4,1,3.0,10.33,44.44
2009,Joginder Sharma,4,42,56,2,9,4,2,7.0,8.0,21.43
2009,K Goel,4,48,60,0,16,8,0,8.0,7.5,33.33
2009,KP Appanna,5,72,87,2,18,7,1,12.0,7.25,25.0
2009,KP Pietersen,4,78,79,5,26,3,3,13.0,6.08,33.33
2009,Kamran Khan,5,112,130,10,40,15,3,18.67,6.96,35.71
2009,L Balaji,13,224,311,14,70,27,12,37.33,8.33,31.25
2009,LA Carseldine,1,6,5,1,4,1,0,1.0,5.0,66.67
2009,LR Shukla,5,84,95,5,38,10,3,14.0,6.79,45.24
2009,LRPL Taylor,1,6,12,0,0,0,1,1.0,12.0,0.0
2009,M Kartik,10,204,189,5,77,11,4,34.0,5.56,37.75
2009,M Morkel,2,42,38,1,20,3,1,7.0,5.43,47.62
2009,M Muralitharan,13,300,257,16,144,19,6,50.0,5.14,48.0
2009,MC Henriques,4,73,104,2,24,16,0,12.17,8.55,32.88
2009,MF Maharoof,3,60,59,4,27,5,1,10.0,5.9,45.0
2009,MK Tiwary,1,6,11,0,0,0,1,1.0,11.0,0.0
2009,MM Patel,11,209,231,18,108,23,9,34.83,6.63,51.67
2009,MS Gony,7,102,167,5,36,20,7,17.0,9.82,35.29
2009,Mashrafe Mortaza,1,24,54,1,6,4,4,4.0,13.5,25.0
2009,P Kumar,13,298,380,16,121,35,14,49.67,7.65,40.6
2009,PJ Sangwan,13,280,343,18,112,32,13,46.67,7.35,40.0
2009,PP Chawla,14,269,303,12,111,21,12,44.83,6.76,41.26
2009,PP Ojha,15,321,342,21,103,24,7,53.5,6.39,32.09
2009,Pankaj Singh,3,42,62,2,12,5,2,7.0,8.86,28.57
2009,R Ashwin,1,24,13,2,11,0,0,4.0,3.25,45.83
2009,R Bhatia,7,130,142,11,42,12,2,21.67,6.55,32.31
2009,R Vinay Kumar,11,194,266,9,65,27,7,32.33,8.23,33.51
2009,RA Jadeja,10,140,146,6,42,11,1,23.33,6.26,30.0
2009,RA Shaikh,1,6,11,0,1,2,0,1.0,11.0,16.67
2009,RE van der Merwe,10,204,243,9,53,9,10,34.0,7.15,25.98
2009,RG Sharma,12,138,159,12,38,8,4,23.0,6.91,27.54
2009,RJ Harris,8,186,224,6,84,23,8,31.0,7.23,45.16
2009,RP Singh,16,358,393,26,169,40,12,59.67,6.59,47.21
2009,RR Bose,1,12,24,0,5,5,0,2.0,12.0,41.67
2009,RR Powar,8,126,125,6,49,8,3,21.0,5.95,38.89
2009,RR Raje,4,41,67,1,11,8,2,6.83,9.8,26.83
2009,RS Bopara,2,8,5,0,3,0,0,1.33,3.75,37.5
2009,S Sreesanth,7,138,185,6,62,17,9,23.0,8.04,44.93
2009,S Tyagi,8,114,132,5,59,18,4,19.0,6.95,51.75
2009,SB Jakati,8,174,216,13,61,13,10,29.0,7.45,35.06
2009,SB Styris,2,48,63,5,21,8,2,8.0,7.88,43.75
2009,SC Ganguly,6,72,96,2,17,6,3,12.0,8.0,23.61
2009,SK Raina,10,166,163,8,57,9,4,27.67,5.89,34.34
2009,SK Trivedi,7,120,149,6,43,16,3,20.0,7.45,35.83
2009,SK Warne,13,300,348,14,109,22,14,50.0,6.96,36.33
2009,SL Malinga,13,297,281,21,140,25,7,49.5,5.68,47.14
2009,SM Harwood,3,60,61,3,33,6,2,10.0,6.1,55.0
2009,SR Tendulkar,4,36,57,0,4,6,1,6.0,9.5,11.11
2009,SS Sarkar,2,25,34,1,4,4,0,4.17,8.16,16.0
2009,ST Jayasuriya,9,114,154,8,28,7,8,19.0,8.11,24.56
2009,Shoaib Ahmed,7,102,151,5,33,14,7,17.0,8.88,32.35
2009,T Henderson,2,36,40,1,14,5,0,6.0,6.67,38.89
2009,T Thushara,2,48,58,3,19,6,1,8.0,7.25,39.58
2009,TL Suman,5,90,107,6,31,3,6,15.0,7.13,34.44
2009,TM Dilshan,8,96,98,0,33,7,2,16.0,6.12,34.38
2009,V Kohli,3,36,43,0,10,2,1,6.0,7.17,27.78
2009,V Sehwag,1,6,24,0,1,1,3,1.0,24.0,16.67
2009,VRV Singh,4,54,82,1,16,8,3,9.0,9.11,29.63
2009,VS Malik,5,72,96,2,28,8,4,12.0,8.0,38.89
2009,VY Mahesh,1,12,24,1,3,0,3,2.0,12.0,25.0
2009,WA Mota,5,54,60,3,21,2,3,9.0,6.67,38.89
2009,WPUJC Vaas,2,48,63,5,24,6,3,8.0,7.88,50.0
2009,Y Nagar,1,12,19,2,3,0,2,2.0,9.5,25.0
2009,Y Venugopal Rao,6,90,120,4,27,6,7,15.0,8.0,30.0
2009,YA Abdulla,9,168,229,14,75,25,10,28.0,8.18,44.64
2009,YK Pathan,11,210,232,7,83,18,7,35.0,6.63,39.52
2009,Yuvraj Singh,9,120,141,6,48,9,4,20.0,7.05,40.0
2009,Z Khan,6,126,135,7,49,12,3,21.0,6.43,38.89
2011,A Mishra,14,320,354,19,130,26,14,53.33,6.64,40.62
2011,A Mithun,12,204,304,6,67,26,15,34.0,8.94,32.84
2011,A Singh,9,171,211,10,75,29,4,28.5,7.4,43.86
2011,A Symonds,3,24,41,1,10,4,3,4.0,10.25,41.67
2011,AA Chavan,2,30,27,0,17,3,1,5.0,5.4,56.67
2011,AA Jhunjhunwala,2,12,21,0,1,1,1,2.0,10.5,8.33
2011,AA Kazi,1,12,20,1,2,1,1,2.0,10.0,16.67
2011,AB Agarkar,7,162,229,9,46,18,9,27.0,8.48,28.4
2011,AB Dinda,5,102,143,5,41,19,5,17.0,8.41,40.2
2011,AB McDonald,1,12,23,0,5,2,2,2.0,11.5,41.67
2011,AC Thomas,11,231,288,11,96,29,9,38.5,7.48,41.56
2011,AG Murtaza,5,120,115,5,56,11,3,20.0,5.75,46.67
2011,AJ Finch,1,12,12,0,5,1,0,2.0,6.0,41.67
2011,AL Menaria,9,90,117,2,30,14,2,15.0,7.8,33.33
2011,AM Nayar,6,61,93,2,15,8,4,10.17,9.15,24.59
2011,AM Salvi,2,48,64,3,17,8,1,8.0,8.0,35.42
2011,AN Ahmed,6,120,156,7,40,16,6,20.0,7.8,33.33
2011,AS Raut,1,6,8,0,2,1,0,1.0,8.0,33.33
2011,AUK Pathan,2,33,43,0,7,5,0,5.5,7.82,21.21
2011,Anand Rajan,2,30,45,5,15,3,4,5.0,9.0,50.0
2011,B Akhil,1,12,20,0,4,2,1,2.0,10.0,33.33
2011,B Chipli,1,6,20,0,1,1,2,1.0,20.0,16.67
2011,B Kumar,4,66,66,3,28,7,1,11.0,6.0,42.42
2011,B Lee,12,272,322,8,108,39,5,45.33,7.1,39.71
2011,BA Bhatt,8,167,223,9,55,18,9,27.83,8.01,32.93
2011,BJ Hodge,4,66,76,8,28,6,3,11.0,6.91,42.42
2011,Bipul Sharma,4,72,71,5,27,6,1,12.0,5.92,37.5
2011,CH Gayle,12,216,231,9,80,12,10,36.0,6.42,37.04
2011,CK Langeveldt,3,66,80,5,27,6,5,11.0,7.27,40.91
2011,DB Ravi Teja,1,6,9,0,1,1,0,1.0,9.0,16.67
2011,DE Bollinger,13,282,312,20,114,31,7,47.0,6.64,40.43
2011,DJ Bravo,6,120,148,6,40,10,6,20.0,7.4,33.33
2011,DJ Hussey,2,18,38,1,4,3,3,3.0,12.67,22.22
2011,DL Vettori,13,310,309,13,119,23,7,51.67,5.98,38.39
2011,DP Nannes,2,24,30,2,11,4,1,4.0,7.5,45.83
2011,DS Kulkarni,6,120,141,6,42,14,3,20.0,7.05,35.0
2011,DT Christian,14,274,332,11,109,34,10,45.67,7.27,39.78
2011,DW Steyn,12,273,286,14,134,41,3,45.5,6.29,49.08
2011,Harbhajan Singh,15,318,358,16,127,32,11,53.0,6.75,39.94
2011,Harmeet Singh,2,42,47,3,17,6,0,7.0,6.71,40.48
2011,I Malhotra,1,6,23,0,0,2,2,1.0,23.0,0.0
2011,I Sharma,12,264,303,11,121,39,7,44.0,6.89,45.83
2011,IK Pathan,13,275,323,13,124,39,10,45.83,7.05,45.09
2011,Iqbal Abdulla,15,300,300,18,131,30,6,50.0,6.0,43.67
2011,J Botha,10,216,236,7,81,18,6,36.0,6.56,37.5
2011,J Syed Mohammad,5,90,126,5,29,7,7,15.0,8.4,32.22
2011,JA Morkel,14,270,371,16,102,42,11,45.0,8.24,37.78
2011,JD Ryder,7,92,116,5,29,9,4,15.33,7.57,31.52
2011,JD Unadkat,6,108,147,6,40,13,6,18.0,8.17,37.04
2011,JDP Oram,2,24,45,1,8,3,3,4.0,11.25,33.33
2011,JE Taylor,5,117,152,6,48,10,9,19.5,7.79,41.03
2011,JEC Franklin,6,61,97,3,14,8,4,10.17,9.54,22.95
2011,JH Kallis,9,144,164,9,54,17,2,24.0,6.83,37.5
2011,JJ van der Wath,3,72,125,3,29,17,6,12.0,10.42,40.28
2011,JP Duminy,8,108,140,4,44,9,9,18.0,7.78,40.74
2011,JP Faulkner,1,12,9,1,7,0,1,2.0,4.5,58.33
2011,JR Hopes,9,192,266,7,53,22,11,32.0,8.31,27.6
2011,Joginder Sharma,1,18,32,0,5,3,2,3.0,10.67,27.78
2011,KA Pollard,16,255,341,13,73,32,11,42.5,8.02,28.63
2011,KMDN Kulasekara,1,18,25,1,7,4,0,3.0,8.33,38.89
2011,Kamran Khan,1,18,47,0,5,3,5,3.0,15.67,27.78
2011,L Ablish,1,18,39,0,3,6,1,3.0,13.0,16.67
2011,L Balaji,14,266,353,13,89,37,10,44.33,7.96,33.46
2011,LRPL Taylor,1,6,11,0,0,0,1,1.0,11.0,0.0
2011,M Kartik,6,125,160,2,40,10,7,20.83,7.68,32.0
2011,M Manhas,3,42,42,0,15,2,1,7.0,6.0,35.71
2011,M Morkel,11,258,309,14,115,41,9,43.0,7.19,44.57
2011,M Muralitharan,5,114,137,2,46,8,8,19.0,7.21,40.35
2011,MK Tiwary,2,12,22,0,4,1,2,2.0,11.0,33.33
2011,MM Patel,15,326,355,22,145,48,5,54.33,6.53,44.48
2011,MR Marsh,5,85,98,7,25,11,1,14.17,6.92,29.41
2011,MS Gony,3,54,84,4,17,10,3,9.0,9.33,31.48
2011,ND Doshi,3,32,62,1,10,5,5,5.33,11.62,31.25
2011,NJ Rimmington,1,18,19,0,9,3,0,3.0,6.33,50.0
2011,NL McCullum,2,30,34,0,10,1,2,5.0,6.8,33.33
2011,NLTC Perera,4,84,109,5,24,12,2,14.0,7.79,28.57
2011,P Kumar,13,276,334,10,137,45,10,46.0,7.26,49.64
2011,P Parameswaran,5,94,134,4,41,14,7,15.67,8.55,43.62
2011,P Prasanth,1,6,18,0,3,0,3,1.0,18.0,50.0
2011,PC Valthaty,9,145,183,7,43,13,6,24.17,7.57,29.66
2011,PP Chawla,12,248,324,16,93,27,15,41.33,7.84,37.5
2011,PP Ojha,10,221,264,12,86,19,11,36.83,7.17,38.91
2011,Pankaj Singh,1,12,23,0,3,3,1,2.0,11.5,25.0
2011,R Ashwin,16,378,376,21,157,29,11,63.0,5.97,41.53
2011,R Bhatia,12,192,204,10,56,14,4,32.0,6.38,29.17
2011,R McLaren,6,108,175,5,30,24,3,18.0,9.72,27.78
2011,R Ninan,2,36,65,3,8,3,5,6.0,10.83,22.22
2011,R Sathish,4,31,41,0,7,4,0,5.17,7.94,22.58
2011,R Sharma,14,300,271,17,128,18,6,50.0,5.42,42.67
2011,R Vinay Kumar,13,268,325,17,103,42,5,44.67,7.28,38.43
2011,RA Jadeja,14,252,294,9,90,17,12,42.0,7.0,35.71
2011,RE van der Merwe,4,89,90,6,36,6,3,14.83,6.07,40.45
2011,RG Sharma,3,24,48,0,4,3,3,4.0,12.0,16.67
2011,RJ Harris,13,282,359,17,111,44,9,47.0,7.64,39.36
2011,RN ten Doeschate,1,6,6,0,0,0,0,1.0,6.0,0.0
2011,RP Singh,14,300,331,15,135,40,6,50.0,6.62,45.0
2011,RR Powar,5,72,112,2,22,8,6,12.0,9.33,30.56
2011,RV Gomez,8,90,123,5,33,9,7,15.0,8.2,36.67
2011,RW Price,1,18,33,0,1,2,2,3.0,11.0,5.56
2011,S Aravind,13,276,356,22,115,33,16,46.0,7.74,41.67
2011,S Dhawan,2,12,11,1,5,0,1,2.0,5.5,41.67
2011,S Ladda,2,24,41,0,8,1,4,4.0,10.25,33.33
2011,S Nadeem,5,114,141,4,37,9,6,19.0,7.42,32.46
2011,S Rana,1,4,2,0,2,0,0,0.67,3.0,50.0
2011,S Randiv,8,174,217,8,60,20,5,29.0,7.48,34.48
2011,S Sreesanth,9,191,190,7,94,21,6,31.83,5.97,49.21
2011,S Sriram,1,6,25,0,0,1,3,1.0,25.0,0.0
2011,SB Jakati,14,265,331,10,80,21,11,44.17,7.49,30.19
2011,SB Styris,1,6,13,0,1,1,1,1.0,13.0,16.67
2011,SB Wagh,7,96,115,4,43,17,2,16.0,7.19,44.79
2011,SJ Srivastava,6,120,170,9,49,21,6,20.0,8.5,40.83
2011,SK Raina,12,165,193,5,62,15,8,27.5,7.02,37.58
2011,SK Trivedi,12,214,292,13,66,28,8,35.67,8.19,30.84
2011,SK Warne,12,282,290,14,117,21,8,47.0,6.17,41.49
2011,SL Malinga,16,378,353,30,183,39,6,63.0,5.6,48.41
2011,SR Watson,10,216,229,8,78,21,3,36.0,6.36,36.11
2011,SS Mundhe,1,6,5,1,4,1,0,1.0,5.0,66.67
2011,STR Binny,3,24,43,0,1,4,1,4.0,10.75,4.17
2011,SW Tait,4,89,111,6,42,16,4,14.83,7.48,47.19
2011,Shakib Al Hasan,7,153,168,11,59,12,7,25.5,6.59,38.56
2011,TG Southee,5,114,161,4,43,20,4,19.0,8.47,37.72
2011,TL Suman,3,36,50,0,7,3,2,6.0,8.33,19.44
2011,TM Dilshan,6,72,105,1,16,9,3,12.0,8.75,22.22
2011,UT Yadav,6,108,164,3,36,20,5,18.0,9.11,33.33
2011,V Kohli,10,102,135,2,23,13,2,17.0,7.94,22.55
2011,VR Aaron,3,72,77,2,31,10,1,12.0,6.42,43.06
2011,VS Malik,1,12,13,0,3,0,1,2.0,6.5,25.0
2011,WD Parnell,8,176,192,10,75,24,2,29.33,6.55,42.61
2011,Y Gnaneswara Rao,1,6,7,0,3,1,0,1.0,7.0,50.0
2011,Y Nagar,5,30,62,1,5,6,3,5.0,12.4,16.67
2011,Y Venugopal Rao,2,12,26,0,3,2,2,2.0,13.0,25.0
2011,YK Pathan,14,234,229,13,93,22,4,39.0,5.87,39.74
2011,Yuvraj Singh,13,174,191,9,61,9,7,29.0,6.59,35.06
2011,Z Khan,15,354,432,15,141,48,11,59.0,7.32,39.83
2012,A Ashish Reddy,9,163,229,11,55,14,12,27.17,8.43,33.74
2012,A Chandila,4,84,86,5,39,3,6,14.0,6.14,46.43
2012,A Mishra,14,282,369,13,89,18,19,47.0,7.85,31.56
2012,A Mithun,1,18,32,0,5,5,1,3.0,10.67,27.78
2012,A Nehra,13,288,399,12,99,43,14,48.0,8.31,34.38
2012,A Singh,9,197,299,12,58,29,11,32.83,9.11,29.44
2012,AA Chavan,8,164,230,7,55,21,11,27.33,8.41,33.54
2012,AA Jhunjhunwala,3,36,38,1,14,4,0,6.0,6.33,38.89
2012,AB Agarkar,4,86,130,4,20,13,4,14.33,9.07,23.26
2012,AB Dinda,7,144,158,10,61,14,5,24.0,6.58,42.36
2012,AB McDonald,3,60,60,5,18,4,1,10.0,6.0,30.0
2012,AC Thomas,4,84,106,5,30,12,2,14.0,7.57,35.71
2012,AD Mascarenhas,4,96,104,7,35,8,2,16.0,6.5,36.46
2012,AD Mathews,9,156,189,7,50,16,5,26.0,7.27,32.05
2012,AD Russell,4,96,159,1,28,24,3,16.0,9.94,29.17
2012,AG Murtaza,1,12,11,0,5,1,0,2.0,5.5,41.67
2012,AL Menaria,3,20,23,1,10,1,2,3.33,6.9,50.0
2012,AM Nayar,1,6,16,0,0,0,2,1.0,16.0,0.0
2012,AN Ahmed,1,12,16,0,5,1,1,2.0,8.0,41.67
2012,AUK Pathan,1,6,14,0,2,0,2,1.0,14.0,33.33
2012,Anand Rajan,4,71,104,3,18,12,3,11.83,8.79,25.35
2012,Ankit Sharma,9,145,163,4,62,8,9,24.17,6.74,42.76
2012,Azhar Mahmood,11,256,316,14,95,38,4,42.67,7.41,37.11
2012,B Kumar,11,234,271,9,86,22,10,39.0,6.95,36.75
2012,B Lee,10,228,293,7,99,30,12,38.0,7.71,43.42
2012,BA Bhatt,5,99,135,3,26,13,4,16.5,8.18,26.26
2012,BJ Hodge,2,12,21,1,2,2,1,2.0,10.5,16.67
2012,BW Hilfenhaus,9,204,222,14,103,23,9,34.0,6.53,50.49
2012,Bipul Sharma,3,46,73,0,13,3,6,7.67,9.52,28.26
2012,CH Gayle,3,28,64,0,5,7,4,4.67,13.71,17.86
2012,CJ McKay,2,42,60,1,14,8,1,7.0,8.57,33.33
2012,CL White,2,18,25,0,1,1,1,3.0,8.33,5.56
2012,DAJ Bracewell,1,24,31,3,10,2,2,4.0,7.75,41.67
2012,DE Bollinger,5,90,129,6,35,21,2,15.0,8.6,38.89
2012,DJ Bravo,17,322,413,20,101,39,12,53.67,7.7,31.37
2012,DJ Harris,2,18,26,0,4,2,1,3.0,8.67,22.22
2012,DJ Hussey,6,54,62,3,14,3,3,9.0,6.89,25.93
2012,DL Vettori,8,186,204,6,57,15,3,31.0,6.58,30.65
2012,DR Smith,6,78,94,3,28,9,3,13.0,7.23,35.9
2012,DS Kulkarni,2,48,59,6,23,6,2,8.0,7.38,47.92
2012,DT Christian,7,162,226,9,51,21,8,27.0,8.37,31.48
2012,DW Steyn,12,280,275,18,138,35,2,46.67,5.89,49.29
2012,F du Plessis,1,6,16,0,0,0,2,1.0,16.0,0.0
2012,GB Hogg,9,216,245,10,73,18,5,36.0,6.81,33.8
2012,GJ Maxwell,2,18,21,2,6,1,1,3.0,7.0,33.33
2012,HV Patel,11,246,337,9,78,33,11,41.0,8.22,31.71
2012,Harbhajan Singh,16,324,367,6,117,26,14,54.0,6.8,36.11
2012,Harmeet Singh,7,134,184,7,40,18,5,22.33,8.24,29.85
2012,IK Pathan,17,360,459,10,145,56,14,60.0,7.65,40.28
2012,Iqbal Abdulla,8,132,140,4,46,9,4,22.0,6.36,34.85
2012,J Botha,11,246,292,9,87,26,8,41.0,7.12,35.37
2012,J Syed Mohammad,2,42,64,1,8,3,3,7.0,9.14,19.05
2012,J Theron,2,48,63,3,18,5,3,8.0,7.88,37.5
2012,JA Morkel,14,273,334,11,113,43,7,45.5,7.34,41.39
2012,JD Ryder,4,42,68,1,10,6,3,7.0,9.71,23.81
2012,JD Unadkat,1,18,32,0,2,1,2,3.0,10.67,11.11
2012,JEC Franklin,9,90,119,6,25,13,2,15.0,7.93,27.78
2012,JH Kallis,16,324,391,16,112,46,6,54.0,7.24,34.57
2012,JP Duminy,6,72,98,1,22,6,5,12.0,8.17,30.56
2012,JP Faulkner,2,48,71,3,14,7,3,8.0,8.88,29.17
2012,K Upadhyay,1,24,33,0,10,3,2,4.0,8.25,41.67
2012,KA Pollard,14,263,327,18,85,27,11,43.83,7.46,32.32
2012,KK Cooper,6,144,169,10,52,12,7,24.0,7.04,36.11
2012,KMDN Kulasekara,4,84,90,5,38,12,0,14.0,6.43,45.24
2012,KP Appanna,6,102,142,6,35,11,7,17.0,8.35,34.31
2012,KP Pietersen,3,36,49,1,10,3,2,6.0,8.17,27.78
2012,L Balaji,8,180,151,12,83,13,3,30.0,5.03,46.11
2012,LJ Wright,1,12,24,0,2,1,2,2.0,12.0,16.67
2012,LR Shukla,2,12,12,1,5,1,0,2.0,6.0,41.67
2012,M Kartik,11,216,252,4,76,17,9,36.0,7.0,35.19
2012,M Morkel,16,378,438,30,154,49,9,63.0,6.95,40.74
2012,M Muralitharan,9,216,234,12,72,12,9,36.0,6.5,33.33
2012,M de Lange,3,60,103,3,17,13,4,10.0,10.3,28.33
2012,MJ Clarke,5,66,67,3,22,4,2,11.0,6.09,33.33
2012,MM Patel,12,280,359,17,123,30,19,46.67,7.69,43.93
2012,MN Samuels,8,172,211,9,66,19,8,28.67,7.36,38.37
2012,MS Gony,6,144,200,4,58,16,12,24.0,8.33,40.28
2012,NLTC Perera,2,15,27,0,2,2,1,2.5,10.8,13.33
2012,P Awana,12,282,358,18,112,33,15,47.0,7.62,39.72
2012,P Kumar,16,378,412,12,168,47,9,63.0,6.54,44.44
2012,P Negi,6,132,151,7,49,9,7,22.0,6.86,37.12
2012,P Parameswaran,3,60,85,5,23,9,3,10.0,8.5,38.33
2012,PC Valthaty,1,6,16,0,1,2,1,1.0,16.0,16.67
2012,PJ Sangwan,1,24,37,1,5,4,1,4.0,9.25,20.83
2012,PP Chawla,16,342,413,18,124,25,19,57.0,7.25,36.26
2012,PP Ojha,9,180,211,10,66,8,12,30.0,7.03,36.67
2012,Pankaj Singh,6,126,169,7,57,25,4,21.0,8.05,45.24
2012,R Ashwin,17,371,374,19,135,20,11,61.83,6.05,36.39
2012,R Bhatia,16,319,385,17,82,21,13,53.17,7.24,25.71
2012,R Sharma,11,222,298,9,72,20,16,37.0,8.05,32.43
2012,R Shukla,1,18,30,0,5,4,1,3.0,10.0,27.78
2012,R Vinay Kumar,13,311,419,20,117,40,17,51.83,8.08,37.62
2012,RA Jadeja,13,198,243,10,62,15,11,33.0,7.36,31.31
2012,RE van der Merwe,3,60,59,4,26,3,2,10.0,5.9,43.33
2012,RG Sharma,1,6,16,0,1,0,2,1.0,16.0,16.67
2012,RJ Harris,5,108,129,8,48,17,3,18.0,7.17,44.44
2012,RJ Peterson,4,48,70,3,21,5,5,8.0,8.75,43.75
2012,RN ten Doeschate,1,18,20,1,2,1,0,3.0,6.67,11.11
2012,RP Singh,11,246,303,11,103,37,8,41.0,7.39,41.87
2012,RR Powar,1,18,32,0,3,3,1,3.0,10.67,16.67
2012,S Aravind,1,18,48,0,5,10,1,3.0,16.0,27.78
2012,S Dhawan,4,36,54,3,12,7,2,6.0,9.0,33.33
2012,S Nadeem,12,270,313,8,88,21,11,45.0,6.96,32.59
2012,SB Jakati,14,234,308,10,73,26,11,39.0,7.9,31.2
2012,SC Ganguly,4,60,94,3,10,7,4,10.0,9.4,16.67
2012,SK Raina,6,78,84,2,20,5,2,13.0,6.46,25.64
2012,SK Trivedi,14,312,358,14,90,25,9,52.0,6.88,28.85
2012,SL Malinga,14,333,331,25,145,31,5,55.5,5.96,43.54
2012,SP Narine,15,355,318,29,164,17,10,59.17,5.37,46.2
2012,SPD Smith,1,2,5,0,0,1,0,0.33,15.0,0.0
2012,SR Watson,7,138,155,6,62,23,2,23.0,6.74,44.93
2012,STR Binny,6,60,78,3,15,8,0,10.0,7.8,25.0
2012,SW Tait,6,137,126,7,65,11,2,22.83,5.52,47.45
2012,Shakib Al Hasan,8,180,190,12,68,11,6,30.0,6.33,37.78
2012,Sunny Gupta,1,18,45,0,0,4,3,3.0,15.0,0.0
2012,TM Dilshan,5,42,75,0,9,9,3,7.0,10.71,21.43
2012,TP Sudhindra,3,70,132,1,18,9,9,11.67,11.31,25.71
2012,UT Yadav,17,366,435,22,145,45,12,61.0,7.13,39.62
2012,V Kohli,1,6,13,0,1,1,1,1.0,13.0,16.67
2012,V Pratap Singh,9,204,289,12,71,31,10,34.0,8.5,34.8
2012,V Sehwag,3,24,45,0,7,6,2,4.0,11.25,29.17
2012,VR Aaron,8,186,264,9,73,32,8,31.0,8.52,39.25
2012,VY Mahesh,4,56,76,3,18,7,3,9.33,8.14,32.14
2012,WD Parnell,6,126,124,7,51,11,1,21.0,5.9,40.48
2012,Y Nagar,1,6,8,0,1,1,0,1.0,8.0,16.67
2012,Y Venugopal Rao,2,12,26,0,3,4,1,2.0,13.0,25.0
2012,YK Pathan,12,132,173,4,46,13,9,22.0,7.86,34.85
2012,Z Khan,14,336,411,20,139,45,12,56.0,7.34,41.37
2013,A Ashish Reddy,5,40,69,3,10,7,3,6.67,10.35,25.0
2013,A Chandila,8,150,156,6,64,14,4,25.0,6.24,42.67
2013,A Mishra,16,348,371,20,141,21,15,58.0,6.4,40.52
2013,A Mithun,1,24,36,1,9,6,0,4.0,9.0,37.5
2013,A Nehra,10,216,307,13,84,33,13,36.0,8.53,38.89
2013,AA Chavan,3,54,61,1,28,4,4,9.0,6.78,51.85
2013,AB Agarkar,4,60,89,0,17,6,5,10.0,8.9,28.33
2013,AB Dinda,12,270,432,16,94,52,15,45.0,9.6,34.81
2013,AB McDonald,1,12,17,1,4,3,0,2.0,8.5,33.33
2013,AC Gilchrist,1,1,0,1,1,0,0,0.17,0.0,100.0
2013,AD Mascarenhas,1,24,25,0,7,2,0,4.0,6.25,29.17
2013,AD Mathews,9,162,201,6,45,18,3,27.0,7.44,27.78
2013,AD Russell,3,42,66,0,10,5,3,7.0,9.43,23.81
2013,AG Murtaza,3,60,92,3,17,7,6,10.0,9.2,28.33
2013,AJ Finch,3,24,49,1,5,3,4,4.0,12.25,20.83
2013,AM Nayar,3,48,56,2,13,4,0,8.0,7.0,27.08
2013,AN Ahmed,2,42,45,3,21,5,1,7.0,6.43,50.0
2013,AS Rajpoot,2,24,34,1,8,5,1,4.0,8.5,33.33
2013,Anand Rajan,2,48,39,2,24,2,1,8.0,4.88,50.0
2013,Ankit Sharma,1,12,17,0,5,2,0,2.0,8.5,41.67
2013,Azhar Mahmood,11,263,326,16,99,30,12,43.83,7.44,37.64
2013,B Kumar,15,318,328,10,151,41,5,53.0,6.19,47.48
2013,B Laughlin,2,42,68,1,9,7,2,7.0,9.71,21.43
2013,B Lee,3,72,83,4,34,11,2,12.0,6.92,47.22
2013,BA Bhatt,2,30,31,1,12,4,0,5.0,6.2,40.0
2013,BAW Mendis,3,72,78,2,29,7,2,12.0,6.5,40.28
2013,BJ Hodge,1,6,3,0,3,0,0,1.0,3.0,50.0
2013,BJ Rohrer,1,6,11,0,1,2,0,1.0,11.0,16.67
2013,BMAJ Mendis,2,30,36,1,11,2,2,5.0,7.2,36.67
2013,Bipul Sharma,1,24,21,1,11,1,1,4.0,5.25,45.83
2013,CH Gayle,4,24,39,3,10,5,2,4.0,9.75,41.67
2013,CH Morris,16,300,391,17,113,39,12,50.0,7.82,37.67
2013,CL White,2,12,16,1,5,1,1,2.0,8.0,41.67
2013,DJ Bravo,18,375,480,34,135,41,18,62.5,7.68,36.0
2013,DJ Hussey,4,66,89,0,19,7,4,11.0,8.09,28.79
2013,DJG Sammy,9,134,163,11,50,14,5,22.33,7.3,37.31
2013,DP Nannes,5,119,146,5,50,16,4,19.83,7.36,42.02
2013,DR Smith,3,30,57,2,7,7,2,5.0,11.4,23.33
2013,DS Kulkarni,6,112,142,8,53,15,6,18.67,7.61,47.32
2013,DT Christian,2,36,53,0,14,3,4,6.0,8.83,38.89
2013,DW Steyn,16,389,343,19,201,34,7,64.83,5.29,51.67
2013,GB Hogg,1,20,29,0,5,1,2,3.33,8.7,25.0
2013,GH Vihari,5,36,37,1,17,4,1,6.0,6.17,47.22
2013,GJ Maxwell,2,12,23,0,2,1,2,2.0,11.5,16.67
2013,Harbhajan Singh,19,420,442,25,163,29,15,70.0,6.31,38.81
2013,Harmeet Singh,4,92,117,7,39,10,6,15.33,7.63,42.39
2013,I Sharma,15,334,425,15,147,45,16,55.67,7.63,44.01
2013,IC Pandey,2,24,49,1,7,10,0,4.0,12.25,29.17
2013,IK Pathan,15,308,374,11,134,49,8,51.33,7.29,43.51
2013,Iqbal Abdulla,5,113,142,7,41,8,8,18.83,7.54,36.28
2013,J Botha,6,100,107,5,37,8,3,16.67,6.42,37.0
2013,J Syed Mohammad,4,60,89,4,10,8,2,10.0,8.9,16.67
2013,JA Morkel,7,144,153,8,59,16,4,24.0,6.38,40.97
2013,JD Unadkat,13,294,365,13,102,40,7,49.0,7.45,34.69
2013,JDP Oram,1,24,20,0,11,3,0,4.0,5.0,45.83
2013,JH Kallis,15,318,383,19,112,36,12,53.0,7.23,35.22
2013,JJ Bumrah,2,42,67,3,16,10,2,7.0,9.57,38.1
2013,JO Holder,6,120,163,4,47,17,6,20.0,8.15,39.17
2013,JP Faulkner,16,379,411,33,161,41,9,63.17,6.51,42.48
2013,K Upadhyay,2,30,46,0,10,6,1,5.0,9.2,33.33
2013,KA Pollard,14,186,281,10,60,25,13,31.0,9.06,32.26
2013,KK Cooper,14,324,424,22,98,37,11,54.0,7.85,30.25
2013,KV Sharma,12,191,215,11,80,13,11,31.83,6.75,41.88
2013,KW Richardson,3,71,99,2,28,6,7,11.83,8.37,39.44
2013,L Balaji,13,300,375,13,113,34,14,50.0,7.5,37.67
2013,LJ Wright,5,59,96,2,12,4,7,9.83,9.76,20.34
2013,LR Shukla,2,18,22,1,7,3,0,3.0,7.33,38.89
2013,M Kartik,11,234,275,11,71,18,7,39.0,7.05,30.34
2013,M Morkel,10,240,328,8,91,33,10,40.0,8.2,37.92
2013,M Muralitharan,6,138,174,3,42,14,8,23.0,7.57,30.43
2013,MC Henriques,8,127,180,8,50,22,6,21.17,8.5,39.37
2013,MG Johnson,17,384,436,24,188,59,9,64.0,6.81,48.96
2013,MG Neser,1,24,61,0,5,6,4,4.0,15.25,20.83
2013,MM Patel,4,90,136,3,32,18,3,15.0,9.07,35.56
2013,MM Sharma,15,304,319,21,161,44,7,50.67,6.3,52.96
2013,MN Samuels,1,24,33,1,8,3,1,4.0,8.25,33.33
2013,MR Marsh,6,92,151,6,29,10,11,15.33,9.85,31.52
2013,MS Gony,8,168,249,7,62,27,12,28.0,8.89,36.9
2013,Mohammed Shami,3,54,71,1,21,9,2,9.0,7.89,38.89
2013,NLTC Perera,15,334,446,18,123,51,13,55.67,8.01,36.83
2013,NM Coulter-Nile,1,24,28,1,11,5,0,4.0,7.0,45.83
2013,P Awana,14,324,402,16,133,44,11,54.0,7.44,41.05
2013,P Kumar,15,338,355,13,155,34,12,56.33,6.3,45.86
2013,P Negi,1,24,26,0,3,1,0,4.0,6.5,12.5
2013,P Suyal,1,18,20,1,9,2,1,3.0,6.67,50.0
2013,PJ Sangwan,2,24,48,0,7,5,3,4.0,12.0,29.17
2013,PP Chawla,16,350,416,11,117,33,12,58.33,7.13,33.43
2013,PP Ojha,15,314,373,18,108,27,15,52.33,7.13,34.39
2013,PV Tambe,3,66,84,1,20,10,1,11.0,7.64,30.3
2013,Parvez Rasool,2,30,28,1,12,3,0,5.0,5.6,40.0
2013,R Ashwin,18,348,384,16,121,20,17,58.0,6.62,34.77
2013,R Bhatia,15,263,327,11,59,23,8,43.83,7.46,22.43
2013,R Dhawan,5,90,104,2,34,10,2,15.0,6.93,37.78
2013,R McLaren,2,42,86,4,17,12,5,7.0,12.29,40.48
2013,R Rampaul,10,232,263,15,112,21,13,38.67,6.8,48.28
2013,R Sathish,3,24,51,1,1,5,2,4.0,12.75,4.17
2013,R Sharma,10,222,259,7,73,20,6,37.0,7.0,32.88
2013,R Shukla,3,48,74,4,15,10,1,8.0,9.25,31.25
2013,R Vinay Kumar,16,367,503,27,124,48,15,61.17,8.22,33.79
2013,RA Jadeja,15,259,320,15,95,18,17,43.17,7.41,36.68
2013,RE van der Merwe,3,66,70,4,25,5,2,11.0,6.36,37.88
2013,RG Sharma,2,8,5,0,3,0,0,1.33,3.75,37.5
2013,RJ Harris,3,72,70,1,40,13,0,12.0,5.83,55.56
2013,RN ten Doeschate,3,18,24,0,4,1,1,3.0,8.0,22.22
2013,RP Singh,11,239,323,14,88,35,9,39.83,8.11,36.82
2013,RV Gomez,1,6,5,1,4,1,0,1.0,5.0,66.67
2013,S Badree,1,24,33,0,7,3,1,4.0,8.25,29.17
2013,S Kaul,6,131,164,5,44,17,4,21.83,7.51,33.59
2013,S Ladda,1,12,18,1,3,1,1,2.0,9.0,25.0
2013,S Nadeem,12,264,255,9,95,16,6,44.0,5.8,35.98
2013,S Narwal,1,12,15,0,6,3,0,2.0,7.5,50.0
2013,S Sreesanth,7,130,156,6,67,20,6,21.67,7.2,51.54
2013,SK Raina,2,12,23,1,2,1,2,2.0,11.5,16.67
2013,SK Trivedi,17,359,400,12,122,32,7,59.83,6.69,33.98
2013,SL Malinga,17,392,453,23,147,52,9,65.33,6.93,37.5
2013,SMSM Senanayake,8,192,206,9,73,17,5,32.0,6.44,38.02
2013,SP Narine,16,384,347,26,180,28,8,64.0,5.42,46.88
2013,SR Watson,13,250,292,16,101,31,8,41.67,7.01,40.4
2013,STR Binny,14,144,157,7,57,11,5,24.0,6.54,39.58
2013,SW Tait,3,60,84,1,23,13,1,10.0,8.4,38.33
2013,Sandeep Sharma,4,96,117,8,41,14,4,16.0,7.31,42.71
2013,TL Suman,1,12,15,1,3,0,1,2.0,7.5,25.0
2013,TM Dilshan,1,6,10,0,0,1,0,1.0,10.0,0.0
2013,UT Yadav,16,353,503,20,127,58,15,58.83,8.55,35.98
2013,V Sehwag,1,6,9,0,0,1,0,1.0,9.0,0.0
2013,VS Malik,3,60,58,2,30,8,0,10.0,5.8,50.0
2013,WD Parnell,4,89,121,7,33,16,3,14.83,8.16,37.08
2013,YK Pathan,5,54,72,1,14,2,4,9.0,8.0,25.93
2013,YS Chahal,1,24,34,0,8,3,1,4.0,8.5,33.33
2013,Yuvraj Singh,10,132,151,6,39,11,3,22.0,6.86,29.55
2013,Z Khan,2,36,45,5,18,5,2,6.0,7.5,50.0
2014,A Mishra,10,225,335,8,66,17,21,37.5,8.93,29.33
2014,A Nehra,4,90,139,8,30,16,6,15.0,9.27,33.33
2014,AB Dinda,9,186,257,5,64,22,9,31.0,8.29,34.41
2014,AD Russell,2,30,51,2,6,5,2,5.0,10.2,20.0
2014,AN Ahmed,4,86,110,3,25,10,3,14.33,7.67,29.07
2014,AR Patel,17,396,394,19,157,34,9,66.0,5.97,39.65
2014,Ankit Sharma,2,48,43,4,22,1,2,8.0,5.38,45.83
2014,B Kumar,14,319,346,21,152,42,8,53.17,6.51,47.65
2014,BCJ Cutting,1,24,31,2,9,5,0,4.0,7.75,37.5
2014,BE Hendricks,3,72,119,4,25,10,6,12.0,9.92,34.72
2014,BW Hilfenhaus,8,168,239,9,70,25,12,28.0,8.54,41.67
2014,CJ Anderson,9,108,177,4,35,26,5,18.0,9.83,32.41
2014,DJ Hussey,1,17,36,2,5,2,3,2.83,12.71,29.41
2014,DJG Sammy,8,84,153,3,20,16,7,14.0,10.93,23.81
2014,DR Smith,5,60,93,4,15,8,4,10.0,9.3,25.0
2014,DS Kulkarni,8,162,210,6,70,19,11,27.0,7.78,43.21
2014,DW Steyn,14,336,425,12,145,46,16,56.0,7.59,43.15
2014,GJ Maxwell,7,66,127,1,14,8,9,11.0,11.55,21.21
2014,HV Patel,3,66,107,4,22,9,6,11.0,9.73,33.33
2014,Harbhajan Singh,14,330,350,14,138,25,12,55.0,6.36,41.82
2014,I Sharma,3,66,99,3,26,7,6,11.0,9.0,39.39
2014,IC Pandey,12,252,315,7,112,40,9,42.0,7.5,44.44
2014,IK Pathan,10,142,203,6,41,15,11,23.67,8.58,28.87
2014,Imran Tahir,6,125,164,11,38,13,6,20.83,7.87,30.4
2014,Iqbal Abdulla,1,12,17,0,2,2,0,2.0,8.5,16.67
2014,JA Morkel,6,96,117,4,40,19,0,16.0,7.31,41.67
2014,JD Unadkat,9,187,268,10,59,22,12,31.17,8.6,31.55
2014,JDS Neesham,4,54,88,1,14,9,4,9.0,9.78,25.93
2014,JH Kallis,8,132,184,4,39,20,5,22.0,8.36,29.55
2014,JJ Bumrah,11,238,292,6,92,32,8,39.67,7.36,38.66
2014,JO Holder,1,18,33,1,6,2,2,3.0,11.0,33.33
2014,JP Duminy,11,198,230,3,60,14,8,33.0,6.97,30.3
2014,JP Faulkner,13,264,410,17,72,31,22,44.0,9.32,27.27
2014,JW Hastings,1,18,28,1,9,6,0,3.0,9.33,50.0
2014,K Santokie,2,48,87,3,15,6,6,8.0,10.88,31.25
2014,KA Pollard,12,150,252,3,33,23,10,25.0,10.08,22.0
2014,KK Cooper,5,108,132,4,34,10,5,18.0,7.33,31.48
2014,KV Sharma,14,304,373,17,114,23,21,50.67,7.36,37.5
2014,KW Richardson,7,162,201,10,62,19,7,27.0,7.44,38.27
2014,Karanveer Singh,5,120,158,12,42,9,9,20.0,7.9,35.0
2014,L Balaji,9,204,292,12,72,29,12,34.0,8.59,35.29
2014,LMP Simmons,1,18,34,1,2,2,2,3.0,11.33,11.11
2014,LR Shukla,5,56,81,1,22,8,4,9.33,8.68,39.29
2014,M Kartik,2,48,90,2,10,7,4,8.0,11.25,20.83
2014,M Morkel,12,288,340,13,148,42,11,48.0,7.08,51.39
2014,M Muralitharan,5,96,121,4,36,7,7,16.0,7.56,37.5
2014,M Vijay,1,6,13,0,2,3,0,1.0,13.0,33.33
2014,M de Lange,1,24,30,2,7,4,0,4.0,7.5,29.17
2014,MA Starc,14,322,381,17,127,45,6,53.67,7.1,39.44
2014,MC Henriques,4,60,93,4,20,12,3,10.0,9.3,33.33
2014,MG Johnson,14,321,425,17,135,44,16,53.5,7.94,42.06
2014,MK Tiwary,1,12,28,0,3,1,3,2.0,14.0,25.0
2014,MM Sharma,16,323,451,26,118,50,14,53.83,8.38,36.53
2014,Mohammed Shami,12,264,348,10,102,37,13,44.0,7.91,38.64
2014,NM Coulter-Nile,1,24,25,2,12,4,0,4.0,6.25,50.0
2014,P Awana,7,141,240,9,48,30,9,23.5,10.21,34.04
2014,P Kumar,3,72,77,4,33,7,3,12.0,6.42,45.83
2014,P Negi,2,42,74,1,8,5,4,7.0,10.57,19.05
2014,P Suyal,1,18,32,1,8,4,2,3.0,10.67,44.44
2014,PJ Cummins,1,24,29,2,12,2,2,4.0,7.25,50.0
2014,PP Chawla,11,237,302,14,79,21,12,39.5,7.65,33.33
2014,PP Ojha,12,276,366,5,100,20,22,46.0,7.96,36.23
2014,PV Tambe,13,294,342,15,89,26,9,49.0,6.98,30.27
2014,Parvez Rasool,3,54,80,1,14,3,6,9.0,8.89,25.93
2014,R Ashwin,16,359,414,17,130,21,21,59.83,6.92,36.21
2014,R Bhatia,12,228,279,13,56,15,9,38.0,7.34,24.56
2014,R Dhawan,13,284,346,15,85,25,11,47.33,7.31,29.93
2014,R Rampaul,2,36,36,2,18,4,1,6.0,6.0,50.0
2014,R Sharma,2,36,65,1,9,3,5,6.0,10.83,25.0
2014,R Shukla,3,54,94,3,18,7,7,9.0,10.44,33.33
2014,R Tewatia,3,54,58,3,21,3,3,9.0,6.44,38.89
2014,R Vinay Kumar,9,192,279,10,56,26,9,32.0,8.72,29.17
2014,RA Jadeja,16,326,436,20,102,26,21,54.33,8.02,31.29
2014,RG Sharma,2,18,26,1,4,2,1,3.0,8.67,22.22
2014,RN ten Doeschate,4,30,35,1,13,2,2,5.0,7.0,43.33
2014,S Badree,4,84,90,2,40,7,5,14.0,6.43,47.62
2014,S Gopal,4,84,112,6,30,7,5,14.0,8.0,35.71
2014,S Kaul,5,78,122,2,24,12,5,13.0,9.38,30.77
2014,S Nadeem,11,228,303,9,66,16,14,38.0,7.97,28.95
2014,S Rana,2,12,16,0,3,2,0,2.0,8.0,25.0
2014,SA Yadav,1,6,8,0,2,1,0,1.0,8.0,33.33
2014,SB Jakati,1,22,41,0,4,2,3,3.67,11.18,18.18
2014,SK Raina,8,108,133,1,34,9,5,18.0,7.39,31.48
2014,SL Malinga,10,235,244,17,99,22,6,39.17,6.23,42.13
2014,SP Narine,16,390,416,22,157,29,13,65.0,6.4,40.26
2014,SR Watson,9,126,157,7,57,21,5,21.0,7.48,45.24
2014,STR Binny,8,54,64,4,18,6,1,9.0,7.11,33.33
2014,Sandeep Sharma,11,241,340,19,109,40,14,40.17,8.46,45.23
2014,Shakib Al Hasan,13,300,326,15,113,20,13,50.0,6.52,37.67
2014,Shivam Sharma,4,96,121,3,34,4,8,16.0,7.56,35.42
2014,TG Southee,3,60,73,0,25,7,2,10.0,7.3,41.67
2014,UT Yadav,12,270,352,12,95,40,8,45.0,7.82,35.19
2014,V Shankar,1,6,19,0,1,1,2,1.0,19.0,16.67
2014,VR Aaron,10,220,278,16,90,27,12,36.67,7.58,40.91
2014,VS Malik,1,18,28,1,7,4,1,3.0,9.33,38.89
2014,WD Parnell,8,181,214,7,82,29,5,30.17,7.09,45.3
2014,Y Venugopal Rao,2,12,16,0,3,2,0,2.0,8.0,25.0
2014,YK Pathan,1,6,10,0,1,1,0,1.0,10.0,16.67
2014,YS Chahal,14,330,380,12,115,16,19,55.0,6.91,34.85
2014,Yuvraj Singh,10,136,183,6,33,9,9,22.67,8.07,24.26
2014,Z Khan,6,134,142,6,56,14,4,22.33,6.36,41.79
2015,A Ashish Reddy,4,36,49,4,9,1,3,6.0,8.17,25.0
2015,A Mishra,12,241,301,9,75,18,11,40.17,7.49,31.12
2015,A Nehra,15,348,420,23,155,46,13,58.0,7.24,44.54
2015,AB Dinda,2,30,59,0,4,5,3,5.0,11.8,13.33
2015,AD Mathews,10,180,241,7,61,29,6,30.0,8.03,33.89
2015,AD Russell,13,244,312,14,94,29,13,40.67,7.67,38.52
2015,AN Ahmed,3,72,120,2,26,8,9,12.0,10.0,36.11
2015,AR Patel,13,256,348,13,75,19,20,42.67,8.16,29.3
2015,Ankit Sharma,4,84,108,3,29,10,3,14.0,7.71,34.52
2015,Anureet Singh,13,286,415,15,100,45,17,47.67,8.71,34.97
2015,Azhar Mahmood,1,18,39,1,5,5,2,3.0,13.0,27.78
2015,B Kumar,14,310,393,19,126,41,14,51.67,7.61,40.65
2015,BB Sran,1,18,29,0,5,4,1,3.0,9.67,27.78
2015,BE Hendricks,4,78,105,7,27,14,1,13.0,8.08,34.62
2015,Bipul Sharma,3,42,50,4,17,1,4,7.0,7.14,40.48
2015,CH Gayle,1,12,14,0,3,0,1,2.0,7.0,25.0
2015,CH Morris,11,258,308,15,115,33,11,43.0,7.16,44.57
2015,CJ Anderson,2,24,33,1,10,2,2,4.0,8.25,41.67
2015,D Wiese,13,254,344,17,73,37,8,42.33,8.13,28.74
2015,DJ Bravo,15,296,403,28,83,30,17,49.33,8.17,28.04
2015,DJ Hooda,7,91,122,1,25,10,4,15.17,8.04,27.47
2015,DJ Muthuswami,6,84,101,4,44,14,3,14.0,7.21,52.38
2015,DJG Sammy,2,18,25,0,2,3,0,3.0,8.33,11.11
2015,DR Smith,1,12,17,1,4,0,1,2.0,8.5,33.33
2015,DS Kulkarni,11,210,261,13,95,40,4,35.0,7.46,45.24
2015,DW Steyn,6,114,168,3,38,23,3,19.0,8.84,33.33
2015,GB Hogg,6,126,142,10,50,8,9,21.0,6.76,39.68
2015,GJ Maxwell,7,60,93,2,19,4,8,10.0,9.3,31.67
2015,GS Sandhu,2,48,82,1,9,8,2,8.0,10.25,18.75
2015,Gurkeerat Singh,3,54,64,3,19,5,2,9.0,7.11,35.19
2015,HH Pandya,8,102,171,1,29,22,5,17.0,10.06,28.43
2015,HV Patel,14,263,319,19,103,32,11,43.83,7.28,39.16
2015,Harbhajan Singh,15,342,436,19,117,37,15,57.0,7.65,34.21
2015,I Sharma,4,84,154,1,30,16,10,14.0,11.0,35.71
2015,IC Pandey,9,174,204,10,88,26,7,29.0,7.03,50.57
2015,Imran Tahir,10,213,297,15,64,13,18,35.5,8.37,30.05
2015,Iqbal Abdulla,5,114,142,4,46,10,8,19.0,7.47,40.35
2015,J Botha,4,60,79,1,19,4,5,10.0,7.9,31.67
2015,J Suchith,12,234,330,10,70,27,13,39.0,8.46,29.91
2015,J Theron,1,24,38,1,4,4,1,4.0,9.5,16.67
2015,J Yadav,3,42,29,2,21,2,0,7.0,4.14,50.0
2015,JA Morkel,4,72,107,3,22,13,2,12.0,8.92,30.56
2015,JD Unadkat,1,18,30,0,7,1,3,3.0,10.0,38.89
2015,JJ Bumrah,4,90,176,3,24,12,13,15.0,11.73,26.67
2015,JP Duminy,9,102,121,8,33,8,4,17.0,7.12,32.35
2015,JP Faulkner,13,270,415,9,88,41,17,45.0,9.22,32.59
2015,KA Pollard,8,76,115,6,14,10,3,12.67,9.08,18.42
2015,KC Cariappa,1,12,28,1,3,3,2,2.0,14.0,25.0
2015,KV Sharma,14,239,332,11,65,12,22,39.83,8.33,27.2
2015,Karanveer Singh,3,60,112,1,12,7,7,10.0,11.2,20.0
2015,M Morkel,7,168,200,12,76,20,8,28.0,7.14,45.24
2015,M Vijay,2,24,28,0,4,2,0,4.0,7.0,16.67
2015,M de Lange,1,24,24,1,15,4,0,4.0,6.0,62.5
2015,MA Starc,12,258,275,22,105,32,2,43.0,6.4,40.7
2015,MC Henriques,9,150,151,11,57,13,2,25.0,6.04,38.0
2015,MG Johnson,8,194,287,11,82,34,13,32.33,8.88,42.27
2015,MJ McClenaghan,12,282,363,18,118,38,15,47.0,7.72,41.84
2015,MM Sharma,15,324,463,14,109,45,15,54.0,8.57,33.64
2015,NLTC Perera,2,36,54,1,9,7,1,6.0,9.0,25.0
2015,NM Coulter-Nile,11,255,312,16,117,33,13,42.5,7.34,45.88
2015,P Kumar,12,216,315,7,71,29,15,36.0,8.75,32.87
2015,P Negi,10,180,249,7,53,17,12,30.0,8.3,29.44
2015,P Suyal,3,60,88,0,19,10,2,10.0,8.8,31.67
2015,PJ Cummins,3,60,87,1,22,8,5,10.0,8.7,36.67
2015,PP Chawla,13,210,262,12,65,17,11,35.0,7.49,30.95
2015,PP Ojha,1,12,23,0,1,0,2,2.0,11.5,8.33
2015,PV Tambe,10,204,266,7,69,17,12,34.0,7.82,33.82
2015,Parvez Rasool,2,30,31,1,12,2,1,5.0,6.2,40.0
2015,R Ashwin,12,210,209,8,100,12,10,35.0,5.97,47.62
2015,R Bhatia,2,30,46,0,7,2,3,5.0,9.2,23.33
2015,R Dhawan,5,72,103,1,20,11,2,12.0,8.58,27.78
2015,R Tewatia,1,18,31,2,6,2,2,3.0,10.33,33.33
2015,R Vinay Kumar,13,261,363,9,93,40,12,43.5,8.34,35.63
2015,RA Jadeja,14,232,306,9,75,20,16,38.67,7.91,32.33
2015,RG More,2,35,57,1,4,5,1,5.83,9.77,11.43
2015,RN ten Doeschate,1,6,3,1,3,0,0,1.0,3.0,50.0
2015,RS Bopara,7,120,153,8,37,18,3,20.0,7.65,30.83
2015,S Aravind,5,108,130,10,47,15,3,18.0,7.22,43.52
2015,S Gopal,1,13,23,1,2,0,2,2.17,10.62,15.38
2015,S Nadeem,2,42,41,0,21,1,3,7.0,5.86,50.0
2015,SA Abbott,2,30,55,0,6,8,1,5.0,11.0,20.0
2015,SK Raina,5,72,87,3,24,6,4,12.0,7.25,33.33
2015,SL Malinga,15,360,425,26,140,47,9,60.0,7.08,38.89
2015,SN Thakur,1,18,36,1,5,4,2,3.0,12.0,27.78
2015,SP Narine,8,192,230,7,74,17,11,32.0,7.19,38.54
2015,SR Watson,10,174,250,8,62,26,9,29.0,8.62,35.63
2015,STR Binny,10,114,135,8,56,14,6,19.0,7.11,49.12
2015,Sandeep Sharma,13,276,307,13,131,35,9,46.0,6.67,47.46
2015,Shakib Al Hasan,4,84,118,5,34,9,7,14.0,8.43,40.48
2015,Shivam Sharma,1,18,44,1,3,5,2,3.0,14.67,16.67
2015,TA Boult,7,168,222,10,71,28,6,28.0,7.93,42.26
2015,TG Southee,7,168,240,9,66,22,12,28.0,8.57,39.29
2015,UT Yadav,12,252,367,12,92,50,10,42.0,8.74,36.51
2015,V Kohli,2,11,10,1,2,0,0,1.83,5.45,18.18
2015,VR Aaron,5,104,164,4,44,23,7,17.33,9.46,42.31
2015,YK Pathan,5,60,97,2,12,5,7,10.0,9.7,20.0
2015,YS Chahal,14,281,413,24,90,21,28,46.83,8.82,32.03
2015,Yuvraj Singh,6,54,71,1,11,2,4,9.0,7.89,20.37
2015,Z Khan,7,145,145,8,73,19,2,24.17,6.0,50.34
2016,A Ashish Reddy,2,23,39,1,5,4,2,3.83,10.17,21.74
2016,A Mishra,14,276,332,14,93,24,12,46.0,7.22,33.7
2016,A Nehra,8,156,192,11,72,23,7,26.0,7.38,46.15
2016,A Zampa,5,102,110,12,32,4,5,17.0,6.47,31.37
2016,AB Dinda,9,183,222,13,84,29,3,30.5,7.28,45.9
2016,AD Russell,11,195,263,13,77,28,9,32.5,8.09,39.49
2016,AF Milne,1,24,38,1,7,4,2,4.0,9.5,29.17
2016,AR Patel,13,263,357,13,84,25,16,43.83,8.14,31.94
2016,AS Rajpoot,4,66,88,3,18,10,1,11.0,8.0,27.27
2016,Ankit Sharma,3,66,78,1,17,3,3,11.0,7.09,25.76
2016,Anureet Singh,2,36,41,1,12,4,0,6.0,6.83,33.33
2016,B Kumar,17,396,466,24,156,54,8,66.0,7.06,39.39
2016,BB Sran,14,297,398,14,107,38,14,49.5,8.04,36.03
2016,BCJ Cutting,4,67,79,5,23,7,2,11.17,7.07,34.33
2016,Bipul Sharma,6,84,121,5,21,7,7,14.0,8.64,25.0
2016,C Munro,2,12,15,0,5,1,1,2.0,7.5,41.67
2016,CH Gayle,4,60,57,2,21,3,2,10.0,5.7,35.0
2016,CH Morris,12,264,294,16,102,27,7,44.0,6.68,38.64
2016,CJ Jordan,9,168,241,13,49,22,9,28.0,8.61,29.17
2016,CR Brathwaite,8,139,181,9,41,16,5,23.17,7.81,29.5
2016,D Wiese,1,24,46,0,6,7,1,4.0,11.5,25.0
2016,DJ Bravo,15,336,481,19,93,40,16,56.0,8.59,27.68
2016,DJ Hooda,6,78,94,3,21,6,3,13.0,7.23,26.92
2016,DL Chahar,2,30,38,0,13,5,1,5.0,7.6,43.33
2016,DR Smith,8,108,148,8,40,13,7,18.0,8.22,37.04
2016,DS Kulkarni,14,294,361,20,130,41,11,49.0,7.37,44.22
2016,DW Steyn,1,12,16,0,5,2,0,2.0,8.0,41.67
2016,GB Hogg,4,84,108,5,30,11,3,14.0,7.71,35.71
2016,GJ Maxwell,6,48,67,0,15,7,2,8.0,8.38,31.25
2016,Gurkeerat Singh,2,18,21,2,6,0,1,3.0,7.0,33.33
2016,HH Pandya,10,100,147,3,29,11,7,16.67,8.82,29.0
2016,HV Patel,5,84,141,2,28,14,7,14.0,10.07,33.33
2016,Harbhajan Singh,14,294,386,9,83,28,16,49.0,7.88,28.23
2016,I Sharma,4,90,135,3,37,21,4,15.0,9.0,41.11
2016,IK Pathan,3,48,61,0,18,5,2,8.0,7.62,37.5
2016,Imran Tahir,4,96,137,5,25,7,8,16.0,8.56,26.04
2016,Iqbal Abdulla,8,150,208,7,35,18,6,25.0,8.32,23.33
2016,J Suchith,1,12,29,0,0,1,2,2.0,14.5,0.0
2016,J Yadav,5,102,123,2,38,12,3,17.0,7.24,37.25
2016,JA Morkel,2,30,61,3,9,9,2,5.0,12.2,30.0
2016,JD Unadkat,1,18,48,0,5,3,5,3.0,16.0,27.78
2016,JJ Bumrah,14,312,396,18,108,33,13,52.0,7.62,34.62
2016,JO Holder,4,78,98,3,27,10,3,13.0,7.54,34.62
2016,JP Duminy,5,42,54,2,12,6,0,7.0,7.71,28.57
2016,JP Faulkner,7,102,160,2,21,13,5,17.0,9.41,20.59
2016,JW Hastings,2,40,35,2,22,5,0,6.67,5.25,55.0
2016,KA Pollard,4,36,80,0,4,5,6,6.0,13.33,11.11
2016,KC Cariappa,5,102,156,3,35,6,12,17.0,9.18,34.31
2016,KH Pandya,11,187,225,7,53,15,6,31.17,7.22,28.34
2016,KJ Abbott,5,96,170,2,28,24,4,16.0,10.62,29.17
2016,KS Williamson,1,6,7,0,2,1,0,1.0,7.0,33.33
2016,KV Sharma,5,98,169,1,19,11,10,16.33,10.35,19.39
2016,KW Richardson,4,84,130,8,34,10,9,14.0,9.29,40.48
2016,Kuldeep Yadav,3,72,94,7,28,5,6,12.0,7.83,38.89
2016,M Ashwin,10,171,234,7,55,15,12,28.5,8.21,32.16
2016,M Morkel,9,189,264,9,78,28,12,31.5,8.38,41.27
2016,M Vijay,1,6,7,0,2,1,0,1.0,7.0,33.33
2016,MC Henriques,17,312,409,14,89,29,16,52.0,7.87,28.53
2016,MG Johnson,3,66,103,3,21,17,1,11.0,9.36,31.82
2016,MJ McClenaghan,14,320,424,18,128,47,16,53.33,7.95,40.0
2016,MM Sharma,13,267,355,15,93,42,7,44.5,7.98,34.83
2016,MP Stoinis,6,120,165,9,35,20,4,20.0,8.25,29.17
2016,MR Marsh,3,54,44,4,28,3,1,9.0,4.89,51.85
2016,Mohammed Shami,8,151,235,8,39,27,8,25.17,9.34,25.83
2016,Mustafizur Rahman,16,366,411,19,137,32,10,61.0,6.74,37.43
2016,N Rana,1,6,3,0,3,0,0,1.0,3.0,50.0
2016,NLTC Perera,11,199,323,10,56,35,11,33.17,9.74,28.14
2016,NM Coulter-Nile,4,90,111,4,37,16,1,15.0,7.4,41.11
2016,P Kumar,16,309,383,10,132,47,9,51.5,7.44,42.72
2016,P Negi,5,54,84,2,11,9,2,9.0,9.33,20.37
2016,P Sahu,5,105,144,3,24,11,5,17.5,8.23,22.86
2016,PJ Sangwan,2,24,48,0,9,5,3,4.0,12.0,37.5
2016,PP Chawla,10,188,239,10,70,14,11,31.33,7.63,37.23
2016,PV Tambe,7,96,142,5,26,11,6,16.0,8.88,27.08
2016,Parvez Rasool,4,84,129,1,22,14,4,14.0,9.21,26.19
2016,R Ashwin,14,264,299,11,93,22,10,44.0,6.8,35.23
2016,R Bhatia,10,204,240,6,54,9,11,34.0,7.06,26.47
2016,R Dhawan,2,42,53,2,12,5,1,7.0,7.57,28.57
2016,R Sathish,3,36,57,2,8,2,4,6.0,9.5,22.22
2016,R Vinay Kumar,3,54,61,4,25,7,2,9.0,6.78,46.3
2016,RA Jadeja,14,241,305,9,71,16,14,40.17,7.59,29.46
2016,RP Singh,4,72,107,3,29,6,9,12.0,8.92,40.28
2016,S Aravind,9,175,205,11,65,22,6,29.17,7.03,37.14
2016,S Gopal,1,18,18,0,4,1,0,3.0,6.0,22.22
2016,S Kaushik,7,138,188,6,48,15,9,23.0,8.17,34.78
2016,S Ladda,1,12,21,0,3,2,1,2.0,10.5,25.0
2016,S Nadeem,4,90,126,3,31,9,6,15.0,8.4,34.44
2016,SB Jakati,6,120,175,2,30,12,9,20.0,8.75,25.0
2016,SK Raina,4,60,81,0,15,8,2,10.0,8.1,25.0
2016,SM Boland,2,42,53,3,14,6,1,7.0,7.57,33.33
2016,SP Narine,11,256,294,13,109,26,11,42.67,6.89,42.58
2016,SR Watson,16,339,463,23,121,45,18,56.5,8.19,35.69
2016,STR Binny,11,102,132,1,28,16,1,17.0,7.76,27.45
2016,Sachin Baby,2,10,8,3,5,1,0,1.67,4.8,50.0
2016,Sandeep Sharma,13,276,335,17,118,32,12,46.0,7.28,42.75
2016,Shakib Al Hasan,8,168,218,5,52,18,8,28.0,7.79,30.95
2016,T Shamsi,4,96,147,3,26,13,7,16.0,9.19,27.08
2016,TA Boult,1,24,37,1,11,8,0,4.0,9.25,45.83
2016,TG Southee,11,258,319,9,99,33,7,43.0,7.42,38.37
2016,UT Yadav,8,138,202,12,42,18,9,23.0,8.78,30.43
2016,V Kohli,1,6,11,0,1,0,1,1.0,11.0,16.67
2016,VR Aaron,8,142,214,2,48,20,9,23.67,9.04,33.8
2016,YK Pathan,4,36,31,1,14,1,1,6.0,5.17,38.89
2016,YS Chahal,13,295,384,22,100,33,15,49.17,7.81,33.9
2016,Yuvraj Singh,5,37,51,0,7,2,2,6.17,8.27,18.92
2016,Z Khan,12,262,324,12,111,39,7,43.67,7.42,42.37
2017,A Choudhary,5,101,137,5,42,13,6,16.83,8.14,41.58
2017,A Mishra,13,221,307,10,75,21,17,36.83,8.33,33.94
2017,A Nehra,6,127,192,10,47,28,4,21.17,9.07,37.01
2017,A Zampa,6,119,160,7,38,8,9,19.83,8.07,31.93
2017,AB Dinda,3,60,114,2,21,10,8,10.0,11.4,35.0
2017,AD Mathews,2,30,55,0,3,2,4,5.0,11.0,10.0
2017,AF Milne,4,84,128,4,25,17,3,14.0,9.14,29.76
2017,AJ Tye,6,126,139,12,44,11,4,21.0,6.62,34.92
2017,AR Patel,14,288,356,15,82,17,17,48.0,7.42,28.47
2017,AS Rajpoot,5,84,104,4,27,10,4,14.0,7.43,32.14
2017,Ankit Sharma,1,6,16,0,1,2,1,1.0,16.0,16.67
2017,Ankit Soni,6,109,141,4,37,8,7,18.17,7.76,33.94
2017,Anureet Singh,1,12,26,0,2,5,0,2.0,13.0,16.67
2017,Avesh Khan,1,24,23,1,11,2,1,4.0,5.75,45.83
2017,B Kumar,13,290,333,26,109,34,8,48.33,6.89,37.59
2017,B Stanlake,1,24,40,0,5,2,3,4.0,10.0,20.83
2017,BA Stokes,12,264,305,14,108,30,11,44.0,6.93,40.91
2017,BB Sran,1,12,28,0,4,3,2,2.0,14.0,33.33
2017,BCJ Cutting,4,76,120,2,20,10,6,12.67,9.47,26.32
2017,Basil Thampi,12,268,414,15,76,40,17,44.67,9.27,28.36
2017,Bipul Sharma,7,98,127,3,28,5,7,16.33,7.78,28.57
2017,C de Grandhomme,9,96,129,4,33,11,5,16.0,8.06,34.38
2017,CH Morris,8,162,216,11,55,21,6,27.0,8.0,33.95
2017,CJ Anderson,8,113,177,4,20,13,8,18.83,9.4,17.7
2017,CJ Jordan,1,6,8,1,2,0,1,1.0,8.0,33.33
2017,CR Brathwaite,1,24,37,1,5,4,1,4.0,9.25,20.83
2017,CR Woakes,12,246,337,18,83,33,13,41.0,8.22,33.74
2017,DJ Hooda,3,24,42,2,7,3,3,4.0,10.5,29.17
2017,DL Chahar,3,42,72,1,12,12,1,7.0,10.29,28.57
2017,DR Smith,8,72,121,2,16,12,6,12.0,10.08,22.22
2017,DS Kulkarni,5,96,128,3,32,16,2,16.0,8.0,33.33
2017,DT Christian,13,240,289,12,74,20,9,40.0,7.22,30.83
2017,GJ Maxwell,8,114,124,7,38,8,3,19.0,6.53,33.33
2017,HH Pandya,12,150,194,6,44,16,6,25.0,7.76,29.33
2017,HV Patel,1,24,42,3,8,7,1,4.0,10.5,33.33
2017,Harbhajan Singh,10,222,242,8,88,18,10,37.0,6.54,39.64
2017,I Sharma,6,108,172,0,32,20,6,18.0,9.56,29.63
2017,IK Pathan,1,12,26,2,4,2,2,2.0,13.0,33.33
2017,Imran Tahir,12,282,364,19,94,20,20,47.0,7.74,33.33
2017,Iqbal Abdulla,1,12,18,0,3,1,1,2.0,9.0,25.0
2017,J Yadav,2,36,41,0,13,2,2,6.0,6.83,36.11
2017,JD Unadkat,12,275,318,27,119,23,17,45.83,6.94,43.27
2017,JJ Bumrah,15,342,409,22,116,33,9,57.0,7.18,33.92
2017,JP Faulkner,8,163,268,11,36,27,10,27.17,9.87,22.09
2017,K Rabada,6,128,174,8,48,20,5,21.33,8.16,37.5
2017,KA Pollard,1,11,29,0,0,1,3,1.83,15.82,0.0
2017,KC Cariappa,4,90,123,4,22,12,2,15.0,8.2,24.44
2017,KH Pandya,13,240,267,10,73,18,7,40.0,6.68,30.42
2017,KV Sharma,8,172,190,13,70,11,9,28.67,6.63,40.7
2017,Kuldeep Yadav,10,222,310,10,66,16,17,37.0,8.38,29.73
2017,LH Ferguson,4,78,84,5,40,9,4,13.0,6.46,51.28
2017,MC Henriques,11,138,225,2,27,22,8,23.0,9.78,19.57
2017,MG Johnson,5,120,135,9,55,16,3,20.0,6.75,45.83
2017,MJ Henry,2,30,70,2,7,7,5,5.0,14.0,23.33
2017,MJ McClenaghan,13,300,461,19,111,52,20,50.0,9.22,37.0
2017,MM Patel,2,42,57,1,10,6,1,7.0,8.14,23.81
2017,MM Sharma,14,274,406,13,87,38,18,45.67,8.89,31.75
2017,MN Samuels,2,18,34,0,5,1,3,3.0,11.33,27.78
2017,MP Stoinis,5,63,104,2,10,6,6,10.5,9.9,15.87
2017,Mohammad Nabi,2,42,45,1,19,3,2,7.0,6.43,45.24
2017,Mohammed Shami,8,156,230,8,55,26,8,26.0,8.85,35.26
2017,Mohammed Siraj,5,120,180,10,43,19,8,20.0,9.0,35.83
2017,Mustafizur Rahman,1,16,33,0,3,3,2,2.67,12.38,18.75
2017,NB Singh,2,24,14,1,13,2,0,4.0,3.5,54.17
2017,NM Coulter-Nile,8,170,220,16,70,28,6,28.33,7.76,41.18
2017,P Kumar,5,87,127,6,38,18,3,14.5,8.76,43.68
2017,P Negi,11,187,187,15,77,7,10,31.17,6.0,41.18
2017,PJ Cummins,11,253,333,15,75,33,9,42.17,7.9,29.64
2017,PJ Sangwan,5,108,179,6,44,25,7,18.0,9.94,40.74
2017,PP Chawla,5,96,145,5,29,12,7,16.0,9.06,30.21
2017,R Bhatia,3,42,53,2,9,1,3,7.0,7.57,21.43
2017,R Tewatia,3,54,48,3,23,1,3,9.0,5.33,42.59
2017,R Vinay Kumar,1,18,28,2,6,3,1,3.0,9.33,33.33
2017,RA Jadeja,12,228,348,5,57,29,15,38.0,9.16,25.0
2017,RA Tripathi,1,6,12,0,0,2,0,1.0,12.0,0.0
2017,RD Chahar,2,42,54,2,16,4,3,7.0,7.71,38.1
2017,Rashid Khan,13,300,330,17,110,23,12,50.0,6.6,36.67
2017,S Aravind,10,183,268,5,58,25,12,30.5,8.79,31.69
2017,S Badree,7,150,186,9,62,18,8,25.0,7.44,41.33
2017,S Kaul,9,190,269,13,57,20,13,31.67,8.49,30.0
2017,S Kaushik,2,42,63,0,11,3,4,7.0,9.0,26.19
2017,S Nadeem,6,83,104,5,35,10,5,13.83,7.52,42.17
2017,SB Jakati,1,12,22,0,2,2,1,2.0,11.0,16.67
2017,SK Raina,6,72,102,1,20,5,6,12.0,8.5,27.78
2017,SL Malinga,11,245,327,10,85,24,16,40.83,8.01,34.69
2017,SN Thakur,12,229,301,13,85,39,5,38.17,7.89,37.12
2017,SP Narine,14,330,361,12,126,36,6,55.0,6.56,38.18
2017,SR Watson,7,137,220,4,35,27,6,22.83,9.64,25.55
2017,SS Agarwal,1,24,42,1,7,3,3,4.0,10.5,29.17
2017,STR Binny,4,36,49,4,9,6,0,6.0,8.17,25.0
2017,Sandeep Sharma,13,288,386,17,115,43,14,48.0,8.04,39.93
2017,Shakib Al Hasan,1,18,31,0,5,5,1,3.0,10.33,27.78
2017,Swapnil Singh,4,42,60,1,7,0,4,7.0,8.57,16.67
2017,T Natarajan,6,76,109,2,24,9,5,12.67,8.61,31.58
2017,TA Boult,5,119,172,4,45,23,5,19.83,8.67,37.82
2017,TG Southee,3,60,90,3,21,9,4,10.0,9.0,35.0
2017,TM Head,5,48,81,3,7,3,5,8.0,10.12,14.58
2017,TS Mills,4,83,111,4,34,12,5,13.83,8.02,40.96
2017,Tejas Baroka,1,21,33,0,6,2,2,3.5,9.43,28.57
2017,UT Yadav,14,291,394,18,117,44,17,48.5,8.12,40.21
2017,VR Aaron,6,120,154,7,51,20,4,20.0,7.7,42.5
2017,Washington Sundar,10,180,183,9,81,17,6,30.0,6.1,45.0
2017,YK Pathan,3,18,26,1,7,3,1,3.0,8.67,38.89
2017,YS Chahal,12,237,302,13,82,16,17,39.5,7.65,34.6
2017,Yuvraj Singh,2,12,22,2,2,1,2,2.0,11.0,16.67
2017,Z Khan,10,217,278,9,63,28,7,36.17,7.69,29.03
2007/08,A Kumble,10,230,294,8,85,27,14,38.33,7.67,36.96
2007/08,A Mishra,6,119,134,11,42,4,8,19.83,6.76,35.29
2007/08,A Nehra,14,269,336,14,120,47,8,44.83,7.49,44.61
2007/08,A Nel,1,18,31,1,7,3,2,3.0,10.33,38.89
2007/08,A Symonds,3,41,94,0,9,6,9,6.83,13.76,21.95
2007/08,AA Noffke,1,24,35,1,6,2,2,4.0,8.75,25.0
2007/08,AB Agarkar,9,156,195,8,66,21,8,26.0,7.5,42.31
2007/08,AB Dinda,12,234,245,11,116,38,1,39.0,6.28,49.57
2007/08,AD Mascarenhas,1,24,27,2,8,3,0,4.0,6.75,33.33
2007/08,AM Nayar,5,42,67,1,14,3,6,7.0,9.57,33.33
2007/08,Abdur Razzak,1,12,23,0,5,3,1,2.0,11.5,41.67
2007/08,B Akhil,6,104,132,3,34,10,6,17.33,7.62,32.69
2007/08,B Geeves,2,48,90,2,15,17,1,8.0,11.25,31.25
2007/08,B Lee,4,96,109,5,44,16,2,16.0,6.81,45.83
2007/08,BAW Mendis,1,24,24,1,9,3,0,4.0,6.0,37.5
2007/08,CK Kapugedera,3,17,49,0,0,5,3,2.83,17.29,0.0
2007/08,CL White,1,6,22,0,0,2,2,1.0,22.0,0.0
2007/08,CRD Fernando,5,120,152,12,49,15,6,20.0,7.6,40.83
2007/08,D Kalyankrishna,3,48,85,2,10,8,4,8.0,10.62,20.83
2007/08,D Salunkhe,5,47,70,1,13,6,3,7.83,8.94,27.66
2007/08,DB Ravi Teja,1,12,19,1,3,0,2,2.0,9.5,25.0
2007/08,DJ Bravo,9,171,222,11,66,20,10,28.5,7.79,38.6
2007/08,DJ Hussey,5,78,129,3,24,8,9,13.0,9.92,30.77
2007/08,DJ Thornely,4,42,38,3,19,5,0,7.0,5.43,45.24
2007/08,DL Vettori,2,48,54,2,16,4,2,8.0,6.75,33.33
2007/08,DNT Zoysa,3,66,96,2,24,12,3,11.0,8.73,36.36
2007/08,DP Vijaykumar,9,152,192,4,63,23,5,25.33,7.58,41.45
2007/08,DR Smith,4,66,76,5,25,8,1,11.0,6.91,37.88
2007/08,DS Kulkarni,10,177,216,13,77,27,6,29.5,7.32,43.5
2007/08,DW Steyn,10,228,228,13,116,29,5,38.0,6.0,50.88
2007/08,GD McGrath,14,324,352,14,153,41,10,54.0,6.52,47.22
2007/08,Gagandeep Singh,4,84,141,3,25,14,6,14.0,10.07,29.76
2007/08,Harbhajan Singh,3,60,79,6,16,6,3,10.0,7.9,26.67
2007/08,I Sharma,13,253,308,7,110,44,5,42.17,7.3,43.48
2007/08,IK Pathan,14,318,331,20,150,32,13,53.0,6.25,47.17
2007/08,Iqbal Abdulla,1,18,22,1,6,3,0,3.0,7.33,33.33
2007/08,JA Morkel,13,288,373,20,100,38,11,48.0,7.77,34.72
2007/08,JDP Oram,4,96,145,6,32,17,5,16.0,9.06,33.33
2007/08,JH Kallis,11,206,302,4,55,33,9,34.33,8.8,26.7
2007/08,JR Hopes,11,168,273,7,52,22,17,28.0,9.75,30.95
2007/08,Joginder Sharma,7,148,228,9,43,19,11,24.67,9.24,29.05
2007/08,K Goel,1,12,25,0,2,1,2,2.0,12.5,16.67
2007/08,L Balaji,9,198,278,11,60,30,9,33.0,8.42,30.3
2007/08,LPC Silva,1,6,21,0,0,0,3,1.0,21.0,0.0
2007/08,LR Shukla,9,72,113,6,18,10,4,12.0,9.42,25.0
2007/08,M Kartik,5,88,126,5,31,12,7,14.67,8.59,35.23
2007/08,M Muralitharan,15,348,378,11,127,22,14,58.0,6.52,36.49
2007/08,M Ntini,9,210,238,8,99,29,8,35.0,6.8,47.14
2007/08,MA Khote,2,30,51,2,5,4,2,5.0,10.2,16.67
2007/08,MF Maharoof,10,216,238,19,84,17,10,36.0,6.61,38.89
2007/08,MM Patel,15,330,414,16,141,48,12,55.0,7.53,42.73
2007/08,MS Gony,16,360,432,18,154,42,16,60.0,7.2,42.78
2007/08,Mohammad Asif,8,192,289,9,64,37,8,32.0,9.03,33.33
2007/08,Mohammad Hafeez,4,60,61,2,22,5,2,10.0,6.1,36.67
2007/08,P Amarnath,6,132,236,7,29,29,7,22.0,10.73,21.97
2007/08,P Kumar,13,268,352,12,109,36,16,44.67,7.88,40.67
2007/08,PJ Sangwan,7,144,200,7,47,19,8,24.0,8.33,32.64
2007/08,PM Sarvesh Kumar,2,30,41,1,11,7,0,5.0,8.2,36.67
2007/08,PP Chawla,15,281,375,19,110,28,21,46.83,8.01,39.15
2007/08,PP Ojha,12,222,264,11,70,19,11,37.0,7.14,31.53
2007/08,Pankaj Singh,5,72,125,0,18,12,5,12.0,10.42,25.0
2007/08,R Bhatia,9,132,180,9,48,12,11,22.0,8.18,36.36
2007/08,R Vinay Kumar,8,138,179,7,59,18,7,23.0,7.78,42.75
2007/08,RA Jadeja,2,13,21,1,6,3,1,2.17,9.69,46.15
2007/08,RG Sharma,1,24,24,1,6,2,0,4.0,6.0,25.0
2007/08,RP Singh,14,308,425,17,122,56,12,51.33,8.28,39.61
2007/08,RR Powar,5,72,86,3,30,8,4,12.0,7.17,41.67
2007/08,RR Raje,6,98,133,6,28,15,2,16.33,8.14,28.57
2007/08,S Sreesanth,15,307,408,19,132,53,11,51.17,7.97,43.0
2007/08,S Vidyut,1,12,21,1,5,1,2,2.0,10.5,41.67
2007/08,SB Bangar,9,150,212,6,55,24,7,25.0,8.48,36.67
2007/08,SB Joshi,4,55,82,1,18,6,5,9.17,8.95,32.73
2007/08,SB Styris,8,162,194,4,61,10,11,27.0,7.19,37.65
2007/08,SC Ganguly,7,120,127,7,46,9,5,20.0,6.35,38.33
2007/08,SD Chitnis,2,36,54,2,9,4,3,6.0,9.0,25.0
2007/08,SK Raina,2,20,30,2,4,1,2,3.33,9.0,20.0
2007/08,SK Trivedi,15,288,386,15,102,32,17,48.0,8.04,35.42
2007/08,SK Warne,15,312,395,20,107,23,19,52.0,7.6,34.29
2007/08,SM Pollock,13,276,297,13,130,30,9,46.0,6.46,47.1
2007/08,SR Watson,15,325,364,20,158,53,6,54.17,6.72,48.62
2007/08,ST Jayasuriya,8,126,158,5,36,10,6,21.0,7.52,28.57
2007/08,Shahid Afridi,10,180,220,9,57,19,7,30.0,7.33,31.67
2007/08,Shoaib Akhtar,3,42,50,5,23,6,2,7.0,7.14,54.76
2007/08,Shoaib Malik,5,51,77,2,15,7,3,8.5,9.06,29.41
2007/08,Sohail Tanvir,11,247,246,24,121,27,7,41.17,5.98,48.99
2007/08,TM Dilshan,1,6,3,1,3,0,0,1.0,3.0,50.0
2007/08,Umar Gul,6,135,166,14,51,17,5,22.5,7.38,37.78
2007/08,V Kohli,4,46,57,2,7,3,1,7.67,7.43,15.22
2007/08,V Sehwag,7,66,132,3,18,9,11,11.0,12.0,27.27
2007/08,VRV Singh,13,288,412,15,94,46,11,48.0,8.58,32.64
2007/08,VS Yeligati,2,30,53,0,6,7,2,5.0,10.6,20.0
2007/08,VY Mahesh,11,253,356,17,94,38,14,42.17,8.44,37.15
2007/08,WA Mota,2,18,34,1,3,2,2,3.0,11.33,16.67
2007/08,WPUJC Vaas,5,102,144,6,41,20,4,17.0,8.47,40.2
2007/08,Y Venugopal Rao,7,84,131,3,22,15,3,14.0,9.36,26.19
2007/08,YK Pathan,13,169,229,10,59,11,16,28.17,8.13,34.91
2007/08,Yuvraj Singh,6,54,81,3,12,5,4,9.0,9.0,22.22
2007/08,Z Khan,11,252,347,15,100,50,7,42.0,8.26,39.68
2009/10,A Kumble,16,380,393,19,151,27,13,63.33,6.21,39.74
2009/10,A Mishra,14,318,352,20,131,26,16,53.0,6.64,41.19
2009/10,A Mithun,1,18,37,1,2,2,3,3.0,12.33,11.11
2009/10,A Nehra,4,84,95,6,37,11,2,14.0,6.79,44.05
2009/10,A Symonds,16,318,365,13,106,25,13,53.0,6.89,33.33
2009/10,A Uniyal,2,36,64,3,8,6,3,6.0,10.67,22.22
2009/10,AA Jhunjhunwala,5,37,67,0,12,5,4,6.17,10.86,32.43
2009/10,AB Agarkar,7,132,199,4,40,24,6,22.0,9.05,30.3
2009/10,AB Dinda,7,139,147,12,64,22,0,23.17,6.35,46.04
2009/10,AB McDonald,4,84,137,8,21,10,8,14.0,9.79,25.0
2009/10,AC Voges,7,54,74,1,15,8,2,9.0,8.22,27.78
2009/10,AD Mascarenhas,2,48,65,4,16,8,1,8.0,8.12,33.33
2009/10,AD Mathews,12,225,309,8,58,28,9,37.5,8.24,25.78
2009/10,AG Murtaza,3,72,86,4,23,3,5,12.0,7.17,31.94
2009/10,AJ Finch,1,7,5,0,3,0,0,1.17,4.29,42.86
2009/10,AN Ahmed,1,12,20,0,3,3,0,2.0,10.0,25.0
2009/10,AP Dole,3,66,105,5,20,11,4,11.0,9.55,30.3
2009/10,B Akhil,1,6,6,0,3,1,0,1.0,6.0,50.0
2009/10,B Lee,4,87,137,0,20,15,3,14.5,9.45,22.99
2009/10,BAW Mendis,2,48,60,2,12,2,3,8.0,7.5,25.0
2009/10,BJ Hodge,4,30,41,2,8,2,2,5.0,8.2,26.67
2009/10,Bipul Sharma,4,60,94,4,14,5,5,10.0,9.4,23.33
2009/10,C Ganapathy,1,6,13,0,1,1,1,1.0,13.0,16.67
2009/10,CH Gayle,6,96,138,4,29,15,4,16.0,8.62,30.21
2009/10,CK Langeveldt,3,66,84,5,26,9,3,11.0,7.64,39.39
2009/10,CL White,1,6,18,0,2,1,2,1.0,18.0,33.33
2009/10,CRD Fernando,5,114,127,7,50,15,3,19.0,6.68,43.86
2009/10,DE Bollinger,8,186,199,13,94,19,8,31.0,6.42,50.54
2009/10,DJ Bravo,10,157,223,5,48,19,9,26.17,8.52,30.57
2009/10,DJ Hussey,5,60,80,0,13,5,2,10.0,8.0,21.67
2009/10,DL Vettori,3,70,95,3,21,9,3,11.67,8.14,30.0
2009/10,DP Nannes,9,206,209,11,89,23,3,34.33,6.09,43.2
2009/10,DR Smith,2,23,36,1,6,6,0,3.83,9.39,26.09
2009/10,DS Kulkarni,1,24,35,1,10,3,2,4.0,8.75,41.67
2009/10,DW Steyn,15,354,377,17,164,45,6,59.0,6.39,46.33
2009/10,FY Fazal,2,12,20,1,1,1,1,2.0,10.0,8.33
2009/10,Harbhajan Singh,14,321,360,20,102,21,12,53.5,6.73,31.78
2009/10,Harmeet Singh,8,144,163,10,59,16,5,24.0,6.79,40.97
2009/10,I Sharma,7,150,225,7,54,30,6,25.0,9.0,36.0
2009/10,IK Pathan,14,278,414,17,98,54,11,46.33,8.94,35.25
2009/10,Iqbal Abdulla,3,51,61,2,18,5,2,8.5,7.18,35.29
2009/10,J Theron,7,149,187,9,46,19,5,24.83,7.53,30.87
2009/10,JA Morkel,14,286,392,14,97,47,9,47.67,8.22,33.92
2009/10,JD Unadkat,3,62,85,4,20,10,2,10.33,8.23,32.26
2009/10,JH Kallis,16,342,464,15,118,46,16,57.0,8.14,34.5
2009/10,JM Kemp,5,44,51,3,15,6,1,7.33,6.95,34.09
2009/10,JP Duminy,2,33,37,1,13,4,1,5.5,6.73,39.39
2009/10,Jaskaran Singh,6,84,131,6,31,19,3,14.0,9.36,36.9
2009/10,Joginder Sharma,3,48,86,2,14,12,2,8.0,10.75,29.17
2009/10,K Goel,1,6,7,0,1,0,0,1.0,7.0,16.67
2009/10,KA Pollard,12,222,263,17,58,16,6,37.0,7.11,26.13
2009/10,KAJ Roach,2,48,76,0,20,10,3,8.0,9.5,41.67
2009/10,KP Appanna,2,42,49,3,15,2,3,7.0,7.0,35.71
2009/10,KP Pietersen,6,60,77,3,18,4,4,10.0,7.7,30.0
2009/10,Kamran Khan,3,36,51,4,18,7,2,6.0,8.5,50.0
2009/10,L Ablish,2,24,33,5,7,5,0,4.0,8.25,29.17
2009/10,L Balaji,7,140,192,10,50,18,9,23.33,8.23,35.71
2009/10,LR Shukla,4,72,106,3,19,7,5,12.0,8.83,26.39
2009/10,M Kartik,10,234,249,10,77,22,3,39.0,6.38,32.91
2009/10,M Morkel,2,42,62,0,15,10,1,7.0,8.86,35.71
2009/10,M Muralitharan,12,292,320,16,123,22,15,48.67,6.58,42.12
2009/10,MB Parmar,1,18,32,0,4,6,0,3.0,10.67,22.22
2009/10,MC Henriques,1,24,35,1,10,3,2,4.0,8.75,41.67
2009/10,MF Maharoof,7,144,197,10,54,24,5,24.0,8.21,37.5
2009/10,MK Tiwary,1,6,10,1,2,0,1,1.0,10.0,33.33
2009/10,MM Patel,4,78,118,5,31,15,4,13.0,9.08,39.74
2009/10,MR Marsh,3,60,84,2,24,13,1,10.0,8.4,40.0
2009/10,MS Gony,3,48,89,1,17,15,2,8.0,11.12,35.42
2009/10,ND Doshi,1,24,16,1,14,0,1,4.0,4.0,58.33
2009/10,NLTC Perera,1,6,19,0,0,4,0,1.0,19.0,0.0
2009/10,P Kumar,12,270,358,12,109,39,13,45.0,7.96,40.37
2009/10,PD Collingwood,6,89,100,5,24,4,3,14.83,6.74,26.97
2009/10,PJ Sangwan,8,186,245,9,70,24,8,31.0,7.9,37.63
2009/10,PP Chawla,14,294,361,13,94,27,12,49.0,7.37,31.97
2009/10,PP Ojha,16,353,418,22,133,29,17,58.83,7.1,37.68
2009/10,Pankaj Singh,2,48,74,2,21,7,5,8.0,9.25,43.75
2009/10,R Ashwin,12,288,284,14,124,25,8,48.0,5.92,43.06
2009/10,R Bhatia,5,96,130,3,23,11,4,16.0,8.12,23.96
2009/10,R McLaren,10,204,259,5,69,33,3,34.0,7.62,33.82
2009/10,R Sathish,4,48,78,3,14,7,4,8.0,9.75,29.17
2009/10,R Sharma,6,124,165,6,40,8,11,20.67,7.98,32.26
2009/10,R Vinay Kumar,14,277,389,19,101,36,16,46.17,8.43,36.46
2009/10,RE van der Merwe,1,24,24,2,8,2,0,4.0,6.0,33.33
2009/10,RG Sharma,9,114,147,2,32,12,4,19.0,7.74,28.07
2009/10,RJ Harris,8,184,216,15,81,22,7,30.67,7.04,44.02
2009/10,RP Singh,12,252,354,14,98,40,14,42.0,8.43,38.89
2009/10,RR Powar,7,138,146,4,62,14,4,23.0,6.35,44.93
2009/10,RS Bopara,5,78,118,5,21,7,7,13.0,9.08,26.92
2009/10,RS Gavaskar,1,6,8,0,2,1,0,1.0,8.0,33.33
2009/10,S Ladda,5,90,141,4,34,8,11,15.0,9.4,37.78
2009/10,S Narwal,5,94,180,6,31,14,13,15.67,11.49,32.98
2009/10,S Sreesanth,6,114,173,5,44,19,7,19.0,9.11,38.6
2009/10,S Sriram,1,12,24,0,2,3,1,2.0,12.0,16.67
2009/10,S Tyagi,6,95,152,1,34,16,8,15.83,9.6,35.79
2009/10,SB Jakati,11,228,283,15,82,19,13,38.0,7.45,35.96
2009/10,SB Wagh,1,6,16,1,2,4,0,1.0,16.0,33.33
2009/10,SC Ganguly,3,24,42,0,2,3,2,4.0,10.5,8.33
2009/10,SE Bond,8,186,218,9,75,27,3,31.0,7.03,40.32
2009/10,SJ Srivastava,8,162,239,6,54,29,7,27.0,8.85,33.33
2009/10,SK Raina,12,143,174,7,40,12,6,23.83,7.3,27.97
2009/10,SK Trivedi,10,213,255,13,69,21,7,35.5,7.18,32.39
2009/10,SK Warne,14,300,375,12,93,25,15,50.0,7.5,31.0
2009/10,SL Malinga,13,294,320,17,116,34,5,49.0,6.53,39.46
2009/10,SR Watson,6,132,177,7,61,25,4,22.0,8.05,46.21
2009/10,ST Jayasuriya,4,54,63,3,19,5,2,9.0,7.0,35.19
2009/10,STR Binny,1,6,9,0,0,1,0,1.0,9.0,0.0
2009/10,SW Tait,8,187,236,12,70,31,5,31.17,7.57,37.43
2009/10,T Thushara,4,87,94,7,38,9,3,14.5,6.48,43.68
2009/10,TL Suman,2,12,23,0,2,2,1,2.0,11.5,16.67
2009/10,TM Dilshan,4,49,70,3,18,1,7,8.17,8.57,36.73
2009/10,UT Yadav,7,144,174,8,55,25,2,24.0,7.25,38.19
2009/10,V Kohli,4,32,49,0,7,3,2,5.33,9.19,21.88
2009/10,V Sehwag,3,34,23,3,18,2,0,5.67,4.06,52.94
2009/10,VRV Singh,1,18,37,0,4,4,2,3.0,12.33,22.22
2009/10,VS Malik,3,43,59,1,16,10,0,7.17,8.23,37.21
2009/10,VY Mahesh,1,18,22,1,5,2,0,3.0,7.33,27.78
2009/10,WPUJC Vaas,6,132,138,11,63,14,6,22.0,6.27,47.73
2009/10,Y Nagar,1,18,28,1,7,4,1,3.0,9.33,38.89
2009/10,Y Venugopal Rao,1,6,10,0,1,1,0,1.0,10.0,16.67
2009/10,YA Abdulla,2,41,65,1,13,7,3,6.83,9.51,31.71
2009/10,YK Pathan,11,204,236,6,60,21,6,34.0,6.94,29.41
2009/10,Yuvraj Singh,10,138,151,6,45,8,6,23.0,6.57,32.61
2009/10,Z Khan,14,290,371,18,107,45,8,48.33,7.68,36.9
2012,DE Bollinger,1,18,23,4,11,2,2,3.0,7.67,61.11
2012,DJ Bravo,1,24,29,0,9,3,1,4.0,7.25,37.5
2012,DL Vettori,1,24,30,0,9,1,2,4.0,7.5,37.5
2012,JA Morkel,1,24,33,2,5,1,2,4.0,8.25,20.83
2012,M Muralitharan,1,24,21,3,10,1,0,4.0,5.25,41.67
2012,R Ashwin,1,24,46,0,6,5,2,4.0,11.5,25.0
2012,R Vinay Kumar,1,24,50,1,6,4,3,4.0,12.5,25.0
2012,RA Jadeja,1,12,16,2,3,2,0,2.0,8.0,25.0
2012,RR Bhatkal,1,12,35,0,0,2,3,2.0,17.5,0.0
2012,SB Jakati,1,12,22,0,3,1,2,2.0,11.0,25.0
2012,SK Raina,1,6,20,0,1,0,3,1.0,20.0,16.67
2012,V Kohli,1,12,36,0,1,3,3,2.0,18.0,8.33
2012,Z Khan,1,24,31,1,7,4,0,4.0,7.75,29.17
2013,A Mishra,1,24,19,4,10,0,1,4.0,4.75,41.67
2013,AB Dinda,1,24,23,2,11,3,0,4.0,5.75,45.83
2013,AD Mathews,1,24,29,0,5,1,1,4.0,7.25,20.83
2013,B Kumar,1,24,16,3,16,2,0,4.0,4.0,66.67
2013,DW Steyn,1,24,34,1,10,5,0,4.0,8.5,41.67
2013,I Sharma,1,24,22,1,13,3,0,4.0,5.5,54.17
2013,KV Sharma,1,18,13,1,8,1,0,3.0,4.33,44.44
2013,MR Marsh,1,24,25,1,6,2,0,4.0,6.25,25.0
2013,NLTC Perera,1,24,20,3,13,2,0,4.0,5.0,54.17
2013,R Sharma,1,24,21,2,12,1,1,4.0,5.25,50.0
2015,A Nehra,1,24,16,2,15,2,0,4.0,4.0,62.5
2015,AR Patel,1,24,34,1,8,4,1,4.0,8.5,33.33
2015,Anureet Singh,1,24,34,1,5,3,1,4.0,8.5,20.83
2015,DJ Bravo,1,18,13,0,5,0,0,3.0,4.33,27.78
2015,IC Pandey,1,12,16,1,5,1,1,2.0,8.0,41.67
2015,Karanveer Singh,1,24,42,1,10,3,3,4.0,10.5,41.67
2015,MG Johnson,1,24,38,0,10,5,1,4.0,9.5,41.67
2015,MM Sharma,1,18,10,1,12,1,0,3.0,3.33,66.67
2015,R Ashwin,1,24,10,2,14,0,0,4.0,2.5,58.33
2015,RA Jadeja,1,24,22,3,9,1,1,4.0,5.5,37.5
2015,Sandeep Sharma,1,24,32,0,11,4,1,4.0,8.0,45.83
2016,AD Russell,1,24,19,6,13,0,2,4.0,4.75,54.17
2016,AR Patel,1,24,24,0,7,0,1,4.0,6.0,29.17
2016,GB Hogg,1,12,28,0,1,2,2,2.0,14.0,8.33
2016,GJ Maxwell,1,6,11,0,1,2,0,1.0,11.0,16.67
2016,Gurkeerat Singh,1,6,8,0,1,1,0,1.0,8.0,16.67
2016,M Morkel,1,24,26,1,11,4,0,4.0,6.5,45.83
2016,MM Sharma,1,24,39,1,4,3,2,4.0,9.75,16.67
2016,MP Stoinis,1,18,26,0,4,4,0,3.0,8.67,22.22
2016,PP Chawla,1,24,26,2,11,2,1,4.0,6.5,45.83
2016,Sandeep Sharma,1,24,22,2,9,2,0,4.0,5.5,37.5
2016,Shakib Al Hasan,1,18,21,0,6,1,1,3.0,7.0,33.33
2016,Swapnil Singh,1,18,29,0,3,1,2,3.0,9.67,16.67
2016,UT Yadav,1,18,25,0,4,3,0,3.0,8.33,22.22
2017,A Mishra,1,12,32,0,3,2,3,2.0,16.0,25.0
2017,B Kumar,1,24,25,2,8,1,1,4.0,6.25,33.33
2017,B Stanlake,1,24,28,2,12,4,0,4.0,7.0,50.0
2017,CH Morris,1,24,21,3,16,3,1,4.0,5.25,66.67
2017,CR Brathwaite,1,12,28,0,1,2,2,2.0,14.0,8.33
2017,CR Woakes,1,18,35,0,4,5,1,3.0,11.67,22.22
2017,DR Smith,1,6,23,0,1,1,3,1.0,23.0,16.67
2017,DS Kulkarni,1,17,40,0,3,3,3,2.83,14.12,17.65
2017,HH Pandya,1,6,13,0,1,2,0,1.0,13.0,16.67
2017,Harbhajan Singh,1,24,23,0,8,2,0,4.0,5.75,33.33
2017,Iqbal Abdulla,1,18,33,2,3,2,2,3.0,11.0,16.67
2017,JJ Bumrah,1,20,23,1,8,3,0,3.33,6.9,40.0
2017,KV Sharma,1,12,19,0,5,1,2,2.0,9.5,41.67
2017,Kuldeep Yadav,1,24,25,2,8,1,1,4.0,6.25,33.33
2017,MC Henriques,1,6,15,0,0,3,0,1.0,15.0,0.0
2017,MJ McClenaghan,1,24,25,1,8,2,0,4.0,6.25,33.33
2017,MS Gony,1,12,29,0,4,5,1,2.0,14.5,33.33
2017,Mohammad Nabi,1,24,13,1,15,1,0,4.0,3.25,62.5
2017,Mohammed Siraj,1,18,29,0,5,3,1,3.0,9.67,27.78
2017,P Kumar,1,12,13,0,2,1,0,2.0,6.5,16.67
2017,P Negi,1,6,3,2,3,0,0,1.0,3.0,50.0
2017,PJ Cummins,1,24,28,1,9,4,0,4.0,7.0,37.5
2017,PP Chawla,1,24,32,1,7,1,2,4.0,8.0,29.17
2017,Rashid Khan,1,24,22,1,11,1,1,4.0,5.5,45.83
2017,S Kaul,1,24,24,3,8,1,0,4.0,6.0,33.33
2017,S Kaushik,1,24,40,0,9,7,1,4.0,10.0,37.5
2017,S Nadeem,1,24,12,1,12,0,0,4.0,3.0,50.0
2017,SB Jakati,1,18,24,0,2,1,0,3.0,8.0,11.11
2017,SL Malinga,1,24,33,1,5,3,0,4.0,8.25,20.83
2017,SP Narine,1,24,33,0,7,5,0,4.0,8.25,29.17
2017,SR Watson,1,24,21,1,12,1,1,4.0,5.25,50.0
2017,TA Boult,1,24,39,1,8,8,0,4.0,9.75,33.33
2017,TS Mills,1,24,33,1,7,3,1,4.0,8.25,29.17
2017,YK Pathan,1,6,15,0,1,0,2,1.0,15.0,16.67
2017,YS Chahal,1,24,19,1,10,0,1,4.0,4.75,41.67
2017,Z Khan,1,24,30,3,9,3,1,4.0,7.5,37.5
2018,A Dananjaya,1,24,46,0,6,2,4,4.0,11.5,25.0
2018,A Mishra,10,222,259,13,73,14,10,37.0,7.0,32.88
2018,AD Russell,15,227,343,13,74,34,15,37.83,9.07,32.6
2018,AJ Tye,14,336,431,28,108,39,13,56.0,7.7,32.14
2018,AR Patel,8,156,216,3,38,16,8,26.0,8.31,24.36
2018,AS Rajpoot,8,157,214,11,76,29,9,26.17,8.18,48.41
2018,Ankit Sharma,1,6,11,0,1,2,0,1.0,11.0,16.67
2018,Anureet Singh,3,24,42,2,4,4,1,4.0,10.5,16.67
2018,Avesh Khan,6,114,201,4,43,14,17,19.0,10.58,37.72
2018,B Kumar,12,277,345,10,121,30,16,46.17,7.47,43.68
2018,B Laughlin,7,126,203,9,33,19,8,21.0,9.67,26.19
2018,B Stanlake,4,96,126,5,47,13,6,16.0,7.88,48.96
2018,BA Stokes,12,222,293,9,73,35,4,37.0,7.92,32.88
2018,BB Sran,6,132,213,6,45,21,10,22.0,9.68,34.09
2018,BCJ Cutting,7,102,165,2,23,18,6,17.0,9.71,22.55
2018,Basil Thampi,4,61,113,5,16,8,8,10.17,11.11,26.23
2018,C de Grandhomme,7,90,118,3,23,8,5,15.0,7.87,25.56
2018,CH Morris,4,84,140,3,29,11,10,14.0,10.0,34.52
2018,CJ Anderson,3,52,110,5,14,11,8,8.67,12.69,26.92
2018,CJ Dala,1,18,33,0,7,3,2,3.0,11.0,38.89
2018,CJ Jordan,1,24,30,0,10,2,2,4.0,7.5,41.67
2018,CR Brathwaite,4,61,91,6,21,11,4,10.17,8.95,34.43
2018,CR Woakes,5,110,182,8,44,20,11,18.33,9.93,40.0
2018,DJ Bravo,16,321,516,18,85,35,29,53.5,9.64,26.48
2018,DJ Hooda,2,18,23,0,5,2,1,3.0,7.67,27.78
2018,DJ Willey,3,60,94,2,19,12,3,10.0,9.4,31.67
2018,DJM Short,2,18,19,1,7,1,1,3.0,6.33,38.89
2018,DL Chahar,12,229,259,10,114,28,10,38.17,6.79,49.78
2018,DS Kulkarni,8,119,181,4,53,24,8,19.83,9.13,44.54
2018,DT Christian,4,71,101,4,20,10,3,11.83,8.54,28.17
2018,GJ Maxwell,10,96,130,5,32,8,7,16.0,8.12,33.33
2018,HH Pandya,13,256,367,19,94,36,18,42.67,8.6,36.72
2018,HV Patel,5,105,160,7,34,16,7,17.5,9.14,32.38
2018,Harbhajan Singh,12,191,268,7,68,25,13,31.83,8.42,35.6
2018,IS Sodhi,6,138,135,5,49,8,2,23.0,5.87,35.51
2018,Imran Tahir,6,124,186,6,38,13,10,20.67,9.0,30.65
2018,JC Archer,10,233,309,15,93,31,12,38.83,7.96,39.91
2018,JD Unadkat,15,302,478,12,97,49,19,50.33,9.5,32.12
2018,JJ Bumrah,14,324,359,17,128,31,11,54.0,6.65,39.51
2018,JP Duminy,2,18,36,0,6,3,3,3.0,12.0,33.33
2018,JPR Scantlebury-Searles,3,42,86,2,7,4,7,7.0,12.29,16.67
2018,K Gowtham,15,240,308,12,87,34,9,40.0,7.7,36.25
2018,K Khejroliya,3,65,102,2,15,7,6,10.83,9.42,23.08
2018,KH Pandya,13,241,279,14,82,21,8,40.17,6.95,34.02
2018,KK Ahmed,1,18,37,0,6,2,4,3.0,12.33,33.33
2018,KM Asif,2,36,73,3,16,7,6,6.0,12.17,44.44
2018,KV Sharma,5,57,88,4,15,6,4,9.5,9.26,26.32
2018,Kuldeep Yadav,16,308,410,18,90,20,24,51.33,7.99,29.22
2018,L Ngidi,7,156,149,13,74,13,6,26.0,5.73,47.44
2018,LE Plunkett,7,150,221,4,39,15,12,25.0,8.84,26.0
2018,M Ashwin,2,42,50,3,19,5,2,7.0,7.14,45.24
2018,M Markande,14,264,364,15,80,30,17,44.0,8.27,30.3
2018,M Prasidh Krishna,7,168,251,12,59,28,10,28.0,8.96,35.12
2018,MA Wood,1,24,48,0,5,6,2,4.0,12.0,20.83
2018,MG Johnson,6,126,209,2,44,21,12,21.0,9.95,34.92
2018,MJ McClenaghan,11,240,317,16,98,30,15,40.0,7.92,40.83
2018,MK Lomror,2,18,27,0,2,3,0,3.0,9.0,11.11
2018,MK Tiwary,1,6,7,0,0,0,0,1.0,7.0,0.0
2018,MM Ali,5,79,95,6,26,5,5,13.17,7.22,32.91
2018,MM Sharma,9,178,314,7,44,33,14,29.67,10.58,24.72
2018,MP Stoinis,6,66,120,3,14,13,5,11.0,10.91,21.21
2018,Mohammad Nabi,2,30,47,1,12,6,2,5.0,9.4,40.0
2018,Mohammed Shami,4,83,142,3,28,12,9,13.83,10.27,33.73
2018,Mohammed Siraj,11,246,345,12,85,23,21,41.0,8.41,34.55
2018,Mujeeb Ur Rahman,11,248,282,15,90,21,9,41.33,6.82,36.29
2018,Mustafizur Rahman,7,165,228,9,57,21,10,27.5,8.29,34.55
2018,N Rana,5,37,43,4,17,6,1,6.17,6.97,45.95
2018,P Negi,2,24,49,1,9,1,6,4.0,12.25,37.5
2018,PJ Sangwan,1,12,19,0,4,4,0,2.0,9.5,33.33
2018,PP Chawla,15,294,410,14,106,44,15,49.0,8.37,36.05
2018,R Ashwin,14,304,399,11,76,23,16,50.67,7.88,25.0
2018,R Tewatia,8,132,171,6,40,7,10,22.0,7.77,30.3
2018,R Vinay Kumar,2,23,63,2,8,5,6,3.83,16.43,34.78
2018,RA Jadeja,14,246,295,12,78,18,12,41.0,7.2,31.71
2018,Rashid Khan,17,408,455,23,162,35,19,68.0,6.69,39.71
2018,S Gopal,10,186,234,12,65,10,15,31.0,7.55,34.95
2018,S Kaul,17,396,541,24,120,61,14,66.0,8.2,30.3
2018,S Lamichhane,3,72,81,5,29,5,4,12.0,6.75,40.28
2018,S Nadeem,6,90,159,5,20,14,8,15.0,10.6,22.22
2018,SN Thakur,13,280,416,17,111,33,24,46.67,8.91,39.64
2018,SP Narine,16,366,462,17,131,36,20,61.0,7.57,35.79
2018,SR Watson,11,168,243,7,56,20,12,28.0,8.68,33.33
2018,STR Binny,1,12,31,0,2,7,0,2.0,15.5,16.67
2018,Sandeep Sharma,12,264,324,14,115,30,14,44.0,7.36,43.56
2018,Shakib Al Hasan,17,342,451,16,96,28,20,57.0,7.91,28.07
2018,Shivam Mavi,9,168,258,7,61,22,16,28.0,9.21,36.31
2018,TA Boult,14,316,454,20,111,46,18,52.67,8.62,35.13
2018,TG Southee,8,174,252,8,57,26,9,29.0,8.69,32.76
2018,TK Curran,5,61,115,6,15,6,9,10.17,11.31,24.59
2018,UT Yadav,14,319,406,20,142,40,19,53.17,7.64,44.51
2018,V Shankar,4,30,54,1,8,5,3,5.0,10.8,26.67
2018,Washington Sundar,7,120,186,4,27,9,13,20.0,9.3,22.5
2018,YK Pathan,1,12,14,1,2,1,0,2.0,7.0,16.67
2018,YS Chahal,14,300,346,12,120,25,16,50.0,6.92,40.0
2018,Yuvraj Singh,2,12,22,0,0,3,0,2.0,11.0,0.0
2019,A Mishra,11,240,267,11,82,14,10,40.0,6.68,34.17
2019,AD Russell,12,181,286,11,60,28,14,30.17,9.48,33.15
2019,AJ Tye,6,132,228,3,30,23,9,22.0,10.36,22.73
2019,AR Patel,14,306,363,12,109,23,17,51.0,7.12,35.62
2019,AS Joseph,3,52,84,6,23,10,5,8.67,9.69,44.23
2019,AS Rajpoot,4,96,146,3,32,17,4,16.0,9.12,33.33
2019,AS Roy,1,12,8,1,4,0,0,2.0,4.0,33.33
2019,Abhishek Sharma,2,12,20,1,1,1,1,2.0,10.0,8.33
2019,Arshdeep Singh,3,60,104,3,15,12,4,10.0,10.4,25.0
2019,Avesh Khan,1,18,29,0,7,6,0,3.0,9.67,38.89
2019,B Kumar,15,354,447,14,163,49,16,59.0,7.58,46.05
2019,BA Stokes,6,101,181,6,26,21,7,16.83,10.75,25.74
2019,BB Sran,2,24,50,0,7,7,2,4.0,12.5,29.17
2019,BCJ Cutting,1,12,27,1,2,4,1,2.0,13.5,16.67
2019,Basil Thampi,3,72,109,0,17,10,5,12.0,9.08,23.61
2019,C de Grandhomme,3,30,54,0,2,3,3,5.0,10.8,6.67
2019,CH Morris,9,198,298,13,66,37,10,33.0,9.03,33.33
2019,CR Brathwaite,2,18,26,0,6,4,0,3.0,8.67,33.33
2019,CV Varun,1,18,35,1,8,3,3,3.0,11.67,44.44
2019,DJ Bravo,12,247,314,13,71,29,6,41.17,7.63,28.74
2019,DJ Hooda,2,12,20,1,1,1,1,2.0,10.0,8.33
2019,DL Chahar,17,387,469,22,186,60,12,64.5,7.27,48.06
2019,DS Kulkarni,10,210,326,6,76,36,13,35.0,9.31,36.19
2019,DW Steyn,2,48,69,4,18,7,3,8.0,8.62,37.5
2019,GC Viljoen,6,138,210,8,43,25,6,23.0,9.13,31.16
2019,GH Vihari,1,6,9,0,0,1,0,1.0,9.0,0.0
2019,HF Gurney,8,162,231,7,50,23,7,27.0,8.56,30.86
2019,HH Pandya,16,255,376,16,90,28,23,42.5,8.85,35.29
2019,HV Patel,2,48,69,3,15,5,4,8.0,8.62,31.25
2019,Harbhajan Singh,11,264,305,18,114,21,15,44.0,6.93,43.18
2019,Harpreet Brar,2,30,48,0,7,3,3,5.0,9.6,23.33
2019,I Sharma,13,276,337,14,113,45,7,46.0,7.33,40.94
2019,IS Sodhi,2,43,66,4,15,1,6,7.17,9.21,34.88
2019,Imran Tahir,17,386,426,26,146,27,18,64.33,6.62,37.82
2019,J Suchith,1,24,28,2,11,3,1,4.0,7.0,45.83
2019,J Yadav,2,42,49,1,17,2,3,7.0,7.0,40.48
2019,JC Archer,11,258,285,12,113,21,14,43.0,6.63,43.8
2019,JD Unadkat,11,224,386,11,55,29,22,37.33,10.34,24.55
2019,JJ Bumrah,16,374,408,23,157,41,11,62.33,6.55,41.98
2019,JP Behrendorff,5,114,162,5,51,19,8,19.0,8.53,44.74
2019,K Gowtham,7,120,164,1,34,15,6,20.0,8.2,28.33
2019,K Khejroliya,2,30,45,1,10,2,4,5.0,9.0,33.33
2019,K Rabada,12,288,363,29,109,40,10,48.0,7.56,37.85
2019,KC Cariappa,1,12,33,0,1,2,3,2.0,16.5,8.33
2019,KH Pandya,16,276,329,12,92,24,12,46.0,7.15,33.33
2019,KK Ahmed,9,209,274,20,83,29,11,34.83,7.87,39.71
2019,KMA Paul,8,163,216,10,52,18,8,27.17,7.95,31.9
2019,KV Sharma,1,17,33,1,4,1,3,2.83,11.65,23.53
2019,Kuldeep Yadav,9,198,282,5,54,19,13,33.0,8.55,27.27
2019,LH Ferguson,5,102,178,2,28,20,7,17.0,10.47,27.45
2019,LS Livingstone,1,6,13,0,3,0,2,1.0,13.0,50.0
2019,M Ashwin,10,204,247,5,57,20,6,34.0,7.26,27.94
2019,M Markande,3,36,58,1,11,6,3,6.0,9.67,30.56
2019,M Prasidh Krishna,11,248,374,5,89,50,10,41.33,9.05,35.89
2019,MJ McClenaghan,5,108,136,3,44,12,6,18.0,7.56,40.74
2019,MJ Santner,4,84,83,4,37,7,2,14.0,5.93,44.05
2019,MM Ali,9,150,168,7,63,11,8,25.0,6.72,42.0
2019,MM Sharma,1,18,27,1,8,4,1,3.0,9.0,44.44
2019,MP Stoinis,6,100,142,2,30,8,8,16.67,8.52,30.0
2019,Mandeep Singh,2,12,26,0,1,1,2,2.0,13.0,8.33
2019,Mohammad Nabi,8,175,194,8,65,11,9,29.17,6.65,37.14
2019,Mohammed Shami,14,324,461,22,111,47,19,54.0,8.54,34.26
2019,Mohammed Siraj,9,169,255,8,67,27,13,28.17,9.05,39.64
2019,Mujeeb Ur Rahman,5,114,175,3,36,13,9,19.0,9.21,31.58
2019,N Rana,6,48,70,3,14,6,3,8.0,8.75,29.17
2019,Navdeep Saini,13,288,386,12,135,49,14,48.0,8.04,46.88
2019,O Thomas,4,60,76,5,17,9,1,10.0,7.6,28.33
2019,P Negi,4,67,99,3,24,8,6,11.17,8.87,35.82
2019,P Ray Barman,1,24,56,0,2,3,4,4.0,14.0,8.33
2019,PP Chawla,13,267,399,10,84,31,21,44.5,8.97,31.46
2019,R Ashwin,14,330,388,17,100,20,15,55.0,7.05,30.3
2019,R Parag,7,84,121,2,18,8,4,14.0,8.64,21.43
2019,R Tewatia,3,38,41,2,19,4,2,6.33,6.47,50.0
2019,RA Jadeja,16,324,341,15,124,22,10,54.0,6.31,38.27
2019,RD Chahar,13,282,303,13,123,19,16,47.0,6.45,43.62
2019,Rashid Khan,15,363,380,19,160,31,15,60.5,6.28,44.08
2019,Rasikh Salam,1,24,39,0,8,3,2,4.0,9.75,33.33
2019,S Dube,2,10,7,0,3,0,0,1.67,4.2,30.0
2019,S Gopal,14,288,346,20,104,21,17,48.0,7.21,36.11
2019,S Kaul,7,162,235,6,55,15,15,27.0,8.7,33.95
2019,S Lamichhane,6,138,210,9,46,16,13,23.0,9.13,33.33
2019,S Midhun,1,12,26,0,3,2,2,2.0,13.0,25.0
2019,S Nadeem,3,54,90,3,9,3,7,9.0,10.0,16.67
2019,S Sandeep Warrier,3,72,84,2,29,8,3,12.0,7.0,40.28
2019,SC Kuggeleijn,2,48,69,2,17,6,3,8.0,8.62,35.42
2019,SE Rutherford,6,41,54,1,7,4,1,6.83,7.9,17.07
2019,SK Raina,1,6,6,0,1,0,0,1.0,6.0,16.67
2019,SL Malinga,12,269,427,18,84,37,23,44.83,9.52,31.23
2019,SM Curran,9,198,314,11,58,31,12,33.0,9.52,29.29
2019,SN Khan,1,2,6,0,0,1,0,0.33,18.0,0.0
2019,SN Thakur,9,180,271,9,61,29,11,30.0,9.03,33.89
2019,SP Narine,12,266,336,11,90,27,13,44.33,7.58,33.83
2019,STR Binny,5,42,43,1,13,3,0,7.0,6.14,30.95
2019,Sandeep Sharma,11,256,343,13,79,29,12,42.67,8.04,30.86
2019,Shakib Al Hasan,3,65,94,2,22,5,6,10.83,8.68,33.85
2019,TA Boult,5,114,156,5,44,12,9,19.0,8.21,38.6
2019,TG Southee,3,54,110,1,17,18,4,9.0,12.22,31.48
2019,UT Yadav,11,227,360,9,87,39,18,37.83,9.52,38.33
2019,V Shankar,5,48,66,2,14,8,1,8.0,8.25,29.17
2019,VR Aaron,5,72,114,4,25,10,5,12.0,9.5,34.72
2019,Washington Sundar,3,54,74,4,20,4,5,9.0,8.22,37.04
2019,Y Prithvi Raj,2,30,54,1,8,6,2,5.0,10.8,26.67
2019,YK Pathan,1,6,8,0,1,1,0,1.0,8.0,16.67
2019,YS Chahal,14,296,374,18,113,21,22,49.33,7.58,38.18
2020/21,A Mishra,3,60,71,3,17,4,2,10.0,7.1,28.33
2020/21,A Nortje,16,366,502,23,149,55,22,61.0,8.23,40.71
2020/21,A Zampa,3,66,91,2,20,3,6,11.0,8.27,30.3
2020/21,AD Russell,7,108,168,7,36,17,8,18.0,9.33,33.33
2020/21,AJ Tye,1,24,47,2,5,4,3,4.0,11.75,20.83
2020/21,AR Patel,15,306,325,11,98,20,7,51.0,6.37,32.03
2020/21,AS Rajpoot,6,102,186,2,31,18,12,17.0,10.94,30.39
2020/21,Abdul Samad,3,42,91,1,9,4,8,7.0,13.0,21.43
2020/21,Abhishek Sharma,6,60,89,2,10,3,5,10.0,8.9,16.67
2020/21,Arshdeep Singh,8,149,208,11,55,22,7,24.83,8.38,36.91
2020/21,Avesh Khan,1,24,41,0,7,6,1,4.0,10.25,29.17
2020/21,B Kumar,4,85,96,5,39,13,1,14.17,6.78,45.88
2020/21,BA Stokes,6,90,147,2,19,10,9,15.0,9.8,21.11
2020/21,Basil Thampi,1,24,46,1,5,6,1,4.0,11.5,20.83
2020/21,CH Gayle,1,5,5,0,0,0,0,0.83,6.0,0.0
2020/21,CH Morris,9,190,196,12,89,17,6,31.67,6.19,46.84
2020/21,CJ Green,1,17,24,0,6,4,0,2.83,8.47,35.29
2020/21,CJ Jordan,9,195,300,12,59,28,12,32.5,9.23,30.26
2020/21,CV Varun,13,312,355,17,110,27,9,52.0,6.83,35.26
2020/21,DA Warner,1,1,1,0,0,0,0,0.17,6.0,0.0
2020/21,DJ Bravo,6,126,171,7,35,15,3,21.0,8.14,27.78
2020/21,DJ Hooda,1,6,9,0,1,0,1,1.0,9.0,16.67
2020/21,DL Chahar,14,312,387,12,113,45,6,52.0,7.44,36.22
2020/21,DR Sams,3,72,109,0,22,9,5,12.0,9.08,30.56
2020/21,DS Kulkarni,1,18,20,0,6,2,0,3.0,6.67,33.33
2020/21,DW Steyn,3,70,128,1,23,13,7,11.67,10.97,32.86
2020/21,GJ Maxwell,7,126,169,3,35,9,9,21.0,8.05,27.78
2020/21,HV Patel,5,90,125,3,22,10,4,15.0,8.33,24.44
2020/21,Harpreet Brar,1,24,40,0,6,5,1,4.0,10.0,25.0
2020/21,I Sharma,1,18,24,0,4,0,1,3.0,8.0,22.22
2020/21,I Udana,10,174,274,8,45,26,11,29.0,9.45,25.86
2020/21,Imran Tahir,3,66,76,1,18,3,3,11.0,6.91,27.27
2020/21,J Yadav,2,42,43,1,13,1,1,7.0,6.14,30.95
2020/21,JC Archer,14,334,354,20,171,29,18,55.67,6.36,51.2
2020/21,JD Unadkat,7,138,220,5,34,12,13,23.0,9.57,24.64
2020/21,JDS Neesham,5,90,145,2,25,13,7,15.0,9.67,27.78
2020/21,JJ Bumrah,15,372,408,30,168,39,13,62.0,6.58,45.16
2020/21,JL Pattinson,10,213,311,11,77,34,10,35.5,8.76,36.15
2020/21,JO Holder,7,168,225,15,55,24,5,28.0,8.04,32.74
2020/21,JR Hazlewood,3,60,63,1,29,10,0,10.0,6.3,48.33
2020/21,K Gowtham,2,48,84,1,11,3,7,8.0,10.5,22.92
2020/21,K Rabada,17,397,532,32,151,51,21,66.17,8.04,38.04
2020/21,KA Pollard,11,126,178,4,33,13,7,21.0,8.48,26.19
2020/21,KH Pandya,16,301,360,6,95,27,11,50.17,7.18,31.56
2020/21,KK Ahmed,7,154,238,10,59,22,11,25.67,9.27,38.31
2020/21,KL Nagarkoti,9,156,227,5,44,15,11,26.0,8.73,28.21
2020/21,KS Williamson,1,12,24,0,0,0,2,2.0,12.0,0.0
2020/21,KV Sharma,5,114,161,5,27,8,9,19.0,8.47,23.68
2020/21,Kartik Tyagi,10,229,355,10,78,28,21,38.17,9.3,34.06
2020/21,Kuldeep Yadav,4,72,89,1,16,1,5,12.0,7.42,22.22
2020/21,L Ngidi,4,96,159,10,33,16,8,16.0,9.94,34.38
2020/21,LH Ferguson,5,122,145,9,47,16,3,20.33,7.13,38.52
2020/21,M Ashwin,9,189,233,10,68,20,9,31.5,7.4,35.98
2020/21,M Prasidh Krishna,6,105,160,4,35,20,4,17.5,9.14,33.33
2020/21,MJ Santner,2,42,53,2,12,6,1,7.0,7.57,28.57
2020/21,MM Ali,3,30,40,1,8,2,2,5.0,8.0,26.67
2020/21,MM Sharma,1,24,44,1,7,1,4,4.0,11.0,29.17
2020/21,MP Stoinis,13,178,276,13,46,23,14,29.67,9.3,25.84
2020/21,MR Marsh,1,4,6,0,1,1,0,0.67,9.0,25.0
2020/21,Mohammad Nabi,1,24,20,0,4,0,0,4.0,5.0,16.67
2020/21,Mohammed Shami,14,330,448,23,134,51,15,55.0,8.15,40.61
2020/21,Mohammed Siraj,9,163,227,11,72,25,11,27.17,8.36,44.17
2020/21,Monu Kumar,1,12,16,0,4,2,0,2.0,8.0,33.33
2020/21,Mujeeb Ur Rahman,2,48,80,0,12,4,5,8.0,10.0,25.0
2020/21,N Rana,2,12,22,0,0,3,0,2.0,11.0,0.0
2020/21,NM Coulter-Nile,7,156,195,6,69,17,9,26.0,7.5,44.23
2020/21,Navdeep Saini,13,280,366,8,115,35,17,46.67,7.84,41.07
2020/21,P Dubey,3,48,72,0,12,5,4,8.0,9.0,25.0
2020/21,PJ Cummins,14,312,393,12,133,43,15,52.0,7.56,42.63
2020/21,PP Chawla,7,126,189,7,37,13,10,21.0,9.0,29.37
2020/21,R Ashwin,15,306,385,15,99,29,14,51.0,7.55,32.35
2020/21,R Parag,2,12,25,0,3,1,2,2.0,12.5,25.0
2020/21,R Tewatia,14,276,316,11,94,12,16,46.0,6.87,34.06
2020/21,RA Jadeja,13,218,315,6,56,15,17,36.33,8.67,25.69
2020/21,RD Chahar,15,318,428,16,100,30,19,53.0,8.08,31.45
2020/21,Rashid Khan,16,388,338,20,164,17,10,64.67,5.23,42.27
2020/21,Ravi Bishnoi,14,306,362,14,119,25,17,51.0,7.1,38.89
2020/21,S Dube,5,54,72,5,13,6,2,9.0,8.0,24.07
2020/21,S Gopal,14,300,422,10,84,30,19,50.0,8.44,28.0
2020/21,S Kaul,1,24,62,2,6,9,3,4.0,15.5,25.0
2020/21,S Nadeem,7,132,173,6,30,13,4,22.0,7.86,22.73
2020/21,S Sandeep Warrier,1,18,31,0,8,5,1,3.0,10.33,44.44
2020/21,SM Curran,13,252,331,14,87,36,8,42.0,7.88,34.52
2020/21,SN Thakur,9,194,266,10,65,26,8,32.33,8.23,33.51
2020/21,SP Narine,10,228,300,6,62,14,15,38.0,7.89,27.19
2020/21,SS Cottrell,6,120,161,6,58,19,8,20.0,8.05,48.33
2020/21,Sandeep Sharma,13,312,369,14,119,29,13,52.0,7.1,38.14
2020/21,Shahbaz Ahmed,2,36,43,2,8,1,2,6.0,7.17,22.22
2020/21,Shivam Mavi,8,156,206,9,61,24,5,26.0,7.92,39.1
2020/21,T Natarajan,16,377,492,19,123,44,19,62.83,7.83,32.63
2020/21,TA Boult,15,348,466,26,156,67,11,58.0,8.03,44.83
2020/21,TK Curran,5,109,201,3,23,18,10,18.17,11.06,21.1
2020/21,TU Deshpande,5,102,184,3,28,22,7,17.0,10.82,27.45
2020/21,UT Yadav,2,42,79,1,13,11,3,7.0,11.29,30.95
2020/21,V Shankar,5,79,77,4,31,6,1,13.17,5.85,39.24
2020/21,VR Aaron,3,48,87,0,19,10,5,8.0,10.88,39.58
2020/21,Washington Sundar,15,300,296,9,112,16,8,50.0,5.92,37.33
2020/21,YS Chahal,15,343,397,22,112,23,16,57.17,6.94,32.65
2021,A Mishra,4,84,109,6,25,6,4,14.0,7.79,29.76
2021,A Nortje,8,182,174,12,79,17,2,30.33,5.74,43.41
2021,AD Russell,8,114,180,11,38,18,8,19.0,9.47,33.33
2021,AF Milne,4,84,128,4,28,12,7,14.0,9.14,33.33
2021,AK Markram,2,24,22,0,9,2,0,4.0,5.5,37.5
2021,AR Patel,12,282,309,16,99,17,13,47.0,6.57,35.11
2021,AU Rashid,1,18,35,0,6,1,4,3.0,11.67,33.33
2021,Abdul Samad,1,6,9,1,1,1,0,1.0,9.0,16.67
2021,Abhishek Sharma,6,60,61,4,23,5,1,10.0,6.1,38.33
2021,Akash Singh,1,24,39,0,7,5,1,4.0,9.75,29.17
2021,Arshdeep Singh,12,248,327,20,82,27,11,41.33,7.91,33.06
2021,Avesh Khan,16,366,432,27,146,41,15,61.0,7.08,39.89
2021,B Kumar,11,252,328,6,101,33,12,42.0,7.81,40.08
2021,BA Stokes,1,6,12,0,2,1,1,1.0,12.0,33.33
2021,C Sakariya,14,312,403,14,108,38,12,52.0,7.75,34.62
2021,CH Morris,11,246,356,17,83,34,16,41.0,8.68,33.74
2021,CJ Jordan,4,72,94,4,23,11,2,12.0,7.83,31.94
2021,CR Woakes,3,66,81,5,30,10,3,11.0,7.36,45.45
2021,CV Varun,17,408,440,20,142,28,14,68.0,6.47,34.8
2021,DJ Bravo,11,202,243,15,72,15,11,33.67,7.22,35.64
2021,DJ Hooda,7,96,136,2,31,11,6,16.0,8.5,32.29
2021,DL Chahar,15,324,436,16,130,56,13,54.0,8.07,40.12
2021,DR Sams,2,36,37,1,15,3,1,6.0,6.17,41.67
2021,DS Kulkarni,1,24,46,0,7,3,4,4.0,11.5,29.17
2021,DT Christian,9,100,151,4,28,15,5,16.67,9.06,28.0
2021,FA Allen,3,66,89,1,20,7,4,11.0,8.09,30.3
2021,GD Phillips,2,12,19,1,4,2,1,2.0,9.5,33.33
2021,GHS Garton,5,90,128,3,31,11,6,15.0,8.53,34.44
2021,GJ Maxwell,6,96,132,3,25,6,8,16.0,8.25,26.04
2021,HV Patel,15,338,436,35,120,37,16,56.33,7.74,35.5
2021,Harbhajan Singh,3,42,60,0,19,7,3,7.0,8.57,45.24
2021,Harpreet Brar,7,138,134,5,54,4,5,23.0,5.83,39.13
2021,I Sharma,3,72,97,1,25,7,5,12.0,8.08,34.72
2021,IC Porel,1,24,37,1,7,6,1,4.0,9.25,29.17
2021,Imran Tahir,1,24,14,3,14,1,0,4.0,3.5,58.33
2021,J Suchith,2,42,66,1,11,9,1,7.0,9.43,26.19
2021,J Yadav,5,102,126,3,43,10,6,17.0,7.41,42.16
2021,JA Richardson,3,66,114,3,22,10,7,11.0,10.36,33.33
2021,JD Unadkat,6,132,166,4,52,17,6,22.0,7.55,39.39
2021,JDS Neesham,3,54,66,5,19,5,3,9.0,7.33,35.19
2021,JJ Bumrah,14,330,384,22,134,36,11,55.0,6.98,40.61
2021,JO Holder,8,191,231,16,74,24,5,31.83,7.26,38.74
2021,JR Hazlewood,9,210,288,11,81,29,13,35.0,8.23,38.57
2021,Jalaj S Saxena,1,18,27,0,5,4,0,3.0,9.0,27.78
2021,K Rabada,15,336,446,16,130,32,24,56.0,7.96,38.69
2021,K Yadav,1,12,16,0,4,3,0,2.0,8.0,33.33
2021,KA Jamieson,9,168,258,9,69,27,14,28.0,9.21,41.07
2021,KA Pollard,9,79,89,6,26,8,2,13.17,6.76,32.91
2021,KH Pandya,12,199,250,5,66,15,12,33.17,7.54,33.17
2021,KK Ahmed,7,162,213,5,53,25,4,27.0,7.89,32.72
2021,KL Nagarkoti,1,12,25,0,2,1,2,2.0,12.5,16.67
2021,KM Asif,1,13,17,1,2,1,0,2.17,7.85,15.38
2021,KW Richardson,1,18,28,1,5,5,0,3.0,9.33,27.78
2021,Kartik Tyagi,4,84,113,4,36,17,2,14.0,8.07,42.86
2021,L Ngidi,3,72,122,5,24,10,8,12.0,10.17,33.33
2021,LH Ferguson,8,180,218,14,74,24,6,30.0,7.27,41.11
2021,LI Meriwala,1,18,31,1,6,4,1,3.0,10.33,33.33
2021,Lalit Yadav,5,84,101,4,21,5,3,14.0,7.21,25.0
2021,M Ashwin,3,66,92,1,16,5,4,11.0,8.36,24.24
2021,M Jansen,2,36,41,3,12,5,0,6.0,6.83,33.33
2021,M Markande,1,18,26,0,4,2,1,3.0,8.67,22.22
2021,M Prasidh Krishna,10,231,329,12,99,33,14,38.5,8.55,42.86
2021,MC Henriques,5,60,44,4,29,3,1,10.0,4.4,48.33
2021,MK Lomror,4,42,46,1,13,3,1,7.0,6.57,30.95
2021,MM Ali,10,152,159,7,48,3,8,25.33,6.28,31.58
2021,MP Stoinis,8,67,115,2,13,9,6,11.17,10.3,19.4
2021,Mohammad Nabi,3,48,86,2,13,8,5,8.0,10.75,27.08
2021,Mohammed Shami,14,316,388,20,141,44,14,52.67,7.37,44.62
2021,Mohammed Siraj,15,312,344,11,140,44,6,52.0,6.62,44.87
2021,Mujeeb Ur Rahman,1,24,27,2,9,1,2,4.0,6.75,37.5
2021,Mustafizur Rahman,14,311,416,18,106,37,15,51.83,8.03,34.08
2021,N Rana,2,12,12,0,5,1,0,2.0,6.0,41.67
2021,NM Coulter-Nile,5,120,126,7,49,15,2,20.0,6.3,40.83
2021,NT Ellis,3,66,88,1,23,7,4,11.0,8.0,34.85
2021,Navdeep Saini,2,24,51,0,4,5,3,4.0,12.75,16.67
2021,PJ Cummins,7,161,226,9,60,18,12,26.83,8.42,37.27
2021,PP Chawla,1,24,38,1,3,3,1,4.0,9.5,12.5
2021,PWH de Silva,2,36,60,0,11,4,4,6.0,10.0,30.56
2021,R Ashwin,13,268,321,8,92,20,15,44.67,7.19,34.33
2021,R Parag,6,37,71,2,7,6,4,6.17,11.51,18.92
2021,R Tewatia,13,222,333,8,48,22,16,37.0,9.0,21.62
2021,RA Jadeja,16,294,340,13,103,20,14,49.0,6.94,35.03
2021,RD Chahar,11,258,315,13,90,17,15,43.0,7.33,34.88
2021,RG Sharma,2,7,13,0,0,2,0,1.17,11.14,0.0
2021,RP Meredith,5,102,159,4,36,19,7,17.0,9.35,35.29
2021,RV Patel,1,18,20,0,5,2,0,3.0,6.67,27.78
2021,Rashid Khan,14,342,369,19,122,33,9,57.0,6.47,35.67
2021,Ravi Bishnoi,9,216,225,13,81,17,7,36.0,6.25,37.5
2021,S Dube,4,30,48,0,6,2,3,5.0,9.6,20.0
2021,S Gopal,3,42,84,0,11,7,6,7.0,12.0,26.19
2021,S Kaul,8,180,246,8,67,26,9,30.0,8.2,37.22
2021,S Nadeem,1,24,36,1,9,2,3,4.0,9.0,37.5
2021,S Sandeep Warrier,1,12,15,0,6,3,0,2.0,7.5,50.0
2021,SM Curran,9,198,317,10,72,27,20,33.0,9.61,36.36
2021,SN Thakur,16,359,498,22,134,51,17,59.83,8.32,37.33
2021,SP Narine,14,336,353,18,125,18,15,56.0,6.3,37.2
2021,Sandeep Sharma,7,141,199,3,51,20,7,23.5,8.47,36.17
2021,Shahbaz Ahmed,6,84,92,7,21,3,3,14.0,6.57,25.0
2021,Shakib Al Hasan,8,156,185,5,49,11,9,26.0,7.12,31.41
2021,Shivam Mavi,9,193,222,12,85,28,4,32.17,6.9,44.04
2021,T Natarajan,2,48,67,2,13,7,2,8.0,8.38,27.08
2021,T Shamsi,1,24,34,0,2,1,1,4.0,8.5,8.33
2021,TA Boult,14,308,393,14,135,41,17,51.33,7.66,43.83
2021,TG Southee,3,72,93,5,23,10,2,12.0,7.75,31.94
2021,TK Curran,3,68,100,4,19,9,4,11.33,8.82,27.94
2021,Umran Malik,3,72,93,2,31,14,1,12.0,7.75,43.06
2021,V Shankar,5,66,93,4,22,6,5,11.0,8.45,33.33
2021,VR Iyer,4,51,66,3,12,3,3,8.5,7.76,23.53
2021,Washington Sundar,6,96,115,3,31,9,4,16.0,7.19,32.29
2021,YS Chahal,15,318,369,19,123,26,17,53.0,6.96,38.68
2022,A Badoni,2,12,11,2,3,0,0,2.0,5.5,25.0
2022,A Nortje,6,134,208,9,47,21,10,22.33,9.31,35.07
2022,AD Russell,13,169,267,21,57,27,12,28.17,9.48,33.73
2022,AF Milne,1,15,19,0,9,2,1,2.5,7.6,60.0
2022,AJ Tye,3,66,104,3,21,13,4,11.0,9.45,31.82
2022,AK Markram,4,36,64,1,8,2,6,6.0,10.67,22.22
2022,AR Patel,13,258,317,6,85,20,15,43.0,7.37,32.95
2022,AS Joseph,9,180,258,8,67,24,13,30.0,8.6,37.22
2022,AS Roy,2,42,55,1,11,2,3,7.0,7.86,26.19
2022,Abdul Samad,1,6,8,0,1,1,0,1.0,8.0,16.67
2022,Abhishek Sharma,3,24,38,0,3,2,2,4.0,9.5,12.5
2022,Akash Deep,5,113,199,6,39,15,14,18.83,10.57,34.51
2022,Aman Hakim Khan,1,6,13,0,1,1,1,1.0,13.0,16.67
2022,Arshdeep Singh,14,300,364,12,102,39,6,50.0,7.28,34.0
2022,Avesh Khan,13,286,398,19,122,51,13,47.67,8.35,42.66
2022,B Kumar,14,313,358,13,129,31,12,52.17,6.86,41.21
2022,Basil Thampi,5,96,146,5,38,11,10,16.0,9.12,39.58
2022,C Sakariya,3,66,78,3,18,5,3,11.0,7.09,27.27
2022,CJ Jordan,4,77,132,3,22,11,7,12.83,10.29,28.57
2022,CV Varun,11,234,321,6,86,19,20,39.0,8.23,36.75
2022,D Brevis,1,3,8,1,1,2,0,0.5,16.0,33.33
2022,D Pretorius,6,126,198,7,34,11,11,21.0,9.43,26.98
2022,DG Nalkande,2,31,57,2,8,5,3,5.17,11.03,25.81
2022,DJ Bravo,10,206,276,17,66,29,6,34.33,8.04,32.04
2022,DJ Hooda,2,24,43,1,5,3,3,4.0,10.75,20.83
2022,DJ Mitchell,2,12,26,0,1,3,1,2.0,13.0,8.33
2022,DJ Willey,4,66,72,1,24,6,2,11.0,6.55,36.36
2022,DR Sams,11,252,343,14,105,29,19,42.0,8.17,41.67
2022,FA Allen,1,24,46,1,6,4,3,4.0,11.5,25.0
2022,Fazalhaq Farooqi,3,72,106,2,24,10,4,12.0,8.83,33.33
2022,GJ Maxwell,10,144,163,8,62,6,11,24.0,6.79,43.06
2022,HH Pandya,10,183,216,8,72,21,6,30.5,7.08,39.34
2022,HR Shokeen,5,90,123,2,41,7,10,15.0,8.2,45.56
2022,HV Patel,15,321,385,21,123,26,20,53.5,7.2,38.32
2022,Harpreet Brar,5,96,141,4,36,9,10,16.0,8.81,37.5
2022,Harshit Rana,2,30,50,1,11,5,3,5.0,10.0,36.67
2022,J Suchith,5,108,132,7,48,7,9,18.0,7.33,44.44
2022,JD Unadkat,5,120,186,7,35,14,11,20.0,9.3,29.17
2022,JDS Neesham,1,18,29,0,5,5,0,3.0,9.67,27.78
2022,JJ Bumrah,14,320,376,16,133,37,11,53.33,7.05,41.56
2022,JO Holder,12,249,374,16,72,29,19,41.5,9.01,28.92
2022,JR Hazlewood,12,279,367,21,120,36,17,46.5,7.89,43.01
2022,K Gowtham,4,72,99,5,31,7,7,12.0,8.25,43.06
2022,K Kartikeya,4,78,102,5,29,8,5,13.0,7.85,37.18
2022,K Rabada,13,288,386,23,128,44,15,48.0,8.04,44.44
2022,KA Pollard,6,84,122,4,19,9,6,14.0,8.71,22.62
2022,KH Pandya,12,228,261,11,68,18,8,38.0,6.87,29.82
2022,KK Ahmed,10,235,308,16,110,34,13,39.17,7.86,46.81
2022,KL Nagarkoti,1,12,28,0,4,5,1,2.0,14.0,33.33
2022,KR Sen,7,151,230,8,56,24,11,25.17,9.14,37.09
2022,Kartik Tyagi,2,48,73,1,20,7,4,8.0,9.12,41.67
2022,Kuldeep Yadav,14,298,411,21,96,29,22,49.67,8.28,32.21
2022,LH Ferguson,13,286,411,16,110,42,20,47.67,8.62,38.46
2022,LS Livingstone,12,138,196,6,38,11,10,23.0,8.52,27.54
2022,Lalit Yadav,8,108,148,4,37,10,8,18.0,8.22,34.26
2022,M Ashwin,8,174,223,9,65,15,13,29.0,7.69,37.36
2022,M Jansen,8,192,261,7,79,23,14,32.0,8.16,41.15
2022,M Markande,2,42,57,1,10,4,2,7.0,8.14,23.81
2022,M Pathirana,2,41,41,2,16,6,0,6.83,6.0,39.02
2022,M Prasidh Krishna,17,399,505,21,193,66,18,66.5,7.59,48.37
2022,M Theekshana,9,210,259,12,65,17,11,35.0,7.4,30.95
2022,MJ Santner,6,114,130,4,41,10,4,19.0,6.84,35.96
2022,MK Lomror,2,12,18,0,3,1,1,2.0,9.0,25.0
2022,MM Ali,10,143,155,8,55,7,9,23.83,6.5,38.46
2022,MP Stoinis,5,42,77,4,13,6,5,7.0,11.0,30.95
2022,MR Marsh,4,72,98,4,25,14,1,12.0,8.17,34.72
2022,Mohammed Shami,16,366,460,21,169,51,17,61.0,7.54,46.17
2022,Mohammed Siraj,15,306,486,9,122,44,31,51.0,9.53,39.87
2022,Mohsin Khan,9,198,185,14,105,18,5,33.0,5.61,53.03
2022,Mukesh Choudhary,13,273,406,16,118,47,17,45.5,8.92,43.22
2022,Mustafizur Rahman,8,192,237,9,72,25,6,32.0,7.41,37.5
2022,N Rana,2,12,23,0,1,4,0,2.0,11.5,8.33
2022,NM Coulter-Nile,1,18,46,0,3,5,3,3.0,15.33,16.67
2022,NT Ellis,2,36,51,4,14,5,3,6.0,8.5,38.89
2022,Navdeep Saini,2,36,69,3,9,8,3,6.0,11.5,25.0
2022,OC McCoy,7,155,219,11,47,19,8,25.83,8.48,30.32
2022,OF Smith,6,90,173,7,35,12,16,15.0,11.53,38.89
2022,PH Solanki,2,36,38,2,11,1,2,6.0,6.33,30.56
2022,PJ Cummins,5,119,200,8,33,18,11,19.83,10.08,27.73
2022,PJ Sangwan,3,54,63,3,21,9,0,9.0,7.0,38.89
2022,PVD Chameera,12,264,366,11,117,48,13,44.0,8.32,44.32
2022,PWH de Silva,16,342,425,27,137,22,30,57.0,7.46,40.06
2022,R Ashwin,17,402,485,13,119,26,20,67.0,7.24,29.6
2022,R Dhawan,6,114,151,6,31,11,5,19.0,7.95,27.19
2022,R Parag,4,24,57,1,3,3,5,4.0,14.25,12.5
2022,R Powell,1,6,16,0,0,1,1,1.0,16.0,0.0
2022,R Sai Kishore,5,96,119,6,26,7,5,16.0,7.44,27.08
2022,R Sanjay Yadav,1,12,21,0,6,3,1,2.0,10.5,50.0
2022,R Shepherd,3,54,93,4,23,8,7,9.0,10.33,42.59
2022,R Tewatia,5,36,76,1,6,2,8,6.0,12.67,16.67
2022,RA Jadeja,10,198,243,6,64,14,11,33.0,7.36,32.32
2022,RD Chahar,13,280,344,14,97,22,14,46.67,7.37,34.64
2022,RP Meredith,8,168,215,10,71,20,10,28.0,7.68,42.26
2022,Ramandeep Singh,3,36,49,6,12,5,2,6.0,8.17,33.33
2022,Rashid Khan,16,383,414,20,123,16,16,63.83,6.49,32.11
2022,Rasikh Salam,2,24,28,0,8,4,0,4.0,7.0,33.33
2022,Ravi Bishnoi,14,324,440,14,110,40,17,54.0,8.15,33.95
2022,S Dube,2,12,34,0,0,4,2,2.0,17.0,0.0
2022,S Gopal,1,18,34,1,7,1,4,3.0,11.33,38.89
2022,S Kaul,1,24,43,0,6,5,2,4.0,10.75,25.0
2022,SA Abbott,1,24,44,1,7,5,2,4.0,11.0,29.17
2022,SN Thakur,14,290,443,16,101,42,23,48.33,9.17,34.83
2022,SP Narine,14,336,305,10,138,11,12,56.0,5.45,41.07
2022,SS Iyer,1,6,7,0,4,0,1,1.0,7.0,66.67
2022,Sandeep Sharma,5,120,146,3,58,18,6,20.0,7.3,48.33
2022,Shahbaz Ahmed,14,210,326,4,56,22,19,35.0,9.31,26.67
2022,Shashank Singh,2,12,19,0,1,2,0,2.0,9.5,8.33
2022,Shivam Mavi,6,132,217,5,47,18,13,22.0,9.86,35.61
2022,Simarjeet Singh,6,108,129,4,55,17,4,18.0,7.17,50.93
2022,T Natarajan,11,258,387,20,78,34,18,43.0,9.0,30.23
2022,TA Boult,16,372,473,18,170,57,16,62.0,7.63,45.7
2022,TG Southee,9,210,265,16,84,22,13,35.0,7.57,40.0
2022,TS Mills,5,102,184,6,28,22,8,17.0,10.82,27.45
2022,TU Deshpande,2,42,62,1,17,10,1,7.0,8.86,40.48
2022,Tilak Varma,2,12,13,0,5,2,0,2.0,6.5,41.67
2022,UT Yadav,12,288,330,16,135,35,13,48.0,6.88,46.88
2022,Umran Malik,14,295,418,23,131,52,17,49.17,8.5,44.41
2022,V Shankar,2,9,14,1,4,3,0,1.5,9.33,44.44
2022,VG Arora,5,107,161,4,38,20,6,17.83,9.03,35.51
2022,VR Aaron,2,30,49,2,6,7,1,5.0,9.8,20.0
2022,VR Iyer,4,24,46,0,3,5,2,4.0,11.5,12.5
2022,Washington Sundar,8,168,236,6,47,14,13,28.0,8.43,27.98
2022,YBK Jaiswal,1,1,6,0,0,0,1,0.17,36.0,0.0
2022,YS Chahal,17,408,506,29,128,25,27,68.0,7.44,31.37
2022,Yash Dayal,9,192,283,13,76,31,12,32.0,8.84,39.58
2023,A Badoni,1,1,0,0,1,0,0,0.17,0.0,100.0
2023,A Mishra,7,114,148,7,30,10,6,19.0,7.79,26.32
2023,A Nortje,10,240,353,11,90,33,17,40.0,8.83,37.5
2023,A Zampa,6,132,186,9,39,15,8,22.0,8.45,29.55
2023,AD Russell,9,91,164,7,31,18,8,15.17,10.81,34.07
2023,AJ Hosein,1,24,40,1,5,4,2,4.0,10.0,20.83
2023,AK Markram,6,49,70,1,11,8,1,8.17,8.57,22.45
2023,AR Patel,13,282,328,11,102,21,15,47.0,6.98,36.17
2023,AS Joseph,7,144,219,7,56,12,17,24.0,9.12,38.89
2023,AS Roy,3,48,62,3,20,3,5,8.0,7.75,41.67
2023,AU Rashid,2,42,56,2,14,3,3,7.0,8.0,33.33
2023,Abhishek Sharma,5,72,121,2,21,8,9,12.0,10.08,29.17
2023,Akash Deep,2,30,56,1,10,4,4,5.0,11.2,33.33
2023,Akash Madhwal,8,153,212,16,50,16,9,25.5,8.31,32.68
2023,Akash Singh,6,114,185,5,46,19,11,19.0,9.74,40.35
2023,Arjun Tendulkar,4,59,83,4,23,9,3,9.83,8.44,38.98
2023,Arshad Khan,6,85,176,5,25,22,10,14.17,12.42,29.41
2023,Arshdeep Singh,14,305,474,18,110,62,16,50.83,9.32,36.07
2023,Avesh Khan,9,174,277,8,58,34,9,29.0,9.55,33.33
2023,B Kumar,14,306,408,19,121,50,11,51.0,8.0,39.54
2023,BA Stokes,1,6,18,0,0,2,1,1.0,18.0,0.0
2023,C Green,16,228,343,8,79,30,20,38.0,9.03,34.65
2023,C Sakariya,2,48,82,3,17,6,6,8.0,10.25,35.42
2023,CJ Jordan,6,132,228,3,41,22,13,22.0,10.36,31.06
2023,CV Varun,14,316,417,20,115,33,22,52.67,7.92,36.39
2023,D Jansen,1,24,49,1,6,3,4,4.0,12.25,25.0
2023,D Pretorius,1,24,24,0,8,3,0,4.0,6.0,33.33
2023,D Wiese,1,18,38,0,3,3,2,3.0,12.67,16.67
2023,DG Nalkande,1,24,43,1,8,4,2,4.0,10.75,33.33
2023,DJ Hooda,1,6,8,0,1,1,0,1.0,8.0,16.67
2023,DJ Willey,4,90,101,4,36,10,3,15.0,6.73,40.0
2023,DL Chahar,10,204,286,13,80,30,11,34.0,8.41,39.22
2023,Fazalhaq Farooqi,4,80,111,4,32,18,0,13.33,8.32,40.0
2023,GD Phillips,2,18,20,1,6,2,0,3.0,6.67,33.33
2023,GJ Maxwell,7,62,92,3,18,4,7,10.33,8.9,29.03
2023,Gurnoor Brar,1,18,39,0,7,4,3,3.0,13.0,38.89
2023,H Sharma,1,18,28,0,2,3,1,3.0,9.33,11.11
2023,HH Pandya,11,150,222,4,59,26,11,25.0,8.88,39.33
2023,HR Shokeen,8,114,178,3,37,13,10,19.0,9.37,32.46
2023,HV Patel,13,282,432,15,77,36,21,47.0,9.19,27.3
2023,Harpreet Brar,11,163,215,9,57,21,7,27.17,7.91,34.97
2023,Harshit Rana,6,102,141,6,44,17,7,17.0,8.29,43.14
2023,I Sharma,8,150,197,10,65,30,3,25.0,7.88,43.33
2023,J Little,10,204,287,9,73,24,14,34.0,8.44,35.78
2023,J Yadav,1,24,26,0,8,2,0,4.0,6.5,33.33
2023,JC Archer,5,120,177,2,43,14,11,20.0,8.85,35.83
2023,JD Unadkat,3,48,84,1,15,7,5,8.0,10.5,31.25
2023,JE Root,1,12,14,0,1,1,0,2.0,7.0,8.33
2023,JO Holder,8,171,279,4,40,26,14,28.5,9.79,23.39
2023,JP Behrendorff,12,252,373,17,88,36,18,42.0,8.88,34.92
2023,JR Hazlewood,3,54,73,3,29,8,4,9.0,8.11,53.7
2023,K Gowtham,6,96,114,3,39,7,5,16.0,7.12,40.62
2023,K Kartikeya,8,156,219,5,40,11,13,26.0,8.42,25.64
2023,K Khejroliya,2,26,62,2,7,5,4,4.33,14.31,26.92
2023,K Rabada,6,138,223,7,58,18,17,23.0,9.7,42.03
2023,K Yadav,2,42,68,2,9,3,4,7.0,9.71,21.43
2023,KH Pandya,12,252,312,9,92,30,11,42.0,7.43,36.51
2023,KK Ahmed,9,198,285,10,81,31,14,33.0,8.64,40.91
2023,KM Asif,4,84,129,3,28,8,8,14.0,9.21,33.33
2023,KR Mayers,6,42,55,0,14,8,0,7.0,7.86,33.33
2023,KR Sen,2,18,27,0,5,3,1,3.0,9.0,27.78
2023,KV Sharma,7,129,220,11,37,12,17,21.5,10.23,28.68
2023,Kartik Tyagi,3,37,85,1,10,13,3,6.17,13.78,27.03
2023,Kuldeep Yadav,14,294,355,10,82,14,18,49.0,7.24,27.89
2023,LH Ferguson,3,46,88,1,14,9,5,7.67,11.48,30.43
2023,LS Livingstone,5,42,94,2,5,15,2,7.0,13.43,11.9
2023,Lalit Yadav,4,78,114,3,22,6,8,13.0,8.77,28.21
2023,M Ashwin,2,24,52,0,3,2,4,4.0,13.0,12.5
2023,M Jansen,8,162,247,10,67,28,12,27.0,9.15,41.36
2023,M Markande,10,228,297,12,76,25,12,38.0,7.82,33.33
2023,M Pathirana,12,278,329,23,95,27,9,46.33,7.1,34.17
2023,M Theekshana,13,294,387,11,81,30,13,49.0,7.9,27.55
2023,MA Wood,4,96,124,11,42,7,10,16.0,7.75,43.75
2023,MG Bracewell,5,66,95,6,26,7,6,11.0,8.64,39.39
2023,MJ Santner,3,72,81,3,21,8,1,12.0,6.75,29.17
2023,MK Lomror,2,12,17,1,3,1,1,2.0,8.5,25.0
2023,MM Ali,11,156,194,9,54,8,12,26.0,7.46,34.62
2023,MM Sharma,14,265,358,31,86,28,16,44.17,8.11,32.45
2023,MP Stoinis,5,65,96,5,22,8,5,10.83,8.86,33.85
2023,MR Marsh,8,121,159,12,34,8,8,20.17,7.88,28.1
2023,MW Short,3,24,24,0,11,2,1,4.0,6.0,45.83
2023,Mayank Dagar,3,66,83,1,22,7,3,11.0,7.55,33.33
2023,Mohammed Shami,17,390,503,28,184,56,21,65.0,7.74,47.18
2023,Mohammed Siraj,14,300,341,20,151,43,12,50.0,6.82,50.33
2023,Mohit Rathee,1,12,29,0,3,3,2,2.0,14.5,25.0
2023,Mohsin Khan,4,60,103,3,22,9,7,10.0,10.3,36.67
2023,Mukesh Kumar,10,186,315,9,63,29,19,31.0,10.16,33.87
2023,Mustafizur Rahman,2,42,79,1,13,10,4,7.0,11.29,30.95
2023,N Rana,6,53,74,3,18,7,3,8.83,8.38,33.96
2023,NA Saini,1,12,31,0,2,3,2,2.0,15.5,16.67
2023,NT Ellis,10,228,333,13,65,28,13,38.0,8.76,28.51
2023,Navdeep Saini,1,24,39,3,9,6,1,4.0,9.75,37.5
2023,Naveen-ul-Haq,7,168,212,11,64,16,9,28.0,7.57,38.1
2023,Nithish Kumar Reddy,2,30,53,0,10,2,5,5.0,10.6,33.33
2023,Noor Ahmad,13,283,353,16,100,28,13,47.17,7.48,35.34
2023,OC McCoy,1,6,12,0,2,1,1,1.0,12.0,33.33
2023,P Dubey,1,18,18,1,8,1,1,3.0,6.0,44.44
2023,PP Chawla,16,366,490,23,120,42,19,61.0,8.03,32.79
2023,PWH de Silva,8,174,256,9,54,17,15,29.0,8.83,31.03
2023,R Ashwin,13,294,352,15,88,20,14,49.0,7.18,29.93
2023,R Dhawan,4,42,60,1,19,7,3,7.0,8.57,45.24
2023,R Goyal,1,24,33,0,6,1,2,4.0,8.25,25.0
2023,R Powell,1,12,16,1,4,1,1,2.0,8.0,33.33
2023,R Tewatia,2,13,14,0,7,1,1,2.17,6.46,53.85
2023,RA Jadeja,16,342,420,20,106,21,20,57.0,7.37,30.99
2023,RD Chahar,14,298,382,8,93,33,12,49.67,7.69,31.21
2023,RJW Topley,1,12,14,1,7,3,0,2.0,7.0,58.33
2023,RP Meredith,5,118,198,7,40,24,9,19.67,10.07,33.9
2023,RS Hangargekar,2,36,53,3,14,6,2,6.0,8.83,38.89
2023,Rashid Khan,17,402,547,28,129,40,26,67.0,8.16,32.09
2023,Ravi Bishnoi,14,303,382,17,94,23,16,50.5,7.56,31.02
2023,SM Curran,14,287,477,11,80,49,21,47.83,9.97,27.87
2023,SN Thakur,9,126,214,7,32,23,9,21.0,10.19,25.4
2023,SP Narine,14,288,374,11,84,25,15,48.0,7.79,29.17
2023,SSB Magala,2,36,50,1,5,5,0,6.0,8.33,13.89
2023,Sandeep Sharma,12,276,382,15,94,40,13,46.0,8.3,34.06
2023,Shahbaz Ahmed,5,42,95,1,9,6,8,7.0,13.57,21.43
2023,Sikandar Raza,6,72,111,3,19,11,4,12.0,9.25,26.39
2023,Suyash Sharma,11,234,316,11,80,24,16,39.0,8.1,34.19
2023,Swapnil Singh,2,12,18,0,2,2,0,2.0,9.0,16.67
2023,T Natarajan,12,270,404,13,72,38,14,45.0,8.98,26.67
2023,T Stubbs,1,12,14,1,3,0,1,2.0,7.0,25.0
2023,TA Boult,10,228,300,13,103,39,8,38.0,7.89,45.18
2023,TG Southee,2,36,79,2,12,8,5,6.0,13.17,33.33
2023,TU Deshpande,16,341,537,24,128,54,28,56.83,9.45,37.54
2023,Tilak Varma,1,6,6,0,3,1,0,1.0,6.0,50.0
2023,UT Yadav,8,114,187,1,41,18,11,19.0,9.84,35.96
2023,Umran Malik,8,120,207,6,41,27,9,20.0,10.35,34.17
2023,VG Arora,5,96,134,5,30,18,1,16.0,8.38,31.25
2023,Vijaykumar Vyshak,7,144,244,11,40,20,14,24.0,10.17,27.78
2023,Vivrant Sharma,2,18,34,0,5,1,3,3.0,11.33,27.78
2023,WD Parnell,7,151,230,9,55,22,13,25.17,9.14,36.42
2023,Washington Sundar,7,106,146,3,35,12,6,17.67,8.26,33.02
2023,YS Chahal,14,317,423,22,95,31,15,52.83,8.01,29.97
2023,Yash Dayal,5,84,161,2,24,12,12,14.0,11.5,28.57
2023,Yash Thakur,9,191,273,15,63,19,16,31.83,8.58,32.98
2023,Yudhvir Singh,3,48,64,3,23,10,2,8.0,8.0,47.92
2024,A Badoni,2,12,25,0,1,1,2,2.0,12.5,8.33
2024,A Kamboj,3,60,106,2,19,10,6,10.0,10.6,31.67
2024,A Mishra,1,12,20,1,5,1,2,2.0,10.0,41.67
2024,A Nortje,6,132,286,7,36,25,22,22.0,13.0,27.27
2024,AD Russell,14,176,283,19,60,20,20,29.33,9.65,34.09
2024,AK Markram,2,12,14,0,4,0,1,2.0,7.0,33.33
2024,AR Patel,14,264,336,11,77,20,15,44.0,7.64,29.17
2024,AS Joseph,3,58,108,1,16,7,8,9.67,11.17,27.59
2024,AS Roy,3,34,60,1,13,9,2,5.67,10.59,38.24
2024,Abhishek Sharma,4,42,51,2,12,6,0,7.0,7.29,28.57
2024,Akash Deep,1,21,53,1,6,2,6,3.5,15.14,28.57
2024,Akash Madhwal,5,109,195,6,33,23,9,18.17,10.73,30.28
2024,Arjun Tendulkar,1,14,21,0,7,1,2,2.33,9.0,50.0
2024,Arshad Khan,3,49,82,1,19,10,4,8.17,10.04,38.78
2024,Arshad Khan (2),1,12,22,0,4,5,0,2.0,11.0,33.33
2024,Arshdeep Singh,14,302,481,20,108,55,21,50.33,9.56,35.76
2024,Atharva Taide,1,1,4,0,0,1,0,0.17,24.0,0.0
2024,Avesh Khan,15,329,508,22,97,47,23,54.83,9.26,29.48
2024,Azmatullah Omarzai,7,126,181,4,52,26,6,21.0,8.62,41.27
2024,B Kumar,16,342,518,11,126,62,21,57.0,9.09,36.84
2024,C Green,13,211,291,12,70,28,11,35.17,8.27,33.18
2024,CV Varun,14,300,393,21,121,23,26,50.0,7.86,40.33
2024,DG Nalkande,3,29,43,3,6,1,3,4.83,8.9,20.69
2024,DJ Hooda,2,18,21,0,4,2,0,3.0,7.0,22.22
2024,DJ Mitchell,2,36,68,1,4,6,3,6.0,11.33,11.11
2024,DL Chahar,8,141,197,5,60,22,9,23.5,8.38,42.55
2024,G Coetzee,10,201,318,13,71,33,17,33.5,9.49,35.32
2024,GJ Maxwell,6,96,123,7,34,6,8,16.0,7.69,35.42
2024,Gulbadin Naib,1,6,12,0,1,2,0,1.0,12.0,16.67
2024,H Sharma,1,12,29,0,0,3,1,2.0,14.5,0.0
2024,HH Pandya,12,216,377,13,63,32,21,36.0,10.47,29.17
2024,HV Patel,14,294,450,30,80,41,18,49.0,9.18,27.21
2024,Harpreet Brar,13,228,297,7,69,18,13,38.0,7.82,30.26
2024,Harshit Rana,11,253,372,20,93,30,22,42.17,8.82,36.76
2024,I Sharma,9,162,241,12,62,29,9,27.0,8.93,38.27
2024,J Little,1,24,44,4,9,6,2,4.0,11.0,37.5
2024,JA Richardson,1,24,38,0,8,2,3,4.0,9.5,33.33
2024,JD Unadkat,11,187,306,9,42,21,16,31.17,9.82,22.46
2024,JJ Bumrah,13,311,315,21,144,29,10,51.83,6.08,46.3
2024,K Gowtham,1,12,28,0,4,2,3,2.0,14.0,33.33
2024,K Rabada,11,252,362,11,93,40,15,42.0,8.62,36.9
2024,KA Maharaj,2,36,39,2,11,2,1,6.0,6.5,30.56
2024,KH Pandya,12,198,240,6,55,15,9,33.0,7.27,27.78
2024,KK Ahmed,14,300,453,17,120,50,23,50.0,9.06,40.0
2024,KR Sen,3,72,115,6,22,14,4,12.0,9.58,30.56
2024,KT Maphaka,2,36,86,1,11,12,5,6.0,14.33,30.56
2024,KV Sharma,9,144,249,7,39,18,17,24.0,10.38,27.08
2024,Kartik Tyagi,1,24,49,0,4,6,2,4.0,12.25,16.67
2024,Kuldeep Yadav,11,258,363,16,80,13,26,43.0,8.44,31.01
2024,L Wood,2,36,91,1,8,12,5,6.0,15.17,22.22
2024,LB Williams,2,36,61,1,12,7,3,6.0,10.17,33.33
2024,LH Ferguson,7,144,252,10,38,22,15,24.0,10.5,26.39
2024,LS Livingstone,4,72,81,3,25,6,3,12.0,6.75,34.72
2024,Lalit Yadav,2,18,56,0,2,5,5,3.0,18.67,11.11
2024,M Jansen,3,60,116,2,18,13,6,10.0,11.6,30.0
2024,M Markande,7,132,249,8,29,8,23,22.0,11.32,21.97
2024,M Pathirana,6,132,154,13,49,14,5,22.0,7.0,37.12
2024,M Shahrukh Khan,2,12,15,0,3,0,1,2.0,7.5,25.0
2024,M Siddharth,3,54,66,1,22,6,2,9.0,7.33,40.74
2024,M Theekshana,5,120,143,2,44,8,7,20.0,7.15,36.67
2024,MA Starc,13,251,414,20,102,47,23,41.83,9.9,40.64
2024,MJ Henry,4,72,108,1,24,9,5,12.0,9.0,33.33
2024,MJ Santner,3,54,64,3,23,5,3,9.0,7.11,42.59
2024,MJ Suthar,1,12,26,0,4,1,3,2.0,13.0,33.33
2024,MK Lomror,1,6,15,0,1,0,2,1.0,15.0,16.67
2024,MM Ali,4,48,70,2,12,2,4,8.0,8.75,25.0
2024,MM Sharma,11,234,414,16,53,33,22,39.0,10.62,22.65
2024,MP Stoinis,7,84,119,5,32,8,7,14.0,8.5,38.1
2024,MP Yadav,4,73,82,8,39,11,3,12.17,6.74,53.42
2024,MR Marsh,3,48,97,1,9,10,5,8.0,12.12,18.75
2024,Mayank Dagar,5,71,115,1,21,7,8,11.83,9.72,29.58
2024,Mohammad Nabi,6,74,109,2,18,4,8,12.33,8.84,24.32
2024,Mohammed Siraj,14,324,469,15,121,46,24,54.0,8.69,37.35
2024,Mohsin Khan,10,228,375,10,82,34,23,38.0,9.87,35.96
2024,Mukesh Choudhary,1,6,26,0,2,2,3,1.0,26.0,33.33
2024,Mukesh Kumar,10,213,358,22,67,46,13,35.5,10.08,31.46
2024,Mustafizur Rahman,9,206,299,14,76,37,10,34.33,8.71,36.89
2024,N Burger,5,102,138,7,46,16,7,17.0,8.12,45.1
2024,N Thushara,7,156,239,8,49,25,10,26.0,9.19,31.41
2024,N Wadhera,1,12,13,0,2,1,0,2.0,6.5,16.67
2024,NT Ellis,1,24,24,1,10,3,0,4.0,6.0,41.67
2024,Naman Dhir,3,28,54,0,3,5,2,4.67,11.57,10.71
2024,Naveen-ul-Haq,10,219,359,15,69,38,15,36.5,9.84,31.51
2024,Nithish Kumar Reddy,7,79,145,4,19,12,9,13.17,11.01,24.05
2024,Noor Ahmad,10,209,284,8,71,21,14,34.83,8.15,33.97
2024,PJ Cummins,16,366,556,18,123,59,23,61.0,9.11,33.61
2024,PP Chawla,11,210,303,13,65,13,21,35.0,8.66,30.95
2024,PVD Chameera,1,18,47,0,5,3,5,3.0,15.67,27.78
2024,R Ashwin,14,330,439,9,87,24,19,55.0,7.98,26.36
2024,R Dhawan,1,18,34,0,4,2,3,3.0,11.33,22.22
2024,R Parag,2,18,26,0,5,1,2,3.0,8.67,27.78
2024,R Ravindra,2,12,7,0,5,0,0,2.0,3.5,41.67
2024,R Sai Kishore,5,90,134,7,30,6,10,15.0,8.93,33.33
2024,R Shepherd,5,72,154,2,15,14,10,12.0,12.83,20.83
2024,RA Jadeja,14,282,366,8,73,22,14,47.0,7.79,25.89
2024,RD Chahar,9,186,276,10,55,15,18,31.0,8.9,29.57
2024,RJ Gleeson,2,47,67,1,19,7,3,7.83,8.55,40.43
2024,RJW Topley,4,90,163,4,31,18,9,15.0,10.87,34.44
2024,Ramandeep Singh,1,4,9,0,0,0,1,0.67,13.5,0.0
2024,Rashid Khan,12,262,367,10,79,22,20,43.67,8.4,30.15
2024,Rasikh Salam,8,147,260,9,40,18,18,24.5,10.61,27.21
2024,Ravi Bishnoi,14,262,375,10,88,29,20,43.67,8.59,33.59
2024,S Dube,1,6,14,1,1,1,1,1.0,14.0,16.67
2024,S Gopal,3,42,67,3,10,0,6,7.0,9.57,23.81
2024,S Joseph,1,24,37,0,9,4,2,4.0,9.25,37.5
2024,S Sandeep Warrier,5,66,115,6,29,9,10,11.0,10.45,43.94
2024,SH Johnson,5,96,148,4,34,16,7,16.0,9.25,35.42
2024,SM Curran,13,246,408,16,81,43,20,41.0,9.95,32.93
2024,SN Thakur,9,190,302,5,45,27,13,31.67,9.54,23.68
2024,SP Narine,14,330,363,18,122,17,17,55.0,6.6,36.97
2024,SZ Mulani,2,30,54,0,7,2,4,5.0,10.8,23.33
2024,Sandeep Sharma,10,228,303,15,72,30,9,38.0,7.97,31.58
2024,Shahbaz Ahmed,15,165,269,7,48,21,16,27.5,9.78,29.09
2024,Shashank Singh,1,6,5,1,1,0,0,1.0,5.0,16.67
2024,Sikandar Raza,1,12,22,0,2,4,0,2.0,11.0,16.67
2024,Simarjeet Singh,4,72,113,6,27,8,8,12.0,9.42,37.5
2024,Sumit Kumar,2,20,36,0,4,3,2,3.33,10.8,20.0
2024,Suyash Sharma,2,24,50,0,5,3,4,4.0,12.5,20.83
2024,Swapnil Singh,7,90,131,6,27,11,6,15.0,8.73,30.0
2024,T Natarajan,14,308,441,20,108,47,17,51.33,8.59,35.06
2024,T Stubbs,2,12,14,3,6,2,0,2.0,7.0,50.0
2024,TA Boult,15,320,425,16,132,51,14,53.33,7.97,41.25
2024,TM Head,1,10,32,0,2,3,3,1.67,19.2,20.0
2024,TU Deshpande,13,288,401,18,111,37,20,48.0,8.35,38.54
2024,Tilak Varma,1,4,8,0,0,1,0,0.67,12.0,0.0
2024,UT Yadav,7,126,207,9,55,27,9,21.0,9.86,43.65
2024,Umran Malik,1,6,14,0,2,0,2,1.0,14.0,33.33
2024,V Kaverappa,1,24,36,2,11,2,3,4.0,9.0,45.83
2024,V Viyaskanth,3,60,86,1,16,4,6,10.0,8.6,26.67
2024,VG Arora,10,180,255,11,76,28,12,30.0,8.5,42.22
2024,VR Iyer,1,6,28,0,0,4,2,1.0,28.0,0.0
2024,Vijaykumar Vyshak,4,87,139,6,23,12,7,14.5,9.59,26.44
2024,WG Jacks,5,54,98,2,11,6,7,9.0,10.89,20.37
2024,Washington Sundar,2,30,73,1,3,9,3,5.0,14.6,10.0
2024,YS Chahal,15,348,531,19,98,35,30,58.0,9.16,28.16
2024,Yash Dayal,14,301,434,16,116,53,14,50.17,8.65,38.54
2024,Yash Thakur,10,213,390,12,65,37,23,35.5,10.99,30.52
2024,Yudhvir Singh,2,24,52,1,5,4,3,4.0,13.0,20.83
2025,A Badoni,2,10,13,2,3,0,1,1.67,7.8,30.0
2025,A Kamboj,8,129,171,8,55,17,8,21.5,7.95,42.64
2025,A Nortje,2,42,76,1,14,12,3,7.0,10.86,33.33
2025,A Zampa,2,48,92,2,10,6,7,8.0,11.5,20.83
2025,AD Russell,9,109,212,8,28,21,13,18.17,11.67,25.69
2025,AK Markram,5,66,100,4,15,3,7,11.0,9.09,22.73
2025,AR Patel,12,216,310,6,66,24,16,36.0,8.61,30.56
2025,AS Roy,1,24,26,2,8,3,0,4.0,6.5,33.33
2025,Abdul Samad,1,2,6,0,1,0,1,0.33,18.0,50.0
2025,Abhishek Sharma,6,66,111,0,21,10,7,11.0,10.09,31.82
2025,Akash Deep,6,114,212,3,34,27,9,19.0,11.16,29.82
2025,Akash Madhwal,4,90,155,4,22,16,7,15.0,10.33,24.44
2025,Akash Singh,3,67,99,4,20,15,1,11.17,8.87,29.85
2025,Arshad Khan,9,126,207,6,46,24,10,21.0,9.86,36.51
2025,Arshdeep Singh,16,350,496,22,134,62,15,58.33,8.5,38.29
2025,Ashwani Kumar,7,123,223,11,35,18,15,20.5,10.88,28.46
2025,Avesh Khan,13,284,477,13,77,48,21,47.33,10.08,27.11
2025,Azmatullah Omarzai,8,162,270,8,43,25,12,27.0,10.0,26.54
2025,B Kumar,14,312,477,18,116,46,26,52.0,9.17,37.18
2025,C Bosch,2,42,52,1,23,4,4,7.0,7.43,54.76
2025,C Sakariya,1,18,38,0,3,4,2,3.0,12.67,16.67
2025,CV Varun,13,300,375,17,114,31,16,50.0,7.5,38.0
2025,DJ Hooda,1,6,14,0,1,1,1,1.0,14.0,16.67
2025,DL Chahar,14,246,354,12,106,41,14,41.0,8.63,43.09
2025,DS Rathi,13,312,416,14,95,37,14,52.0,8.0,30.45
2025,E Malinga,7,160,233,14,53,24,10,26.67,8.74,33.12
2025,Fazalhaq Farooqi,5,102,208,0,24,27,8,17.0,12.24,23.53
2025,G Coetzee,4,72,127,2,19,8,9,12.0,10.58,26.39
2025,GJ Maxwell,6,78,106,4,27,9,5,13.0,8.15,34.62
2025,HH Pandya,14,210,323,14,64,28,17,35.0,9.23,30.48
2025,HV Patel,13,263,403,17,82,42,16,43.83,9.19,31.18
2025,Harpreet Brar,7,132,188,10,40,15,9,22.0,8.55,30.3
2025,Harsh Dubey,3,60,97,5,18,4,8,10.0,9.7,30.0
2025,Harshit Rana,13,264,436,15,99,47,24,44.0,9.91,37.5
2025,I Sharma,7,110,198,4,30,22,10,18.33,10.8,27.27
2025,Ishan Kishan,1,1,4,0,0,1,0,0.17,24.0,0.0
2025,J Overton,3,36,78,0,9,3,8,6.0,13.0,25.0
2025,JC Archer,12,273,408,12,103,46,18,45.5,8.97,37.73
2025,JD Unadkat,7,143,172,12,52,19,4,23.83,7.22,36.36
2025,JJ Bumrah,12,284,311,21,125,26,12,47.33,6.57,44.01
2025,JR Hazlewood,12,264,380,22,117,39,22,44.0,8.64,44.32
2025,K Kartikeya,4,48,76,2,16,6,5,8.0,9.5,33.33
2025,K Khejroliya,1,18,28,1,4,3,1,3.0,9.33,22.22
2025,K Rabada,4,84,158,2,22,12,11,14.0,11.29,26.19
2025,KA Jamieson,4,90,143,5,34,14,8,15.0,9.53,37.78
2025,KH Pandya,15,276,370,17,83,23,19,46.0,8.04,30.07
2025,KK Ahmed,14,280,437,16,131,51,25,46.67,9.36,46.79
2025,KT Maphaka,2,30,52,1,11,6,3,5.0,10.4,36.67
2025,KV Sharma,5,90,127,7,24,8,7,15.0,8.47,26.67
2025,Karim Janat,1,6,30,0,0,3,3,1.0,30.0,0.0
2025,Kuldeep Yadav,14,318,384,16,106,24,15,53.0,7.25,33.33
2025,L Ngidi,2,48,81,4,13,7,4,8.0,10.12,27.08
2025,LH Ferguson,4,68,93,6,25,5,7,11.33,8.21,36.76
2025,LS Livingstone,5,54,76,2,10,6,2,9.0,8.44,18.52
2025,M Jansen,14,283,417,16,105,41,22,47.17,8.84,37.1
2025,M Pathirana,12,251,387,15,76,25,25,41.83,9.25,30.28
2025,M Prasidh Krishna,15,354,477,26,135,44,23,59.0,8.08,38.14
2025,M Shahrukh Khan,1,6,13,1,1,1,1,1.0,13.0,16.67
2025,M Siddharth,2,42,65,2,11,5,4,7.0,9.29,26.19
2025,M Theekshana,11,252,384,11,70,38,14,42.0,9.14,27.78
2025,M Tiwari,1,6,14,0,0,2,0,1.0,14.0,0.0
2025,MA Starc,11,233,376,19,84,50,14,38.83,9.68,36.05
2025,MJ Santner,13,237,302,10,76,27,10,39.5,7.65,32.07
2025,MM Ali,5,96,133,6,29,5,9,16.0,8.31,30.21
2025,MM Sharma,8,150,244,2,31,20,11,25.0,9.76,20.67
2025,MP Stoinis,9,85,169,1,20,11,13,14.17,11.93,23.53
2025,MP Yadav,2,48,95,2,18,6,9,8.0,11.88,37.5
2025,Mohammed Shami,9,180,326,6,55,37,17,30.0,10.87,30.56
2025,Mohammed Siraj,15,342,497,16,141,60,22,57.0,8.72,41.23
2025,Mujeeb Ur Rahman,1,12,23,1,4,3,1,2.0,11.5,33.33
2025,Mukesh Choudhary,2,36,71,1,11,10,3,6.0,11.83,30.56
2025,Mukesh Kumar,12,237,390,14,79,39,21,39.5,9.87,33.33
2025,Musheer Khan,1,12,27,1,1,2,2,2.0,13.5,8.33
2025,Mustafizur Rahman,3,66,87,4,23,6,4,11.0,7.91,34.85
2025,N Rana,2,12,18,0,0,2,0,2.0,9.0,0.0
2025,N Thushara,1,24,24,1,9,3,0,4.0,6.0,37.5
2025,N Wadhera,1,5,9,0,1,0,1,0.83,10.8,20.0
2025,NT Ellis,1,24,37,1,5,3,1,4.0,9.25,20.83
2025,Naman Dhir,2,24,21,1,8,1,0,4.0,5.25,33.33
2025,Nithish Kumar Reddy,3,30,43,4,9,2,3,5.0,8.6,30.0
2025,Noor Ahmad,14,300,386,24,102,28,18,50.0,7.72,34.0
2025,P Dubey,1,12,20,1,3,4,0,2.0,10.0,25.0
2025,PHKD Mendis,4,42,60,2,11,4,3,7.0,8.57,26.19
2025,PJ Cummins,14,298,436,16,111,40,23,49.67,8.78,37.25
2025,PVD Chameera,6,102,189,4,24,14,12,17.0,11.12,23.53
2025,PVSN Raju,2,24,48,2,3,4,3,4.0,12.0,12.5
2025,PWA Mulder,1,6,16,0,1,2,1,1.0,16.0,16.67
2025,PWH de Silva,11,246,366,11,62,22,21,41.0,8.93,25.2
2025,Prince Yadav,6,137,218,5,42,21,10,22.83,9.55,30.66
2025,R Ashwin,9,186,280,7,54,18,18,31.0,9.03,29.03
2025,R Parag,9,120,161,4,29,9,7,20.0,8.05,24.17
2025,R Sai Kishore,15,255,386,19,74,22,25,42.5,9.08,29.02
2025,R Shepherd,7,84,145,6,25,10,11,14.0,10.36,29.76
2025,RA Jadeja,14,227,319,10,76,23,17,37.83,8.43,33.48
2025,RD Chahar,1,6,9,0,2,0,1,1.0,9.0,33.33
2025,RJ Gleeson,1,21,38,1,5,7,0,3.5,10.86,23.81
2025,RJW Topley,1,18,40,0,6,2,4,3.0,13.33,33.33
2025,Rashid Khan,15,330,508,9,88,28,33,55.0,9.24,26.67
2025,Rasikh Salam,2,36,68,1,13,7,5,6.0,11.33,36.11
2025,Ravi Bishnoi,11,222,390,9,67,32,25,37.0,10.54,30.18
2025,S Dube,1,12,28,0,1,2,2,2.0,14.0,8.33
2025,SH Johnson,4,68,128,1,25,14,8,11.33,11.29,36.76
2025,SM Curran,5,72,131,1,16,11,8,12.0,10.92,22.22
2025,SN Thakur,10,204,353,15,60,38,17,34.0,10.38,29.41
2025,SP Narine,12,270,346,12,84,12,22,45.0,7.69,31.11
2025,Sandeep Sharma,10,223,354,10,52,29,15,37.17,9.52,23.32
2025,Shahbaz Ahmed,3,51,97,1,10,9,5,8.5,11.41,19.61
2025,Shashank Singh,1,12,27,0,3,4,1,2.0,13.5,25.0
2025,Simarjeet Singh,4,60,138,2,20,11,13,10.0,13.8,33.33
2025,Suryansh Shedge,1,18,39,0,1,3,2,3.0,13.0,5.56
2025,Suyash Sharma,14,300,433,9,93,36,22,50.0,8.66,31.0
2025,T Natarajan,2,25,53,1,5,5,3,4.17,12.72,20.0
2025,T Stubbs,2,12,40,0,3,2,5,2.0,20.0,25.0
2025,TA Boult,16,346,502,23,124,49,22,57.67,8.71,35.84
2025,TU Deshpande,10,192,320,9,57,35,13,32.0,10.0,29.69
2025,V Nigam,13,234,345,12,72,22,21,39.0,8.85,30.77
2025,V Puthur,5,72,108,6,24,4,9,12.0,9.0,33.33
2025,VG Arora,12,255,413,19,93,45,20,42.5,9.72,36.47
2025,Vijaykumar Vyshak,5,102,166,4,31,11,10,17.0,9.76,30.39
2025,W O'Rourke,3,62,129,6,15,16,6,10.33,12.48,24.19
2025,WG Jacks,8,84,111,6,31,11,4,14.0,7.93,36.9
2025,Washington Sundar,5,65,109,2,15,7,7,10.83,10.06,23.08
2025,XC Bartlett,4,60,96,2,28,11,5,10.0,9.6,46.67
2025,YS Chahal,13,270,419,16,72,24,26,45.0,9.31,26.67
2025,Yash Dayal,15,294,455,14,91,43,20,49.0,9.29,30.95
2025,Yash Thakur,2,39,75,1,10,8,4,6.5,11.54,25.64
2025,Yudhvir Singh,4,66,126,4,26,14,8,11.0,11.45,39.39
2025,Zeeshan Ansari,10,203,327,8,47,24,17,33.83,9.67,23.15
2026,A Badoni,1,6,14,0,0,1,1,1.0,14.0,0.0
2026,A Kamboj,14,302,517,24,112,49,34,50.33,10.27,37.09
2026,A Nortje,1,24,32,0,7,1,2,4.0,8.0,29.17
2026,AF Milne,1,20,39,0,2,2,2,3.33,11.7,10.0
2026,AJ Hosein,7,148,195,9,58,14,11,24.67,7.91,39.19
2026,AK Markram,5,36,80,0,8,3,8,6.0,13.33,22.22
2026,AM Ghazanfar,11,233,383,15,69,29,24,38.83,9.86,29.61
2026,AR Patel,13,264,352,11,80,21,20,44.0,8.0,30.3
2026,AS Roy,12,163,239,9,50,19,13,27.17,8.8,30.67
2026,Abdul Samad,1,1,6,0,0,0,1,0.17,36.0,0.0
2026,Abhinandan Singh,3,58,120,3,15,13,7,9.67,12.41,25.86
2026,Abhishek Sharma,4,29,49,0,6,5,2,4.83,10.14,20.69
2026,Akash Singh,2,42,70,4,18,10,3,7.0,10.0,42.86
2026,Arjun Tendulkar,1,24,36,1,6,4,1,4.0,9.0,25.0
2026,Arshad Khan,6,104,165,8,43,16,10,17.33,9.52,41.35
2026,Arshdeep Singh,14,318,509,14,108,60,20,53.0,9.6,33.96
2026,Ashok Sharma,6,126,217,6,48,21,14,21.0,10.33,38.1
2026,Ashwani Kumar,3,60,98,6,22,15,3,10.0,9.8,36.67
2026,Auqib Nabi,5,78,143,0,24,11,10,13.0,11.0,30.77
2026,Avesh Khan,7,148,265,6,42,20,19,24.67,10.74,28.38
2026,Azmatullah Omarzai,3,66,100,3,23,8,6,11.0,9.09,34.85
2026,B Kumar,16,378,487,30,149,49,16,63.0,7.73,39.42
2026,B Muzarabani,2,42,73,5,12,9,3,7.0,10.43,28.57
2026,BJ Dwarshuis,1,24,46,2,6,4,3,4.0,11.5,25.0
2026,Brijesh Sharma,13,273,425,14,84,51,13,45.5,9.34,30.77
2026,C Bosch,6,121,190,13,44,11,15,20.17,9.42,36.36
2026,C Green,10,132,224,7,43,21,14,22.0,10.18,32.58
2026,CV Varun,11,246,351,12,77,29,18,41.0,8.56,31.3
2026,D Ferreira,3,18,41,1,2,3,3,3.0,13.67,11.11
2026,D Madushanka,1,24,32,1,8,3,1,4.0,8.0,33.33
2026,DA Payne,2,30,69,2,5,6,5,5.0,13.8,16.67
2026,DL Chahar,8,153,256,8,57,26,15,25.5,10.04,37.25
2026,DS Rathi,10,234,391,5,54,29,21,39.0,10.03,23.08
2026,E Malinga,15,326,482,21,114,43,24,54.33,8.87,34.97
2026,GF Linde,3,37,55,1,10,6,2,6.17,8.92,27.03
2026,Gurjapneet Singh,8,151,221,4,46,15,13,25.17,8.78,30.46
2026,HH Pandya,9,136,244,4,39,25,13,22.67,10.76,28.68
2026,HV Patel,5,82,146,0,15,14,7,13.67,10.68,18.29
2026,Harpreet Brar,2,48,59,2,16,5,2,8.0,7.38,33.33
2026,Harsh Dubey,8,132,220,8,36,16,14,22.0,10.0,27.27
2026,J Overton,10,168,241,14,55,18,12,28.0,8.61,32.74
2026,JA Duffy,6,144,251,9,54,23,18,24.0,10.46,37.5
2026,JC Archer,16,360,528,29,154,71,20,60.0,8.8,42.78
2026,JD Unadkat,4,77,139,4,21,14,8,12.83,10.83,27.27
2026,JJ Bumrah,13,294,385,5,105,43,12,49.0,7.86,35.71
2026,JO Holder,11,230,284,17,92,26,11,38.33,7.41,40.0
2026,JR Hazlewood,13,309,481,15,118,50,25,51.5,9.34,38.19
2026,K Khejroliya,1,12,28,0,3,4,1,2.0,14.0,25.0
2026,K Rabada,17,388,613,29,167,60,40,64.67,9.48,43.04
2026,KA Jamieson,2,42,90,2,11,9,6,7.0,12.86,26.19
2026,KH Pandya,15,303,415,14,86,21,24,50.5,8.22,28.38
2026,KK Ahmed,5,101,141,2,40,11,8,16.83,8.38,39.6
2026,Kartik Tyagi,13,306,487,19,107,48,25,51.0,9.55,34.97
2026,Krish Bhagat,3,36,63,0,15,5,5,6.0,10.5,41.67
2026,Kuldeep Yadav,11,222,376,10,58,19,29,37.0,10.16,26.13
2026,L Ngidi,11,248,333,14,94,30,16,41.33,8.06,37.9
2026,LH Ferguson,3,66,137,1,20,11,11,11.0,12.45,30.3
2026,M Jansen,12,284,469,9,80,40,28,47.33,9.91,28.17
2026,M Markande,3,30,75,0,5,3,8,5.0,15.0,16.67
2026,M Pathirana,1,8,7,0,4,1,0,1.33,5.25,50.0
2026,M Prasidh Krishna,12,234,399,18,78,36,23,39.0,10.23,33.33
2026,M Siddharth,4,90,142,6,26,7,10,15.0,9.47,28.89
2026,M Tiwari,3,60,78,4,19,7,3,10.0,7.8,31.67
2026,MA Starc,6,132,212,13,52,24,11,22.0,9.64,39.39
2026,MD Shanaka,3,36,58,1,7,5,2,6.0,9.67,19.44
2026,MJ Henry,3,60,129,2,9,10,8,10.0,12.9,15.0
2026,MJ Santner,4,84,122,5,31,11,7,14.0,8.71,36.9
2026,MJ Suthar,3,36,66,2,13,7,4,6.0,11.0,36.11
2026,MP Stoinis,4,47,92,2,10,6,7,7.83,11.74,21.28
2026,MP Yadav,4,96,177,0,35,13,13,16.0,11.06,36.46
2026,MW Short,2,19,38,0,5,3,3,3.17,12.0,26.32
2026,Mohammed Shami,13,306,438,12,127,48,22,51.0,8.59,41.5
2026,Mohammed Siraj,17,372,544,20,164,66,24,62.0,8.77,44.09
2026,Mohsin Khan,7,168,225,11,63,19,12,28.0,8.04,37.5
2026,Mukesh Choudhary,8,168,239,9,67,25,12,28.0,8.54,39.88
2026,Mukesh Kumar,10,188,337,7,61,35,19,31.33,10.76,32.45
2026,N Burger,13,261,407,14,100,39,25,43.5,9.36,38.31
2026,N Rana,1,24,53,1,7,2,6,4.0,13.25,29.17
2026,Navdeep Saini,1,18,36,0,5,5,1,3.0,12.0,27.78
2026,Nithish Kumar Reddy,14,186,312,9,54,32,14,31.0,10.06,29.03
2026,Noor Ahmad,14,306,417,14,85,25,22,51.0,8.18,27.78
2026,PJ Cummins,8,192,292,8,67,28,14,32.0,9.12,34.9
2026,PP Hinge,7,156,293,14,60,31,19,26.0,11.27,38.46
2026,PR Veer,1,12,25,0,5,1,3,2.0,12.5,41.67
2026,PVD Chameera,1,12,18,0,5,2,1,2.0,9.0,41.67
2026,Prince Yadav,14,313,444,20,114,43,20,52.17,8.51,36.42
2026,R Parag,4,24,37,2,5,4,1,4.0,9.25,20.83
2026,R Sai Kishore,2,24,46,1,6,2,4,4.0,11.5,25.0
2026,R Shepherd,13,150,290,7,35,19,22,25.0,11.6,23.33
2026,RA Bawa,2,24,41,2,7,2,3,4.0,10.25,29.17
2026,RA Jadeja,12,198,273,10,50,14,13,33.0,8.27,25.25
2026,RD Chahar,1,24,45,0,4,3,3,4.0,11.25,16.67
2026,RS Ghosh,1,18,24,1,6,4,0,3.0,8.0,33.33
2026,Raghu Sharma,5,90,130,1,23,5,8,15.0,8.67,25.56
2026,Ramandeep Singh,2,16,26,1,1,1,1,2.67,9.75,6.25
2026,Rashid Khan,17,341,501,21,109,26,36,56.83,8.82,31.96
2026,Rasikh Salam,12,257,390,20,82,49,10,42.83,9.11,31.91
2026,Ravi Bishnoi,9,156,249,12,40,17,14,26.0,9.58,25.64
2026,S Dube,4,30,62,1,6,9,2,5.0,12.4,20.0
2026,SH Johnson,3,66,103,2,26,14,4,11.0,9.36,39.39
2026,SN Thakur,7,132,252,12,36,27,13,22.0,11.45,27.27
2026,SP Narine,13,309,340,17,133,22,18,51.5,6.6,43.04
2026,SR Dubey,4,77,92,5,37,10,5,12.83,7.17,48.05
2026,SS Mishra,2,38,58,2,15,6,3,6.33,9.16,39.47
2026,Sakib Hussain,11,252,371,16,86,32,18,42.0,8.83,34.13
2026,Sandeep Sharma,6,118,215,6,31,17,13,19.67,10.93,26.27
2026,Shahbaz Ahmed,5,67,127,5,16,14,6,11.17,11.37,23.88
2026,Shashank Singh,4,60,86,4,16,6,4,10.0,8.6,26.67
2026,Shivang Kumar,13,234,369,11,62,30,19,39.0,9.46,26.5
2026,Suyash Sharma,12,245,368,9,71,31,18,40.83,9.01,28.98
2026,T Natarajan,10,191,342,6,42,29,19,31.83,10.74,21.99
2026,T Vijay,1,12,29,0,2,3,2,2.0,14.5,16.67
2026,TA Boult,5,97,178,2,25,12,13,16.17,11.01,25.77
2026,TH David,1,6,18,0,1,1,2,1.0,18.0,16.67
2026,TM Head,1,6,7,1,1,1,0,1.0,7.0,16.67
2026,TU Deshpande,7,138,262,5,36,31,13,23.0,11.39,26.09
2026,V Nigam,5,54,110,2,13,9,8,9.0,12.22,24.07
2026,VG Arora,10,228,377,12,69,45,16,38.0,9.92,30.26
2026,Vijaykumar Vyshak,9,186,322,10,48,26,18,31.0,10.39,25.81
2026,WG Jacks,6,53,89,2,20,8,6,8.83,10.08,37.74
2026,Washington Sundar,5,55,84,1,14,3,6,9.17,9.16,25.45
2026,XC Bartlett,9,201,376,5,54,41,18,33.5,11.22,26.87
2026,YS Chahal,12,246,368,13,53,18,21,41.0,8.98,21.54
2026,Yash Raj Punja,8,180,273,9,47,14,18,30.0,9.1,26.11
2026,Yash Thakur,1,24,49,2,8,5,3,4.0,12.25,33.33
