ESPN_Player_ID,Player_Name,Season,Matches,Innings,Overs,Maidens,Runs_Conceded,Wickets,BBI,Average,Economy,Strike_Rate,4w,5w
26421,Ravichandran Ashwin,2026,16,14,45.4,3,379,18,1/5,21.06,8.3,15.22,0,0
481896,Mohammed Shami,2026,17,15,48.5,3,354,18,3/12,19.67,7.25,16.28,0,0
1387999,Krunal Krishna,2026,17,16,61.1,0,501,17,3/24,29.47,8.19,21.59,0,0
155214,Saurabh Sundar,2026,16,16,39.2,0,308,14,6/14,22.0,7.83,16.86,1,2
1372472,Khaleel Bishnoi,2026,14,14,48.0,0,546,13,3/29,42.0,11.38,22.15,0,0
1125976,Arshdeep Singh,2026,14,12,45.2,0,344,13,4/20,26.46,7.59,20.92,1,0
978292,Navdeep Malik,2026,16,13,37.5,0,417,12,3/12,34.75,11.02,18.92,0,0
873476,RP Patel,2026,16,10,36.1,0,413,11,3/7,37.55,11.42,19.73,0,0
940973,Mohammed Siraj,2026,17,12,30.3,0,264,11,3/10,24.0,8.66,16.64,0,0
49758,Lasith Malinga,2026,15,10,29.1,3,213,11,2/16,19.36,7.3,15.91,0,0
1081103,Saurabh Patel,2026,16,11,29.2,0,271,9,3/5,30.11,9.24,19.56,0,0
730365,Washington Kumar,2026,13,8,28.4,0,255,8,4/13,31.88,8.9,21.5,1,0
785941,Krunal Bishnoi,2026,15,10,29.0,0,294,8,3/16,36.75,10.14,21.75,0,0
934523,Chetan Sundar,2026,11,7,22.3,0,248,7,2/20,35.43,11.02,19.29,0,0
148106,Jaydev Unadkat,2026,14,8,25.3,0,228,7,6/17,32.57,8.94,21.86,0,1
1488671,Mukesh Kaul,2026,16,12,39.5,0,435,7,2/10,62.14,10.92,34.14,0,0
550215,Kagiso Rabada,2026,13,8,20.0,2,139,7,6/14,19.86,6.95,17.14,0,1
333776,Khaleel Unadkat,2026,16,8,31.4,0,291,7,4/8,41.57,9.19,27.14,1,0
625383,Jasprit Bumrah,2026,7,7,19.4,0,128,7,1/15,18.29,6.51,16.86,0,0
312961,Vinay Sundar,2026,16,10,36.4,0,416,6,3/18,69.33,11.35,36.67,0,0
1495108,Vinay Unadkat,2026,10,8,28.1,0,264,6,6/14,44.0,9.37,28.17,0,1
377569,Khaleel Yadav,2026,15,12,31.2,0,271,6,2/14,45.17,8.65,31.33,0,0
549015,Tushar Pandey,2026,7,7,26.3,0,227,6,6/18,37.83,8.57,26.5,0,1
1389011,Irfan Dayal,2026,14,11,31.1,0,344,6,2/25,57.33,11.04,31.17,0,0
540472,Nitish Sundar,2026,11,8,20.4,0,212,6,1/6,35.33,10.26,20.67,0,0
40618,Imran Tahir,2026,12,8,21.4,1,149,6,1/10,24.83,6.88,21.67,0,0
51939,Jaydev Saini,2026,9,9,29.1,0,328,6,1/23,54.67,11.25,29.17,0,0
521223,Krunal Sharma,2026,12,12,30.0,0,294,6,4/8,49.0,9.8,30.0,1,0
1239460,Ravi Unadkat,2026,17,10,34.5,0,382,6,4/28,63.67,10.97,34.83,1,0
27716,Rahul Sharma,2026,12,7,17.1,0,157,6,3/22,26.17,9.15,17.17,0,0
569381,Siddarth Singh,2026,17,8,19.4,0,215,5,2/13,43.0,10.93,23.6,0,0
51439,Dwayne Bravo,2026,8,6,19.4,3,167,5,3/15,33.4,8.49,23.6,0,0
222080,Khaleel Krishna,2026,12,6,22.2,0,234,5,1/7,46.8,10.48,26.8,0,0
474555,Yash Ahmed,2026,9,7,18.3,0,203,5,2/1,40.6,10.97,22.2,0,0
678697,Rahul Unadkat,2026,13,7,21.1,0,232,5,1/3,46.4,10.96,25.4,0,0
1386199,Chetan Pandey,2026,13,5,19.5,0,186,5,3/20,37.2,9.38,23.8,0,0
460043,RP Unadkat,2026,9,7,21.4,0,211,5,3/6,42.2,9.74,26.0,0,0
230558,Sunil Narine,2026,10,5,12.2,3,88,5,4/22,17.6,7.14,14.8,1,0
378193,RP Singh,2026,9,7,20.3,0,165,4,1/7,41.25,8.05,30.75,0,0
357936,Siddarth Sundar,2026,14,12,25.2,0,242,4,3/26,60.5,9.55,38.0,0,0
842192,Mayank Yadav,2026,11,5,17.0,0,195,4,4/14,48.75,11.47,25.5,1,0
1091637,Kartik Dayal,2026,7,5,16.4,0,159,4,1/1,39.75,9.54,25.0,0,0
479587,Krunal Sakariya,2026,8,5,16.0,0,152,4,3/22,38.0,9.5,24.0,0,0
390481,Harshal Patel,2026,6,4,14.3,1,101,4,1/25,25.25,6.97,21.75,0,0
957565,Kartik Singh,2026,4,4,13.2,0,126,3,3/29,42.0,9.45,26.67,0,0
778036,Rahul Pandey,2026,10,4,12.1,0,101,3,3/7,33.67,8.3,24.33,0,0
766710,Prasidh Pandey,2026,8,4,14.3,0,144,3,2/23,48.0,9.93,29.0,0,0
914748,Nitish Yadav,2026,5,5,15.1,0,133,3,2/20,44.33,8.77,30.33,0,0
1005502,Ravi Singh,2026,7,7,18.3,0,167,3,2/5,55.67,9.03,37.0,0,0
216900,Navdeep Ahmed,2026,15,10,20.0,0,170,3,2/5,56.67,8.5,40.0,0,0
284206,Irfan Unadkat,2026,6,3,10.5,0,89,3,3/5,29.67,8.22,21.67,0,0
31430,Nitish Tyagi,2026,6,3,11.3,0,118,3,3/18,39.33,10.26,23.0,0,0
493290,Ravi Malik,2026,10,7,21.3,0,177,3,1/15,59.0,8.23,43.0,0,0
1279393,Umran Dayal,2026,16,5,17.5,0,156,3,3/14,52.0,8.75,35.67,0,0
633374,Mukesh Dayal,2026,7,4,12.2,0,124,3,3/22,41.33,10.05,24.67,0,0
438488,Sandeep Sharma,2026,11,4,10.4,0,93,3,1/10,31.0,8.72,21.33,0,0
551269,Umran Pandey,2026,11,3,9.3,0,106,2,2/21,53.0,11.16,28.5,0,0
1175432,Ravi Patel,2026,10,3,7.4,0,74,2,2/26,37.0,9.65,23.0,0,0
1175221,Khaleel Sundar,2026,4,3,8.5,0,86,2,2/22,43.0,9.74,26.5,0,0
395813,Nitish Kumar,2026,3,2,7.5,0,73,2,2/5,36.5,9.32,23.5,0,0
234675,Ravindra Jadeja,2026,3,3,8.3,0,72,2,2/21,36.0,8.47,25.5,0,0
872614,RP Ahmed,2026,3,3,8.4,0,89,2,2/4,44.5,10.27,26.0,0,0
638712,Umran Singh,2026,3,3,8.5,0,92,2,2/16,46.0,10.42,26.5,0,0
515856,Umran Patel,2026,10,4,9.1,0,86,2,2/19,43.0,9.38,27.5,0,0
668860,Umran Krishna,2026,8,2,6.5,0,57,2,2/9,28.5,8.34,20.5,0,0
1388155,Mukesh Sharma,2026,5,5,15.0,0,149,2,1/10,74.5,9.93,45.0,0,0
1051021,Yash Krishna,2026,12,6,15.5,0,137,2,2/25,68.5,8.65,47.5,0,0
311592,Mitchell Starc,2026,9,4,8.3,0,67,2,2/15,33.5,7.88,25.5,0,0
554691,Axar Patel,2026,7,2,6.2,0,46,2,2/25,23.0,7.26,19.0,0,0
750105,Mayank Deshpande,2026,9,3,9.2,0,104,2,2/12,52.0,11.14,28.0,0,0
127560,Washington Kaul,2026,8,4,10.1,0,91,2,2/4,45.5,8.95,30.5,0,0
299674,Navdeep Sharma,2026,13,6,16.1,0,169,2,2/4,84.5,10.45,48.5,0,0
956130,Umran Sundar,2026,11,4,12.1,0,107,2,2/22,53.5,8.79,36.5,0,0
793463,Rashid Khan,2026,17,2,6.5,0,56,2,1/2,28.0,8.2,20.5,0,0
402293,Mayank Ahmed,2026,3,1,3.3,0,32,1,1/11,32.0,9.14,21.0,0,0
929483,Vinay Singh,2026,11,3,6.2,0,59,1,1/16,59.0,9.32,38.0,0,0
559235,Kuldeep Yadav,2026,4,2,4.5,0,36,1,1/7,36.0,7.45,29.0,0,0
855785,Tushar Malik,2026,6,1,3.5,0,31,1,1/14,31.0,8.09,23.0,0,0
31820,Ashish Nehra,2026,16,2,4.0,0,29,1,1/12,29.0,7.25,24.0,0,0
277912,Trent Boult,2026,5,2,6.0,0,39,1,1/8,39.0,6.5,36.0,0,0
839830,Washington Malik,2026,5,3,8.2,0,68,1,1/5,68.0,8.16,50.0,0,0
323262,Washington Unadkat,2026,6,2,6.5,0,72,1,1/21,72.0,10.54,41.0,0,0
1286854,Praveen Deshpande,2026,3,2,5.5,0,65,1,1/22,65.0,11.14,35.0,0,0
375206,Chetan Tyagi,2026,16,2,7.0,0,67,1,1/13,67.0,9.57,42.0,0,0
1466521,Nitish Bishnoi,2026,5,2,5.3,0,52,1,1/4,52.0,9.45,33.0,0,0
1134465,Mukesh Patel,2026,4,3,6.0,0,57,1,1/22,57.0,9.5,36.0,0,0
475281,Shardul Thakur,2026,1,1,3.3,0,29,1,1/6,29.0,8.29,21.0,0,0
1148460,Umran Kaul,2026,10,2,4.5,0,50,1,1/15,50.0,10.34,29.0,0,0
809428,Yash Deshpande,2026,11,2,4.4,0,53,1,1/15,53.0,11.36,28.0,0,0
1208000,Mayank Unadkat,2026,12,2,4.0,0,37,1,1/5,37.0,9.25,24.0,0,0
168537,Krunal Deshpande,2026,10,1,3.0,0,29,1,1/1,29.0,9.67,18.0,0,0
680149,Siddarth Pandey,2026,3,3,8.1,0,79,1,1/11,79.0,9.67,49.0,0,0
845013,Kartik Kaul,2026,8,2,7.1,0,70,1,1/0,70.0,9.77,43.0,0,0
326016,Bhuvneshwar Kumar,2026,1,1,3.2,0,27,1,1/16,27.0,8.1,20.0,0,0
587248,Irfan Sharma,2026,14,2,5.3,0,59,1,1/5,59.0,10.73,33.0,0,0
1046896,Mayank Sharma,2026,14,2,7.0,0,66,1,1/11,66.0,9.43,42.0,0,0
537119,Mohit Sharma,2026,9,1,3.3,0,30,1,1/16,30.0,8.57,21.0,0,0
447261,Deepak Chahar,2026,7,3,6.4,0,51,1,1/7,51.0,7.65,40.0,0,0
430246,Yuzvendra Chahal,2026,3,1,3.1,0,21,1,1/23,21.0,6.63,19.0,0,0
28026,Piyush Chawla,2026,1,1,3.4,0,27,1,1/9,27.0,7.36,22.0,0,0
31107,Amit Mishra,2026,13,2,5.3,0,42,1,1/10,42.0,7.64,33.0,0,0
47492,Dale Steyn,2026,1,1,2.4,0,19,1,1/7,19.0,7.12,16.0,0,0
697391,Avesh Khan,2026,9,2,7.1,0,52,1,1/23,52.0,7.26,43.0,0,0
209513,Jaydev Deshpande,2026,3,1,3.3,0,32,0,-,0.0,9.14,0.0,0,0
538104,Irfan Kumar,2026,3,1,2.2,0,19,0,-,0.0,8.14,0.0,0,0
966300,Kartik Patel,2026,10,1,2.4,0,22,0,-,0.0,8.25,0.0,0,0
205967,Chetan Dayal,2026,6,1,2.2,0,20,0,-,0.0,8.57,0.0,0,0
1420091,Washington Dayal,2026,9,1,2.3,0,26,0,-,0.0,10.4,0.0,0,0
1172833,Ravi Kaul,2026,10,1,2.4,0,21,0,-,0.0,7.88,0.0,0,0
896114,Vinay Krishna,2026,1,1,3.0,0,30,0,-,0.0,10.0,0.0,0,0
559194,Nitish Saini,2026,14,1,3.2,0,35,0,-,0.0,10.5,0.0,0,0
1426365,Siddarth Deshpande,2026,4,1,3.4,0,40,0,-,0.0,10.91,0.0,0,0
988579,Ravi Sundar,2026,1,1,3.0,0,30,0,-,0.0,10.0,0.0,0,0
1358030,Khaleel Kaul,2026,16,1,2.3,0,21,0,-,0.0,8.4,0.0,0,0
786171,Ravi Sharma,2026,1,1,2.2,0,24,0,-,0.0,10.29,0.0,0,0
524903,Umran Tyagi,2026,17,1,2.4,0,26,0,-,0.0,9.75,0.0,0,0
1372288,Yash Kumar,2026,15,1,2.5,0,29,0,-,0.0,10.24,0.0,0,0
789399,Nitish Patel,2026,1,1,2.1,0,16,0,-,0.0,7.38,0.0,0,0
73083,Siddarth Kumar,2026,1,1,2.1,0,19,0,-,0.0,8.77,0.0,0,0
376116,Umesh Yadav,2026,7,1,3.0,0,20,0,-,0.0,6.67,0.0,0,0
1032291,RP Saini,2026,3,1,3.4,0,41,0,-,0.0,11.18,0.0,0,0
126106,Washington Patel,2026,2,1,3.5,0,43,0,-,0.0,11.22,0.0,0,0
257532,Jaydev Tyagi,2025,16,15,44.5,0,493,14,3/18,35.21,11.0,19.21,0,0
985194,Washington Yadav,2025,13,11,34.2,0,288,12,3/20,24.0,8.39,17.17,0,0
475281,Shardul Thakur,2025,14,13,49.0,3,382,12,3/16,31.83,7.8,24.5,0,0
1208000,Mayank Unadkat,2025,14,14,39.0,0,306,11,6/19,27.82,7.85,21.27,0,1
550215,Kagiso Rabada,2025,9,9,32.5,0,286,11,2/9,26.0,8.71,17.91,0,0
538104,Irfan Kumar,2025,17,15,45.4,0,377,11,1/20,34.27,8.26,24.91,0,0
127560,Washington Kaul,2025,16,16,52.4,0,448,11,4/19,40.73,8.51,28.73,1,0
1052745,Praveen Unadkat,2025,17,10,38.2,0,341,10,2/4,34.1,8.9,23.0,0,0
775997,Chetan Singh,2025,16,13,41.1,0,446,10,2/14,44.6,10.83,24.7,0,0
390481,Harshal Patel,2025,15,15,30.1,3,218,10,4/16,21.8,7.23,18.1,2,0
438488,Sandeep Sharma,2025,17,8,30.4,3,230,10,4/17,23.0,7.5,18.4,2,0
537119,Mohit Sharma,2025,15,10,25.5,1,183,10,2/6,18.3,7.08,15.5,0,0
1070549,Navdeep Kaul,2025,17,11,43.3,0,393,9,5/10,43.67,9.03,29.0,0,1
62154,Prasidh Saini,2025,14,12,42.3,0,481,9,2/24,53.44,11.32,28.33,0,0
1362113,Saurabh Unadkat,2025,10,9,30.4,0,305,8,2/11,38.12,9.95,23.0,0,0
1086001,Rahul Saini,2025,11,7,22.5,0,261,8,1/11,32.62,11.43,17.12,0,0
842192,Mayank Yadav,2025,10,9,23.3,0,263,8,4/11,32.88,11.19,17.62,1,0
540472,Nitish Sundar,2025,9,9,23.4,0,247,8,1/16,30.88,10.44,17.75,0,0
230558,Sunil Narine,2025,8,8,25.3,2,182,8,4/17,22.75,7.14,19.12,1,0
1191803,Tushar Sundar,2025,15,13,41.0,0,440,8,2/25,55.0,10.73,30.75,0,0
284206,Irfan Unadkat,2025,14,11,41.2,0,460,8,1/0,57.5,11.13,31.0,0,0
430246,Yuzvendra Chahal,2025,15,14,29.3,0,245,8,2/26,30.62,8.31,22.12,0,0
26421,Ravichandran Ashwin,2025,12,8,25.2,0,181,8,1/9,22.62,7.14,19.0,0,0
1224033,Mayank Krishna,2025,17,13,45.0,0,454,7,1/18,64.86,10.09,38.57,0,0
559194,Nitish Saini,2025,11,9,24.3,0,229,7,2/25,32.71,9.35,21.0,0,0
1124340,Rahul Krishna,2025,15,11,37.5,0,297,7,6/15,42.43,7.85,32.43,0,1
1420091,Washington Dayal,2025,13,9,35.1,0,388,7,1/13,55.43,11.03,30.14,0,0
396280,Mayank Patel,2025,10,8,22.1,0,238,7,2/25,34.0,10.74,19.0,0,0
301898,Khaleel Dayal,2025,11,9,32.5,0,270,6,4/11,45.0,8.22,32.83,1,0
1231530,Khaleel Tyagi,2025,11,10,27.5,0,289,6,6/16,48.17,10.38,27.83,0,1
36014,Zaheer Khan,2025,7,6,21.0,0,181,6,4/17,30.17,8.62,21.0,1,0
1466521,Nitish Bishnoi,2025,5,5,19.1,0,189,6,4/8,31.5,9.86,19.17,1,0
126106,Washington Patel,2025,7,5,17.5,0,201,6,6/15,33.5,11.27,17.83,0,1
559235,Kuldeep Yadav,2025,11,5,16.0,0,119,6,5/15,19.83,7.44,16.0,0,1
630527,Rahul Patel,2025,9,6,21.1,0,180,5,1/20,36.0,8.5,25.4,0,0
848732,Yash Pandey,2025,13,12,24.0,0,273,5,6/17,54.6,11.38,28.8,0,1
333776,Khaleel Unadkat,2025,10,9,24.5,0,194,5,1/17,38.8,7.81,29.8,0,0
569381,Siddarth Singh,2025,7,7,25.3,0,249,5,4/32,49.8,9.76,30.6,1,0
1388155,Mukesh Sharma,2025,14,14,28.4,0,304,5,3/10,60.8,10.6,34.4,0,0
51939,Jaydev Saini,2025,11,9,30.5,0,257,5,2/14,51.4,8.34,37.0,0,0
256752,Mukesh Unadkat,2025,10,9,24.3,0,206,4,4/18,51.5,8.41,36.75,1,0
763523,Mayank Sundar,2025,5,4,13.3,0,144,4,2/8,36.0,10.67,20.25,0,0
31430,Nitish Tyagi,2025,16,9,18.2,0,174,4,4/21,43.5,9.49,27.5,1,0
299674,Navdeep Sharma,2025,16,4,14.1,0,142,4,3/29,35.5,10.02,21.25,0,0
1049178,Tushar Yadav,2025,7,5,17.0,0,160,4,1/11,40.0,9.41,25.5,0,0
1108393,RP Tyagi,2025,5,5,18.0,0,172,4,1/24,43.0,9.56,27.0,0,0
402293,Mayank Ahmed,2025,8,6,22.5,0,260,4,3/28,65.0,11.39,34.25,0,0
618912,Yash Sakariya,2025,9,5,13.2,0,139,3,3/21,46.33,10.42,26.67,0,0
412290,Umran Deshpande,2025,9,5,16.4,0,186,3,2/8,62.0,11.16,33.33,0,0
433383,Vinay Bishnoi,2025,9,6,18.2,0,198,3,3/9,66.0,10.8,36.67,0,0
1333782,Krunal Patel,2025,11,3,10.1,0,113,3,2/12,37.67,11.11,20.33,0,0
51439,Dwayne Bravo,2025,7,3,10.1,2,80,3,2/15,26.67,7.87,20.33,0,0
209513,Jaydev Deshpande,2025,9,6,17.4,0,154,3,1/15,51.33,8.72,35.33,0,0
934523,Chetan Sundar,2025,15,5,11.5,0,115,3,1/16,38.33,9.72,23.67,0,0
1372288,Yash Kumar,2025,5,4,13.3,0,140,3,3/25,46.67,10.37,27.0,0,0
816615,Prasidh Patel,2025,17,3,9.4,0,100,3,3/25,33.33,10.34,19.33,0,0
577055,RP Pandey,2025,11,7,18.4,0,169,3,2/7,56.33,9.05,37.33,0,0
678697,Rahul Unadkat,2025,10,5,12.4,0,112,3,1/1,37.33,8.84,25.33,0,0
1125976,Arshdeep Singh,2025,7,3,10.5,2,70,3,2/7,23.33,6.46,21.67,0,0
929483,Vinay Singh,2025,14,7,15.2,0,175,3,3/18,58.33,11.41,30.67,0,0
168537,Krunal Deshpande,2025,11,5,12.1,0,104,3,3/4,34.67,8.55,24.33,0,0
447261,Deepak Chahar,2025,9,5,11.5,3,89,3,3/24,29.67,7.52,23.67,0,0
873476,RP Patel,2025,15,6,14.1,0,146,3,1/10,48.67,10.31,28.33,0,0
47611,Irfan Deshpande,2025,11,4,9.0,0,79,2,2/24,39.5,8.78,27.0,0,0
140804,Irfan Krishna,2025,5,3,11.4,0,121,2,2/17,60.5,10.37,35.0,0,0
1495108,Vinay Unadkat,2025,6,4,12.0,0,118,2,2/5,59.0,9.83,36.0,0,0
127901,Yash Saini,2025,9,3,7.4,0,62,2,2/8,31.0,8.09,23.0,0,0
549015,Tushar Pandey,2025,6,4,9.1,0,82,2,2/1,41.0,8.95,27.5,0,0
148106,Jaydev Unadkat,2025,11,7,15.2,0,173,2,2/9,86.5,11.28,46.0,0,0
1286854,Praveen Deshpande,2025,13,4,13.4,0,136,2,1/22,68.0,9.95,41.0,0,0
626542,Rahul Yadav,2025,6,6,14.5,0,157,2,1/4,78.5,10.58,44.5,0,0
841131,Ravi Yadav,2025,10,3,11.0,0,96,2,1/9,48.0,8.73,33.0,0,0
809428,Yash Deshpande,2025,14,3,10.2,0,98,2,2/15,49.0,9.48,31.0,0,0
481896,Mohammed Shami,2025,11,3,10.4,3,86,2,2/22,43.0,8.06,32.0,0,0
376116,Umesh Yadav,2025,12,2,6.4,0,47,2,2/3,23.5,7.05,20.0,0,0
205967,Chetan Dayal,2025,1,1,3.4,0,35,1,1/2,35.0,9.55,22.0,0,0
697391,Avesh Khan,2025,2,2,5.0,0,41,1,1/16,41.0,8.2,30.0,0,0
1279393,Umran Dayal,2025,5,3,7.4,0,75,1,1/21,75.0,9.78,46.0,0,0
140960,Vinay Deshpande,2025,6,4,9.3,0,94,1,1/20,94.0,9.89,57.0,0,0
1358030,Khaleel Kaul,2025,9,2,6.3,0,58,1,1/1,58.0,8.92,39.0,0,0
458876,Yash Tyagi,2025,6,2,5.2,0,43,1,1/1,43.0,8.06,32.0,0,0
234675,Ravindra Jadeja,2025,7,1,3.4,0,31,1,1/7,31.0,8.45,22.0,0,0
1426365,Siddarth Deshpande,2025,16,3,6.1,0,57,1,1/16,57.0,9.24,37.0,0,0
1134465,Mukesh Patel,2025,11,2,6.0,0,60,1,1/17,60.0,10.0,36.0,0,0
1286673,Siddarth Ahmed,2025,3,2,5.4,0,45,1,1/8,45.0,7.94,34.0,0,0
31107,Amit Mishra,2025,1,1,2.3,0,17,1,1/7,17.0,6.8,15.0,0,0
1386199,Chetan Pandey,2025,7,4,10.5,0,101,1,1/21,101.0,9.32,65.0,0,0
1389011,Irfan Dayal,2025,9,2,5.3,0,44,1,1/3,44.0,8.0,33.0,0,0
326016,Bhuvneshwar Kumar,2025,2,1,3.5,0,30,1,1/14,30.0,7.83,23.0,0,0
571243,Kartik Kumar,2025,14,3,7.2,0,81,1,1/18,81.0,11.05,44.0,0,0
521223,Krunal Sharma,2025,8,3,6.1,0,68,1,1/10,68.0,11.03,37.0,0,0
554691,Axar Patel,2025,7,1,3.3,0,23,1,1/24,23.0,6.57,21.0,0,0
985383,Chetan Malik,2025,5,3,10.5,0,85,1,1/18,85.0,7.85,65.0,0,0
793463,Rashid Khan,2025,3,1,3.3,0,27,1,1/8,27.0,7.71,21.0,0,0
443000,Umran Malik,2025,13,1,3.0,0,28,0,-,0.0,9.33,0.0,0,0
629925,Tushar Sharma,2025,1,1,3.2,0,28,0,-,0.0,8.4,0.0,0,0
778036,Rahul Pandey,2025,1,1,3.1,0,29,0,-,0.0,9.16,0.0,0,0
1388877,Nitish Sharma,2025,12,1,3.4,0,40,0,-,0.0,10.91,0.0,0,0
785941,Krunal Bishnoi,2025,2,1,2.5,0,29,0,-,0.0,10.24,0.0,0,0
47492,Dale Steyn,2025,3,1,3.2,0,24,0,-,0.0,7.2,0.0,0,0
978292,Navdeep Malik,2025,2,1,2.3,0,24,0,-,0.0,9.6,0.0,0,0
957565,Kartik Singh,2025,1,1,3.4,0,38,0,-,0.0,10.36,0.0,0,0
277912,Trent Boult,2025,10,1,2.3,0,21,0,-,0.0,8.4,0.0,0,0
885915,Jaydev Kaul,2025,1,1,2.1,0,23,0,-,0.0,10.62,0.0,0,0
1387999,Krunal Krishna,2025,9,1,2.4,0,26,0,-,0.0,9.75,0.0,0,0
216900,Navdeep Ahmed,2025,1,1,2.2,0,21,0,-,0.0,9.0,0.0,0,0
378193,RP Singh,2025,2,1,3.4,0,37,0,-,0.0,10.09,0.0,0,0
460043,RP Unadkat,2025,12,1,2.2,0,24,0,-,0.0,10.29,0.0,0,0
551269,Umran Pandey,2025,4,1,2.0,0,16,0,-,0.0,8.0,0.0,0,0
1091637,Kartik Dayal,2025,14,1,3.3,0,29,0,-,0.0,8.29,0.0,0,0
694327,Khaleel Saini,2025,4,1,2.1,0,22,0,-,0.0,10.15,0.0,0,0
196998,Tushar Ahmed,2025,7,1,3.2,0,31,0,-,0.0,9.3,0.0,0,0
137111,RP Deshpande,2025,1,1,2.4,0,29,0,-,0.0,10.88,0.0,0,0
625383,Jasprit Bumrah,2025,3,1,2.0,0,14,0,-,0.0,7.0,0.0,0,0
524903,Umran Tyagi,2025,9,1,3.3,0,38,0,-,0.0,10.86,0.0,0,0
848499,Khaleel Ahmed,2025,1,1,2.5,0,22,0,-,0.0,7.76,0.0,0,0
1172833,Ravi Kaul,2025,1,1,3.4,0,31,0,-,0.0,8.45,0.0,0,0
209281,Navdeep Yadav,2025,7,1,2.2,0,20,0,-,0.0,8.57,0.0,0,0
323262,Washington Unadkat,2025,1,1,2.0,0,21,0,-,0.0,10.5,0.0,0,0
1025265,Mayank Saini,2025,1,1,2.4,0,27,0,-,0.0,10.12,0.0,0,0
31820,Ashish Nehra,2025,15,1,2.5,0,20,0,-,0.0,7.06,0.0,0,0
668860,Umran Krishna,2025,3,2,4.2,0,41,0,-,0.0,9.46,0.0,0,0
752794,Ravi Ahmed,2025,6,1,2.3,0,19,0,-,0.0,7.6,0.0,0,0
1485006,Ravi Krishna,2025,1,1,2.2,0,18,0,-,0.0,7.71,0.0,0,0
1175221,Khaleel Sundar,2025,2,1,3.0,0,29,0,-,0.0,9.67,0.0,0,0
40618,Imran Tahir,2025,3,1,3.4,0,24,0,-,0.0,6.55,0.0,0,0
326016,Bhuvneshwar Kumar,2024,17,15,55.5,3,394,18,4/28,21.89,7.06,18.61,1,0
1049178,Tushar Yadav,2024,11,11,41.3,0,374,12,2/21,31.17,9.01,20.75,0,0
31820,Ashish Nehra,2024,15,14,37.1,0,249,12,3/11,20.75,6.7,18.58,0,0
618912,Yash Sakariya,2024,15,15,38.3,0,312,11,6/19,28.36,8.1,21.0,1,1
1125976,Arshdeep Singh,2024,14,7,25.2,0,213,9,1/19,23.67,8.41,16.89,0,0
940973,Mohammed Siraj,2024,16,13,36.0,0,304,9,2/2,33.78,8.44,24.0,0,0
559235,Kuldeep Yadav,2024,16,6,21.3,3,152,9,2/24,16.89,7.07,14.33,0,0
311592,Mitchell Starc,2024,10,6,23.4,2,181,8,3/17,22.62,7.65,17.75,0,0
872614,RP Ahmed,2024,16,11,37.5,0,358,8,4/23,44.75,9.46,28.38,2,0
793463,Rashid Khan,2024,12,8,28.0,3,200,8,6/20,25.0,7.14,21.0,0,1
493290,Ravi Malik,2024,17,11,38.2,0,383,8,2/26,47.88,9.99,28.75,0,0
396280,Mayank Patel,2024,15,13,29.5,0,250,8,2/16,31.25,8.38,22.38,0,0
36014,Zaheer Khan,2024,8,8,31.2,1,241,8,3/7,30.12,7.69,23.5,0,0
127901,Yash Saini,2024,14,10,32.2,0,258,8,3/20,32.25,7.98,24.25,0,0
31107,Amit Mishra,2024,11,9,33.1,0,218,8,1/20,27.25,6.57,24.88,0,0
284206,Irfan Unadkat,2024,16,16,36.1,0,296,7,4/10,42.29,8.18,31.0,1,0
47492,Dale Steyn,2024,11,10,33.3,1,227,7,3/15,32.43,6.78,28.71,0,0
1046896,Mayank Sharma,2024,12,9,29.4,0,261,6,4/14,43.5,8.8,29.67,1,0
127560,Washington Kaul,2024,14,14,32.2,0,316,6,4/11,52.67,9.77,32.33,1,0
626542,Rahul Yadav,2024,13,10,28.4,0,234,6,2/23,39.0,8.16,28.67,0,0
31430,Nitish Tyagi,2024,14,11,30.4,0,296,6,3/24,49.33,9.65,30.67,0,0
537119,Mohit Sharma,2024,9,6,23.4,2,180,6,1/15,30.0,7.61,23.67,0,0
140960,Vinay Deshpande,2024,7,5,17.4,0,202,5,2/6,40.4,11.43,21.2,0,0
1279393,Umran Dayal,2024,9,6,20.3,0,175,5,2/1,35.0,8.54,24.6,0,0
763523,Mayank Sundar,2024,9,6,22.5,0,212,5,2/19,42.4,9.28,27.4,0,0
1175221,Khaleel Sundar,2024,11,11,22.4,0,251,5,4/18,50.2,11.07,27.2,1,0
1078061,Umran Sharma,2024,14,10,27.4,0,301,5,2/6,60.2,10.88,33.2,0,0
580108,Rahul Ahmed,2024,8,8,20.0,0,162,5,1/6,32.4,8.1,24.0,0,0
873476,RP Patel,2024,14,7,19.5,0,159,5,4/11,31.8,8.02,23.8,1,0
277912,Trent Boult,2024,10,9,24.1,1,176,5,5/26,35.2,7.28,29.0,0,1
155214,Saurabh Sundar,2024,13,7,27.2,0,293,5,6/16,58.6,10.72,32.8,0,1
752794,Ravi Ahmed,2024,13,9,26.0,0,217,5,6/17,43.4,8.35,31.2,0,1
1130259,Saurabh Singh,2024,8,8,28.5,0,229,5,2/4,45.8,7.94,34.6,0,0
140804,Irfan Krishna,2024,9,6,20.2,0,208,5,2/25,41.6,10.23,24.4,0,0
149289,Yash Singh,2024,9,6,16.4,0,182,5,4/8,36.4,10.92,20.0,1,0
1341482,Yash Dayal,2024,4,4,14.5,0,157,4,4/7,39.25,10.58,22.25,1,0
47611,Irfan Deshpande,2024,11,10,25.0,0,246,4,4/30,61.5,9.84,37.5,1,0
819150,Vinay Sakariya,2024,6,5,18.4,0,173,4,4/17,43.25,9.27,28.0,1,0
1068087,Navdeep Kumar,2024,15,8,20.1,0,173,4,3/14,43.25,8.58,30.25,0,0
234675,Ravindra Jadeja,2024,11,5,15.3,1,115,4,1/20,28.75,7.42,23.25,0,0
1108393,RP Tyagi,2024,17,5,19.3,0,211,3,1/7,70.33,10.82,39.0,0,0
51939,Jaydev Saini,2024,8,6,17.1,0,177,3,3/8,59.0,10.31,34.33,0,0
697391,Avesh Khan,2024,3,3,8.5,0,66,3,1/7,22.0,7.47,17.67,0,0
848732,Yash Pandey,2024,14,5,12.5,0,101,3,3/29,33.67,7.87,25.67,0,0
137111,RP Deshpande,2024,12,8,18.1,0,207,3,1/10,69.0,11.39,36.33,0,0
694327,Khaleel Saini,2024,15,4,14.3,0,131,3,1/17,43.67,9.03,29.0,0,0
550215,Kagiso Rabada,2024,9,3,7.3,0,52,3,3/25,17.33,6.93,15.0,0,0
668860,Umran Krishna,2024,9,5,16.3,0,180,3,2/17,60.0,10.91,33.0,0,0
1333782,Krunal Patel,2024,5,3,10.1,0,90,3,1/2,30.0,8.85,20.33,0,0
633374,Mukesh Dayal,2024,5,3,9.4,0,78,3,1/6,26.0,8.07,19.33,0,0
554691,Axar Patel,2024,14,3,9.4,0,66,3,2/9,22.0,6.83,19.33,0,0
1051021,Yash Krishna,2024,12,4,9.5,0,109,2,1/15,54.5,11.08,29.5,0,0
785941,Krunal Bishnoi,2024,7,4,10.3,0,84,2,1/10,42.0,8.0,31.5,0,0
51439,Dwayne Bravo,2024,2,2,5.3,0,38,2,2/12,19.0,6.91,16.5,0,0
868312,Irfan Patel,2024,9,3,11.2,0,117,2,1/8,58.5,10.32,34.0,0,0
1192524,Jaydev Malik,2024,5,3,9.2,0,89,2,1/23,44.5,9.54,28.0,0,0
402293,Mayank Ahmed,2024,4,4,10.4,0,98,2,2/4,49.0,9.19,32.0,0,0
985383,Chetan Malik,2024,14,4,13.4,0,124,2,2/13,62.0,9.07,41.0,0,0
535835,Kartik Saini,2024,3,2,7.4,0,68,2,2/2,34.0,8.87,23.0,0,0
577055,RP Pandey,2024,4,3,10.0,0,91,2,2/5,45.5,9.1,30.0,0,0
130252,Tushar Kaul,2024,3,3,11.2,0,110,2,2/23,55.0,9.71,34.0,0,0
460043,RP Unadkat,2024,5,2,7.2,0,71,2,2/11,35.5,9.68,22.0,0,0
839830,Washington Malik,2024,16,5,13.2,0,147,2,1/1,73.5,11.03,40.0,0,0
474555,Yash Ahmed,2024,8,2,4.3,0,35,1,1/3,35.0,7.78,27.0,0,0
730862,Irfan Malik,2024,7,2,6.3,0,67,1,1/18,67.0,10.31,39.0,0,0
540472,Nitish Sundar,2024,16,3,7.0,0,56,1,1/16,56.0,8.0,42.0,0,0
551269,Umran Pandey,2024,2,2,6.5,0,56,1,1/18,56.0,8.2,41.0,0,0
858941,Praveen Malik,2024,6,2,5.2,0,54,1,1/6,54.0,10.12,32.0,0,0
333776,Khaleel Unadkat,2024,5,3,7.5,0,66,1,1/25,66.0,8.43,47.0,0,0
447261,Deepak Chahar,2024,9,3,6.5,0,53,1,1/7,53.0,7.76,41.0,0,0
630527,Rahul Patel,2024,1,1,3.0,0,32,1,1/9,32.0,10.67,18.0,0,0
222080,Khaleel Krishna,2024,4,2,5.5,0,48,1,1/24,48.0,8.23,35.0,0,0
320787,Praveen Kaul,2024,4,2,6.4,0,68,1,1/6,68.0,10.2,40.0,0,0
1094880,Nitish Deshpande,2024,7,2,5.5,0,46,1,1/9,46.0,7.89,35.0,0,0
81141,Siddarth Sharma,2024,5,2,6.4,0,53,1,1/22,53.0,7.95,40.0,0,0
695739,Mukesh Pandey,2024,6,2,5.4,0,64,1,1/6,64.0,11.29,34.0,0,0
750105,Mayank Deshpande,2024,16,4,8.4,0,95,1,1/3,95.0,10.96,52.0,0,0
1191803,Tushar Sundar,2024,7,1,3.2,0,34,1,1/11,34.0,10.2,20.0,0,0
730365,Washington Kumar,2024,16,3,6.4,0,68,1,1/7,68.0,10.2,40.0,0,0
885915,Jaydev Kaul,2024,2,2,5.1,0,54,1,1/16,54.0,10.45,31.0,0,0
1372472,Khaleel Bishnoi,2024,15,2,7.0,0,66,1,1/2,66.0,9.43,42.0,0,0
569381,Siddarth Singh,2024,7,2,7.2,0,68,1,1/19,68.0,9.27,44.0,0,0
1124340,Rahul Krishna,2024,5,3,6.0,0,49,1,1/4,49.0,8.17,36.0,0,0
443000,Umran Malik,2024,2,1,3.0,0,33,1,1/3,33.0,11.0,18.0,0,0
28026,Piyush Chawla,2024,1,1,3.1,0,27,1,1/5,27.0,8.53,19.0,0,0
40618,Imran Tahir,2024,2,2,4.4,0,34,1,1/2,34.0,7.29,28.0,0,0
475281,Shardul Thakur,2024,9,1,2.5,0,18,1,1/10,18.0,6.35,17.0,0,0
376116,Umesh Yadav,2024,1,1,2.3,0,16,0,-,0.0,6.4,0.0,0,0
479587,Krunal Sakariya,2024,3,1,2.0,0,20,0,-,0.0,10.0,0.0,0,0
841131,Ravi Yadav,2024,1,1,3.3,0,27,0,-,0.0,7.71,0.0,0,0
148106,Jaydev Unadkat,2024,9,1,2.1,0,18,0,-,0.0,8.31,0.0,0,0
1488671,Mukesh Kaul,2024,4,1,2.3,0,20,0,-,0.0,8.0,0.0,0,0
1005502,Ravi Singh,2024,1,1,3.1,0,29,0,-,0.0,9.16,0.0,0,0
680149,Siddarth Pandey,2024,17,1,2.3,0,22,0,-,0.0,8.8,0.0,0,0
1148460,Umran Kaul,2024,13,1,2.4,0,23,0,-,0.0,8.62,0.0,0,0
312961,Vinay Sundar,2024,14,1,3.5,0,40,0,-,0.0,10.43,0.0,0,0
49758,Lasith Malinga,2024,1,1,2.0,0,15,0,-,0.0,7.5,0.0,0,0
1358030,Khaleel Kaul,2024,1,1,3.2,0,37,0,-,0.0,11.1,0.0,0,0
1372288,Yash Kumar,2024,3,1,3.1,0,25,0,-,0.0,7.89,0.0,0,0
1172833,Ravi Kaul,2024,11,1,2.3,0,20,0,-,0.0,8.0,0.0,0,0
678697,Rahul Unadkat,2024,4,1,3.1,0,25,0,-,0.0,7.89,0.0,0,0
209281,Navdeep Yadav,2024,7,1,3.4,0,33,0,-,0.0,9.0,0.0,0,0
1279779,Vinay Tyagi,2024,1,1,3.4,0,33,0,-,0.0,9.0,0.0,0,0
357936,Siddarth Sundar,2024,1,1,3.3,0,30,0,-,0.0,8.57,0.0,0,0
256752,Mukesh Unadkat,2024,13,2,4.1,0,40,0,-,0.0,9.6,0.0,0,0
1239460,Ravi Unadkat,2024,2,1,2.2,0,23,0,-,0.0,9.86,0.0,0,0
778036,Rahul Pandey,2024,1,1,2.0,0,18,0,-,0.0,9.0,0.0,0,0
390481,Harshal Patel,2024,2,1,2.1,0,14,0,-,0.0,6.46,0.0,0,0
26421,Ravichandran Ashwin,2024,2,1,2.2,0,16,0,-,0.0,6.86,0.0,0,0
230558,Sunil Narine,2024,2,1,2.3,0,19,0,-,0.0,7.6,0.0,0,0
695739,Mukesh Pandey,2023,15,14,55.3,0,554,16,5/18,34.62,9.98,20.81,0,1
1398402,Khaleel Deshpande,2023,16,14,50.5,0,426,14,2/11,30.43,8.38,21.79,0,0
1046896,Mayank Sharma,2023,16,14,45.0,0,476,14,3/24,34.0,10.58,19.29,0,0
1279393,Umran Dayal,2023,17,14,41.5,0,455,13,4/13,35.0,10.88,19.31,1,0
978292,Navdeep Malik,2023,16,15,52.0,0,559,13,2/3,43.0,10.75,24.0,0,0
458876,Yash Tyagi,2023,14,14,37.2,0,365,13,3/22,28.08,9.78,17.23,0,0
559235,Kuldeep Yadav,2023,13,9,25.2,2,170,11,2/12,15.45,6.71,13.82,0,0
481896,Mohammed Shami,2023,13,11,26.5,3,185,11,2/18,16.82,6.89,14.64,0,0
230558,Sunil Narine,2023,14,11,32.5,0,247,11,3/5,22.45,7.52,17.91,0,0
234675,Ravindra Jadeja,2023,13,9,35.5,3,265,11,1/6,24.09,7.4,19.55,0,0
940973,Mohammed Siraj,2023,12,8,30.5,1,208,10,3/6,20.8,6.75,18.5,0,0
40618,Imran Tahir,2023,13,9,35.4,3,296,10,4/14,29.6,8.3,21.4,2,0
550215,Kagiso Rabada,2023,10,10,35.5,2,246,10,5/34,24.6,6.87,21.5,1,1
438488,Sandeep Sharma,2023,14,7,25.2,0,167,10,2/18,16.7,6.59,15.2,0,0
848499,Khaleel Ahmed,2023,17,10,29.0,0,275,9,1/19,30.56,9.48,19.33,0,0
155214,Saurabh Sundar,2023,12,10,31.4,0,326,9,2/3,36.22,10.29,21.11,0,0
966416,Jaydev Bishnoi,2023,15,13,35.0,0,295,8,2/12,36.88,8.43,26.25,0,0
492703,Yash Yadav,2023,17,14,53.0,0,537,8,4/12,67.12,10.13,39.75,1,0
778036,Rahul Pandey,2023,9,8,31.5,0,329,8,1/18,41.12,10.34,23.88,0,0
786171,Ravi Sharma,2023,13,8,30.3,0,348,8,1/3,43.5,11.41,22.88,0,0
47492,Dale Steyn,2023,17,13,29.1,3,246,8,2/15,30.75,8.43,21.88,0,0
312961,Vinay Sundar,2023,9,8,31.4,0,320,8,4/24,40.0,10.11,23.75,2,0
140804,Irfan Krishna,2023,11,9,23.2,0,265,8,1/3,33.12,11.36,17.5,0,0
554691,Axar Patel,2023,17,8,24.3,0,194,7,2/6,27.71,7.92,21.0,0,0
713551,Navdeep Sundar,2023,10,8,25.0,0,227,7,1/16,32.43,9.08,21.43,0,0
1051021,Yash Krishna,2023,11,8,26.1,0,275,6,4/20,45.83,10.51,26.17,1,0
1124340,Rahul Krishna,2023,9,7,25.5,0,230,6,4/9,38.33,8.9,25.83,1,0
1068087,Navdeep Kumar,2023,13,12,38.0,0,379,6,4/16,63.17,9.97,38.0,1,0
127901,Yash Saini,2023,10,7,26.0,0,280,6,1/2,46.67,10.77,26.0,0,0
260015,Ravi Tyagi,2023,11,6,20.1,0,160,6,4/31,26.67,7.93,20.17,1,0
277912,Trent Boult,2023,13,4,14.5,2,97,6,1/12,16.17,6.54,14.83,0,0
475281,Shardul Thakur,2023,9,5,14.5,3,128,6,3/21,21.33,8.63,14.83,0,0
138650,Mukesh Yadav,2023,12,7,27.4,0,306,5,2/1,61.2,11.06,33.2,0,0
222080,Khaleel Krishna,2023,14,12,27.4,0,292,5,5/28,58.4,10.55,33.2,0,1
985383,Chetan Malik,2023,13,12,34.0,0,310,5,5/14,62.0,9.12,40.8,0,1
841131,Ravi Yadav,2023,13,10,29.0,0,285,5,6/13,57.0,9.83,34.8,0,1
839830,Washington Malik,2023,13,13,27.4,0,290,5,4/31,58.0,10.48,33.2,1,0
621985,Washington Sakariya,2023,6,4,13.5,0,109,4,3/7,27.25,7.88,20.75,0,0
561606,Navdeep Bishnoi,2023,17,6,21.0,0,204,4,1/19,51.0,9.71,31.5,0,0
1279779,Vinay Tyagi,2023,7,4,15.1,0,146,4,2/17,36.5,9.63,22.75,0,0
1372288,Yash Kumar,2023,6,5,15.0,0,138,4,4/19,34.5,9.2,22.5,1,0
789399,Nitish Patel,2023,13,8,26.0,0,269,4,1/1,67.25,10.35,39.0,0,0
62154,Prasidh Saini,2023,9,9,18.3,0,157,4,1/15,39.25,8.49,27.75,0,0
1466521,Nitish Bishnoi,2023,13,6,17.4,0,154,4,2/20,38.5,8.72,26.5,0,0
538104,Irfan Kumar,2023,14,6,19.3,0,218,4,3/12,54.5,11.18,29.25,0,0
412290,Umran Deshpande,2023,10,7,21.2,0,191,4,2/6,47.75,8.95,32.0,0,0
326016,Bhuvneshwar Kumar,2023,5,5,14.0,1,113,4,1/0,28.25,8.07,21.0,0,0
31107,Amit Mishra,2023,8,5,15.1,1,128,4,4/14,32.0,8.44,22.75,1,0
855785,Tushar Malik,2023,16,5,14.3,0,146,4,1/13,36.5,10.07,21.75,0,0
430246,Yuzvendra Chahal,2023,9,4,14.4,0,112,4,4/19,28.0,7.64,22.0,1,0
376116,Umesh Yadav,2023,17,6,15.2,2,110,4,4/22,27.5,7.17,23.0,1,0
809428,Yash Deshpande,2023,9,4,12.4,0,122,3,2/7,40.67,9.63,25.33,0,0
956130,Umran Sundar,2023,10,5,17.2,0,170,3,2/4,56.67,9.81,34.67,0,0
625383,Jasprit Bumrah,2023,11,4,14.4,0,106,3,2/26,35.33,7.23,29.33,0,0
1231530,Khaleel Tyagi,2023,4,3,11.0,0,116,3,2/18,38.67,10.55,22.0,0,0
885915,Jaydev Kaul,2023,10,4,14.2,0,142,3,2/24,47.33,9.91,28.67,0,0
1224033,Mayank Krishna,2023,4,4,15.0,0,162,3,2/9,54.0,10.8,30.0,0,0
766710,Prasidh Pandey,2023,14,9,18.1,0,168,3,1/23,56.0,9.25,36.33,0,0
1025265,Mayank Saini,2023,12,7,18.1,0,152,3,2/3,50.67,8.37,36.33,0,0
1495108,Vinay Unadkat,2023,12,6,15.5,0,170,3,1/2,56.67,10.74,31.67,0,0
216900,Navdeep Ahmed,2023,8,6,12.3,0,114,3,3/16,38.0,9.12,25.0,0,0
49758,Lasith Malinga,2023,13,4,9.2,0,66,3,2/23,22.0,7.07,18.67,0,0
311592,Mitchell Starc,2023,11,4,9.4,0,77,3,3/7,25.67,7.97,19.33,0,0
283700,Prasidh Bishnoi,2023,11,4,9.4,0,101,2,1/12,50.5,10.45,29.0,0,0
819150,Vinay Sakariya,2023,5,2,7.4,0,79,2,2/22,39.5,10.3,23.0,0,0
209281,Navdeep Yadav,2023,3,3,7.2,0,64,2,1/4,32.0,8.73,22.0,0,0
396280,Mayank Patel,2023,5,5,12.4,0,109,2,2/10,54.5,8.61,38.0,0,0
551269,Umran Pandey,2023,7,4,10.1,0,115,2,2/11,57.5,11.31,30.5,0,0
284206,Irfan Unadkat,2023,4,3,10.2,0,89,2,2/20,44.5,8.61,31.0,0,0
872614,RP Ahmed,2023,9,3,6.2,0,57,2,2/25,28.5,9.0,19.0,0,0
680149,Siddarth Pandey,2023,5,5,14.2,0,141,2,1/22,70.5,9.84,43.0,0,0
540472,Nitish Sundar,2023,11,4,14.3,0,157,2,2/26,78.5,10.83,43.5,0,0
1081103,Saurabh Patel,2023,4,4,8.3,0,87,2,2/11,43.5,10.24,25.5,0,0
1125976,Arshdeep Singh,2023,3,3,6.2,0,46,2,2/1,23.0,7.26,19.0,0,0
47611,Irfan Deshpande,2023,8,5,12.5,0,145,2,1/10,72.5,11.3,38.5,0,0
474555,Yash Ahmed,2023,6,4,10.3,0,83,2,1/24,41.5,7.9,31.5,0,0
1341482,Yash Dayal,2023,2,2,7.0,0,77,1,1/20,77.0,11.0,42.0,0,0
618912,Yash Sakariya,2023,4,2,7.1,0,74,1,1/25,74.0,10.33,43.0,0,0
209513,Jaydev Deshpande,2023,9,3,6.4,0,66,1,1/4,66.0,9.9,40.0,0,0
1091637,Kartik Dayal,2023,16,2,7.1,0,72,1,1/17,72.0,10.05,43.0,0,0
678697,Rahul Unadkat,2023,10,3,8.5,0,79,1,1/11,79.0,8.94,53.0,0,0
535835,Kartik Saini,2023,2,2,5.3,0,43,1,1/4,43.0,7.82,33.0,0,0
549015,Tushar Pandey,2023,2,2,6.1,0,68,1,1/14,68.0,11.03,37.0,0,0
559194,Nitish Saini,2023,1,1,3.5,0,32,1,1/6,32.0,8.35,23.0,0,0
524903,Umran Tyagi,2023,16,4,11.0,0,118,1,1/11,118.0,10.73,66.0,0,0
785941,Krunal Bishnoi,2023,3,3,7.5,0,63,1,1/16,63.0,8.04,47.0,0,0
587248,Irfan Sharma,2023,12,2,5.3,0,61,1,1/4,61.0,11.09,33.0,0,0
633374,Mukesh Dayal,2023,3,3,6.5,0,60,1,1/3,60.0,8.78,41.0,0,0
816615,Prasidh Patel,2023,2,2,6.3,0,73,1,1/21,73.0,11.23,39.0,0,0
378193,RP Singh,2023,2,2,5.2,0,55,1,1/15,55.0,10.31,32.0,0,0
140960,Vinay Deshpande,2023,1,1,3.1,0,26,1,1/23,26.0,8.21,19.0,0,0
721716,Nitish Malik,2023,13,2,5.3,0,43,1,1/1,43.0,7.82,33.0,0,0
1122417,Washington Tyagi,2023,3,2,6.2,0,64,1,1/13,64.0,10.11,38.0,0,0
1286673,Siddarth Ahmed,2023,5,3,11.1,0,107,1,1/2,107.0,9.58,67.0,0,0
1426365,Siddarth Deshpande,2023,1,1,3.5,0,34,1,1/8,34.0,8.87,23.0,0,0
357936,Siddarth Sundar,2023,5,2,4.4,0,38,1,1/11,38.0,8.14,28.0,0,0
1208000,Mayank Unadkat,2023,4,2,5.2,0,48,1,1/16,48.0,9.0,32.0,0,0
51439,Dwayne Bravo,2023,12,1,2.5,0,22,1,1/0,22.0,7.76,17.0,0,0
1052745,Praveen Unadkat,2023,2,2,7.2,0,77,1,1/13,77.0,10.5,44.0,0,0
934523,Chetan Sundar,2023,7,3,6.0,0,47,1,1/2,47.0,7.83,36.0,0,0
537119,Mohit Sharma,2023,3,2,6.1,0,51,1,1/16,51.0,8.27,37.0,0,0
966300,Kartik Patel,2023,3,3,6.1,0,68,1,1/14,68.0,11.03,37.0,0,0
1358030,Khaleel Kaul,2023,4,2,5.5,0,51,1,1/23,51.0,8.74,35.0,0,0
1362113,Saurabh Unadkat,2023,17,2,5.0,0,52,1,1/8,52.0,10.4,30.0,0,0
333776,Khaleel Unadkat,2023,7,3,9.3,0,103,1,1/21,103.0,10.84,57.0,0,0
1191803,Tushar Sundar,2023,12,2,7.5,0,90,1,1/15,90.0,11.49,47.0,0,0
752794,Ravi Ahmed,2023,2,2,4.0,0,34,1,1/22,34.0,8.5,24.0,0,0
447261,Deepak Chahar,2023,14,1,2.0,0,15,0,-,0.0,7.5,0.0,0,0
668860,Umran Krishna,2023,7,1,3.4,0,29,0,-,0.0,7.91,0.0,0,0
630527,Rahul Patel,2023,17,1,2.2,0,24,0,-,0.0,10.29,0.0,0,0
569381,Siddarth Singh,2023,1,1,2.2,0,22,0,-,0.0,9.43,0.0,0,0
256752,Mukesh Unadkat,2023,2,1,2.5,0,24,0,-,0.0,8.47,0.0,0,0
372600,Saurabh Saini,2023,6,1,2.2,0,24,0,-,0.0,10.29,0.0,0,0
433383,Vinay Bishnoi,2023,2,1,3.0,0,33,0,-,0.0,11.0,0.0,0,0
750105,Mayank Deshpande,2023,8,1,2.2,0,25,0,-,0.0,10.71,0.0,0,0
1175152,Chetan Deshpande,2023,11,1,2.5,0,26,0,-,0.0,9.18,0.0,0,0
26421,Ravichandran Ashwin,2023,4,1,2.1,0,15,0,-,0.0,6.92,0.0,0,0
196998,Tushar Ahmed,2023,9,1,3.4,0,41,0,-,0.0,11.18,0.0,0,0
873476,RP Patel,2023,1,1,2.3,0,24,0,-,0.0,9.6,0.0,0,0
493290,Ravi Malik,2023,4,1,2.1,0,21,0,-,0.0,9.69,0.0,0,0
521223,Krunal Sharma,2023,10,1,3.3,0,39,0,-,0.0,11.14,0.0,0,0
1361495,Mukesh Krishna,2023,10,1,2.1,0,24,0,-,0.0,11.08,0.0,0,0
73083,Siddarth Kumar,2023,3,1,2.2,0,20,0,-,0.0,8.57,0.0,0,0
571243,Kartik Kumar,2023,3,1,2.3,0,22,0,-,0.0,8.8,0.0,0,0
51939,Jaydev Saini,2023,14,1,2.1,0,23,0,-,0.0,10.62,0.0,0,0
320787,Praveen Kaul,2023,1,1,3.0,0,25,0,-,0.0,8.33,0.0,0,0
730862,Irfan Malik,2023,9,1,2.1,0,18,0,-,0.0,8.31,0.0,0,0
390481,Harshal Patel,2023,5,1,3.3,0,23,0,-,0.0,6.57,0.0,0,0
626542,Rahul Yadav,2023,5,1,2.3,0,25,0,-,0.0,10.0,0.0,0,0
137111,RP Deshpande,2023,2,1,3.5,0,31,0,-,0.0,8.09,0.0,0,0
1333782,Krunal Patel,2023,1,1,2.5,0,28,0,-,0.0,9.88,0.0,0,0
81141,Siddarth Sharma,2023,2,1,2.5,0,29,0,-,0.0,10.24,0.0,0,0
1130259,Saurabh Singh,2023,1,1,2.3,0,24,0,-,0.0,9.6,0.0,0,0
301898,Khaleel Dayal,2023,12,1,2.2,0,23,0,-,0.0,9.86,0.0,0,0
1159227,RP Sakariya,2023,12,1,2.3,0,27,0,-,0.0,10.8,0.0,0,0
28026,Piyush Chawla,2023,7,1,2.2,0,17,0,-,0.0,7.29,0.0,0,0
524903,Umran Tyagi,2022,16,16,62.4,0,493,18,1/4,27.39,7.87,20.89,0,0
47492,Dale Steyn,2022,16,12,43.0,0,369,16,3/28,23.06,8.58,16.12,0,0
559235,Kuldeep Yadav,2022,17,11,36.1,0,267,14,3/10,19.07,7.38,15.5,0,0
629925,Tushar Sharma,2022,17,14,36.5,0,346,13,1/18,26.62,9.39,17.0,0,0
138650,Mukesh Yadav,2022,16,16,49.2,0,485,13,3/29,37.31,9.83,22.77,0,0
697391,Avesh Khan,2022,16,13,36.4,2,286,13,3/12,22.0,7.8,16.92,0,0
1025265,Mayank Saini,2022,14,9,33.3,0,334,11,1/18,30.36,9.97,18.27,0,0
209281,Navdeep Yadav,2022,16,12,46.1,0,445,10,5/23,44.5,9.64,27.7,0,1
234675,Ravindra Jadeja,2022,16,7,27.3,0,203,10,5/20,20.3,7.38,16.5,0,1
1159227,RP Sakariya,2022,12,12,31.2,0,247,9,1/24,27.44,7.88,20.89,0,0
1108393,RP Tyagi,2022,16,13,43.3,0,477,9,3/13,53.0,10.97,29.0,0,0
168537,Krunal Deshpande,2022,17,12,31.2,0,285,9,2/7,31.67,9.1,20.89,0,0
1420091,Washington Dayal,2022,14,11,32.3,0,315,8,2/6,39.38,9.69,24.38,0,0
695739,Mukesh Pandey,2022,14,8,30.2,0,292,8,4/8,36.5,9.63,22.75,1,0
36014,Zaheer Khan,2022,17,9,35.0,2,290,8,6/16,36.25,8.29,26.25,0,1
31430,Nitish Tyagi,2022,11,10,27.3,0,266,8,3/29,33.25,9.67,20.62,0,0
443000,Umran Malik,2022,10,8,27.2,0,308,7,2/8,44.0,11.27,23.43,0,0
1341482,Yash Dayal,2022,12,12,28.3,0,230,7,3/21,32.86,8.07,24.43,0,0
842192,Mayank Yadav,2022,12,10,36.1,0,348,6,4/28,58.0,9.62,36.17,1,0
433383,Vinay Bishnoi,2022,9,9,34.1,0,342,6,1/24,57.0,10.01,34.17,0,0
521223,Krunal Sharma,2022,11,8,31.3,0,324,6,4/12,54.0,10.29,31.5,1,0
535835,Kartik Saini,2022,14,9,25.0,0,206,5,1/6,41.2,8.24,30.0,0,0
1485006,Ravi Krishna,2022,16,9,19.1,0,153,5,1/17,30.6,7.98,23.0,0,0
1191803,Tushar Sundar,2022,9,4,14.1,0,131,5,2/5,26.2,9.25,17.0,0,0
375206,Chetan Tyagi,2022,17,12,27.3,0,248,5,2/15,49.6,9.02,33.0,0,0
140960,Vinay Deshpande,2022,15,6,23.4,0,218,5,3/23,43.6,9.21,28.4,0,0
858941,Praveen Malik,2022,14,11,26.1,0,293,5,3/11,58.6,11.2,31.4,0,0
1286673,Siddarth Ahmed,2022,9,9,21.4,0,202,5,1/14,40.4,9.32,26.0,0,0
885915,Jaydev Kaul,2022,13,7,24.5,0,205,5,5/29,41.0,8.26,29.8,0,1
839830,Washington Malik,2022,10,7,18.3,0,151,5,5/28,30.2,8.16,22.2,0,1
656024,Saurabh Yadav,2022,8,4,15.4,0,127,5,4/30,25.4,8.11,18.8,1,0
447261,Deepak Chahar,2022,12,7,23.3,1,187,5,4/9,37.4,7.96,28.2,1,0
1078061,Umran Sharma,2022,10,6,23.2,0,220,5,6/13,44.0,9.43,28.0,0,1
957565,Kartik Singh,2022,9,9,23.5,0,263,5,4/22,52.6,11.03,28.6,1,0
540472,Nitish Sundar,2022,11,8,18.1,0,165,5,5/14,33.0,9.08,21.8,0,1
155214,Saurabh Sundar,2022,10,6,21.0,0,201,5,2/23,40.2,9.57,25.2,0,0
626542,Rahul Yadav,2022,11,10,34.2,0,336,5,1/14,67.2,9.79,41.2,0,0
26421,Ravichandran Ashwin,2022,17,5,10.5,3,74,5,1/13,14.8,6.83,13.0,0,0
577055,RP Pandey,2022,12,10,21.2,0,218,5,3/10,43.6,10.22,25.6,0,0
301898,Khaleel Dayal,2022,10,6,13.5,0,142,4,3/24,35.5,10.27,20.75,0,0
646072,Prasidh Yadav,2022,11,5,18.4,0,171,4,2/6,42.75,9.16,28.0,0,0
148106,Jaydev Unadkat,2022,7,4,15.2,0,135,4,2/15,33.75,8.8,23.0,0,0
1388877,Nitish Sharma,2022,12,5,17.2,0,163,4,3/28,40.75,9.4,26.0,0,0
1231530,Khaleel Tyagi,2022,11,4,14.3,0,133,4,3/19,33.25,9.17,21.75,0,0
841131,Ravi Yadav,2022,12,7,16.3,0,174,4,2/5,43.5,10.55,24.75,0,0
550215,Kagiso Rabada,2022,10,7,15.4,0,131,4,3/23,32.75,8.36,23.5,0,0
721716,Nitish Malik,2022,12,8,19.1,0,151,4,2/8,37.75,7.88,28.75,0,0
868312,Irfan Patel,2022,11,11,22.5,0,206,4,4/14,51.5,9.02,34.25,1,0
1068087,Navdeep Kumar,2022,6,5,19.4,0,197,4,1/13,49.25,10.02,29.5,0,0
1286854,Praveen Deshpande,2022,8,5,13.2,0,133,4,4/26,33.25,9.97,20.0,1,0
492703,Yash Yadav,2022,13,10,27.1,0,271,4,4/25,67.75,9.98,40.75,1,0
752794,Ravi Ahmed,2022,17,6,21.1,0,227,4,4/21,56.75,10.72,31.75,1,0
515856,Umran Patel,2022,13,7,20.5,0,231,4,1/5,57.75,11.09,31.25,0,0
260015,Ravi Tyagi,2022,10,8,25.4,0,226,4,4/12,56.5,8.81,38.5,1,0
230558,Sunil Narine,2022,13,5,15.3,1,122,4,4/32,30.5,7.87,23.25,1,0
51939,Jaydev Saini,2022,16,4,12.0,0,98,3,1/12,32.67,8.17,24.0,0,0
40618,Imran Tahir,2022,9,3,9.3,0,65,3,1/6,21.67,6.84,19.0,0,0
311592,Mitchell Starc,2022,2,2,7.3,0,55,3,1/4,18.33,7.33,15.0,0,0
430246,Yuzvendra Chahal,2022,11,3,9.4,0,75,3,1/24,25.0,7.76,19.33,0,0
816615,Prasidh Patel,2022,10,4,12.0,0,108,3,2/11,36.0,9.0,24.0,0,0
978292,Navdeep Malik,2022,16,7,17.4,0,166,3,3/7,55.33,9.4,35.33,0,0
222080,Khaleel Krishna,2022,9,5,16.2,0,155,3,2/26,51.67,9.49,32.67,0,0
793463,Rashid Khan,2022,10,3,8.1,0,54,3,3/28,18.0,6.61,16.33,0,0
216900,Navdeep Ahmed,2022,5,5,14.5,0,167,3,2/21,55.67,11.26,29.67,0,0
549015,Tushar Pandey,2022,3,3,10.3,0,90,3,2/18,30.0,8.57,21.0,0,0
1172833,Ravi Kaul,2022,15,4,11.2,0,125,3,3/20,41.67,11.03,22.67,0,0
940973,Mohammed Siraj,2022,11,3,10.5,2,81,3,2/17,27.0,7.48,21.67,0,0
1134465,Mukesh Patel,2022,3,3,7.1,0,82,2,2/13,41.0,11.44,21.5,0,0
475281,Shardul Thakur,2022,6,3,7.2,0,49,2,2/16,24.5,6.68,22.0,0,0
1175152,Chetan Deshpande,2022,17,4,14.0,0,153,2,2/2,76.5,10.93,42.0,0,0
372600,Saurabh Saini,2022,13,3,10.0,0,114,2,1/21,57.0,11.4,30.0,0,0
438488,Sandeep Sharma,2022,5,2,7.0,0,52,2,2/16,26.0,7.43,21.0,0,0
819150,Vinay Sakariya,2022,5,5,12.2,0,127,2,1/12,63.5,10.3,37.0,0,0
137111,RP Deshpande,2022,7,2,7.4,0,63,2,2/4,31.5,8.22,23.0,0,0
1279779,Vinay Tyagi,2022,14,4,10.0,0,113,2,2/3,56.5,11.3,30.0,0,0
479587,Krunal Sakariya,2022,3,2,6.2,0,71,2,2/9,35.5,11.21,19.0,0,0
277912,Trent Boult,2022,6,4,8.3,0,70,2,1/2,35.0,8.24,25.5,0,0
1125976,Arshdeep Singh,2022,12,5,10.0,0,82,2,2/26,41.0,8.2,30.0,0,0
1124340,Rahul Krishna,2022,13,4,14.2,0,156,2,2/23,78.0,10.88,43.0,0,0
559194,Nitish Saini,2022,14,5,10.4,0,121,2,2/23,60.5,11.34,32.0,0,0
1389011,Irfan Dayal,2022,4,4,15.2,0,162,2,1/16,81.0,10.57,46.0,0,0
678697,Rahul Unadkat,2022,13,4,12.0,0,103,2,2/14,51.5,8.58,36.0,0,0
73083,Siddarth Kumar,2022,13,3,10.2,0,101,2,2/5,50.5,9.77,31.0,0,0
1279393,Umran Dayal,2022,3,3,9.5,0,85,2,2/18,42.5,8.64,29.5,0,0
538104,Irfan Kumar,2022,6,3,10.1,0,116,2,2/20,58.0,11.41,30.5,0,0
625852,Rahul Kumar,2022,6,3,8.3,0,79,1,1/21,79.0,9.29,51.0,0,0
630527,Rahul Patel,2022,9,3,8.2,0,67,1,1/18,67.0,8.04,50.0,0,0
934523,Chetan Sundar,2022,7,2,5.4,0,49,1,1/4,49.0,8.65,34.0,0,0
638712,Umran Singh,2022,5,3,6.0,0,57,1,1/21,57.0,9.5,36.0,0,0
1333782,Krunal Patel,2022,16,2,7.4,0,62,1,1/8,62.0,8.09,46.0,0,0
795195,Ravi Kumar,2022,7,3,9.5,0,100,1,1/9,100.0,10.17,59.0,0,0
1488671,Mukesh Kaul,2022,2,2,7.0,0,63,1,1/24,63.0,9.0,42.0,0,0
1148460,Umran Kaul,2022,6,4,8.0,0,74,1,1/21,74.0,9.25,48.0,0,0
377569,Khaleel Yadav,2022,3,2,6.3,0,58,1,1/22,58.0,8.92,39.0,0,0
320787,Praveen Kaul,2022,8,3,6.4,0,63,1,1/20,63.0,9.45,40.0,0,0
621985,Washington Sakariya,2022,9,1,3.5,0,38,1,1/17,38.0,9.91,23.0,0,0
493290,Ravi Malik,2022,7,3,7.5,0,68,1,1/22,68.0,8.68,47.0,0,0
580108,Rahul Ahmed,2022,5,4,8.5,0,89,1,1/13,89.0,10.08,53.0,0,0
205967,Chetan Dayal,2022,7,2,6.3,0,60,1,1/3,60.0,9.23,39.0,0,0
284206,Irfan Unadkat,2022,2,2,5.3,0,52,1,1/21,52.0,9.45,33.0,0,0
966416,Jaydev Bishnoi,2022,11,2,7.2,0,74,1,1/4,74.0,10.09,44.0,0,0
730862,Irfan Malik,2022,2,2,6.2,0,50,1,1/8,50.0,7.89,38.0,0,0
1358030,Khaleel Kaul,2022,12,3,9.5,0,91,1,1/12,91.0,9.25,59.0,0,0
130252,Tushar Kaul,2022,14,2,7.4,0,74,1,1/10,74.0,9.65,46.0,0,0
1388155,Mukesh Sharma,2022,5,2,4.4,0,42,1,1/4,42.0,9.0,28.0,0,0
1495108,Vinay Unadkat,2022,12,2,7.2,0,69,1,1/16,69.0,9.41,44.0,0,0
1426365,Siddarth Deshpande,2022,2,1,3.5,0,37,1,1/18,37.0,9.65,23.0,0,0
209513,Jaydev Deshpande,2022,3,2,5.4,0,52,1,1/10,52.0,9.18,34.0,0,0
51439,Dwayne Bravo,2022,3,2,5.0,0,33,1,1/13,33.0,6.6,30.0,0,0
474555,Yash Ahmed,2022,15,3,6.3,0,74,1,1/3,74.0,11.38,39.0,0,0
929483,Vinay Singh,2022,16,1,3.1,0,33,1,1/16,33.0,10.42,19.0,0,0
668860,Umran Krishna,2022,10,2,5.1,0,52,1,1/5,52.0,10.06,31.0,0,0
395813,Nitish Kumar,2022,17,2,7.0,0,76,1,1/8,76.0,10.86,42.0,0,0
31107,Amit Mishra,2022,11,1,2.5,0,22,1,1/20,22.0,7.76,17.0,0,0
326016,Bhuvneshwar Kumar,2022,5,2,4.3,0,31,1,1/21,31.0,6.89,27.0,0,0
481896,Mohammed Shami,2022,7,1,3.5,0,26,1,1/12,26.0,6.78,23.0,0,0
390481,Harshal Patel,2022,2,2,7.4,0,58,1,1/23,58.0,7.57,46.0,0,0
537119,Mohit Sharma,2022,11,1,3.3,0,23,1,1/6,23.0,6.57,21.0,0,0
988579,Ravi Sundar,2022,2,2,4.2,0,49,0,-,0.0,11.31,0.0,0,0
1466521,Nitish Bishnoi,2022,2,1,3.3,0,37,0,-,0.0,10.57,0.0,0,0
713551,Navdeep Sundar,2022,13,1,3.2,0,26,0,-,0.0,7.8,0.0,0,0
1046896,Mayank Sharma,2022,1,1,2.0,0,19,0,-,0.0,9.5,0.0,0,0
47611,Irfan Deshpande,2022,16,1,2.4,0,24,0,-,0.0,9.0,0.0,0,0
396280,Mayank Patel,2022,7,2,4.1,0,32,0,-,0.0,7.68,0.0,0,0
778036,Rahul Pandey,2022,1,1,3.1,0,30,0,-,0.0,9.47,0.0,0,0
561606,Navdeep Bishnoi,2022,1,1,3.1,0,27,0,-,0.0,8.53,0.0,0,0
694327,Khaleel Saini,2022,2,1,3.1,0,25,0,-,0.0,7.89,0.0,0,0
376116,Umesh Yadav,2022,5,1,2.1,0,15,0,-,0.0,6.92,0.0,0,0
551269,Umran Pandey,2022,1,1,3.1,0,30,0,-,0.0,9.47,0.0,0,0
31820,Ashish Nehra,2022,2,1,2.2,0,17,0,-,0.0,7.29,0.0,0,0
730365,Washington Kumar,2022,4,1,2.5,0,30,0,-,0.0,10.59,0.0,0,0
1386199,Chetan Pandey,2022,1,1,3.2,0,35,0,-,0.0,10.5,0.0,0,0
625383,Jasprit Bumrah,2022,1,1,2.1,0,17,0,-,0.0,7.85,0.0,0,0
1362113,Saurabh Unadkat,2022,7,1,3.5,0,39,0,-,0.0,10.17,0.0,0,0
1372472,Khaleel Bishnoi,2022,2,2,5.0,0,49,0,-,0.0,9.8,0.0,0,0
873476,RP Patel,2022,11,1,3.4,0,29,0,-,0.0,7.91,0.0,0,0
775997,Chetan Singh,2022,4,1,3.0,0,33,0,-,0.0,11.0,0.0,0,0
855785,Tushar Malik,2022,1,1,2.3,0,23,0,-,0.0,9.2,0.0,0,0
785941,Krunal Bishnoi,2022,6,1,3.0,0,30,0,-,0.0,10.0,0.0,0,0
789399,Nitish Patel,2022,1,1,2.5,0,29,0,-,0.0,10.24,0.0,0,0
283700,Prasidh Bishnoi,2022,1,1,2.3,0,20,0,-,0.0,8.0,0.0,0,0
299674,Navdeep Sharma,2022,7,1,2.1,0,21,0,-,0.0,9.69,0.0,0,0
1086001,Rahul Saini,2022,2,1,3.5,0,33,0,-,0.0,8.61,0.0,0,0
618912,Yash Sakariya,2022,3,1,2.3,0,26,0,-,0.0,10.4,0.0,0,0
786171,Ravi Sharma,2022,2,1,2.0,0,16,0,-,0.0,8.0,0.0,0,0
554691,Axar Patel,2022,1,1,3.0,0,23,0,-,0.0,7.67,0.0,0,0
62154,Prasidh Saini,2022,8,1,2.2,0,20,0,-,0.0,8.57,0.0,0,0
728669,Vinay Ahmed,2022,6,1,3.2,0,33,0,-,0.0,9.9,0.0,0,0
28026,Piyush Chawla,2022,1,1,3.0,0,21,0,-,0.0,7.0,0.0,0,0
395813,Nitish Kumar,2021,16,14,45.2,0,484,17,2/9,28.47,10.68,16.0,0,0
1372288,Yash Kumar,2021,15,13,48.0,0,483,17,6/18,28.41,10.06,16.94,1,1
695739,Mukesh Pandey,2021,17,10,39.2,0,396,14,4/9,28.29,10.07,16.86,1,0
1108393,RP Tyagi,2021,14,12,38.1,0,431,14,2/21,30.79,11.29,16.36,0,0
809428,Yash Deshpande,2021,16,11,41.4,0,477,13,4/12,36.69,11.45,19.23,1,0
31107,Amit Mishra,2021,15,15,32.0,1,211,12,3/12,17.58,6.59,16.0,0,0
376116,Umesh Yadav,2021,16,15,46.0,3,395,12,3/29,32.92,8.59,23.0,0,0
130252,Tushar Kaul,2021,17,16,45.2,0,416,12,1/18,34.67,9.18,22.67,0,0
793463,Rashid Khan,2021,12,12,41.0,3,269,12,3/11,22.42,6.56,20.5,0,0
1125976,Arshdeep Singh,2021,15,8,27.3,3,195,12,2/5,16.25,7.09,13.75,0,0
26421,Ravichandran Ashwin,2021,14,13,44.4,0,350,11,5/20,31.82,7.84,24.36,1,1
49758,Lasith Malinga,2021,14,10,26.2,3,189,11,3/27,17.18,7.18,14.36,0,0
1395968,Chetan Patel,2021,17,11,41.4,0,464,10,2/7,46.4,11.14,25.0,0,0
559235,Kuldeep Yadav,2021,9,9,31.4,1,237,10,4/8,23.7,7.48,19.0,2,0
430246,Yuzvendra Chahal,2021,12,6,21.1,3,165,9,5/23,18.33,7.8,14.11,0,1
1172833,Ravi Kaul,2021,17,13,46.1,0,396,9,1/22,44.0,8.58,30.78,0,0
750105,Mayank Deshpande,2021,15,15,39.2,0,382,9,3/21,42.44,9.71,26.22,0,0
550215,Kagiso Rabada,2021,17,11,31.5,1,217,9,5/22,24.11,6.82,21.22,0,1
402293,Mayank Ahmed,2021,7,7,26.5,0,235,8,1/10,29.38,8.76,20.12,0,0
577055,RP Pandey,2021,14,11,33.4,0,352,8,1/11,44.0,10.46,25.25,0,0
985194,Washington Yadav,2021,8,6,23.0,0,230,8,2/2,28.75,10.0,17.25,0,0
554691,Axar Patel,2021,16,8,20.4,2,141,8,4/17,17.62,6.82,15.5,1,0
785941,Krunal Bishnoi,2021,10,10,38.0,0,395,7,1/20,56.43,10.39,32.57,0,0
1333782,Krunal Patel,2021,14,9,29.5,0,335,7,5/15,47.86,11.23,25.57,0,1
537119,Mohit Sharma,2021,13,12,27.5,1,205,6,4/20,34.17,7.37,27.83,1,0
845013,Kartik Kaul,2021,10,7,27.1,0,280,6,6/20,46.67,10.31,27.17,0,1
62154,Prasidh Saini,2021,8,8,25.3,0,292,6,4/11,48.67,11.45,25.5,1,0
1386199,Chetan Pandey,2021,17,11,30.5,0,300,6,4/9,50.0,9.73,30.83,1,0
28026,Piyush Chawla,2021,12,5,18.1,2,124,6,4/10,20.67,6.83,18.17,1,0
816615,Prasidh Patel,2021,7,7,25.5,0,267,6,2/1,44.5,10.34,25.83,0,0
168537,Krunal Deshpande,2021,16,12,29.5,0,288,5,2/18,57.6,9.65,35.8,0,0
1388877,Nitish Sharma,2021,16,12,24.5,0,229,5,2/18,45.8,9.22,29.8,0,0
966300,Kartik Patel,2021,13,4,15.3,0,160,5,4/26,32.0,10.32,18.6,1,0
155214,Saurabh Sundar,2021,8,7,17.0,0,175,5,2/5,35.0,10.29,20.4,0,0
988579,Ravi Sundar,2021,8,7,20.1,0,228,4,2/1,57.0,11.31,30.25,0,0
956130,Umran Sundar,2021,12,8,21.4,0,180,4,4/22,45.0,8.31,32.5,1,0
283700,Prasidh Bishnoi,2021,6,6,22.3,0,180,4,3/12,45.0,8.0,33.75,0,0
284206,Irfan Unadkat,2021,8,7,18.5,0,148,4,4/16,37.0,7.86,28.25,1,0
786171,Ravi Sharma,2021,5,4,15.4,0,142,4,2/4,35.5,9.06,23.5,0,0
138650,Mukesh Yadav,2021,8,7,25.2,0,260,4,1/3,65.0,10.26,38.0,0,0
535835,Kartik Saini,2021,9,8,17.1,0,139,4,2/12,34.75,8.1,25.75,0,0
257532,Jaydev Tyagi,2021,15,7,24.5,0,280,4,4/7,70.0,11.28,37.25,1,0
458876,Yash Tyagi,2021,7,5,16.4,0,152,4,4/23,38.0,9.12,25.0,1,0
1274714,Kartik Sakariya,2021,9,7,20.0,0,199,4,3/19,49.75,9.95,30.0,0,0
230558,Sunil Narine,2021,4,3,10.5,1,71,3,1/2,23.67,6.55,21.67,0,0
697391,Avesh Khan,2021,10,3,9.4,0,68,3,2/21,22.67,7.03,19.33,0,0
36014,Zaheer Khan,2021,14,3,6.5,0,51,3,2/5,17.0,7.46,13.67,0,0
561606,Navdeep Bishnoi,2021,11,6,12.0,0,123,3,3/16,41.0,10.25,24.0,0,0
842192,Mayank Yadav,2021,14,8,17.0,0,192,3,1/3,64.0,11.29,34.0,0,0
1175221,Khaleel Sundar,2021,9,5,18.3,0,156,3,1/4,52.0,8.43,37.0,0,0
40618,Imran Tahir,2021,5,5,12.5,3,100,3,1/7,33.33,7.79,25.67,0,0
633374,Mukesh Dayal,2021,7,4,14.4,0,120,3,3/29,40.0,8.18,29.33,0,0
299674,Navdeep Sharma,2021,17,4,15.3,0,166,3,1/9,55.33,10.71,31.0,0,0
51939,Jaydev Saini,2021,10,9,22.5,0,231,3,1/18,77.0,10.12,45.67,0,0
549015,Tushar Pandey,2021,7,6,15.0,0,151,3,2/2,50.33,10.07,30.0,0,0
260015,Ravi Tyagi,2021,9,4,11.0,0,123,3,1/2,41.0,11.18,22.0,0,0
326016,Bhuvneshwar Kumar,2021,5,3,8.3,0,55,3,2/22,18.33,6.47,17.0,0,0
638712,Umran Singh,2021,3,3,11.2,0,91,2,2/22,45.5,8.03,34.0,0,0
1389011,Irfan Dayal,2021,3,2,7.5,0,76,2,1/2,38.0,9.7,23.5,0,0
855785,Tushar Malik,2021,5,4,8.5,0,86,2,1/4,43.0,9.74,26.5,0,0
929483,Vinay Singh,2021,12,5,15.4,0,145,2,1/7,72.5,9.26,47.0,0,0
848499,Khaleel Ahmed,2021,6,3,8.4,0,89,2,1/22,44.5,10.27,26.0,0,0
1398402,Khaleel Deshpande,2021,16,3,9.5,0,91,2,2/26,45.5,9.25,29.5,0,0
311592,Mitchell Starc,2021,2,2,7.5,0,51,2,1/14,25.5,6.51,23.5,0,0
1495108,Vinay Unadkat,2021,6,4,10.4,0,103,2,2/7,51.5,9.66,32.0,0,0
607464,Vinay Malik,2021,16,4,11.4,0,96,2,1/4,48.0,8.23,35.0,0,0
1224033,Mayank Krishna,2021,6,6,12.5,0,118,2,2/22,59.0,9.19,38.5,0,0
1078061,Umran Sharma,2021,6,4,11.3,0,128,2,1/12,64.0,11.13,34.5,0,0
438488,Sandeep Sharma,2021,10,3,8.2,0,56,2,2/8,28.0,6.72,25.0,0,0
81141,Siddarth Sharma,2021,2,2,6.5,0,63,1,1/7,63.0,9.22,41.0,0,0
538104,Irfan Kumar,2021,5,2,4.3,0,47,1,1/1,47.0,10.44,27.0,0,0
256752,Mukesh Unadkat,2021,3,2,6.4,0,71,1,1/9,71.0,10.65,40.0,0,0
460043,RP Unadkat,2021,2,2,7.0,0,74,1,1/15,74.0,10.57,42.0,0,0
940973,Mohammed Siraj,2021,7,2,5.1,0,42,1,1/23,42.0,8.13,31.0,0,0
481896,Mohammed Shami,2021,3,1,3.5,0,24,1,1/12,24.0,6.26,23.0,0,0
1046896,Mayank Sharma,2021,5,5,11.2,0,120,1,1/13,120.0,10.59,68.0,0,0
694327,Khaleel Saini,2021,5,2,4.0,0,41,1,1/8,41.0,10.25,24.0,0,0
559194,Nitish Saini,2021,16,2,4.2,0,44,1,1/13,44.0,10.15,26.0,0,0
127560,Washington Kaul,2021,3,2,5.1,0,46,1,1/25,46.0,8.9,31.0,0,0
1070549,Navdeep Kaul,2021,4,4,8.2,0,83,1,1/12,83.0,9.96,50.0,0,0
312961,Vinay Sundar,2021,5,3,6.1,0,65,1,1/1,65.0,10.54,37.0,0,0
625383,Jasprit Bumrah,2021,2,2,6.4,0,43,1,1/16,43.0,6.45,40.0,0,0
73083,Siddarth Kumar,2021,7,3,9.4,0,75,1,1/21,75.0,7.76,58.0,0,0
885915,Jaydev Kaul,2021,16,3,8.0,0,79,1,1/13,79.0,9.88,48.0,0,0
196998,Tushar Ahmed,2021,2,2,7.3,0,59,1,1/2,59.0,7.87,45.0,0,0
646072,Prasidh Yadav,2021,12,2,6.3,0,54,1,1/17,54.0,8.31,39.0,0,0
551269,Umran Pandey,2021,9,2,6.2,0,56,1,1/8,56.0,8.84,38.0,0,0
1051021,Yash Krishna,2021,6,2,6.1,0,54,1,1/21,54.0,8.76,37.0,0,0
841131,Ravi Yadav,2021,3,2,5.5,0,47,1,1/7,47.0,8.06,35.0,0,0
396280,Mayank Patel,2021,2,1,3.4,0,34,1,1/24,34.0,9.27,22.0,0,0
277912,Trent Boult,2021,13,2,5.3,0,47,1,1/5,47.0,8.55,33.0,0,0
447261,Deepak Chahar,2021,14,1,3.0,0,24,1,1/17,24.0,8.0,18.0,0,0
475281,Shardul Thakur,2021,11,1,3.3,0,24,1,1/21,24.0,6.86,21.0,0,0
569381,Siddarth Singh,2021,8,1,3.0,0,28,0,-,0.0,9.33,0.0,0,0
1372472,Khaleel Bishnoi,2021,6,1,3.4,0,41,0,-,0.0,11.18,0.0,0,0
1279779,Vinay Tyagi,2021,16,1,2.3,0,21,0,-,0.0,8.4,0.0,0,0
323262,Washington Unadkat,2021,5,2,5.3,0,60,0,-,0.0,10.91,0.0,0,0
1148460,Umran Kaul,2021,1,1,2.4,0,28,0,-,0.0,10.5,0.0,0,0
819150,Vinay Sakariya,2021,1,1,3.1,0,25,0,-,0.0,7.89,0.0,0,0
1081103,Saurabh Patel,2021,11,1,3.3,0,33,0,-,0.0,9.43,0.0,0,0
209281,Navdeep Yadav,2021,2,1,3.3,0,33,0,-,0.0,9.43,0.0,0,0
1208000,Mayank Unadkat,2021,9,1,2.5,0,27,0,-,0.0,9.53,0.0,0,0
766710,Prasidh Pandey,2021,15,2,4.0,0,40,0,-,0.0,10.0,0.0,0,0
357936,Siddarth Sundar,2021,1,1,3.1,0,34,0,-,0.0,10.74,0.0,0,0
47611,Irfan Deshpande,2021,3,1,2.2,0,26,0,-,0.0,11.14,0.0,0,0
848732,Yash Pandey,2021,9,1,2.3,0,20,0,-,0.0,8.0,0.0,0,0
1426365,Siddarth Deshpande,2021,1,1,3.2,0,26,0,-,0.0,7.8,0.0,0,0
730862,Irfan Malik,2021,6,1,3.3,0,34,0,-,0.0,9.71,0.0,0,0
873476,RP Patel,2021,7,1,3.5,0,30,0,-,0.0,7.83,0.0,0,0
474555,Yash Ahmed,2021,11,1,2.3,0,27,0,-,0.0,10.8,0.0,0,0
985383,Chetan Malik,2021,4,1,2.1,0,22,0,-,0.0,10.15,0.0,0,0
148106,Jaydev Unadkat,2021,8,1,2.5,0,22,0,-,0.0,7.76,0.0,0,0
1025265,Mayank Saini,2021,1,1,3.5,0,32,0,-,0.0,8.35,0.0,0,0
524903,Umran Tyagi,2021,4,1,2.1,0,17,0,-,0.0,7.85,0.0,0,0
678697,Rahul Unadkat,2021,1,1,2.4,0,23,0,-,0.0,8.62,0.0,0,0
680149,Siddarth Pandey,2021,1,1,3.1,0,28,0,-,0.0,8.84,0.0,0,0
51439,Dwayne Bravo,2021,2,1,2.1,0,18,0,-,0.0,8.31,0.0,0,0
778036,Rahul Pandey,2021,6,1,2.3,0,25,0,-,0.0,10.0,0.0,0,0
914748,Nitish Yadav,2021,1,1,2.3,0,22,0,-,0.0,8.8,0.0,0,0
1388155,Mukesh Sharma,2021,1,1,2.2,0,26,0,-,0.0,11.14,0.0,0,0
31820,Ashish Nehra,2021,2,1,2.4,0,19,0,-,0.0,7.12,0.0,0,0
47492,Dale Steyn,2021,5,1,2.1,0,15,0,-,0.0,6.92,0.0,0,0
376116,Umesh Yadav,2020,15,14,52.0,1,392,24,4/26,16.33,7.54,13.0,2,0
775997,Chetan Singh,2020,17,17,66.4,0,613,16,2/17,38.31,9.19,25.0,0,0
283700,Prasidh Bishnoi,2020,14,12,46.0,0,359,12,3/7,29.92,7.8,23.0,0,0
438488,Sandeep Sharma,2020,14,12,30.5,2,261,11,2/18,23.73,8.46,16.82,0,0
299674,Navdeep Sharma,2020,17,16,58.5,0,561,11,3/20,51.0,9.54,32.09,0,0
26421,Ravichandran Ashwin,2020,9,9,35.3,2,240,10,1/16,24.0,6.76,21.3,0,0
1191803,Tushar Sundar,2020,12,11,37.0,0,299,9,1/3,33.22,8.08,24.67,0,0
284206,Irfan Unadkat,2020,17,13,41.3,0,438,9,5/30,48.67,10.55,27.67,1,1
1148460,Umran Kaul,2020,15,11,29.0,0,281,9,6/20,31.22,9.69,19.33,1,1
1052745,Praveen Unadkat,2020,13,10,35.2,0,389,9,4/12,43.22,11.01,23.56,1,0
537119,Mohit Sharma,2020,10,8,29.0,1,215,9,1/18,23.89,7.41,19.33,0,0
396280,Mayank Patel,2020,13,8,24.4,0,231,8,5/16,28.88,9.36,18.5,0,1
130252,Tushar Kaul,2020,15,15,30.5,0,252,8,4/12,31.5,8.17,23.12,2,0
216900,Navdeep Ahmed,2020,14,8,26.5,0,294,8,4/29,36.75,10.96,20.12,1,0
858941,Praveen Malik,2020,13,12,32.0,0,364,8,1/1,45.5,11.38,24.0,0,0
697391,Avesh Khan,2020,14,7,25.4,0,178,8,2/20,22.25,6.94,19.25,0,0
1130259,Saurabh Singh,2020,17,11,35.5,0,349,8,6/20,43.62,9.74,26.88,0,1
51939,Jaydev Saini,2020,16,15,35.0,0,288,8,1/24,36.0,8.23,26.25,0,0
695739,Mukesh Pandey,2020,10,8,25.0,0,217,8,3/11,27.12,8.68,18.75,0,0
481896,Mohammed Shami,2020,11,6,21.5,1,167,8,2/3,20.88,7.65,16.38,0,0
51439,Dwayne Bravo,2020,14,10,23.4,1,177,7,4/23,25.29,7.48,20.29,1,0
978292,Navdeep Malik,2020,12,11,31.0,0,327,7,2/1,46.71,10.55,26.57,0,0
1025265,Mayank Saini,2020,13,7,24.1,0,201,7,2/21,28.71,8.32,20.71,0,0
1286673,Siddarth Ahmed,2020,16,13,30.1,0,277,7,5/29,39.57,9.18,25.86,0,1
559235,Kuldeep Yadav,2020,17,7,20.1,3,162,7,1/3,23.14,8.03,17.29,0,0
913132,Kartik Sundar,2020,11,9,34.1,0,325,7,3/25,46.43,9.51,29.29,0,0
1068087,Navdeep Kumar,2020,16,9,34.5,0,354,7,3/14,50.57,10.16,29.86,0,0
1420091,Washington Dayal,2020,13,11,27.1,0,258,7,5/21,36.86,9.5,23.29,0,1
1372288,Yash Kumar,2020,15,11,33.0,0,354,7,6/12,50.57,10.73,28.29,0,1
1046896,Mayank Sharma,2020,14,13,31.2,0,328,7,1/3,46.86,10.47,26.86,0,0
721716,Nitish Malik,2020,13,11,27.2,0,246,6,4/21,41.0,9.0,27.33,1,0
1239460,Ravi Unadkat,2020,13,12,30.3,0,309,6,3/25,51.5,10.13,30.5,0,0
559194,Nitish Saini,2020,13,9,25.2,0,266,6,2/25,44.33,10.5,25.33,0,0
168537,Krunal Deshpande,2020,16,9,24.0,0,260,6,4/17,43.33,10.83,24.0,1,0
1192524,Jaydev Malik,2020,8,7,25.1,0,259,6,2/15,43.17,10.29,25.17,0,0
638712,Umran Singh,2020,12,10,27.1,0,307,6,6/12,51.17,11.3,27.17,0,1
809428,Yash Deshpande,2020,17,10,28.4,0,288,6,2/6,48.0,10.05,28.67,0,0
730862,Irfan Malik,2020,12,10,22.2,0,208,5,2/1,41.6,9.31,26.8,0,0
561606,Navdeep Bishnoi,2020,9,6,17.4,0,148,5,3/29,29.6,8.38,21.2,0,0
842192,Mayank Yadav,2020,7,5,16.0,0,151,5,2/22,30.2,9.44,19.2,0,0
475281,Shardul Thakur,2020,15,11,23.0,2,186,5,3/4,37.2,8.09,27.6,0,0
630527,Rahul Patel,2020,14,7,23.1,0,248,5,6/19,49.6,10.71,27.8,0,1
47611,Irfan Deshpande,2020,10,6,13.4,0,146,5,4/11,29.2,10.68,16.4,1,0
326016,Bhuvneshwar Kumar,2020,6,6,12.3,2,86,5,6/20,17.2,6.88,15.0,0,1
934523,Chetan Sundar,2020,11,10,20.4,0,236,5,3/22,47.2,11.42,24.8,0,0
618912,Yash Sakariya,2020,9,6,23.5,0,231,5,1/11,46.2,9.69,28.6,0,0
28026,Piyush Chawla,2020,17,11,23.4,2,173,5,4/24,34.6,7.31,28.4,1,0
550215,Kagiso Rabada,2020,7,6,21.3,0,177,5,1/24,35.4,8.23,25.8,0,0
1172833,Ravi Kaul,2020,4,4,11.5,0,97,4,1/15,24.25,8.2,17.75,0,0
31430,Nitish Tyagi,2020,6,6,13.5,0,152,4,2/4,38.0,10.99,20.75,0,0
312961,Vinay Sundar,2020,10,5,16.4,0,183,4,1/7,45.75,10.98,25.0,0,0
27716,Rahul Sharma,2020,7,6,21.3,0,208,4,4/17,52.0,9.67,32.25,1,0
430246,Yuzvendra Chahal,2020,10,4,11.0,1,77,4,3/22,19.25,7.0,16.5,0,0
730365,Washington Kumar,2020,16,7,22.3,0,258,4,4/14,64.5,11.47,33.75,1,0
668860,Umran Krishna,2020,17,6,17.4,0,151,4,4/28,37.75,8.55,26.5,1,0
1389011,Irfan Dayal,2020,5,3,11.4,0,119,4,1/0,29.75,10.2,17.5,0,0
1395968,Chetan Patel,2020,5,5,15.1,0,164,4,3/4,41.0,10.81,22.75,0,0
1224033,Mayank Krishna,2020,5,5,13.5,0,157,4,1/24,39.25,11.35,20.75,0,0
36014,Zaheer Khan,2020,12,6,17.2,2,121,4,2/14,30.25,6.98,26.0,0,0
569381,Siddarth Singh,2020,9,5,18.0,0,188,4,3/21,47.0,10.44,27.0,0,0
872614,RP Ahmed,2020,16,11,24.2,0,246,4,2/10,61.5,10.11,36.5,0,0
625383,Jasprit Bumrah,2020,6,4,15.0,1,101,4,3/29,25.25,6.73,22.5,0,0
40618,Imran Tahir,2020,7,3,11.5,2,81,4,1/3,20.25,6.85,17.75,0,0
447261,Deepak Chahar,2020,3,3,10.2,2,75,4,4/18,18.75,7.26,15.5,1,0
848499,Khaleel Ahmed,2020,9,3,11.2,0,127,3,1/12,42.33,11.21,22.67,0,0
1070549,Navdeep Kaul,2020,7,4,14.3,0,129,3,2/14,43.0,8.9,29.0,0,0
1361495,Mukesh Krishna,2020,8,7,14.0,0,160,3,3/17,53.33,11.43,28.0,0,0
277912,Trent Boult,2020,5,3,11.4,0,77,3,3/18,25.67,6.6,23.33,0,0
1086001,Rahul Saini,2020,14,4,12.5,0,118,3,1/20,39.33,9.19,25.67,0,0
1485006,Ravi Krishna,2020,13,4,15.3,0,129,3,3/5,43.0,8.32,31.0,0,0
493290,Ravi Malik,2020,5,4,14.5,0,170,3,2/22,56.67,11.46,29.67,0,0
789399,Nitish Patel,2020,4,4,15.1,0,151,3,2/26,50.33,9.96,30.33,0,0
524903,Umran Tyagi,2020,6,5,11.2,0,109,3,1/18,36.33,9.62,22.67,0,0
127560,Washington Kaul,2020,5,3,9.5,0,83,3,3/27,27.67,8.44,19.67,0,0
786171,Ravi Sharma,2020,4,4,11.3,0,112,2,1/24,56.0,9.74,34.5,0,0
140804,Irfan Krishna,2020,4,3,9.5,0,100,2,2/21,50.0,10.17,29.5,0,0
1208000,Mayank Unadkat,2020,14,3,10.1,0,102,2,2/14,51.0,10.03,30.5,0,0
1122417,Washington Tyagi,2020,9,6,13.1,0,127,2,2/21,63.5,9.65,39.5,0,0
31820,Ashish Nehra,2020,11,2,5.2,0,35,2,2/13,17.5,6.56,16.0,0,0
1333782,Krunal Patel,2020,17,2,6.1,0,64,2,2/19,32.0,10.38,18.5,0,0
845013,Kartik Kaul,2020,6,2,7.3,0,86,2,1/2,43.0,11.47,22.5,0,0
680149,Siddarth Pandey,2020,11,2,7.3,0,67,2,1/16,33.5,8.93,22.5,0,0
549015,Tushar Pandey,2020,6,2,7.4,0,63,2,2/8,31.5,8.22,23.0,0,0
554691,Axar Patel,2020,2,2,5.3,0,41,2,2/13,20.5,7.45,16.5,0,0
957565,Kartik Singh,2020,16,7,14.3,0,161,2,2/10,80.5,11.1,43.5,0,0
540472,Nitish Sundar,2020,5,3,10.0,0,105,2,2/9,52.5,10.5,30.0,0,0
155214,Saurabh Sundar,2020,3,3,8.4,0,71,2,2/2,35.5,8.19,26.0,0,0
571243,Kartik Kumar,2020,13,4,9.3,0,86,2,1/14,43.0,9.05,28.5,0,0
127901,Yash Saini,2020,7,3,10.3,0,119,2,2/7,59.5,11.33,31.5,0,0
230558,Sunil Narine,2020,12,3,6.4,0,51,2,1/21,25.5,7.65,20.0,0,0
47492,Dale Steyn,2020,2,2,4.4,0,31,2,2/6,15.5,6.64,14.0,0,0
62154,Prasidh Saini,2020,9,1,3.4,0,36,1,1/5,36.0,9.82,22.0,0,0
1124340,Rahul Krishna,2020,8,3,8.1,0,83,1,1/2,83.0,10.16,49.0,0,0
375206,Chetan Tyagi,2020,4,3,8.3,0,87,1,1/2,87.0,10.24,51.0,0,0
521223,Krunal Sharma,2020,6,1,3.3,0,28,1,1/13,28.0,8.0,21.0,0,0
1341482,Yash Dayal,2020,2,1,3.4,0,37,1,1/20,37.0,10.09,22.0,0,0
766710,Prasidh Pandey,2020,7,3,9.2,0,85,1,1/6,85.0,9.11,56.0,0,0
985194,Washington Yadav,2020,14,2,6.1,0,56,1,1/25,56.0,9.08,37.0,0,0
914748,Nitish Yadav,2020,6,2,6.2,0,58,1,1/17,58.0,9.16,38.0,0,0
301898,Khaleel Dayal,2020,7,3,8.1,0,74,1,1/12,74.0,9.06,49.0,0,0
1495108,Vinay Unadkat,2020,1,1,3.5,0,38,1,1/12,38.0,9.91,23.0,0,0
1388155,Mukesh Sharma,2020,3,3,6.3,0,54,1,1/1,54.0,8.31,39.0,0,0
785941,Krunal Bishnoi,2020,14,3,7.5,0,74,1,1/9,74.0,9.45,47.0,0,0
896114,Vinay Krishna,2020,12,3,9.2,0,83,1,1/5,83.0,8.89,56.0,0,0
1279393,Umran Dayal,2020,9,2,7.0,0,57,1,1/25,57.0,8.14,42.0,0,0
580108,Rahul Ahmed,2020,2,2,7.1,0,82,1,1/20,82.0,11.44,43.0,0,0
257532,Jaydev Tyagi,2020,9,2,6.4,0,63,1,1/7,63.0,9.45,40.0,0,0
873476,RP Patel,2020,4,3,6.5,0,74,1,1/12,74.0,10.83,41.0,0,0
412290,Umran Deshpande,2020,6,2,6.0,0,57,1,1/5,57.0,9.5,36.0,0,0
985383,Chetan Malik,2020,8,2,5.2,0,44,1,1/17,44.0,8.25,32.0,0,0
940973,Mohammed Siraj,2020,7,3,6.1,0,46,1,1/22,46.0,7.46,37.0,0,0
1091637,Kartik Dayal,2020,14,2,5.1,0,53,1,1/25,53.0,10.26,31.0,0,0
209513,Jaydev Deshpande,2020,13,5,10.0,0,98,1,1/15,98.0,9.8,60.0,0,0
1108393,RP Tyagi,2020,7,3,8.1,0,69,1,1/7,69.0,8.45,49.0,0,0
378193,RP Singh,2020,3,2,7.3,0,83,1,1/8,83.0,11.07,45.0,0,0
1466521,Nitish Bishnoi,2020,2,2,4.4,0,43,1,1/23,43.0,9.21,28.0,0,0
793463,Rashid Khan,2020,7,2,4.2,0,37,1,1/22,37.0,8.54,26.0,0,0
492703,Yash Yadav,2020,1,1,3.1,0,30,0,-,0.0,9.47,0.0,0,0
1274714,Kartik Sakariya,2020,1,1,2.5,0,24,0,-,0.0,8.47,0.0,0,0
966416,Jaydev Bishnoi,2020,4,1,2.1,0,24,0,-,0.0,11.08,0.0,0,0
646072,Prasidh Yadav,2020,10,1,2.2,0,20,0,-,0.0,8.57,0.0,0,0
633374,Mukesh Dayal,2020,5,1,2.3,0,28,0,-,0.0,11.2,0.0,0,0
234675,Ravindra Jadeja,2020,1,1,2.0,0,15,0,-,0.0,7.5,0.0,0,0
577055,RP Pandey,2020,1,1,3.2,0,34,0,-,0.0,10.2,0.0,0,0
1051021,Yash Krishna,2020,1,1,2.5,0,23,0,-,0.0,8.12,0.0,0,0
1286854,Praveen Deshpande,2020,2,1,3.4,0,41,0,-,0.0,11.18,0.0,0,0
140960,Vinay Deshpande,2020,4,1,3.4,0,31,0,-,0.0,8.45,0.0,0,0
678697,Rahul Unadkat,2020,1,1,3.4,0,36,0,-,0.0,9.82,0.0,0,0
1049178,Tushar Yadav,2020,15,1,2.1,0,23,0,-,0.0,10.62,0.0,0,0
713551,Navdeep Sundar,2020,7,1,2.5,0,28,0,-,0.0,9.88,0.0,0,0
395813,Nitish Kumar,2020,4,1,2.4,0,26,0,-,0.0,9.75,0.0,0,0
819150,Vinay Sakariya,2020,1,1,2.2,0,26,0,-,0.0,11.14,0.0,0,0
1175432,Ravi Patel,2020,1,1,3.0,0,28,0,-,0.0,9.33,0.0,0,0
752794,Ravi Ahmed,2020,13,1,3.1,0,33,0,-,0.0,10.42,0.0,0,0
763523,Mayank Sundar,2020,2,1,3.0,0,32,0,-,0.0,10.67,0.0,0,0
1372472,Khaleel Bishnoi,2020,17,2,4.1,0,36,0,-,0.0,8.64,0.0,0,0
1005502,Ravi Singh,2020,1,1,3.3,0,39,0,-,0.0,11.14,0.0,0,0
311592,Mitchell Starc,2020,17,1,2.0,0,15,0,-,0.0,7.5,0.0,0,0
51439,Dwayne Bravo,2019,16,14,41.0,3,321,16,1/21,20.06,7.83,15.38,0,0
1086001,Rahul Saini,2019,12,12,47.0,0,409,13,4/8,31.46,8.7,21.69,1,0
940973,Mohammed Siraj,2019,15,11,30.5,1,258,13,1/22,19.85,8.37,14.23,0,0
580108,Rahul Ahmed,2019,16,13,42.3,0,404,12,4/9,33.67,9.51,21.25,1,0
1485006,Ravi Krishna,2019,14,9,35.0,0,304,11,1/4,27.64,8.69,19.09,0,0
885915,Jaydev Kaul,2019,16,15,43.0,0,388,10,6/18,38.8,9.02,25.8,0,1
629925,Tushar Sharma,2019,17,8,29.5,0,267,10,1/1,26.7,8.95,17.9,0,0
1094880,Nitish Deshpande,2019,13,10,30.0,0,287,10,1/23,28.7,9.57,18.0,0,0
587248,Irfan Sharma,2019,16,14,40.5,0,450,9,6/17,50.0,11.02,27.22,0,1
1175152,Chetan Deshpande,2019,13,12,46.1,0,373,9,1/5,41.44,8.08,30.78,0,0
1172833,Ravi Kaul,2019,17,11,36.3,0,408,8,1/17,51.0,11.18,27.38,0,0
26421,Ravichandran Ashwin,2019,10,9,27.1,3,194,8,3/10,24.25,7.14,20.38,0,0
73083,Siddarth Kumar,2019,13,11,41.4,0,331,7,2/25,47.29,7.94,35.71,0,0
140960,Vinay Deshpande,2019,13,8,26.1,0,251,7,1/11,35.86,9.59,22.43,0,0
474555,Yash Ahmed,2019,15,10,22.1,0,195,6,3/17,32.5,8.8,22.17,0,0
390481,Harshal Patel,2019,6,6,18.5,2,154,6,3/16,25.67,8.18,18.83,0,0
260015,Ravi Tyagi,2019,13,11,31.1,0,278,6,4/8,46.33,8.92,31.17,1,0
1052745,Praveen Unadkat,2019,12,9,23.3,0,221,6,2/1,36.83,9.4,23.5,0,0
438488,Sandeep Sharma,2019,9,9,24.4,3,192,6,6/20,32.0,7.78,24.67,0,1
62154,Prasidh Saini,2019,17,12,34.5,0,280,6,5/13,46.67,8.04,34.83,0,1
1125976,Arshdeep Singh,2019,11,7,19.3,3,153,6,4/26,25.5,7.85,19.5,1,0
28026,Piyush Chawla,2019,5,4,13.0,1,108,6,4/15,18.0,8.31,13.0,1,0
376116,Umesh Yadav,2019,8,5,14.1,0,92,6,3/14,15.33,6.49,14.17,0,0
914748,Nitish Yadav,2019,15,7,26.5,0,272,5,3/15,54.4,10.14,32.2,0,0
1387999,Krunal Krishna,2019,12,8,17.1,0,180,5,5/22,36.0,10.49,20.6,0,1
1130259,Saurabh Singh,2019,7,7,15.0,0,120,5,1/7,24.0,8.0,18.0,0,0
81141,Siddarth Sharma,2019,14,10,21.0,0,175,5,6/16,35.0,8.33,25.2,0,1
127560,Washington Kaul,2019,14,8,26.1,0,282,5,3/9,56.4,10.78,31.4,0,0
1159227,RP Sakariya,2019,8,6,23.4,0,211,5,2/22,42.2,8.92,28.4,0,0
284206,Irfan Unadkat,2019,11,11,27.0,0,255,5,4/19,51.0,9.44,32.4,1,0
1341482,Yash Dayal,2019,14,7,23.5,0,200,5,2/9,40.0,8.39,28.6,0,0
697391,Avesh Khan,2019,6,5,15.4,1,113,5,4/22,22.6,7.21,18.8,1,0
458876,Yash Tyagi,2019,15,4,14.2,0,142,4,4/25,35.5,9.91,21.5,1,0
1191803,Tushar Sundar,2019,17,6,22.0,0,247,4,1/13,61.75,11.23,33.0,0,0
168537,Krunal Deshpande,2019,10,8,21.5,0,219,4,4/13,54.75,10.03,32.75,1,0
1398402,Khaleel Deshpande,2019,9,6,19.2,0,160,4,3/17,40.0,8.28,29.0,0,0
535835,Kartik Saini,2019,6,4,15.4,0,162,4,3/19,40.5,10.34,23.5,0,0
1032291,RP Saini,2019,14,11,22.0,0,241,4,4/32,60.25,10.95,33.0,1,0
537119,Mohit Sharma,2019,17,6,15.3,0,111,4,4/11,27.75,7.16,23.25,1,0
395813,Nitish Kumar,2019,7,4,14.4,0,135,4,1/5,33.75,9.2,22.0,0,0
929483,Vinay Singh,2019,12,4,15.4,0,132,4,1/4,33.0,8.43,23.5,0,0
1279779,Vinay Tyagi,2019,11,5,18.1,0,178,4,2/4,44.5,9.8,27.25,0,0
868312,Irfan Patel,2019,5,5,17.1,0,171,3,2/6,57.0,9.96,34.33,0,0
625383,Jasprit Bumrah,2019,14,5,11.3,2,81,3,2/8,27.0,7.04,23.0,0,0
816615,Prasidh Patel,2019,8,6,23.2,0,187,3,2/21,62.33,8.01,46.67,0,0
311592,Mitchell Starc,2019,10,3,7.5,0,63,3,1/6,21.0,8.04,15.67,0,0
1386199,Chetan Pandey,2019,12,5,16.2,0,173,3,1/22,57.67,10.59,32.67,0,0
312961,Vinay Sundar,2019,16,6,21.4,0,176,3,3/15,58.67,8.12,43.33,0,0
848499,Khaleel Ahmed,2019,13,3,10.4,0,116,3,3/24,38.67,10.88,21.33,0,0
957565,Kartik Singh,2019,11,9,19.5,0,177,3,1/23,59.0,8.92,39.67,0,0
561606,Navdeep Bishnoi,2019,5,4,15.1,0,170,3,3/24,56.67,11.21,30.33,0,0
1395968,Chetan Patel,2019,8,6,19.2,0,177,3,1/23,59.0,9.16,38.67,0,0
430246,Yuzvendra Chahal,2019,13,4,15.0,0,131,3,1/1,43.67,8.73,30.0,0,0
1372472,Khaleel Bishnoi,2019,11,8,25.0,0,213,3,1/25,71.0,8.52,50.0,0,0
607464,Vinay Malik,2019,5,5,10.4,0,96,3,2/8,32.0,9.0,21.33,0,0
447261,Deepak Chahar,2019,5,4,11.4,3,82,3,2/2,27.33,7.03,23.33,0,0
550215,Kagiso Rabada,2019,2,2,5.4,0,44,2,1/19,22.0,7.76,17.0,0,0
633374,Mukesh Dayal,2019,7,6,15.4,0,143,2,2/10,71.5,9.13,47.0,0,0
1362113,Saurabh Unadkat,2019,4,3,9.2,0,106,2,2/9,53.0,11.36,28.0,0,0
479587,Krunal Sakariya,2019,3,3,8.1,0,89,2,2/21,44.5,10.9,24.5,0,0
36014,Zaheer Khan,2019,8,2,7.4,0,53,2,2/4,26.5,6.91,23.0,0,0
766710,Prasidh Pandey,2019,17,4,9.1,0,97,2,2/2,48.5,10.58,27.5,0,0
31430,Nitish Tyagi,2019,13,3,10.3,0,116,2,2/23,58.0,11.05,31.5,0,0
515856,Umran Patel,2019,2,2,7.0,0,54,2,2/16,27.0,7.71,21.0,0,0
1124340,Rahul Krishna,2019,4,2,7.4,0,86,2,2/8,43.0,11.22,23.0,0,0
230558,Sunil Narine,2019,10,2,5.2,0,35,2,2/18,17.5,6.56,16.0,0,0
763523,Mayank Sundar,2019,8,4,8.5,0,71,2,2/26,35.5,8.04,26.5,0,0
1224033,Mayank Krishna,2019,13,4,8.1,0,66,2,1/12,33.0,8.08,24.5,0,0
320787,Praveen Kaul,2019,4,4,11.5,0,123,2,1/14,61.5,10.39,35.5,0,0
47611,Irfan Deshpande,2019,9,6,16.3,0,185,2,2/10,92.5,11.21,49.5,0,0
481896,Mohammed Shami,2019,3,2,6.5,0,47,2,2/9,23.5,6.88,20.5,0,0
234675,Ravindra Jadeja,2019,2,2,6.4,0,56,2,1/11,28.0,8.4,20.0,0,0
1175432,Ravi Patel,2019,13,3,7.4,0,71,1,1/7,71.0,9.26,46.0,0,0
559235,Kuldeep Yadav,2019,6,1,3.4,0,24,1,1/2,24.0,6.55,22.0,0,0
775997,Chetan Singh,2019,4,2,7.0,0,69,1,1/24,69.0,9.86,42.0,0,0
966416,Jaydev Bishnoi,2019,14,2,6.1,0,63,1,1/14,63.0,10.22,37.0,0,0
988579,Ravi Sundar,2019,6,3,7.4,0,69,1,1/22,69.0,9.0,46.0,0,0
934523,Chetan Sundar,2019,6,2,7.1,0,74,1,1/16,74.0,10.33,43.0,0,0
1078061,Umran Sharma,2019,3,2,4.1,0,47,1,1/1,47.0,11.28,25.0,0,0
554691,Axar Patel,2019,4,3,6.3,0,54,1,1/6,54.0,8.31,39.0,0,0
695739,Mukesh Pandey,2019,8,1,3.1,0,28,1,1/12,28.0,8.84,19.0,0,0
858941,Praveen Malik,2019,5,3,6.1,0,67,1,1/7,67.0,10.86,37.0,0,0
630527,Rahul Patel,2019,3,2,7.4,0,69,1,1/23,69.0,9.0,46.0,0,0
752794,Ravi Ahmed,2019,4,2,6.2,0,71,1,1/19,71.0,11.21,38.0,0,0
127901,Yash Saini,2019,12,2,7.2,0,70,1,1/1,70.0,9.55,44.0,0,0
443000,Umran Malik,2019,6,3,6.5,0,63,1,1/25,63.0,9.22,41.0,0,0
1466521,Nitish Bishnoi,2019,13,2,4.2,0,42,1,1/1,42.0,9.69,26.0,0,0
956130,Umran Sundar,2019,3,2,6.2,0,59,1,1/20,59.0,9.32,38.0,0,0
326016,Bhuvneshwar Kumar,2019,2,2,5.5,0,47,1,1/15,47.0,8.06,35.0,0,0
40618,Imran Tahir,2019,5,3,6.2,0,54,1,1/19,54.0,8.53,38.0,0,0
678697,Rahul Unadkat,2019,9,2,4.4,0,37,0,-,0.0,7.93,0.0,0,0
257532,Jaydev Tyagi,2019,3,1,2.3,0,28,0,-,0.0,11.2,0.0,0,0
1274714,Kartik Sakariya,2019,2,1,2.2,0,21,0,-,0.0,9.0,0.0,0,0
1068087,Navdeep Kumar,2019,1,1,3.5,0,35,0,-,0.0,9.13,0.0,0,0
148106,Jaydev Unadkat,2019,10,1,2.1,0,20,0,-,0.0,9.23,0.0,0,0
646072,Prasidh Yadav,2019,2,1,2.4,0,22,0,-,0.0,8.25,0.0,0,0
978292,Navdeep Malik,2019,13,1,3.5,0,35,0,-,0.0,9.13,0.0,0,0
1231530,Khaleel Tyagi,2019,5,2,4.2,0,44,0,-,0.0,10.15,0.0,0,0
1049178,Tushar Yadav,2019,12,1,2.2,0,25,0,-,0.0,10.71,0.0,0,0
31820,Ashish Nehra,2019,10,1,2.2,0,19,0,-,0.0,8.14,0.0,0,0
626542,Rahul Yadav,2019,1,1,3.5,0,30,0,-,0.0,7.83,0.0,0,0
49758,Lasith Malinga,2019,3,1,2.2,0,15,0,-,0.0,6.43,0.0,0,0
277912,Trent Boult,2019,16,1,2.3,0,21,0,-,0.0,8.4,0.0,0,0
559194,Nitish Saini,2019,2,1,2.5,0,24,0,-,0.0,8.47,0.0,0,0
1175221,Khaleel Sundar,2019,3,1,3.0,0,33,0,-,0.0,11.0,0.0,0,0
301898,Khaleel Dayal,2019,1,1,3.5,0,37,0,-,0.0,9.65,0.0,0,0
778036,Rahul Pandey,2019,1,1,2.5,0,23,0,-,0.0,8.12,0.0,0,0
209513,Jaydev Deshpande,2019,2,1,3.0,0,26,0,-,0.0,8.67,0.0,0,0
789399,Nitish Patel,2019,10,1,3.1,0,32,0,-,0.0,10.11,0.0,0,0
299674,Navdeep Sharma,2019,15,1,2.1,0,18,0,-,0.0,8.31,0.0,0,0
475281,Shardul Thakur,2019,6,1,2.1,0,17,0,-,0.0,7.85,0.0,0,0
550215,Kagiso Rabada,2018,15,14,55.0,0,424,19,5/25,22.32,7.71,17.37,1,1
929483,Vinay Singh,2018,11,11,35.3,0,373,13,2/15,28.69,10.51,16.38,0,0
357936,Siddarth Sundar,2018,15,12,39.0,0,335,13,3/16,25.77,8.59,18.0,0,0
551269,Umran Pandey,2018,16,14,55.1,0,502,12,5/19,41.83,9.1,27.58,0,1
376116,Umesh Yadav,2018,17,14,37.1,1,263,11,5/12,23.91,7.08,20.27,0,1
230558,Sunil Narine,2018,17,13,30.4,1,215,10,3/28,21.5,7.01,18.4,0,0
730862,Irfan Malik,2018,12,10,30.0,0,271,10,5/13,27.1,9.03,18.0,1,1
1361495,Mukesh Krishna,2018,17,10,27.1,0,247,10,1/8,24.7,9.09,16.3,0,0
430246,Yuzvendra Chahal,2018,16,10,31.0,0,217,10,5/27,21.7,7.0,18.6,0,1
475281,Shardul Thakur,2018,13,9,28.1,1,239,10,4/26,23.9,8.49,16.9,1,0
47611,Irfan Deshpande,2018,13,9,31.4,0,318,9,2/19,35.33,10.04,21.11,0,0
978292,Navdeep Malik,2018,15,9,30.3,0,347,9,6/19,38.56,11.38,20.33,1,1
549015,Tushar Pandey,2018,13,12,38.0,0,338,9,2/26,37.56,8.89,25.33,0,0
848732,Yash Pandey,2018,17,16,39.3,0,412,9,1/9,45.78,10.43,26.33,0,0
256752,Mukesh Unadkat,2018,15,13,43.4,0,413,9,3/8,45.89,9.46,29.11,0,0
1175432,Ravi Patel,2018,14,11,33.5,0,319,8,5/15,39.88,9.43,25.38,0,1
957565,Kartik Singh,2018,14,10,32.5,0,272,8,1/2,34.0,8.28,24.62,0,0
1208000,Mayank Unadkat,2018,9,9,35.4,0,337,8,2/26,42.12,9.45,26.75,0,0
137111,RP Deshpande,2018,15,10,31.5,0,331,7,1/13,47.29,10.4,27.29,0,0
62154,Prasidh Saini,2018,11,8,25.2,0,201,7,2/23,28.71,7.93,21.71,0,0
885915,Jaydev Kaul,2018,14,12,30.3,0,274,7,1/4,39.14,8.98,26.14,0,0
625383,Jasprit Bumrah,2018,11,11,34.1,1,242,7,4/22,34.57,7.08,29.29,1,0
695739,Mukesh Pandey,2018,10,10,32.3,0,338,7,1/0,48.29,10.4,27.86,0,0
311592,Mitchell Starc,2018,9,8,24.0,1,165,7,4/24,23.57,6.88,20.57,1,0
1081103,Saurabh Patel,2018,11,9,26.2,0,270,6,1/17,45.0,10.25,26.33,0,0
1224033,Mayank Krishna,2018,11,9,31.1,0,283,6,1/3,47.17,9.08,31.17,0,0
721716,Nitish Malik,2018,13,9,25.5,0,202,6,4/32,33.67,7.82,25.83,1,0
1386199,Chetan Pandey,2018,14,9,24.1,0,189,6,1/18,31.5,7.82,24.17,0,0
438488,Sandeep Sharma,2018,5,4,14.5,3,99,5,1/9,19.8,6.67,17.8,0,0
1420091,Washington Dayal,2018,16,10,33.2,0,369,5,1/11,73.8,11.07,40.0,0,0
752794,Ravi Ahmed,2018,16,7,23.3,0,250,5,2/21,50.0,10.64,28.2,0,0
816615,Prasidh Patel,2018,17,10,32.0,0,300,5,4/15,60.0,9.38,38.4,1,0
333776,Khaleel Unadkat,2018,10,6,23.4,0,227,5,4/31,45.4,9.59,28.4,1,0
1398402,Khaleel Deshpande,2018,9,9,32.3,0,255,5,3/28,51.0,7.85,39.0,0,0
40618,Imran Tahir,2018,11,4,12.3,2,94,5,6/17,18.8,7.52,15.0,0,1
680149,Siddarth Pandey,2018,16,6,16.0,0,143,4,4/29,35.75,8.94,24.0,1,0
1175152,Chetan Deshpande,2018,12,4,15.1,0,129,4,4/23,32.25,8.51,22.75,1,0
277912,Trent Boult,2018,8,5,13.1,2,90,4,2/17,22.5,6.84,19.75,0,0
196998,Tushar Ahmed,2018,9,9,19.4,0,187,4,2/24,46.75,9.51,29.5,0,0
31430,Nitish Tyagi,2018,6,5,11.0,0,105,4,1/11,26.25,9.55,16.5,0,0
493290,Ravi Malik,2018,12,10,21.2,0,238,4,4/31,59.5,11.16,32.0,1,0
646072,Prasidh Yadav,2018,9,6,18.3,0,210,4,2/24,52.5,11.35,27.75,0,0
49758,Lasith Malinga,2018,4,4,14.4,0,106,4,4/10,26.5,7.23,22.0,1,0
395813,Nitish Kumar,2018,7,7,14.1,0,143,4,3/18,35.75,10.09,21.25,0,0
1362113,Saurabh Unadkat,2018,14,6,14.3,0,158,4,2/8,39.5,10.9,21.75,0,0
1148460,Umran Kaul,2018,17,10,27.1,0,214,4,2/25,53.5,7.88,40.75,0,0
326016,Bhuvneshwar Kumar,2018,11,4,14.1,2,98,3,3/11,32.67,6.92,28.33,0,0
375206,Chetan Tyagi,2018,17,6,17.4,0,138,3,3/28,46.0,7.81,35.33,0,0
479587,Krunal Sakariya,2018,5,5,11.2,0,127,3,2/18,42.33,11.21,22.67,0,0
222080,Khaleel Krishna,2018,10,5,13.0,0,107,3,3/6,35.67,8.23,26.0,0,0
633374,Mukesh Dayal,2018,10,4,9.5,0,89,3,3/27,29.67,9.05,19.67,0,0
728669,Vinay Ahmed,2018,13,5,12.0,0,114,3,2/6,38.0,9.5,24.0,0,0
372600,Saurabh Saini,2018,9,7,19.3,0,184,3,2/1,61.33,9.44,39.0,0,0
537119,Mohit Sharma,2018,13,5,13.0,0,90,3,2/19,30.0,6.92,26.0,0,0
47492,Dale Steyn,2018,12,6,15.2,0,122,3,2/18,40.67,7.96,30.67,0,0
940973,Mohammed Siraj,2018,3,3,10.2,1,87,3,1/5,29.0,8.42,20.67,0,0
580108,Rahul Ahmed,2018,8,3,11.0,0,107,2,2/1,53.5,9.73,33.0,0,0
396280,Mayank Patel,2018,4,2,7.0,0,54,2,2/6,27.0,7.71,21.0,0,0
127560,Washington Kaul,2018,10,3,7.4,0,62,2,2/22,31.0,8.09,23.0,0,0
793463,Rashid Khan,2018,2,2,6.0,0,50,2,1/21,25.0,8.33,18.0,0,0
1049178,Tushar Yadav,2018,7,3,10.5,0,98,2,1/19,49.0,9.05,32.5,0,0
284206,Irfan Unadkat,2018,8,4,9.5,0,89,2,2/4,44.5,9.05,29.5,0,0
841131,Ravi Yadav,2018,3,3,8.3,0,77,2,2/2,38.5,9.06,25.5,0,0
1191803,Tushar Sundar,2018,4,4,9.5,0,91,2,2/6,45.5,9.25,29.5,0,0
1388155,Mukesh Sharma,2018,6,4,15.0,0,163,2,1/1,81.5,10.87,45.0,0,0
1389011,Irfan Dayal,2018,9,3,9.4,0,78,2,1/1,39.0,8.07,29.0,0,0
1086001,Rahul Saini,2018,5,3,9.2,0,77,2,1/4,38.5,8.25,28.0,0,0
678697,Rahul Unadkat,2018,7,4,9.4,0,82,2,1/18,41.0,8.48,29.0,0,0
1279393,Umran Dayal,2018,4,4,13.4,0,114,2,2/23,57.0,8.34,41.0,0,0
1032291,RP Saini,2018,4,4,9.0,0,94,2,2/22,47.0,10.44,27.0,0,0
31820,Ashish Nehra,2018,16,2,7.5,0,60,2,1/20,30.0,7.66,23.5,0,0
31107,Amit Mishra,2018,3,3,10.1,1,73,2,2/12,36.5,7.18,30.5,0,0
1159227,RP Sakariya,2018,6,2,7.0,0,79,1,1/25,79.0,11.29,42.0,0,0
559194,Nitish Saini,2018,17,2,6.4,0,72,1,1/7,72.0,10.8,40.0,0,0
1068087,Navdeep Kumar,2018,6,4,10.0,0,109,1,1/3,109.0,10.9,60.0,0,0
956130,Umran Sundar,2018,4,1,3.5,0,39,1,1/5,39.0,10.17,23.0,0,0
1466521,Nitish Bishnoi,2018,4,3,10.0,0,95,1,1/13,95.0,9.5,60.0,0,0
73083,Siddarth Kumar,2018,6,2,6.0,0,49,1,1/7,49.0,8.17,36.0,0,0
858941,Praveen Malik,2018,2,2,7.3,0,82,1,1/19,82.0,10.93,45.0,0,0
447261,Deepak Chahar,2018,4,2,4.2,0,30,1,1/20,30.0,6.92,26.0,0,0
234675,Ravindra Jadeja,2018,1,1,2.4,0,20,1,1/23,20.0,7.5,16.0,0,0
656024,Saurabh Yadav,2018,3,2,4.0,0,39,1,1/14,39.0,9.75,24.0,0,0
1395968,Chetan Patel,2018,13,3,7.2,0,62,1,1/1,62.0,8.45,44.0,0,0
205967,Chetan Dayal,2018,5,2,5.2,0,50,1,1/0,50.0,9.38,32.0,0,0
458876,Yash Tyagi,2018,9,1,3.5,0,30,1,1/7,30.0,7.83,23.0,0,0
1372472,Khaleel Bishnoi,2018,13,3,8.3,0,78,1,1/2,78.0,9.18,51.0,0,0
1122417,Washington Tyagi,2018,8,3,6.1,0,49,1,1/25,49.0,7.95,37.0,0,0
621985,Washington Sakariya,2018,6,4,8.4,0,94,1,1/17,94.0,10.85,52.0,0,0
730365,Washington Kumar,2018,6,2,6.5,0,73,1,1/0,73.0,10.68,41.0,0,0
1025265,Mayank Saini,2018,4,3,7.3,0,61,1,1/7,61.0,8.13,45.0,0,0
577055,RP Pandey,2018,10,2,6.1,0,66,1,1/2,66.0,10.7,37.0,0,0
481896,Mohammed Shami,2018,6,1,3.1,0,27,1,1/22,27.0,8.53,19.0,0,0
36014,Zaheer Khan,2018,7,2,7.1,0,63,1,1/11,63.0,8.79,43.0,0,0
697391,Avesh Khan,2018,2,2,5.2,0,44,1,1/23,44.0,8.25,32.0,0,0
763523,Mayank Sundar,2018,8,1,2.0,0,19,0,-,0.0,9.5,0.0,0,0
1495108,Vinay Unadkat,2018,2,1,2.0,0,20,0,-,0.0,10.0,0.0,0,0
412290,Umran Deshpande,2018,9,1,3.4,0,39,0,-,0.0,10.64,0.0,0,0
625852,Rahul Kumar,2018,2,1,2.2,0,19,0,-,0.0,8.14,0.0,0,0
554691,Axar Patel,2018,9,1,2.2,0,16,0,-,0.0,6.86,0.0,0,0
138650,Mukesh Yadav,2018,17,1,2.4,0,22,0,-,0.0,8.25,0.0,0,0
1388877,Nitish Sharma,2018,15,1,3.2,0,37,0,-,0.0,11.1,0.0,0,0
1333782,Krunal Patel,2018,7,1,3.3,0,35,0,-,0.0,10.0,0.0,0,0
848499,Khaleel Ahmed,2018,7,1,2.5,0,22,0,-,0.0,7.76,0.0,0,0
209281,Navdeep Yadav,2018,1,1,2.2,0,25,0,-,0.0,10.71,0.0,0,0
1274714,Kartik Sakariya,2018,6,1,3.2,0,28,0,-,0.0,8.4,0.0,0,0
1341482,Yash Dayal,2018,6,2,4.1,0,46,0,-,0.0,11.04,0.0,0,0
538104,Irfan Kumar,2018,4,1,3.4,0,40,0,-,0.0,10.91,0.0,0,0
1125976,Arshdeep Singh,2018,2,1,2.1,0,16,0,-,0.0,7.38,0.0,0,0
873476,RP Patel,2018,9,1,2.1,0,18,0,-,0.0,8.31,0.0,0,0
433383,Vinay Bishnoi,2018,3,1,2.0,0,16,0,-,0.0,8.0,0.0,0,0
766710,Prasidh Pandey,2018,1,1,3.4,0,35,0,-,0.0,9.55,0.0,0,0
1286854,Praveen Deshpande,2018,3,1,2.2,0,24,0,-,0.0,10.29,0.0,0,0
626542,Rahul Yadav,2018,5,1,2.4,0,22,0,-,0.0,8.25,0.0,0,0
934523,Chetan Sundar,2018,2,1,3.1,0,33,0,-,0.0,10.42,0.0,0,0
51439,Dwayne Bravo,2018,11,1,2.0,0,16,0,-,0.0,8.0,0.0,0,0
559235,Kuldeep Yadav,2018,3,1,2.1,0,15,0,-,0.0,6.92,0.0,0,0
474555,Yash Ahmed,2017,17,17,58.4,0,496,11,3/6,45.09,8.45,32.0,0,0
1086001,Rahul Saini,2017,13,13,40.0,0,354,9,2/15,39.33,8.85,26.67,0,0
1333782,Krunal Patel,2017,15,8,26.0,0,236,9,1/23,26.22,9.08,17.33,0,0
31107,Amit Mishra,2017,9,8,27.3,1,225,9,2/11,25.0,8.18,18.33,0,0
36014,Zaheer Khan,2017,14,12,33.2,2,286,8,3/25,35.75,8.58,25.0,0,0
587248,Irfan Sharma,2017,11,9,34.5,0,322,8,6/19,40.25,9.24,26.12,0,1
1388155,Mukesh Sharma,2017,17,13,39.0,0,409,8,3/16,51.12,10.49,29.25,0,0
778036,Rahul Pandey,2017,14,7,27.1,0,218,8,1/1,27.25,8.02,20.38,0,0
858941,Praveen Malik,2017,15,14,39.4,0,417,8,1/14,52.12,10.51,29.75,0,0
51439,Dwayne Bravo,2017,13,9,34.2,2,269,8,3/13,33.62,7.83,25.75,0,0
978292,Navdeep Malik,2017,17,8,28.5,0,274,8,4/31,34.25,9.5,21.62,2,0
234675,Ravindra Jadeja,2017,8,8,31.0,1,209,8,3/29,26.12,6.74,23.25,0,0
966416,Jaydev Bishnoi,2017,8,8,28.2,0,286,7,2/2,40.86,10.09,24.29,0,0
375206,Chetan Tyagi,2017,12,10,36.5,0,354,7,1/4,50.57,9.61,31.57,0,0
492703,Yash Yadav,2017,13,8,30.1,0,259,7,4/8,37.0,8.59,25.86,1,0
625852,Rahul Kumar,2017,16,11,22.4,0,246,7,4/21,35.14,10.85,19.43,1,0
447261,Deepak Chahar,2017,7,7,20.4,2,170,7,4/28,24.29,8.23,17.71,1,0
763523,Mayank Sundar,2017,13,12,35.1,0,322,7,1/18,46.0,9.16,30.14,0,0
680149,Siddarth Pandey,2017,13,8,26.5,0,248,7,3/22,35.43,9.24,23.0,0,0
1091637,Kartik Dayal,2017,16,11,37.0,0,313,6,1/23,52.17,8.46,37.0,0,0
848732,Yash Pandey,2017,10,10,31.2,0,357,6,2/2,59.5,11.39,31.33,0,0
47611,Irfan Deshpande,2017,13,7,24.0,0,200,6,4/31,33.33,8.33,24.0,1,0
873476,RP Patel,2017,12,7,21.2,0,218,6,3/17,36.33,10.22,21.33,0,0
376116,Umesh Yadav,2017,8,7,20.3,2,155,6,1/17,25.83,7.56,20.5,0,0
988579,Ravi Sundar,2017,12,7,22.4,0,251,6,4/17,41.83,11.07,22.67,1,0
1398402,Khaleel Deshpande,2017,17,11,22.2,0,229,5,2/17,45.8,10.25,26.8,0,0
730365,Washington Kumar,2017,10,9,21.2,0,189,5,4/25,37.8,8.86,25.6,1,0
730862,Irfan Malik,2017,11,9,22.5,0,259,5,2/12,51.8,11.34,27.4,0,0
1108393,RP Tyagi,2017,8,7,20.3,0,215,5,3/13,43.0,10.49,24.6,0,0
377569,Khaleel Yadav,2017,15,10,26.1,0,257,5,6/16,51.4,9.82,31.4,0,1
47492,Dale Steyn,2017,6,5,19.3,0,132,5,4/7,26.4,6.77,23.4,1,0
1070549,Navdeep Kaul,2017,17,9,28.5,0,311,5,3/5,62.2,10.79,34.6,0,0
554691,Axar Patel,2017,5,5,14.1,2,110,5,1/23,22.0,7.76,17.0,0,0
940973,Mohammed Siraj,2017,5,5,16.2,1,138,5,4/31,27.6,8.45,19.6,1,0
475281,Shardul Thakur,2017,7,6,12.1,2,104,5,3/23,20.8,8.55,14.6,0,0
1192524,Jaydev Malik,2017,7,6,20.4,0,204,4,2/26,51.0,9.87,31.0,0,0
230558,Sunil Narine,2017,7,5,13.5,1,94,4,4/22,23.5,6.8,20.75,1,0
312961,Vinay Sundar,2017,7,5,18.2,0,146,4,4/28,36.5,7.96,27.5,1,0
137111,RP Deshpande,2017,12,8,21.4,0,246,4,3/25,61.5,11.35,32.5,0,0
216900,Navdeep Ahmed,2017,12,11,22.3,0,227,4,2/14,56.75,10.09,33.75,0,0
559235,Kuldeep Yadav,2017,13,3,9.4,0,76,4,1/24,19.0,7.86,14.5,0,0
1485006,Ravi Krishna,2017,7,5,17.3,0,181,4,1/5,45.25,10.34,26.25,0,0
793463,Rashid Khan,2017,7,5,17.0,2,135,4,4/21,33.75,7.94,25.5,1,0
929483,Vinay Singh,2017,6,6,20.2,0,187,4,4/23,46.75,9.2,30.5,1,0
845013,Kartik Kaul,2017,6,3,11.5,0,99,4,1/22,24.75,8.37,17.75,0,0
775997,Chetan Singh,2017,6,5,15.0,0,149,4,3/5,37.25,9.93,22.5,0,0
1094880,Nitish Deshpande,2017,14,5,13.0,0,106,4,1/14,26.5,8.15,19.5,0,0
540472,Nitish Sundar,2017,9,9,18.1,0,198,4,2/19,49.5,10.9,27.25,0,0
1279779,Vinay Tyagi,2017,10,8,16.5,0,177,4,3/4,44.25,10.51,25.25,0,0
1175432,Ravi Patel,2017,7,4,14.5,0,142,4,3/19,35.5,9.57,22.25,0,0
1125976,Arshdeep Singh,2017,10,3,11.5,0,97,4,2/1,24.25,8.2,17.75,0,0
1372472,Khaleel Bishnoi,2017,5,5,18.0,0,148,3,2/13,49.33,8.22,36.0,0,0
1420091,Washington Dayal,2017,11,5,12.5,0,136,3,2/3,45.33,10.6,25.67,0,0
1387999,Krunal Krishna,2017,8,4,15.1,0,158,3,1/11,52.67,10.42,30.33,0,0
629925,Tushar Sharma,2017,6,6,20.0,0,181,3,2/7,60.33,9.05,40.0,0,0
1052745,Praveen Unadkat,2017,17,8,16.1,0,138,3,1/7,46.0,8.54,32.33,0,0
1286673,Siddarth Ahmed,2017,15,4,12.3,0,112,3,2/17,37.33,8.96,25.0,0,0
333776,Khaleel Unadkat,2017,13,4,14.5,0,151,3,1/21,50.33,10.18,29.67,0,0
320787,Praveen Kaul,2017,5,4,11.0,0,121,3,1/17,40.33,11.0,22.0,0,0
283700,Prasidh Bishnoi,2017,15,5,12.2,0,136,3,3/19,45.33,11.03,24.67,0,0
550215,Kagiso Rabada,2017,4,4,9.5,0,80,3,2/11,26.67,8.14,19.67,0,0
430246,Yuzvendra Chahal,2017,4,4,10.2,2,68,3,3/6,22.67,6.58,20.67,0,0
443000,Umran Malik,2017,15,3,11.3,0,107,3,1/9,35.67,9.3,23.0,0,0
914748,Nitish Yadav,2017,4,4,15.5,0,175,3,3/25,58.33,11.05,31.67,0,0
1386199,Chetan Pandey,2017,15,4,15.1,0,145,3,2/6,48.33,9.56,30.33,0,0
458876,Yash Tyagi,2017,15,3,11.0,0,122,3,1/21,40.67,11.09,22.0,0,0
524903,Umran Tyagi,2017,11,6,18.1,0,153,3,3/6,51.0,8.42,36.33,0,0
438488,Sandeep Sharma,2017,8,6,12.0,2,90,3,1/1,30.0,7.5,24.0,0,0
26421,Ravichandran Ashwin,2017,3,3,9.2,0,77,3,3/24,25.67,8.25,18.67,0,0
1495108,Vinay Unadkat,2017,3,3,9.2,0,74,2,2/9,37.0,7.93,28.0,0,0
713551,Navdeep Sundar,2017,9,3,8.1,0,90,2,1/19,45.0,11.02,24.5,0,0
785941,Krunal Bishnoi,2017,7,4,9.3,0,82,2,2/19,41.0,8.63,28.5,0,0
1358030,Khaleel Kaul,2017,10,4,11.0,0,100,2,2/22,50.0,9.09,33.0,0,0
479587,Krunal Sakariya,2017,6,2,7.4,0,73,2,2/13,36.5,9.52,23.0,0,0
786171,Ravi Sharma,2017,10,3,10.2,0,87,2,2/1,43.5,8.42,31.0,0,0
460043,RP Unadkat,2017,3,3,8.2,0,77,2,2/18,38.5,9.24,25.0,0,0
1286854,Praveen Deshpande,2017,6,5,10.4,0,112,2,2/25,56.0,10.5,32.0,0,0
551269,Umran Pandey,2017,5,5,14.0,0,132,2,2/20,66.0,9.43,42.0,0,0
1388877,Nitish Sharma,2017,12,4,9.2,0,104,2,1/9,52.0,11.14,28.0,0,0
126106,Washington Patel,2017,11,5,10.3,0,85,2,1/10,42.5,8.1,31.5,0,0
535835,Kartik Saini,2017,10,3,8.4,0,75,2,1/10,37.5,8.65,26.0,0,0
626542,Rahul Yadav,2017,3,3,10.4,0,113,2,1/24,56.5,10.59,32.0,0,0
537119,Mohit Sharma,2017,7,3,8.4,0,67,2,2/7,33.5,7.73,26.0,0,0
326016,Bhuvneshwar Kumar,2017,3,3,8.2,0,63,2,2/7,31.5,7.56,25.0,0,0
625383,Jasprit Bumrah,2017,3,3,6.4,0,51,2,2/3,25.5,7.65,20.0,0,0
766710,Prasidh Pandey,2017,3,3,6.2,0,51,1,1/22,51.0,8.05,38.0,0,0
1175152,Chetan Deshpande,2017,6,2,5.5,0,51,1,1/23,51.0,8.74,35.0,0,0
1134465,Mukesh Patel,2017,2,2,4.5,0,54,1,1/0,54.0,11.17,29.0,0,0
1466521,Nitish Bishnoi,2017,3,3,11.2,0,102,1,1/7,102.0,9.0,68.0,0,0
580108,Rahul Ahmed,2017,11,3,9.2,0,90,1,1/22,90.0,9.64,56.0,0,0
31430,Nitish Tyagi,2017,2,2,6.4,0,71,1,1/6,71.0,10.65,40.0,0,0
638712,Umran Singh,2017,7,2,5.3,0,55,1,1/0,55.0,10.0,33.0,0,0
372600,Saurabh Saini,2017,2,2,4.2,0,48,1,1/8,48.0,11.08,26.0,0,0
577055,RP Pandey,2017,9,2,4.5,0,49,1,1/17,49.0,10.14,29.0,0,0
481896,Mohammed Shami,2017,4,2,4.3,0,35,1,1/5,35.0,7.78,27.0,0,0
168537,Krunal Deshpande,2017,8,2,5.4,0,50,1,1/12,50.0,8.82,34.0,0,0
571243,Kartik Kumar,2017,6,2,7.2,0,60,1,1/23,60.0,8.18,44.0,0,0
277912,Trent Boult,2017,2,2,5.1,0,44,1,1/23,44.0,8.52,31.0,0,0
1395968,Chetan Patel,2017,3,2,6.3,0,73,1,1/21,73.0,11.23,39.0,0,0
140804,Irfan Krishna,2017,2,2,5.3,0,61,1,1/16,61.0,11.09,33.0,0,0
196998,Tushar Ahmed,2017,6,3,7.2,0,62,1,1/24,62.0,8.45,44.0,0,0
630527,Rahul Patel,2017,4,2,5.1,0,46,1,1/25,46.0,8.9,31.0,0,0
433383,Vinay Bishnoi,2017,13,1,3.3,0,31,1,1/2,31.0,8.86,21.0,0,0
412290,Umran Deshpande,2017,7,2,4.2,0,46,1,1/19,46.0,10.62,26.0,0,0
521223,Krunal Sharma,2017,4,2,4.1,0,37,1,1/10,37.0,8.88,25.0,0,0
1130259,Saurabh Singh,2017,11,2,5.3,0,53,1,1/2,53.0,9.64,33.0,0,0
49758,Lasith Malinga,2017,1,1,3.1,0,25,1,1/3,25.0,7.89,19.0,0,0
1279393,Umran Dayal,2017,5,2,4.0,0,42,1,1/0,42.0,10.5,24.0,0,0
885915,Jaydev Kaul,2017,4,1,2.3,0,27,0,-,0.0,10.8,0.0,0,0
28026,Piyush Chawla,2017,13,1,2.0,0,16,0,-,0.0,8.0,0.0,0,0
127560,Washington Kaul,2017,3,1,3.4,0,37,0,-,0.0,10.09,0.0,0,0
390481,Harshal Patel,2017,10,1,2.3,0,16,0,-,0.0,6.4,0.0,0,0
721716,Nitish Malik,2017,1,1,2.1,0,17,0,-,0.0,7.85,0.0,0,0
841131,Ravi Yadav,2017,9,1,2.3,0,23,0,-,0.0,9.2,0.0,0,0
357936,Siddarth Sundar,2017,1,1,2.0,0,15,0,-,0.0,7.5,0.0,0,0
678697,Rahul Unadkat,2017,8,1,2.5,0,29,0,-,0.0,10.24,0.0,0,0
1025265,Mayank Saini,2017,11,1,2.4,0,28,0,-,0.0,10.5,0.0,0,0
130252,Tushar Kaul,2017,1,1,2.1,0,22,0,-,0.0,10.15,0.0,0,0
561606,Navdeep Bishnoi,2017,1,1,2.5,0,30,0,-,0.0,10.59,0.0,0,0
1175221,Khaleel Sundar,2017,5,1,3.4,0,38,0,-,0.0,10.36,0.0,0,0
848499,Khaleel Ahmed,2017,11,1,2.2,0,23,0,-,0.0,9.86,0.0,0,0
1389011,Irfan Dayal,2017,9,1,3.5,0,35,0,-,0.0,9.13,0.0,0,0
31820,Ashish Nehra,2017,1,1,2.5,0,24,0,-,0.0,8.47,0.0,0,0
868312,Irfan Patel,2017,5,1,2.5,0,29,0,-,0.0,10.24,0.0,0,0
81141,Siddarth Sharma,2017,2,1,2.3,0,22,0,-,0.0,8.8,0.0,0,0
855785,Tushar Malik,2017,14,1,2.4,0,23,0,-,0.0,8.62,0.0,0,0
957565,Kartik Singh,2017,14,1,2.5,0,22,0,-,0.0,7.76,0.0,0,0
697391,Avesh Khan,2017,3,1,2.5,0,21,0,-,0.0,7.41,0.0,0,0
438488,Sandeep Sharma,2016,17,14,51.3,2,377,19,4/8,19.84,7.32,16.26,2,0
234675,Ravindra Jadeja,2016,17,12,32.2,0,210,14,2/24,15.0,6.49,13.86,0,0
40618,Imran Tahir,2016,15,13,45.0,2,334,14,3/4,23.86,7.42,19.29,0,0
793463,Rashid Khan,2016,17,9,32.0,3,256,12,5/24,21.33,8.0,16.0,0,1
1192524,Jaydev Malik,2016,11,11,36.5,0,379,11,3/17,34.45,10.29,20.09,0,0
778036,Rahul Pandey,2016,14,14,55.0,0,457,11,1/21,41.55,8.31,30.0,0,0
559235,Kuldeep Yadav,2016,16,15,34.4,3,281,10,1/21,28.1,8.11,20.8,0,0
395813,Nitish Kumar,2016,16,13,41.2,0,378,10,2/21,37.8,9.15,24.8,0,0
140960,Vinay Deshpande,2016,15,13,39.5,0,356,10,2/11,35.6,8.94,23.9,0,0
51939,Jaydev Saini,2016,13,9,27.4,0,235,9,2/8,26.11,8.49,18.44,0,0
493290,Ravi Malik,2016,17,14,30.1,0,342,9,1/2,38.0,11.34,20.11,0,0
985383,Chetan Malik,2016,15,14,41.0,0,342,9,1/18,38.0,8.34,27.33,0,0
668860,Umran Krishna,2016,17,17,42.5,0,372,9,3/27,41.33,8.68,28.56,0,0
1094880,Nitish Deshpande,2016,15,12,35.2,0,402,9,2/3,44.67,11.38,23.56,0,0
230558,Sunil Narine,2016,8,7,24.2,3,207,9,1/4,23.0,8.51,16.22,0,0
257532,Jaydev Tyagi,2016,16,14,41.2,0,325,9,4/7,36.11,7.86,27.56,2,0
785941,Krunal Bishnoi,2016,13,10,32.2,0,333,9,4/25,37.0,10.3,21.56,1,0
475281,Shardul Thakur,2016,9,8,23.0,2,160,9,3/18,17.78,6.96,15.33,0,0
1398402,Khaleel Deshpande,2016,15,11,37.2,0,314,8,2/10,39.25,8.41,28.0,0,0
1130259,Saurabh Singh,2016,9,9,30.2,0,312,8,1/18,39.0,10.29,22.75,0,0
789399,Nitish Patel,2016,12,12,44.5,0,494,8,2/4,61.75,11.02,33.62,0,0
209513,Jaydev Deshpande,2016,14,11,33.2,0,312,8,3/13,39.0,9.36,25.0,0,0
1108393,RP Tyagi,2016,16,9,31.1,0,276,8,3/15,34.5,8.86,23.38,0,0
31820,Ashish Nehra,2016,11,9,30.2,1,251,8,4/25,31.38,8.27,22.75,1,0
1068087,Navdeep Kumar,2016,16,8,24.2,0,234,7,3/13,33.43,9.62,20.86,0,0
376116,Umesh Yadav,2016,14,10,25.1,3,164,7,2/18,23.43,6.52,21.57,0,0
1172833,Ravi Kaul,2016,14,8,24.5,0,246,7,1/16,35.14,9.91,21.29,0,0
196998,Tushar Ahmed,2016,13,9,23.3,0,206,7,2/23,29.43,8.77,20.14,0,0
51439,Dwayne Bravo,2016,12,6,18.1,1,152,7,1/19,21.71,8.37,15.57,0,0
537119,Mohit Sharma,2016,16,8,23.0,0,152,6,3/8,25.33,6.61,23.0,0,0
728669,Vinay Ahmed,2016,15,7,26.0,0,261,6,2/12,43.5,10.04,26.0,0,0
1032291,RP Saini,2016,16,9,22.4,0,233,6,3/6,38.83,10.28,22.67,0,0
137111,RP Deshpande,2016,15,9,23.3,0,211,6,1/18,35.17,8.98,23.5,0,0
1175221,Khaleel Sundar,2016,10,10,32.3,0,276,6,4/12,46.0,8.49,32.5,1,0
479587,Krunal Sakariya,2016,14,12,27.5,0,256,6,2/8,42.67,9.2,27.83,0,0
554691,Axar Patel,2016,10,10,25.2,2,165,6,5/11,27.5,6.51,25.33,0,1
31107,Amit Mishra,2016,8,7,18.5,0,138,5,4/30,27.6,7.33,22.6,1,0
985194,Washington Yadav,2016,12,5,17.2,0,148,5,4/16,29.6,8.54,20.8,1,0
535835,Kartik Saini,2016,15,8,20.3,0,222,5,4/16,44.4,10.83,24.6,1,0
550215,Kagiso Rabada,2016,11,8,19.5,3,129,5,6/13,25.8,6.5,23.8,0,1
872614,RP Ahmed,2016,15,7,19.4,0,205,5,5/34,41.0,10.42,23.6,0,1
260015,Ravi Tyagi,2016,12,8,30.3,0,252,5,2/10,50.4,8.26,36.6,0,0
618912,Yash Sakariya,2016,14,9,32.1,0,336,5,4/26,67.2,10.45,38.6,1,0
1420091,Washington Dayal,2016,10,10,31.4,0,287,5,5/23,57.4,9.06,38.0,0,1
913132,Kartik Sundar,2016,9,9,19.5,0,216,5,3/14,43.2,10.89,23.8,0,0
966416,Jaydev Bishnoi,2016,17,7,19.2,0,191,5,4/15,38.2,9.88,23.2,1,0
447261,Deepak Chahar,2016,6,5,13.2,1,112,4,4/29,28.0,8.4,20.0,1,0
1488671,Mukesh Kaul,2016,11,6,14.2,0,156,4,3/14,39.0,10.88,21.5,0,0
1070549,Navdeep Kaul,2016,9,9,22.3,0,218,4,3/21,54.5,9.69,33.75,0,0
1333782,Krunal Patel,2016,11,8,23.3,0,213,4,1/2,53.25,9.06,35.25,0,0
138650,Mukesh Yadav,2016,17,10,20.5,0,182,4,1/12,45.5,8.74,31.25,0,0
396280,Mayank Patel,2016,17,9,24.3,0,219,4,4/31,54.75,8.94,36.75,1,0
656024,Saurabh Yadav,2016,13,6,20.2,0,206,4,3/12,51.5,10.13,30.5,0,0
848499,Khaleel Ahmed,2016,16,10,24.4,0,233,4,1/23,58.25,9.45,37.0,0,0
216900,Navdeep Ahmed,2016,15,6,21.4,0,191,4,2/23,47.75,8.82,32.5,0,0
697391,Avesh Khan,2016,11,6,15.1,2,104,4,3/24,26.0,6.86,22.75,0,0
28026,Piyush Chawla,2016,8,5,16.5,3,116,4,4/10,29.0,6.89,25.25,1,0
301898,Khaleel Dayal,2016,5,5,14.2,0,148,4,1/17,37.0,10.33,21.5,0,0
763523,Mayank Sundar,2016,10,8,19.0,0,182,4,2/9,45.5,9.58,28.5,0,0
1224033,Mayank Krishna,2016,13,4,12.3,0,130,3,2/8,43.33,10.4,25.0,0,0
127901,Yash Saini,2016,10,6,14.3,0,114,3,3/10,38.0,7.86,29.0,0,0
978292,Navdeep Malik,2016,12,5,15.1,0,130,3,1/17,43.33,8.57,30.33,0,0
721716,Nitish Malik,2016,13,6,12.1,0,95,3,3/10,31.67,7.81,24.33,0,0
625383,Jasprit Bumrah,2016,9,3,10.0,0,66,3,1/15,22.0,6.6,20.0,0,0
284206,Irfan Unadkat,2016,12,5,19.1,0,210,3,1/11,70.0,10.96,38.33,0,0
1387999,Krunal Krishna,2016,11,8,19.4,0,210,3,2/23,70.0,10.68,39.33,0,0
988579,Ravi Sundar,2016,8,6,17.1,0,161,3,1/5,53.67,9.38,34.33,0,0
31430,Nitish Tyagi,2016,17,5,14.4,0,127,3,1/11,42.33,8.66,29.33,0,0
621985,Washington Sakariya,2016,6,5,13.3,0,105,3,2/5,35.0,7.78,27.0,0,0
26421,Ravichandran Ashwin,2016,9,2,7.3,0,52,3,3/14,17.33,6.93,15.0,0,0
277912,Trent Boult,2016,13,3,11.0,3,79,3,3/7,26.33,7.18,22.0,0,0
795195,Ravi Kumar,2016,12,3,10.0,0,103,2,2/6,51.5,10.3,30.0,0,0
1388155,Mukesh Sharma,2016,6,3,8.5,0,75,2,2/3,37.5,8.49,26.5,0,0
540472,Nitish Sundar,2016,4,3,8.3,0,89,2,2/3,44.5,10.47,25.5,0,0
458876,Yash Tyagi,2016,12,3,10.1,0,103,2,1/14,51.5,10.13,30.5,0,0
538104,Irfan Kumar,2016,6,3,8.5,0,89,2,2/13,44.5,10.08,26.5,0,0
1386199,Chetan Pandey,2016,7,3,10.2,0,117,2,2/23,58.5,11.32,31.0,0,0
629925,Tushar Sharma,2016,3,3,9.2,0,88,2,2/7,44.0,9.43,28.0,0,0
549015,Tushar Pandey,2016,10,5,12.2,0,107,2,2/2,53.5,8.68,37.0,0,0
47611,Irfan Deshpande,2016,9,5,15.0,0,152,2,2/23,76.0,10.13,45.0,0,0
377569,Khaleel Yadav,2016,6,3,9.4,0,102,2,2/13,51.0,10.55,29.0,0,0
1122417,Washington Tyagi,2016,10,3,11.3,0,97,2,1/15,48.5,8.43,34.5,0,0
896114,Vinay Krishna,2016,14,3,10.4,0,108,2,1/22,54.0,10.12,32.0,0,0
1049178,Tushar Yadav,2016,5,3,11.3,0,102,2,1/9,51.0,8.87,34.5,0,0
1466521,Nitish Bishnoi,2016,8,2,7.0,0,54,2,2/8,27.0,7.71,21.0,0,0
402293,Mayank Ahmed,2016,12,7,14.3,0,131,2,2/8,65.5,9.03,43.5,0,0
1091637,Kartik Dayal,2016,7,5,10.1,0,104,2,1/6,52.0,10.23,30.5,0,0
149289,Yash Singh,2016,5,2,7.0,0,77,2,2/11,38.5,11.0,21.0,0,0
205967,Chetan Dayal,2016,6,6,13.1,0,149,2,1/17,74.5,11.32,39.5,0,0
730862,Irfan Malik,2016,3,3,9.1,0,79,2,2/17,39.5,8.62,27.5,0,0
81141,Siddarth Sharma,2016,7,4,10.1,0,113,2,2/17,56.5,11.11,30.5,0,0
333776,Khaleel Unadkat,2016,4,2,6.0,0,52,2,2/12,26.0,8.67,18.0,0,0
1395968,Chetan Patel,2016,7,5,10.3,0,84,2,1/18,42.0,8.0,31.5,0,0
940973,Mohammed Siraj,2016,7,2,7.1,0,47,2,2/17,23.5,6.56,21.5,0,0
1125976,Arshdeep Singh,2016,13,3,11.1,3,82,2,1/20,41.0,7.34,33.5,0,0
430246,Yuzvendra Chahal,2016,2,2,4.1,0,30,1,1/14,30.0,7.2,25.0,0,0
561606,Navdeep Bishnoi,2016,17,3,7.3,0,81,1,1/8,81.0,10.8,45.0,0,0
551269,Umran Pandey,2016,6,4,8.2,0,77,1,1/2,77.0,9.24,50.0,0,0
492703,Yash Yadav,2016,4,3,8.2,0,77,1,1/17,77.0,9.24,50.0,0,0
569381,Siddarth Singh,2016,2,2,5.5,0,46,1,1/10,46.0,7.89,35.0,0,0
148106,Jaydev Unadkat,2016,4,3,9.4,0,89,1,1/12,89.0,9.21,58.0,0,0
580108,Rahul Ahmed,2016,7,2,5.1,0,49,1,1/14,49.0,9.48,31.0,0,0
638712,Umran Singh,2016,5,2,4.4,0,52,1,1/6,52.0,11.14,28.0,0,0
312961,Vinay Sundar,2016,8,1,3.5,0,30,1,1/3,30.0,7.83,23.0,0,0
1081103,Saurabh Patel,2016,7,2,4.0,0,33,1,1/8,33.0,8.25,24.0,0,0
752794,Ravi Ahmed,2016,8,3,7.0,0,74,1,1/20,74.0,10.57,42.0,0,0
1495108,Vinay Unadkat,2016,4,3,8.5,0,89,1,1/2,89.0,10.08,53.0,0,0
966300,Kartik Patel,2016,2,2,7.1,0,59,1,1/18,59.0,8.23,43.0,0,0
571243,Kartik Kumar,2016,9,4,8.4,0,70,1,1/19,70.0,8.08,52.0,0,0
809428,Yash Deshpande,2016,7,2,6.5,0,67,1,1/1,67.0,9.8,41.0,0,0
607464,Vinay Malik,2016,3,3,7.2,0,80,1,1/20,80.0,10.91,44.0,0,0
559194,Nitish Saini,2016,14,2,5.1,0,50,1,1/1,50.0,9.68,31.0,0,0
433383,Vinay Bishnoi,2016,2,2,5.2,0,45,1,1/13,45.0,8.44,32.0,0,0
1191803,Tushar Sundar,2016,3,3,6.2,0,69,1,1/8,69.0,10.89,38.0,0,0
1286854,Praveen Deshpande,2016,5,2,7.0,0,63,1,1/24,63.0,9.0,42.0,0,0
390481,Harshal Patel,2016,2,1,3.1,0,21,1,1/10,21.0,6.63,19.0,0,0
713551,Navdeep Sundar,2016,16,2,4.2,0,45,1,1/8,45.0,10.38,26.0,0,0
1388877,Nitish Sharma,2016,15,2,7.5,0,84,1,1/10,84.0,10.72,47.0,0,0
1159227,RP Sakariya,2016,6,2,5.5,0,49,1,1/1,49.0,8.4,35.0,0,0
1279779,Vinay Tyagi,2016,4,2,7.1,0,64,1,1/14,64.0,8.93,43.0,0,0
1078061,Umran Sharma,2016,9,2,5.3,0,59,1,1/13,59.0,10.73,33.0,0,0
36014,Zaheer Khan,2016,3,2,4.2,0,33,1,1/6,33.0,7.62,26.0,0,0
27716,Rahul Sharma,2016,1,1,2.1,0,24,0,-,0.0,11.08,0.0,0,0
1148460,Umran Kaul,2016,3,1,3.2,0,34,0,-,0.0,10.2,0.0,0,0
1286673,Siddarth Ahmed,2016,9,1,3.1,0,29,0,-,0.0,9.16,0.0,0,0
766710,Prasidh Pandey,2016,8,2,4.2,0,41,0,-,0.0,9.46,0.0,0,0
1358030,Khaleel Kaul,2016,8,1,2.3,0,21,0,-,0.0,8.4,0.0,0,0
577055,RP Pandey,2016,1,1,3.1,0,33,0,-,0.0,10.42,0.0,0,0
127560,Washington Kaul,2016,2,1,3.2,0,27,0,-,0.0,8.1,0.0,0,0
587248,Irfan Sharma,2016,2,1,2.3,0,22,0,-,0.0,8.8,0.0,0,0
168537,Krunal Deshpande,2016,15,1,2.3,0,24,0,-,0.0,9.6,0.0,0,0
460043,RP Unadkat,2016,4,1,2.2,0,22,0,-,0.0,9.43,0.0,0,0
1052745,Praveen Unadkat,2016,4,1,3.2,0,32,0,-,0.0,9.6,0.0,0,0
1175152,Chetan Deshpande,2016,2,1,3.5,0,30,0,-,0.0,7.83,0.0,0,0
819150,Vinay Sakariya,2016,1,1,2.4,0,27,0,-,0.0,10.12,0.0,0,0
1279393,Umran Dayal,2016,16,1,3.2,0,30,0,-,0.0,9.0,0.0,0,0
1124340,Rahul Krishna,2016,5,1,2.4,0,28,0,-,0.0,10.5,0.0,0,0
957565,Kartik Singh,2016,1,1,3.1,0,30,0,-,0.0,9.47,0.0,0,0
873476,RP Patel,2016,3,1,3.3,0,33,0,-,0.0,9.43,0.0,0,0
845013,Kartik Kaul,2016,11,1,3.1,0,30,0,-,0.0,9.47,0.0,0,0
839830,Washington Malik,2016,2,1,3.5,0,38,0,-,0.0,9.91,0.0,0,0
694327,Khaleel Saini,2016,5,2,5.0,0,47,0,-,0.0,9.4,0.0,0,0
323262,Washington Unadkat,2016,1,1,2.5,0,31,0,-,0.0,10.94,0.0,0,0
209281,Navdeep Yadav,2016,2,1,3.0,0,31,0,-,0.0,10.33,0.0,0,0
848732,Yash Pandey,2016,10,1,2.2,0,20,0,-,0.0,8.57,0.0,0,0
49758,Lasith Malinga,2016,2,1,3.1,0,21,0,-,0.0,6.63,0.0,0,0
326016,Bhuvneshwar Kumar,2016,8,1,2.0,0,13,0,-,0.0,6.5,0.0,0,0
481896,Mohammed Shami,2016,4,1,2.2,0,18,0,-,0.0,7.71,0.0,0,0
311592,Mitchell Starc,2016,6,1,2.1,0,18,0,-,0.0,8.31,0.0,0,0
301898,Khaleel Dayal,2015,16,13,43.4,0,482,16,3/21,30.12,11.04,16.38,0,0
730862,Irfan Malik,2015,17,16,57.0,0,646,14,5/26,46.14,11.33,24.43,1,2
430246,Yuzvendra Chahal,2015,11,10,34.2,1,288,14,2/17,20.57,8.39,14.71,0,0
326016,Bhuvneshwar Kumar,2015,14,12,31.2,2,274,13,3/10,21.08,8.74,14.46,0,0
630527,Rahul Patel,2015,16,16,43.3,0,388,13,4/32,29.85,8.92,20.08,2,0
277912,Trent Boult,2015,16,14,35.0,2,279,13,3/11,21.46,7.97,16.15,0,0
885915,Jaydev Kaul,2015,16,14,49.5,0,530,12,1/4,44.17,10.64,24.92,0,0
1192524,Jaydev Malik,2015,12,12,45.1,0,457,12,4/17,38.08,10.12,22.58,1,0
475281,Shardul Thakur,2015,15,9,34.3,3,248,12,5/14,20.67,7.19,17.25,0,1
443000,Umran Malik,2015,10,9,34.5,0,348,11,1/3,31.64,9.99,19.0,0,0
447261,Deepak Chahar,2015,16,13,47.5,1,410,11,1/12,37.27,8.57,26.09,0,0
633374,Mukesh Dayal,2015,15,12,31.5,0,327,10,2/16,32.7,10.27,19.1,0,0
587248,Irfan Sharma,2015,17,17,35.5,0,387,10,2/17,38.7,10.8,21.5,0,0
47492,Dale Steyn,2015,9,7,26.1,1,224,10,3/8,22.4,8.56,15.7,0,0
149289,Yash Singh,2015,13,11,38.1,0,305,10,2/16,30.5,7.99,22.9,0,0
1279393,Umran Dayal,2015,10,10,33.3,0,342,9,3/21,38.0,10.21,22.33,0,0
168537,Krunal Deshpande,2015,14,13,50.1,0,550,9,4/11,61.11,10.96,33.44,1,0
793463,Rashid Khan,2015,17,7,24.5,1,162,8,4/13,20.25,6.52,18.62,1,0
209513,Jaydev Deshpande,2015,15,11,29.0,0,239,8,3/27,29.88,8.24,21.75,0,0
62154,Prasidh Saini,2015,12,9,25.0,0,228,8,5/30,28.5,9.12,18.75,0,1
1279779,Vinay Tyagi,2015,15,9,25.4,0,215,8,2/16,26.88,8.38,19.25,0,0
230558,Sunil Narine,2015,16,15,30.2,2,261,8,3/6,32.62,8.6,22.75,0,0
873476,RP Patel,2015,17,13,28.1,0,267,7,3/20,38.14,9.48,24.14,0,0
479587,Krunal Sakariya,2015,14,13,35.2,0,396,7,4/8,56.57,11.21,30.29,1,0
28026,Piyush Chawla,2015,16,8,26.0,3,200,7,5/24,28.57,7.69,22.29,0,1
680149,Siddarth Pandey,2015,13,9,26.3,0,210,7,4/14,30.0,7.92,22.71,1,0
256752,Mukesh Unadkat,2015,8,5,18.5,0,203,7,2/7,29.0,10.78,16.14,0,0
438488,Sandeep Sharma,2015,12,7,27.4,1,188,7,1/12,26.86,6.8,23.71,0,0
697391,Avesh Khan,2015,7,6,17.3,2,153,6,2/22,25.5,8.74,17.5,0,0
209281,Navdeep Yadav,2015,9,8,30.5,0,318,6,4/21,53.0,10.31,30.83,1,0
396280,Mayank Patel,2015,16,8,30.3,0,265,6,5/22,44.17,8.69,30.5,0,1
1341482,Yash Dayal,2015,12,10,24.3,0,275,6,2/25,45.83,11.22,24.5,0,0
551269,Umran Pandey,2015,8,7,23.4,0,236,6,2/18,39.33,9.97,23.67,0,0
1361495,Mukesh Krishna,2015,16,7,23.2,0,219,6,1/15,36.5,9.39,23.33,0,0
868312,Irfan Patel,2015,7,7,26.0,0,251,5,2/12,50.2,9.65,31.2,0,0
728669,Vinay Ahmed,2015,17,7,18.1,0,177,5,2/21,35.4,9.74,21.8,0,0
395813,Nitish Kumar,2015,14,6,18.0,0,160,5,5/13,32.0,8.89,21.6,0,1
607464,Vinay Malik,2015,10,9,22.0,0,242,5,4/27,48.4,11.0,26.4,1,0
312961,Vinay Sundar,2015,6,6,19.0,0,174,5,4/21,34.8,9.16,22.8,1,0
775997,Chetan Singh,2015,12,6,14.5,0,167,4,2/7,41.75,11.26,22.25,0,0
283700,Prasidh Bishnoi,2015,12,7,18.5,0,154,4,1/4,38.5,8.18,28.25,0,0
913132,Kartik Sundar,2015,10,9,22.3,0,233,4,4/27,58.25,10.36,33.75,1,0
1286854,Praveen Deshpande,2015,11,10,21.2,0,199,4,2/24,49.75,9.33,32.0,0,0
1420091,Washington Dayal,2015,14,10,21.3,0,175,4,4/32,43.75,8.14,32.25,1,0
752794,Ravi Ahmed,2015,13,8,24.1,0,220,4,3/12,55.0,9.1,36.25,0,0
460043,RP Unadkat,2015,16,12,25.5,0,243,4,3/28,60.75,9.41,38.75,0,0
31107,Amit Mishra,2015,8,4,15.3,3,132,4,2/10,33.0,8.52,23.25,0,0
1094880,Nitish Deshpande,2015,5,5,16.5,0,189,4,3/13,47.25,11.23,25.25,0,0
1372472,Khaleel Bishnoi,2015,14,11,22.2,0,183,4,3/11,45.75,8.19,33.5,0,0
155214,Saurabh Sundar,2015,14,7,16.2,0,180,4,3/14,45.0,11.02,24.5,0,0
73083,Siddarth Kumar,2015,5,5,19.3,0,194,4,3/6,48.5,9.95,29.25,0,0
357936,Siddarth Sundar,2015,17,4,12.3,0,115,4,3/19,28.75,9.2,18.75,0,0
1108393,RP Tyagi,2015,13,7,17.2,0,161,4,1/19,40.25,9.29,26.0,0,0
872614,RP Ahmed,2015,5,3,11.5,0,120,3,3/12,40.0,10.14,23.67,0,0
656024,Saurabh Yadav,2015,9,4,14.0,0,125,3,3/24,41.67,8.93,28.0,0,0
858941,Praveen Malik,2015,11,3,9.4,0,106,3,2/23,35.33,10.97,19.33,0,0
474555,Yash Ahmed,2015,15,5,18.5,0,200,3,2/20,66.67,10.62,37.67,0,0
956130,Umran Sundar,2015,6,6,13.3,0,150,3,3/7,50.0,11.11,27.0,0,0
730365,Washington Kumar,2015,7,5,16.5,0,158,3,2/8,52.67,9.39,33.67,0,0
524903,Umran Tyagi,2015,9,7,15.2,0,131,3,1/18,43.67,8.54,30.67,0,0
1286673,Siddarth Ahmed,2015,6,3,11.3,0,125,3,2/24,41.67,10.87,23.0,0,0
492703,Yash Yadav,2015,6,4,13.5,0,147,3,2/24,49.0,10.63,27.67,0,0
985194,Washington Yadav,2015,15,3,10.0,0,107,3,2/20,35.67,10.7,20.0,0,0
1172833,Ravi Kaul,2015,14,3,9.5,0,94,3,3/23,31.33,9.56,19.67,0,0
678697,Rahul Unadkat,2015,4,4,11.5,0,113,3,2/16,37.67,9.55,23.67,0,0
561606,Navdeep Bishnoi,2015,5,5,15.5,0,154,3,1/22,51.33,9.73,31.67,0,0
378193,RP Singh,2015,9,6,14.1,0,144,3,2/22,48.0,10.16,28.33,0,0
81141,Siddarth Sharma,2015,10,5,11.4,0,102,3,2/20,34.0,8.74,23.33,0,0
537119,Mohit Sharma,2015,15,3,9.0,0,71,3,1/10,23.67,7.89,18.0,0,0
311592,Mitchell Starc,2015,8,4,9.3,0,66,3,3/20,22.0,6.95,19.0,0,0
1208000,Mayank Unadkat,2015,6,4,11.0,0,120,2,1/24,60.0,10.91,33.0,0,0
515856,Umran Patel,2015,7,7,17.3,0,184,2,2/17,92.0,10.51,52.5,0,0
1068087,Navdeep Kumar,2015,16,3,7.5,0,78,2,1/21,39.0,9.96,23.5,0,0
988579,Ravi Sundar,2015,15,4,11.4,0,132,2,1/2,66.0,11.31,35.0,0,0
554691,Axar Patel,2015,3,2,7.0,0,55,2,2/22,27.5,7.86,21.0,0,0
966300,Kartik Patel,2015,9,3,7.0,0,69,2,1/5,34.5,9.86,21.0,0,0
848732,Yash Pandey,2015,7,3,9.3,0,97,2,2/12,48.5,10.21,28.5,0,0
234675,Ravindra Jadeja,2015,6,3,6.2,0,42,2,2/18,21.0,6.63,19.0,0,0
390481,Harshal Patel,2015,4,2,6.1,0,44,2,2/21,22.0,7.14,18.5,0,0
914748,Nitish Yadav,2015,13,4,9.1,0,86,2,1/22,43.0,9.38,27.5,0,0
1466521,Nitish Bishnoi,2015,9,4,15.0,0,144,2,2/16,72.0,9.6,45.0,0,0
559194,Nitish Saini,2015,10,3,7.0,0,66,2,1/17,33.0,9.43,21.0,0,0
26421,Ravichandran Ashwin,2015,3,3,9.2,0,72,2,2/25,36.0,7.71,28.0,0,0
216900,Navdeep Ahmed,2015,17,4,9.3,0,81,2,2/26,40.5,8.53,28.5,0,0
412290,Umran Deshpande,2015,8,5,11.1,0,87,2,2/14,43.5,7.79,33.5,0,0
535835,Kartik Saini,2015,11,3,6.2,0,67,2,1/19,33.5,10.58,19.0,0,0
47611,Irfan Deshpande,2015,16,4,8.2,0,70,2,2/18,35.0,8.4,25.0,0,0
750105,Mayank Deshpande,2015,5,4,8.4,0,68,2,2/20,34.0,7.85,26.0,0,0
1005502,Ravi Singh,2015,2,2,5.3,0,63,1,1/25,63.0,11.45,33.0,0,0
1362113,Saurabh Unadkat,2015,2,1,3.5,0,40,1,1/7,40.0,10.43,23.0,0,0
320787,Praveen Kaul,2015,2,2,7.0,0,77,1,1/25,77.0,11.0,42.0,0,0
1388877,Nitish Sharma,2015,3,3,6.0,0,55,1,1/0,55.0,9.17,36.0,0,0
31430,Nitish Tyagi,2015,3,3,7.3,0,63,1,1/3,63.0,8.4,45.0,0,0
638712,Umran Singh,2015,5,2,7.0,0,67,1,1/11,67.0,9.57,42.0,0,0
1122417,Washington Tyagi,2015,14,2,7.4,0,65,1,1/10,65.0,8.48,46.0,0,0
1049178,Tushar Yadav,2015,5,3,6.1,0,51,1,1/21,51.0,8.27,37.0,0,0
766710,Prasidh Pandey,2015,3,3,8.3,0,88,1,1/10,88.0,10.35,51.0,0,0
137111,RP Deshpande,2015,1,1,3.5,0,43,1,1/1,43.0,11.22,23.0,0,0
299674,Navdeep Sharma,2015,1,1,2.5,0,30,1,1/0,30.0,10.59,17.0,0,0
625383,Jasprit Bumrah,2015,2,2,6.1,0,49,1,1/19,49.0,7.95,37.0,0,0
376116,Umesh Yadav,2015,13,3,7.2,0,52,1,1/24,52.0,7.09,44.0,0,0
36014,Zaheer Khan,2015,10,2,4.4,0,37,1,1/12,37.0,7.93,28.0,0,0
569381,Siddarth Singh,2015,5,2,6.4,0,58,1,1/25,58.0,8.7,40.0,0,0
205967,Chetan Dayal,2015,3,3,6.2,0,58,1,1/17,58.0,9.16,38.0,0,0
625852,Rahul Kumar,2015,14,4,8.3,0,70,1,1/0,70.0,8.24,51.0,0,0
1239460,Ravi Unadkat,2015,14,2,4.3,0,38,1,1/5,38.0,8.44,27.0,0,0
785941,Krunal Bishnoi,2015,7,2,5.5,0,62,1,1/8,62.0,10.63,35.0,0,0
260015,Ravi Tyagi,2015,10,2,5.0,0,45,1,1/17,45.0,9.0,30.0,0,0
559235,Kuldeep Yadav,2015,2,1,3.3,0,22,1,1/23,22.0,6.29,21.0,0,0
481896,Mohammed Shami,2015,10,1,2.4,0,22,1,1/21,22.0,8.25,16.0,0,0
140960,Vinay Deshpande,2015,5,3,9.0,0,99,1,1/7,99.0,11.0,54.0,0,0
1372288,Yash Kumar,2015,2,2,5.0,0,55,1,1/1,55.0,11.0,30.0,0,0
1224033,Mayank Krishna,2015,2,2,6.5,0,68,1,1/10,68.0,9.95,41.0,0,0
27716,Rahul Sharma,2015,5,3,6.2,0,58,1,1/8,58.0,9.16,38.0,0,0
433383,Vinay Bishnoi,2015,2,2,5.4,0,59,1,1/17,59.0,10.41,34.0,0,0
51439,Dwayne Bravo,2015,1,1,2.2,0,19,1,1/6,19.0,8.14,14.0,0,0
31820,Ashish Nehra,2015,6,2,4.5,0,35,1,1/0,35.0,7.24,29.0,0,0
40618,Imran Tahir,2015,3,2,4.1,0,32,1,1/8,32.0,7.68,25.0,0,0
1274714,Kartik Sakariya,2015,1,1,2.2,0,24,0,-,0.0,10.29,0.0,0,0
646072,Prasidh Yadav,2015,1,1,2.3,0,28,0,-,0.0,11.2,0.0,0,0
940973,Mohammed Siraj,2015,12,1,2.4,0,20,0,-,0.0,7.5,0.0,0,0
816615,Prasidh Patel,2015,4,1,2.1,0,24,0,-,0.0,11.08,0.0,0,0
127560,Washington Kaul,2015,11,1,2.1,0,19,0,-,0.0,8.77,0.0,0,0
323262,Washington Unadkat,2015,4,2,4.4,0,38,0,-,0.0,8.14,0.0,0,0
721716,Nitish Malik,2015,2,1,2.3,0,25,0,-,0.0,10.0,0.0,0,0
1386199,Chetan Pandey,2015,1,1,2.2,0,18,0,-,0.0,7.71,0.0,0,0
1488671,Mukesh Kaul,2015,14,1,2.0,0,16,0,-,0.0,8.0,0.0,0,0
377569,Khaleel Yadav,2015,1,1,3.4,0,29,0,-,0.0,7.91,0.0,0,0
934523,Chetan Sundar,2015,5,1,3.1,0,35,0,-,0.0,11.05,0.0,0,0
1025265,Mayank Saini,2015,7,1,2.5,0,22,0,-,0.0,7.76,0.0,0,0
222080,Khaleel Krishna,2015,2,1,3.2,0,27,0,-,0.0,8.1,0.0,0,0
1398402,Khaleel Deshpande,2015,3,1,2.3,0,23,0,-,0.0,9.2,0.0,0,0
845013,Kartik Kaul,2015,5,1,2.3,0,27,0,-,0.0,10.8,0.0,0,0
819150,Vinay Sakariya,2015,9,1,2.0,0,22,0,-,0.0,11.0,0.0,0,0
1070549,Navdeep Kaul,2015,9,1,2.5,0,29,0,-,0.0,10.24,0.0,0,0
778036,Rahul Pandey,2015,6,1,3.1,0,30,0,-,0.0,9.47,0.0,0,0
196998,Tushar Ahmed,2015,1,1,2.0,0,16,0,-,0.0,8.0,0.0,0,0
257532,Jaydev Tyagi,2015,2,2,4.4,0,43,0,-,0.0,9.21,0.0,0,0
621985,Washington Sakariya,2015,8,1,3.3,0,34,0,-,0.0,9.71,0.0,0,0
51939,Jaydev Saini,2015,1,1,3.2,0,32,0,-,0.0,9.6,0.0,0,0
580108,Rahul Ahmed,2015,1,1,3.2,0,33,0,-,0.0,9.9,0.0,0,0
1333782,Krunal Patel,2015,17,1,2.0,0,19,0,-,0.0,9.5,0.0,0,0
311592,Mitchell Starc,2014,11,10,37.0,3,240,14,6/19,17.14,6.49,15.86,0,1
357936,Siddarth Sundar,2014,16,15,59.1,0,626,14,2/22,44.71,10.58,25.36,0,0
537119,Mohit Sharma,2014,16,12,42.1,1,306,11,1/19,27.82,7.26,23.0,0,0
47611,Irfan Deshpande,2014,16,11,42.5,0,429,10,1/5,42.9,10.02,25.7,0,0
375206,Chetan Tyagi,2014,11,10,38.4,0,334,10,3/5,33.4,8.64,23.2,0,0
940973,Mohammed Siraj,2014,10,10,29.5,3,253,10,6/12,25.3,8.48,17.9,0,1
1051021,Yash Krishna,2014,14,11,40.2,0,323,9,3/6,35.89,8.01,26.89,0,0
127901,Yash Saini,2014,17,13,51.2,0,556,9,4/9,61.78,10.83,34.22,2,0
438488,Sandeep Sharma,2014,11,9,27.4,3,214,9,6/13,23.78,7.73,18.44,1,1
750105,Mayank Deshpande,2014,11,10,28.5,0,313,8,1/24,39.12,10.86,21.62,0,0
40618,Imran Tahir,2014,12,6,22.5,1,184,8,3/20,23.0,8.06,17.12,0,0
561606,Navdeep Bishnoi,2014,12,11,29.0,0,330,8,6/17,41.25,11.38,21.75,0,1
443000,Umran Malik,2014,15,12,38.4,0,316,8,1/25,39.5,8.17,29.0,0,0
985194,Washington Yadav,2014,14,10,31.1,0,251,7,1/3,35.86,8.05,26.71,0,0
390481,Harshal Patel,2014,9,7,23.3,2,184,7,1/19,26.29,7.83,20.14,0,0
49758,Lasith Malinga,2014,8,6,23.3,1,164,7,6/19,23.43,6.98,20.14,0,1
277912,Trent Boult,2014,11,8,24.2,2,206,7,6/14,29.43,8.47,20.86,0,1
1125976,Arshdeep Singh,2014,11,5,19.0,0,139,6,2/12,23.17,7.32,19.0,0,0
1231530,Khaleel Tyagi,2014,7,6,17.5,0,199,6,4/7,33.17,11.16,17.83,1,0
1078061,Umran Sharma,2014,14,7,22.5,0,257,6,3/25,42.83,11.26,22.83,0,0
312961,Vinay Sundar,2014,11,11,29.1,0,281,6,1/24,46.83,9.63,29.17,0,0
538104,Irfan Kumar,2014,16,9,34.1,0,281,6,3/20,46.83,8.22,34.17,0,0
458876,Yash Tyagi,2014,11,10,26.2,0,231,5,6/20,46.2,8.77,31.6,0,1
929483,Vinay Singh,2014,12,12,25.1,0,197,5,2/3,39.4,7.83,30.2,0,0
130252,Tushar Kaul,2014,10,7,22.4,0,215,5,1/7,43.0,9.49,27.2,0,0
629925,Tushar Sharma,2014,13,6,23.5,0,233,5,4/25,46.6,9.78,28.6,1,0
1488671,Mukesh Kaul,2014,11,8,26.3,0,270,5,3/8,54.0,10.19,31.8,0,0
402293,Mayank Ahmed,2014,15,6,22.3,0,184,5,2/25,36.8,8.18,27.0,0,0
1362113,Saurabh Unadkat,2014,6,5,16.1,0,149,5,2/21,29.8,9.22,19.4,0,0
1358030,Khaleel Kaul,2014,11,9,28.0,0,266,5,1/1,53.2,9.5,33.6,0,0
230558,Sunil Narine,2014,16,5,12.4,0,96,5,2/11,19.2,7.58,15.2,0,0
447261,Deepak Chahar,2014,8,3,11.3,3,93,4,3/28,23.25,8.09,17.25,0,0
515856,Umran Patel,2014,13,7,17.4,0,166,4,4/24,41.5,9.4,26.5,1,0
1025265,Mayank Saini,2014,15,10,26.1,0,292,4,1/1,73.0,11.16,39.25,0,0
284206,Irfan Unadkat,2014,7,7,15.3,0,142,4,2/25,35.5,9.16,23.25,0,0
914748,Nitish Yadav,2014,5,4,14.2,0,116,4,4/27,29.0,8.09,21.5,1,0
721716,Nitish Malik,2014,10,5,16.3,0,154,4,3/13,38.5,9.33,24.75,0,0
786171,Ravi Sharma,2014,13,4,14.3,0,127,4,2/18,31.75,8.76,21.75,0,0
1426365,Siddarth Deshpande,2014,17,7,21.1,0,216,4,4/8,54.0,10.2,31.75,1,0
372600,Saurabh Saini,2014,17,4,12.2,0,97,4,4/10,24.25,7.86,18.5,1,0
793463,Rashid Khan,2014,13,6,18.1,2,141,4,4/24,35.25,7.76,27.25,1,0
1286673,Siddarth Ahmed,2014,9,9,18.0,0,144,3,3/23,48.0,8.0,36.0,0,0
625383,Jasprit Bumrah,2014,4,2,7.5,0,67,3,2/9,22.33,8.55,15.67,0,0
789399,Nitish Patel,2014,8,8,19.1,0,150,3,2/26,50.0,7.83,38.33,0,0
638712,Umran Singh,2014,7,7,15.3,0,162,3,3/19,54.0,10.45,31.0,0,0
333776,Khaleel Unadkat,2014,6,6,19.5,0,170,3,2/26,56.67,8.57,39.67,0,0
816615,Prasidh Patel,2014,10,5,18.4,0,152,3,3/6,50.67,8.14,37.33,0,0
196998,Tushar Ahmed,2014,16,4,15.3,0,126,3,2/17,42.0,8.13,31.0,0,0
31430,Nitish Tyagi,2014,17,3,11.1,0,115,3,3/27,38.33,10.3,22.33,0,0
475281,Shardul Thakur,2014,4,4,14.5,1,99,3,3/23,33.0,6.67,29.67,0,0
730862,Irfan Malik,2014,16,7,15.2,0,140,3,2/20,46.67,9.13,30.67,0,0
47492,Dale Steyn,2014,4,4,11.5,1,98,3,1/25,32.67,8.28,23.67,0,0
430246,Yuzvendra Chahal,2014,6,3,10.4,1,84,3,3/24,28.0,7.88,21.33,0,0
234675,Ravindra Jadeja,2014,4,3,8.3,0,74,3,3/29,24.67,8.71,17.0,0,0
36014,Zaheer Khan,2014,16,4,9.0,0,59,2,2/9,29.5,6.56,27.0,0,0
524903,Umran Tyagi,2014,12,6,12.3,0,118,2,2/14,59.0,9.44,37.5,0,0
625852,Rahul Kumar,2014,3,2,6.5,0,73,2,2/19,36.5,10.68,20.5,0,0
51439,Dwayne Bravo,2014,10,2,7.4,0,63,2,2/23,31.5,8.22,23.0,0,0
73083,Siddarth Kumar,2014,5,2,7.1,0,74,2,1/11,37.0,10.33,21.5,0,0
1032291,RP Saini,2014,9,3,10.5,0,108,2,2/7,54.0,9.97,32.5,0,0
205967,Chetan Dayal,2014,3,3,9.0,0,98,2,2/6,49.0,10.89,27.0,0,0
1388155,Mukesh Sharma,2014,5,3,7.2,0,78,2,2/13,39.0,10.64,22.0,0,0
1005502,Ravi Singh,2014,8,4,13.1,0,138,2,2/12,69.0,10.48,39.5,0,0
607464,Vinay Malik,2014,7,4,10.0,0,105,2,1/21,52.5,10.5,30.0,0,0
571243,Kartik Kumar,2014,7,4,14.0,0,111,2,2/20,55.5,7.93,42.0,0,0
378193,RP Singh,2014,11,5,12.2,0,104,2,1/7,52.0,8.43,37.0,0,0
1466521,Nitish Bishnoi,2014,3,3,9.5,0,85,2,2/5,42.5,8.64,29.5,0,0
140804,Irfan Krishna,2014,12,4,11.4,0,92,2,1/14,46.0,7.89,35.0,0,0
839830,Washington Malik,2014,14,5,10.3,0,104,2,1/22,52.0,9.9,31.5,0,0
554691,Axar Patel,2014,7,2,7.4,0,57,2,2/24,28.5,7.43,23.0,0,0
31107,Amit Mishra,2014,4,2,7.3,0,61,2,2/18,30.5,8.13,22.5,0,0
697391,Avesh Khan,2014,3,2,5.2,0,42,2,2/3,21.0,7.88,16.0,0,0
81141,Siddarth Sharma,2014,17,2,7.1,0,57,1,1/6,57.0,7.95,43.0,0,0
1386199,Chetan Pandey,2014,2,2,6.3,0,62,1,1/4,62.0,9.54,39.0,0,0
752794,Ravi Ahmed,2014,6,3,6.1,0,57,1,1/7,57.0,9.24,37.0,0,0
985383,Chetan Malik,2014,3,2,5.0,0,44,1,1/20,44.0,8.8,30.0,0,0
148106,Jaydev Unadkat,2014,6,2,6.3,0,69,1,1/12,69.0,10.62,39.0,0,0
540472,Nitish Sundar,2014,16,2,6.2,0,60,1,1/14,60.0,9.47,38.0,0,0
31820,Ashish Nehra,2014,5,1,3.5,0,27,1,1/18,27.0,7.04,23.0,0,0
1108393,RP Tyagi,2014,4,2,5.3,0,60,1,1/5,60.0,10.91,33.0,0,0
775997,Chetan Singh,2014,5,4,9.2,0,75,1,1/8,75.0,8.04,56.0,0,0
301898,Khaleel Dayal,2014,4,3,7.2,0,71,1,1/16,71.0,9.68,44.0,0,0
1081103,Saurabh Patel,2014,5,3,9.0,0,82,1,1/22,82.0,9.11,54.0,0,0
1091637,Kartik Dayal,2014,4,1,3.0,0,29,1,1/3,29.0,9.67,18.0,0,0
559235,Kuldeep Yadav,2014,1,1,3.2,0,27,1,1/16,27.0,8.1,20.0,0,0
848732,Yash Pandey,2014,7,4,9.5,0,87,1,1/21,87.0,8.85,59.0,0,0
1192524,Jaydev Malik,2014,8,2,6.4,0,62,1,1/23,62.0,9.3,40.0,0,0
550215,Kagiso Rabada,2014,3,2,4.5,0,39,1,1/24,39.0,8.07,29.0,0,0
587248,Irfan Sharma,2014,6,3,8.2,0,77,1,1/2,77.0,9.24,50.0,0,0
216900,Navdeep Ahmed,2014,11,2,4.1,0,40,1,1/21,40.0,9.6,25.0,0,0
1134465,Mukesh Patel,2014,8,2,4.3,0,35,1,1/14,35.0,7.78,27.0,0,0
412290,Umran Deshpande,2014,8,2,5.2,0,49,1,1/14,49.0,9.19,32.0,0,0
1395968,Chetan Patel,2014,17,2,6.1,0,56,1,1/9,56.0,9.08,37.0,0,0
680149,Siddarth Pandey,2014,10,3,8.3,0,82,1,1/6,82.0,9.65,51.0,0,0
126106,Washington Patel,2014,3,2,4.1,0,35,1,1/25,35.0,8.4,25.0,0,0
569381,Siddarth Singh,2014,7,3,7.2,0,72,1,1/25,72.0,9.82,44.0,0,0
1175221,Khaleel Sundar,2014,6,4,10.3,0,86,1,1/24,86.0,8.19,63.0,0,0
841131,Ravi Yadav,2014,1,1,3.2,0,32,1,1/25,32.0,9.6,20.0,0,0
127560,Washington Kaul,2014,2,2,7.4,0,85,1,1/5,85.0,11.09,46.0,0,0
1372288,Yash Kumar,2014,9,3,10.2,0,86,1,1/10,86.0,8.32,62.0,0,0
630527,Rahul Patel,2014,2,2,6.2,0,62,1,1/21,62.0,9.79,38.0,0,0
885915,Jaydev Kaul,2014,13,2,7.0,0,71,1,1/11,71.0,10.14,42.0,0,0
396280,Mayank Patel,2014,1,1,3.1,0,29,1,1/14,29.0,9.16,19.0,0,0
978292,Navdeep Malik,2014,1,1,2.2,0,24,0,-,0.0,10.29,0.0,0,0
1495108,Vinay Unadkat,2014,1,1,3.3,0,32,0,-,0.0,9.14,0.0,0,0
855785,Tushar Malik,2014,4,1,3.0,0,27,0,-,0.0,9.0,0.0,0,0
209513,Jaydev Deshpande,2014,2,1,3.2,0,32,0,-,0.0,9.6,0.0,0,0
633374,Mukesh Dayal,2014,3,1,2.2,0,23,0,-,0.0,9.86,0.0,0,0
1485006,Ravi Krishna,2014,6,1,2.3,0,28,0,-,0.0,11.2,0.0,0,0
1274714,Kartik Sakariya,2014,2,1,2.0,0,18,0,-,0.0,9.0,0.0,0,0
551269,Umran Pandey,2014,1,1,2.0,0,15,0,-,0.0,7.5,0.0,0,0
323262,Washington Unadkat,2014,2,1,2.4,0,25,0,-,0.0,9.38,0.0,0,0
872614,RP Ahmed,2014,3,1,2.3,0,26,0,-,0.0,10.4,0.0,0,0
957565,Kartik Singh,2014,1,1,2.4,0,22,0,-,0.0,8.25,0.0,0,0
763523,Mayank Sundar,2014,9,1,3.1,0,31,0,-,0.0,9.79,0.0,0,0
646072,Prasidh Yadav,2014,1,1,3.5,0,39,0,-,0.0,10.17,0.0,0,0
1224033,Mayank Krishna,2014,1,1,2.1,0,23,0,-,0.0,10.62,0.0,0,0
535835,Kartik Saini,2014,1,1,2.1,0,22,0,-,0.0,10.15,0.0,0,0
26421,Ravichandran Ashwin,2014,11,1,2.3,0,18,0,-,0.0,7.2,0.0,0,0
481896,Mohammed Shami,2014,1,1,2.4,0,20,0,-,0.0,7.5,0.0,0,0
51439,Dwayne Bravo,2013,18,18,66.0,1,537,32,5/27,16.78,8.14,12.38,1,1
28026,Piyush Chawla,2013,16,15,54.3,2,445,19,6/15,23.42,8.17,17.21,0,1
438488,Sandeep Sharma,2013,17,11,41.2,1,295,16,1/4,18.44,7.14,15.5,0,0
1286854,Praveen Deshpande,2013,17,11,40.5,0,401,15,4/32,26.73,9.82,16.33,1,0
1358030,Khaleel Kaul,2013,16,13,45.1,0,398,15,6/16,26.53,8.81,18.07,0,2
230558,Sunil Narine,2013,16,11,36.0,3,260,15,3/22,17.33,7.22,14.4,0,0
680149,Siddarth Pandey,2013,15,15,41.5,0,343,14,3/6,24.5,8.2,17.93,0,0
793463,Rashid Khan,2013,14,10,36.3,3,264,12,3/12,22.0,7.23,18.25,0,0
537119,Mohit Sharma,2013,17,11,35.3,3,239,12,4/9,19.92,6.73,17.75,1,0
713551,Navdeep Sundar,2013,16,9,35.2,0,334,12,4/30,27.83,9.45,17.67,1,0
940973,Mohammed Siraj,2013,13,10,34.1,3,272,11,4/14,24.73,7.96,18.64,1,0
1175221,Khaleel Sundar,2013,14,12,38.4,0,370,11,2/16,33.64,9.57,21.09,0,0
1372288,Yash Kumar,2013,13,11,41.5,0,434,10,3/25,43.4,10.37,25.1,0,0
205967,Chetan Dayal,2013,14,11,33.4,0,317,10,2/13,31.7,9.42,20.2,0,0
559235,Kuldeep Yadav,2013,16,7,21.4,1,172,10,2/19,17.2,7.94,13.0,0,0
277912,Trent Boult,2013,9,9,31.3,0,236,9,5/31,26.22,7.49,21.0,1,1
402293,Mayank Ahmed,2013,14,11,37.3,0,409,8,1/22,51.12,10.91,28.12,0,0
443000,Umran Malik,2013,13,13,36.1,0,310,8,6/16,38.75,8.57,27.12,0,1
311592,Mitchell Starc,2013,9,8,17.5,2,134,8,5/24,16.75,7.51,13.38,0,1
47492,Dale Steyn,2013,10,7,24.2,3,207,8,1/2,25.88,8.51,18.25,0,0
412290,Umran Deshpande,2013,9,9,27.0,0,242,7,4/32,34.57,8.96,23.14,1,0
1032291,RP Saini,2013,17,14,36.4,0,328,7,4/18,46.86,8.95,31.43,1,0
561606,Navdeep Bishnoi,2013,12,9,29.2,0,271,7,5/35,38.71,9.24,25.14,0,1
1192524,Jaydev Malik,2013,10,7,23.1,0,197,7,1/22,28.14,8.5,19.86,0,0
26421,Ravichandran Ashwin,2013,12,9,31.3,3,210,7,1/21,30.0,6.67,27.0,0,0
1025265,Mayank Saini,2013,13,7,27.0,0,305,6,1/8,50.83,11.3,27.0,0,0
31107,Amit Mishra,2013,14,7,18.2,2,134,6,1/20,22.33,7.31,18.33,0,0
896114,Vinay Krishna,2013,16,6,20.5,0,203,6,2/18,33.83,9.74,20.83,0,0
1086001,Rahul Saini,2013,14,6,23.5,0,247,6,2/10,41.17,10.36,23.83,0,0
559194,Nitish Saini,2013,16,9,23.5,0,190,6,5/26,31.67,7.97,23.83,0,1
934523,Chetan Sundar,2013,13,10,36.4,0,303,6,2/19,50.5,8.26,36.67,0,0
885915,Jaydev Kaul,2013,17,11,26.1,0,236,5,2/26,47.2,9.02,31.4,0,0
1078061,Umran Sharma,2013,13,6,16.2,0,174,5,4/25,34.8,10.65,19.6,1,0
618912,Yash Sakariya,2013,14,8,26.4,0,220,5,2/13,44.0,8.25,32.0,0,0
1124340,Rahul Krishna,2013,8,8,30.4,0,338,5,6/12,67.6,11.02,36.8,0,1
763523,Mayank Sundar,2013,11,7,15.2,0,156,5,1/1,31.2,10.17,18.4,0,0
36014,Zaheer Khan,2013,17,7,19.5,0,138,5,2/5,27.6,6.96,23.8,0,0
51939,Jaydev Saini,2013,9,7,27.1,0,274,5,2/24,54.8,10.09,32.6,0,0
1485006,Ravi Krishna,2013,16,5,18.4,0,150,5,4/26,30.0,8.04,22.4,1,0
140960,Vinay Deshpande,2013,15,7,20.0,0,228,5,6/12,45.6,11.4,24.0,0,1
481896,Mohammed Shami,2013,8,6,21.1,1,144,5,4/12,28.8,6.8,25.4,1,0
914748,Nitish Yadav,2013,14,6,22.3,0,226,4,1/6,56.5,10.04,33.75,0,0
126106,Washington Patel,2013,7,7,20.0,0,227,4,2/17,56.75,11.35,30.0,0,0
326016,Bhuvneshwar Kumar,2013,8,5,17.0,1,126,4,2/17,31.5,7.41,25.5,0,0
1386199,Chetan Pandey,2013,6,4,15.0,0,117,4,1/0,29.25,7.8,22.5,0,0
1231530,Khaleel Tyagi,2013,6,5,17.5,0,155,4,4/25,38.75,8.69,26.75,1,0
149289,Yash Singh,2013,10,7,19.0,0,169,4,2/20,42.25,8.89,28.5,0,0
155214,Saurabh Sundar,2013,13,6,17.5,0,139,4,2/15,34.75,7.79,26.75,0,0
320787,Praveen Kaul,2013,5,5,19.5,0,201,4,3/11,50.25,10.13,29.75,0,0
550215,Kagiso Rabada,2013,9,8,18.3,1,122,4,1/12,30.5,6.59,27.75,0,0
554691,Axar Patel,2013,6,4,11.1,0,77,4,3/24,19.25,6.9,16.75,0,0
1159227,RP Sakariya,2013,7,5,18.4,0,187,3,1/25,62.33,10.02,37.33,0,0
750105,Mayank Deshpande,2013,7,7,15.1,0,153,3,3/29,51.0,10.09,30.33,0,0
1175432,Ravi Patel,2013,4,3,11.4,0,105,3,1/18,35.0,9.0,23.33,0,0
40618,Imran Tahir,2013,8,3,9.3,0,63,3,1/4,21.0,6.63,19.0,0,0
540472,Nitish Sundar,2013,9,6,14.4,0,138,3,1/2,46.0,9.41,29.33,0,0
625383,Jasprit Bumrah,2013,6,3,7.3,0,56,3,2/16,18.67,7.47,15.0,0,0
956130,Umran Sundar,2013,13,6,16.4,0,178,3,3/28,59.33,10.68,33.33,0,0
1049178,Tushar Yadav,2013,10,5,15.5,0,123,3,3/5,41.0,7.77,31.67,0,0
1068087,Navdeep Kumar,2013,5,4,10.5,0,95,2,2/13,47.5,8.77,32.5,0,0
1426365,Siddarth Deshpande,2013,3,3,10.1,0,84,2,2/8,42.0,8.26,30.5,0,0
845013,Kartik Kaul,2013,17,4,11.1,0,123,2,2/24,61.5,11.01,33.5,0,0
633374,Mukesh Dayal,2013,4,3,11.2,0,94,2,1/12,47.0,8.29,34.0,0,0
433383,Vinay Bishnoi,2013,11,4,8.1,0,76,2,1/4,38.0,9.31,24.5,0,0
789399,Nitish Patel,2013,15,4,11.4,0,131,2,1/7,65.5,11.23,35.0,0,0
697391,Avesh Khan,2013,4,2,5.3,0,43,2,2/19,21.5,7.82,16.5,0,0
372600,Saurabh Saini,2013,9,4,10.3,0,89,2,1/13,44.5,8.48,31.5,0,0
1372472,Khaleel Bishnoi,2013,17,4,8.0,0,83,2,2/25,41.5,10.38,24.0,0,0
929483,Vinay Singh,2013,10,3,8.2,0,73,2,1/13,36.5,8.76,25.0,0,0
1398402,Khaleel Deshpande,2013,12,5,13.1,0,132,2,1/25,66.0,10.03,39.5,0,0
1388155,Mukesh Sharma,2013,13,6,14.0,0,159,2,2/26,79.5,11.36,42.0,0,0
375206,Chetan Tyagi,2013,6,2,6.4,0,56,2,1/10,28.0,8.4,20.0,0,0
312961,Vinay Sundar,2013,4,4,10.4,0,121,2,2/4,60.5,11.34,32.0,0,0
721716,Nitish Malik,2013,4,3,10.3,0,109,2,1/22,54.5,10.38,31.5,0,0
872614,RP Ahmed,2013,15,3,11.0,0,103,2,1/0,51.5,9.36,33.0,0,0
376116,Umesh Yadav,2013,3,3,8.2,0,71,2,1/1,35.5,8.52,25.0,0,0
390481,Harshal Patel,2013,6,1,3.3,0,27,1,1/23,27.0,7.71,21.0,0,0
299674,Navdeep Sharma,2013,15,2,4.2,0,37,1,1/13,37.0,8.54,26.0,0,0
848499,Khaleel Ahmed,2013,4,3,7.2,0,65,1,1/4,65.0,8.86,44.0,0,0
778036,Rahul Pandey,2013,17,2,5.5,0,53,1,1/4,53.0,9.09,35.0,0,0
571243,Kartik Kumar,2013,9,2,4.4,0,48,1,1/9,48.0,10.29,28.0,0,0
785941,Krunal Bishnoi,2013,6,3,6.2,0,66,1,1/4,66.0,10.42,38.0,0,0
168537,Krunal Deshpande,2013,7,2,4.2,0,35,1,1/5,35.0,8.08,26.0,0,0
1081103,Saurabh Patel,2013,16,3,8.3,0,70,1,1/6,70.0,8.24,51.0,0,0
626542,Rahul Yadav,2013,11,3,6.3,0,63,1,1/24,63.0,9.69,39.0,0,0
766710,Prasidh Pandey,2013,7,2,7.2,0,58,1,1/12,58.0,7.91,44.0,0,0
284206,Irfan Unadkat,2013,4,3,9.5,0,85,1,1/6,85.0,8.64,59.0,0,0
138650,Mukesh Yadav,2013,2,1,3.4,0,38,1,1/17,38.0,10.36,22.0,0,0
1286673,Siddarth Ahmed,2013,6,3,7.5,0,70,1,1/24,70.0,8.94,47.0,0,0
458876,Yash Tyagi,2013,2,2,6.2,0,61,1,1/16,61.0,9.63,38.0,0,0
234675,Ravindra Jadeja,2013,3,1,3.1,0,25,1,1/19,25.0,7.89,19.0,0,0
1175152,Chetan Deshpande,2013,7,4,8.4,0,70,1,1/16,70.0,8.08,52.0,0,0
524903,Umran Tyagi,2013,2,1,3.3,0,36,1,1/13,36.0,10.29,21.0,0,0
27716,Rahul Sharma,2013,11,5,10.4,0,108,1,1/16,108.0,10.12,64.0,0,0
1362113,Saurabh Unadkat,2013,3,3,10.2,0,86,1,1/25,86.0,8.32,62.0,0,0
430246,Yuzvendra Chahal,2013,12,1,3.3,0,24,1,1/21,24.0,6.86,21.0,0,0
475281,Shardul Thakur,2013,1,1,3.5,0,30,1,1/16,30.0,7.83,23.0,0,0
858941,Praveen Malik,2013,8,1,2.4,0,30,0,-,0.0,11.25,0.0,0,0
127901,Yash Saini,2013,8,1,2.5,0,27,0,-,0.0,9.53,0.0,0,0
1224033,Mayank Krishna,2013,5,1,3.4,0,40,0,-,0.0,10.91,0.0,0,0
1279393,Umran Dayal,2013,8,1,3.4,0,40,0,-,0.0,10.91,0.0,0,0
848732,Yash Pandey,2013,2,2,4.1,0,44,0,-,0.0,10.56,0.0,0,0
209513,Jaydev Deshpande,2013,3,1,2.4,0,28,0,-,0.0,10.5,0.0,0,0
256752,Mukesh Unadkat,2013,3,2,4.0,0,41,0,-,0.0,10.25,0.0,0,0
621985,Washington Sakariya,2013,1,1,3.2,0,34,0,-,0.0,10.2,0.0,0,0
1495108,Vinay Unadkat,2013,1,1,3.0,0,28,0,-,0.0,9.33,0.0,0,0
31430,Nitish Tyagi,2013,3,1,3.3,0,27,0,-,0.0,7.71,0.0,0,0
127560,Washington Kaul,2013,4,1,2.2,0,22,0,-,0.0,9.43,0.0,0,0
855785,Tushar Malik,2013,4,2,4.1,0,46,0,-,0.0,11.04,0.0,0,0
1108393,RP Tyagi,2013,1,1,3.0,0,30,0,-,0.0,10.0,0.0,0,0
966300,Kartik Patel,2013,1,1,3.1,0,28,0,-,0.0,8.84,0.0,0,0
625852,Rahul Kumar,2013,13,1,2.5,0,25,0,-,0.0,8.82,0.0,0,0
377569,Khaleel Yadav,2013,6,1,3.5,0,37,0,-,0.0,9.65,0.0,0,0
587248,Irfan Sharma,2013,1,1,3.4,0,39,0,-,0.0,10.64,0.0,0,0
1466521,Nitish Bishnoi,2013,5,1,3.2,0,36,0,-,0.0,10.8,0.0,0,0
396280,Mayank Patel,2013,1,1,3.2,0,30,0,-,0.0,9.0,0.0,0,0
819150,Vinay Sakariya,2013,9,1,2.1,0,20,0,-,0.0,9.23,0.0,0,0
775997,Chetan Singh,2013,10,1,3.0,0,27,0,-,0.0,9.0,0.0,0,0
130252,Tushar Kaul,2013,1,1,2.0,0,20,0,-,0.0,10.0,0.0,0,0
49758,Lasith Malinga,2013,6,1,2.3,0,16,0,-,0.0,6.4,0.0,0,0
31820,Ashish Nehra,2013,12,1,2.1,0,16,0,-,0.0,7.38,0.0,0,0
447261,Deepak Chahar,2013,1,1,2.2,0,17,0,-,0.0,7.29,0.0,0,0
31820,Ashish Nehra,2012,15,15,59.1,2,511,24,4/32,21.29,8.64,14.79,1,0
376116,Umesh Yadav,2012,16,15,39.4,1,269,15,3/18,17.93,6.78,15.87,0,0
1070549,Navdeep Kaul,2012,16,16,56.5,0,527,14,4/29,37.64,9.27,24.36,1,0
390481,Harshal Patel,2012,15,14,36.2,2,278,14,1/10,19.86,7.65,15.57,0,0
26421,Ravichandran Ashwin,2012,9,9,31.5,1,251,13,1/15,19.31,7.88,14.69,0,0
1274714,Kartik Sakariya,2012,12,11,43.5,0,432,12,3/9,36.0,9.86,21.92,0,0
1175432,Ravi Patel,2012,14,14,37.4,0,387,12,1/25,32.25,10.27,18.83,0,0
1005502,Ravi Singh,2012,16,15,55.0,0,484,11,6/14,44.0,8.8,30.0,0,2
311592,Mitchell Starc,2012,10,9,31.0,3,231,11,1/18,21.0,7.45,16.91,0,0
36014,Zaheer Khan,2012,11,11,30.1,0,205,10,3/16,20.5,6.8,18.1,0,0
433383,Vinay Bishnoi,2012,15,8,31.4,0,337,9,4/13,37.44,10.64,21.11,1,0
126106,Washington Patel,2012,17,17,43.2,0,483,9,1/8,53.67,11.15,28.89,0,0
678697,Rahul Unadkat,2012,12,11,28.0,0,239,9,1/4,26.56,8.54,18.67,0,0
31107,Amit Mishra,2012,12,10,39.2,1,320,9,4/17,35.56,8.14,26.22,1,0
537119,Mohit Sharma,2012,11,9,30.0,0,212,9,1/14,23.56,7.07,20.0,0,0
538104,Irfan Kumar,2012,16,10,39.0,0,347,8,3/14,43.38,8.9,29.25,0,0
728669,Vinay Ahmed,2012,16,11,40.0,0,457,8,4/21,57.12,11.43,30.0,1,0
625383,Jasprit Bumrah,2012,9,8,25.3,0,169,8,2/21,21.12,6.63,19.12,0,0
587248,Irfan Sharma,2012,11,9,34.3,0,276,8,3/21,34.5,8.0,25.88,0,0
550215,Kagiso Rabada,2012,16,7,20.0,2,152,7,3/18,21.71,7.6,17.14,0,0
438488,Sandeep Sharma,2012,14,9,23.0,1,160,7,2/16,22.86,6.96,19.71,0,0
137111,RP Deshpande,2012,7,6,22.5,0,256,6,4/12,42.67,11.21,22.83,1,0
1388155,Mukesh Sharma,2012,8,8,23.1,0,200,6,4/14,33.33,8.63,23.17,1,0
750105,Mayank Deshpande,2012,14,10,32.0,0,358,6,3/24,59.67,11.19,32.0,0,0
1389011,Irfan Dayal,2012,13,11,31.5,0,262,6,4/32,43.67,8.23,31.83,1,0
848499,Khaleel Ahmed,2012,11,7,24.2,0,238,6,6/15,39.67,9.78,24.33,0,1
816615,Prasidh Patel,2012,13,10,28.5,0,317,6,2/14,52.83,10.99,28.83,0,0
234675,Ravindra Jadeja,2012,10,7,25.5,1,188,6,2/4,31.33,7.28,25.83,0,0
819150,Vinay Sakariya,2012,12,8,20.2,0,217,5,2/12,43.4,10.67,24.4,0,0
62154,Prasidh Saini,2012,15,9,27.0,0,221,5,3/19,44.2,8.19,32.4,0,0
845013,Kartik Kaul,2012,8,8,28.2,0,325,5,5/10,65.0,11.47,34.0,0,1
841131,Ravi Yadav,2012,10,6,18.1,0,168,5,1/3,33.6,9.25,21.8,0,0
256752,Mukesh Unadkat,2012,9,8,20.3,0,226,5,3/26,45.2,11.02,24.6,0,0
559235,Kuldeep Yadav,2012,8,5,13.0,1,92,5,4/21,18.4,7.08,15.6,1,0
443000,Umran Malik,2012,16,9,22.5,0,239,4,3/21,59.75,10.47,34.25,0,0
621985,Washington Sakariya,2012,14,12,24.3,0,227,4,3/5,56.75,9.27,36.75,0,0
475281,Shardul Thakur,2012,10,5,13.0,2,114,4,3/7,28.5,8.77,19.5,0,0
481896,Mohammed Shami,2012,15,3,10.2,2,84,4,3/12,21.0,8.13,15.5,0,0
257532,Jaydev Tyagi,2012,12,4,11.1,0,88,4,3/9,22.0,7.88,16.75,0,0
535835,Kartik Saini,2012,17,9,18.0,0,200,4,2/22,50.0,11.11,27.0,0,0
1134465,Mukesh Patel,2012,16,8,17.4,0,192,4,1/13,48.0,10.87,26.5,0,0
1175221,Khaleel Sundar,2012,6,5,14.0,0,155,4,2/8,38.75,11.07,21.0,0,0
914748,Nitish Yadav,2012,15,6,19.4,0,218,4,2/1,54.5,11.08,29.5,0,0
607464,Vinay Malik,2012,12,7,26.5,0,217,4,4/14,54.25,8.09,40.25,1,0
28026,Piyush Chawla,2012,7,4,12.1,0,83,4,4/19,20.75,6.82,18.25,1,0
1372288,Yash Kumar,2012,7,5,11.3,0,130,4,1/23,32.5,11.3,17.25,0,0
848732,Yash Pandey,2012,14,6,23.4,0,186,4,4/27,46.5,7.86,35.5,1,0
730862,Irfan Malik,2012,13,11,22.3,0,187,4,2/18,46.75,8.31,33.75,0,0
395813,Nitish Kumar,2012,13,5,17.5,0,149,4,1/19,37.25,8.36,26.75,0,0
809428,Yash Deshpande,2012,6,6,23.0,0,264,4,4/28,66.0,11.48,34.5,1,0
885915,Jaydev Kaul,2012,9,8,20.1,0,169,4,3/24,42.25,8.38,30.25,0,0
320787,Praveen Kaul,2012,16,10,20.2,0,158,4,3/6,39.5,7.77,30.5,0,0
49758,Lasith Malinga,2012,4,4,13.4,0,103,3,3/19,34.33,7.54,27.33,0,0
786171,Ravi Sharma,2012,7,4,12.1,0,137,3,2/13,45.67,11.26,24.33,0,0
978292,Navdeep Malik,2012,17,7,22.5,0,221,3,1/21,73.67,9.68,45.67,0,0
277912,Trent Boult,2012,8,4,9.5,0,84,3,2/21,28.0,8.54,19.67,0,0
1091637,Kartik Dayal,2012,4,4,11.0,0,97,3,2/23,32.33,8.82,22.0,0,0
1333782,Krunal Patel,2012,9,5,16.2,0,162,3,3/25,54.0,9.92,32.67,0,0
326016,Bhuvneshwar Kumar,2012,7,5,13.0,3,110,3,2/16,36.67,8.46,26.0,0,0
1052745,Praveen Unadkat,2012,5,4,14.2,0,137,3,2/21,45.67,9.56,28.67,0,0
985194,Washington Yadav,2012,11,4,15.4,0,155,3,1/1,51.67,9.89,31.33,0,0
858941,Praveen Malik,2012,10,7,16.5,0,190,3,1/15,63.33,11.29,33.67,0,0
551269,Umran Pandey,2012,5,3,9.4,0,99,3,2/20,33.0,10.24,19.33,0,0
929483,Vinay Singh,2012,6,4,13.2,0,109,3,2/9,36.33,8.17,26.67,0,0
447261,Deepak Chahar,2012,5,3,8.1,0,59,3,1/22,19.67,7.22,16.33,0,0
763523,Mayank Sundar,2012,4,4,8.3,0,80,2,2/5,40.0,9.41,25.5,0,0
1386199,Chetan Pandey,2012,10,6,13.4,0,126,2,1/25,63.0,9.22,41.0,0,0
1172833,Ravi Kaul,2012,2,2,7.1,0,73,2,1/11,36.5,10.19,21.5,0,0
81141,Siddarth Sharma,2012,13,6,13.2,0,144,2,2/23,72.0,10.8,40.0,0,0
789399,Nitish Patel,2012,12,3,9.4,0,86,2,2/2,43.0,8.9,29.0,0,0
934523,Chetan Sundar,2012,8,3,10.1,0,89,2,2/25,44.5,8.75,30.5,0,0
378193,RP Singh,2012,7,2,6.1,0,48,2,1/12,24.0,7.78,18.5,0,0
559194,Nitish Saini,2012,9,6,15.3,0,165,2,1/3,82.5,10.65,46.5,0,0
301898,Khaleel Dayal,2012,5,4,11.0,0,123,2,2/8,61.5,11.18,33.0,0,0
1130259,Saurabh Singh,2012,3,3,10.5,0,102,2,1/23,51.0,9.42,32.5,0,0
940973,Mohammed Siraj,2012,8,4,8.5,0,77,2,1/18,38.5,8.72,26.5,0,0
1395968,Chetan Patel,2012,2,1,3.5,0,39,1,1/17,39.0,10.17,23.0,0,0
372600,Saurabh Saini,2012,13,2,5.3,0,44,1,1/23,44.0,8.0,33.0,0,0
299674,Navdeep Sharma,2012,4,3,9.0,0,80,1,1/16,80.0,8.89,54.0,0,0
1358030,Khaleel Kaul,2012,11,2,6.0,0,56,1,1/8,56.0,9.33,36.0,0,0
1049178,Tushar Yadav,2012,4,2,5.2,0,49,1,1/24,49.0,9.19,32.0,0,0
357936,Siddarth Sundar,2012,14,2,6.4,0,74,1,1/5,74.0,11.1,40.0,0,0
697391,Avesh Khan,2012,1,1,3.3,0,27,1,1/22,27.0,7.71,21.0,0,0
402293,Mayank Ahmed,2012,1,1,3.5,0,43,1,1/16,43.0,11.22,23.0,0,0
646072,Prasidh Yadav,2012,8,3,9.5,0,100,1,1/12,100.0,10.17,59.0,0,0
1025265,Mayank Saini,2012,5,2,7.0,0,72,1,1/16,72.0,10.29,42.0,0,0
1279779,Vinay Tyagi,2012,5,3,8.3,0,80,1,1/22,80.0,9.41,51.0,0,0
966416,Jaydev Bishnoi,2012,15,3,7.0,0,58,1,1/18,58.0,8.29,42.0,0,0
626542,Rahul Yadav,2012,2,2,5.0,0,47,1,1/4,47.0,9.4,30.0,0,0
196998,Tushar Ahmed,2012,12,2,6.0,0,53,1,1/16,53.0,8.83,36.0,0,0
1124340,Rahul Krishna,2012,2,2,4.4,0,49,1,1/6,49.0,10.5,28.0,0,0
140960,Vinay Deshpande,2012,9,3,7.2,0,71,1,1/22,71.0,9.68,44.0,0,0
493290,Ravi Malik,2012,1,1,3.4,0,36,1,1/8,36.0,9.82,22.0,0,0
148106,Jaydev Unadkat,2012,10,3,6.2,0,58,1,1/9,58.0,9.16,38.0,0,0
1068087,Navdeep Kumar,2012,16,3,8.0,0,68,1,1/9,68.0,8.5,48.0,0,0
872614,RP Ahmed,2012,2,2,4.4,0,42,1,1/4,42.0,9.0,28.0,0,0
540472,Nitish Sundar,2012,12,3,11.0,0,115,1,1/21,115.0,10.45,66.0,0,0
668860,Umran Krishna,2012,2,2,7.1,0,55,1,1/4,55.0,7.67,43.0,0,0
1495108,Vinay Unadkat,2012,8,2,6.3,0,59,1,1/1,59.0,9.08,39.0,0,0
1279393,Umran Dayal,2012,8,3,7.1,0,59,1,1/4,59.0,8.23,43.0,0,0
51439,Dwayne Bravo,2012,9,1,3.3,0,23,1,1/10,23.0,6.57,21.0,0,0
31430,Nitish Tyagi,2012,6,2,4.4,0,36,1,1/25,36.0,7.71,28.0,0,0
323262,Washington Unadkat,2012,7,1,3.5,0,30,1,1/22,30.0,7.83,23.0,0,0
1108393,RP Tyagi,2012,1,1,3.5,0,33,1,1/0,33.0,8.61,23.0,0,0
375206,Chetan Tyagi,2012,13,3,7.4,0,65,1,1/17,65.0,8.48,46.0,0,0
1191803,Tushar Sundar,2012,7,4,8.3,0,90,1,1/16,90.0,10.59,51.0,0,0
1388877,Nitish Sharma,2012,2,2,5.0,0,42,1,1/23,42.0,8.4,30.0,0,0
430246,Yuzvendra Chahal,2012,2,1,2.2,0,15,1,1/19,15.0,6.43,14.0,0,0
40618,Imran Tahir,2012,13,1,3.5,0,33,1,1/23,33.0,8.61,23.0,0,0
284206,Irfan Unadkat,2012,17,1,2.0,0,19,0,-,0.0,9.5,0.0,0,0
205967,Chetan Dayal,2012,1,1,3.3,0,33,0,-,0.0,9.43,0.0,0,0
140804,Irfan Krishna,2012,1,1,2.5,0,22,0,-,0.0,7.76,0.0,0,0
1224033,Mayank Krishna,2012,1,1,2.2,0,25,0,-,0.0,10.71,0.0,0,0
633374,Mukesh Dayal,2012,7,1,2.5,0,28,0,-,0.0,9.88,0.0,0,0
1341482,Yash Dayal,2012,1,1,3.0,0,26,0,-,0.0,8.67,0.0,0,0
1361495,Mukesh Krishna,2012,4,1,3.2,0,29,0,-,0.0,8.7,0.0,0,0
966300,Kartik Patel,2012,8,1,3.3,0,33,0,-,0.0,9.43,0.0,0,0
561606,Navdeep Bishnoi,2012,1,1,3.0,0,24,0,-,0.0,8.0,0.0,0,0
127560,Washington Kaul,2012,8,1,2.2,0,26,0,-,0.0,11.14,0.0,0,0
680149,Siddarth Pandey,2012,12,1,2.3,0,28,0,-,0.0,11.2,0.0,0,0
775997,Chetan Singh,2012,3,1,2.0,0,18,0,-,0.0,9.0,0.0,0,0
149289,Yash Singh,2012,3,2,4.2,0,40,0,-,0.0,9.23,0.0,0,0
127901,Yash Saini,2012,11,1,2.0,0,18,0,-,0.0,9.0,0.0,0,0
1426365,Siddarth Deshpande,2012,1,1,3.0,0,32,0,-,0.0,10.67,0.0,0,0
656024,Saurabh Yadav,2012,2,1,3.4,0,36,0,-,0.0,9.82,0.0,0,0
985383,Chetan Malik,2012,1,1,2.4,0,30,0,-,0.0,11.25,0.0,0,0
554691,Axar Patel,2012,11,1,2.5,0,21,0,-,0.0,7.41,0.0,0,0
1362113,Saurabh Unadkat,2012,6,1,3.5,0,42,0,-,0.0,10.96,0.0,0,0
778036,Rahul Pandey,2012,2,1,3.5,0,39,0,-,0.0,10.17,0.0,0,0
216900,Navdeep Ahmed,2012,3,1,2.4,0,24,0,-,0.0,9.0,0.0,0,0
785941,Krunal Bishnoi,2012,4,1,2.3,0,27,0,-,0.0,10.8,0.0,0,0
1175152,Chetan Deshpande,2012,8,1,3.1,0,27,0,-,0.0,8.53,0.0,0,0
1488671,Mukesh Kaul,2012,4,1,2.4,0,22,0,-,0.0,8.25,0.0,0,0
1286854,Praveen Deshpande,2012,6,2,4.1,0,36,0,-,0.0,8.64,0.0,0,0
460043,RP Unadkat,2012,5,1,2.1,0,19,0,-,0.0,8.77,0.0,0,0
474555,Yash Ahmed,2012,5,1,3.1,0,28,0,-,0.0,8.84,0.0,0,0
625852,Rahul Kumar,2012,1,1,3.1,0,33,0,-,0.0,10.42,0.0,0,0
260015,Ravi Tyagi,2012,2,1,3.2,0,33,0,-,0.0,9.9,0.0,0,0
1466521,Nitish Bishnoi,2012,1,1,2.3,0,19,0,-,0.0,7.6,0.0,0,0
839830,Washington Malik,2012,1,1,3.4,0,37,0,-,0.0,10.09,0.0,0,0
713551,Navdeep Sundar,2012,2,1,2.0,0,17,0,-,0.0,8.5,0.0,0,0
524903,Umran Tyagi,2012,17,1,2.4,0,29,0,-,0.0,10.88,0.0,0,0
569381,Siddarth Singh,2012,6,1,3.2,0,36,0,-,0.0,10.8,0.0,0,0
47492,Dale Steyn,2012,6,1,2.0,0,14,0,-,0.0,7.0,0.0,0,0
793463,Rashid Khan,2011,14,13,45.4,3,369,19,1/15,19.42,8.08,14.42,0,0
1134465,Mukesh Patel,2011,13,13,46.4,0,445,16,5/13,27.81,9.54,17.5,1,1
1279779,Vinay Tyagi,2011,15,13,47.4,0,433,15,1/17,28.87,9.08,19.07,0,0
277912,Trent Boult,2011,17,17,47.2,1,345,15,1/7,23.0,7.29,18.93,0,0
28026,Piyush Chawla,2011,17,15,52.4,1,397,15,3/14,26.47,7.54,21.07,0,0
284206,Irfan Unadkat,2011,16,14,44.5,0,477,13,2/14,36.69,10.64,20.69,0,0
140960,Vinay Deshpande,2011,15,12,42.5,0,395,11,2/2,35.91,9.22,23.36,0,0
848732,Yash Pandey,2011,14,14,50.0,0,439,11,1/21,39.91,8.78,27.27,0,0
326016,Bhuvneshwar Kumar,2011,15,14,34.5,2,305,11,3/29,27.73,8.76,19.0,0,0
873476,RP Patel,2011,17,16,49.5,0,432,10,1/11,43.2,8.67,29.9,0,0
283700,Prasidh Bishnoi,2011,16,10,30.5,0,286,10,5/35,28.6,9.28,18.5,1,1
412290,Umran Deshpande,2011,16,13,46.3,0,515,10,6/14,51.5,11.08,27.9,0,1
1122417,Washington Tyagi,2011,15,11,31.5,0,330,9,1/23,36.67,10.37,21.22,0,0
209281,Navdeep Yadav,2011,14,10,31.0,0,314,9,2/24,34.89,10.13,20.67,0,0
357936,Siddarth Sundar,2011,13,13,50.5,0,554,9,3/5,61.56,10.9,33.89,0,0
234675,Ravindra Jadeja,2011,12,7,24.5,3,189,9,1/16,21.0,7.61,16.56,0,0
333776,Khaleel Unadkat,2011,16,10,38.3,0,408,8,4/13,51.0,10.6,28.88,1,0
479587,Krunal Sakariya,2011,16,9,31.0,0,341,8,1/3,42.62,11.0,23.25,0,0
205967,Chetan Dayal,2011,7,7,23.5,0,254,8,3/7,31.75,10.66,17.88,0,0
475281,Shardul Thakur,2011,8,8,19.2,1,127,8,5/34,15.88,6.57,14.5,0,1
31107,Amit Mishra,2011,14,11,25.3,2,221,8,3/25,27.62,8.67,19.12,0,0
377569,Khaleel Yadav,2011,15,10,37.5,0,399,7,2/14,57.0,10.55,32.43,0,0
625383,Jasprit Bumrah,2011,14,10,21.2,2,144,7,1/24,20.57,6.75,18.29,0,0
778036,Rahul Pandey,2011,17,15,42.3,0,419,7,3/6,59.86,9.86,36.43,0,0
629925,Tushar Sharma,2011,12,7,27.3,0,222,7,1/5,31.71,8.07,23.57,0,0
1094880,Nitish Deshpande,2011,12,8,30.3,0,280,7,2/2,40.0,9.18,26.14,0,0
31430,Nitish Tyagi,2011,14,7,19.2,0,175,7,2/21,25.0,9.05,16.57,0,0
551269,Umran Pandey,2011,13,7,27.4,0,246,7,2/1,35.14,8.89,23.71,0,0
775997,Chetan Singh,2011,14,8,29.5,0,251,7,6/19,35.86,8.41,25.57,0,1
311592,Mitchell Starc,2011,14,6,22.2,3,158,7,5/30,22.57,7.07,19.14,0,1
209513,Jaydev Deshpande,2011,15,13,37.4,0,373,7,2/22,53.29,9.9,32.29,0,0
447261,Deepak Chahar,2011,9,9,21.4,2,169,7,1/19,24.14,7.8,18.57,0,0
1420091,Washington Dayal,2011,17,9,35.0,0,298,7,2/16,42.57,8.51,30.0,0,0
934523,Chetan Sundar,2011,16,7,25.5,0,214,6,3/13,35.67,8.28,25.83,0,0
1466521,Nitish Bishnoi,2011,12,9,34.3,0,364,6,4/17,60.67,10.55,34.5,1,0
571243,Kartik Kumar,2011,11,8,25.5,0,213,6,2/3,35.5,8.25,25.83,0,0
47492,Dale Steyn,2011,7,5,19.0,1,154,5,5/12,30.8,8.11,22.8,0,1
1426365,Siddarth Deshpande,2011,10,9,22.4,0,257,5,1/5,51.4,11.34,27.2,0,0
320787,Praveen Kaul,2011,16,6,18.5,0,203,4,3/9,50.75,10.78,28.25,0,0
1387999,Krunal Krishna,2011,7,5,16.1,0,142,4,4/8,35.5,8.78,24.25,1,0
816615,Prasidh Patel,2011,13,9,25.0,0,261,4,3/11,65.25,10.44,37.5,0,0
1125976,Arshdeep Singh,2011,8,4,10.1,3,87,4,2/22,21.75,8.56,15.25,0,0
537119,Mohit Sharma,2011,10,7,14.4,3,118,4,1/18,29.5,8.05,22.0,0,0
842192,Mayank Yadav,2011,5,5,18.2,0,186,4,2/23,46.5,10.15,27.5,0,0
680149,Siddarth Pandey,2011,7,5,18.0,0,204,4,1/14,51.0,11.33,27.0,0,0
49758,Lasith Malinga,2011,14,7,16.0,1,124,4,3/10,31.0,7.75,24.0,0,0
848499,Khaleel Ahmed,2011,15,11,22.4,0,204,4,2/23,51.0,9.0,34.0,0,0
492703,Yash Yadav,2011,4,4,10.4,0,122,3,1/2,40.67,11.44,21.33,0,0
789399,Nitish Patel,2011,7,4,14.3,0,131,3,1/22,43.67,9.03,29.0,0,0
713551,Navdeep Sundar,2011,10,3,9.3,0,75,3,2/25,25.0,7.89,19.0,0,0
678697,Rahul Unadkat,2011,10,7,15.3,0,122,3,2/7,40.67,7.87,31.0,0,0
148106,Jaydev Unadkat,2011,15,6,14.5,0,133,3,2/21,44.33,8.97,29.67,0,0
1049178,Tushar Yadav,2011,8,8,17.5,0,165,3,1/14,55.0,9.25,35.67,0,0
137111,RP Deshpande,2011,13,5,18.0,0,157,3,2/19,52.33,8.72,36.0,0,0
515856,Umran Patel,2011,5,5,12.0,0,118,3,3/12,39.33,9.83,24.0,0,0
766710,Prasidh Pandey,2011,16,8,18.0,0,179,3,1/21,59.67,9.94,36.0,0,0
1239460,Ravi Unadkat,2011,8,6,15.5,0,161,3,3/6,53.67,10.17,31.67,0,0
216900,Navdeep Ahmed,2011,14,4,12.0,0,124,3,1/20,41.33,10.33,24.0,0,0
1130259,Saurabh Singh,2011,7,5,14.3,0,163,3,2/7,54.33,11.24,29.0,0,0
750105,Mayank Deshpande,2011,8,6,20.1,0,168,3,3/23,56.0,8.33,40.33,0,0
633374,Mukesh Dayal,2011,9,5,18.1,0,158,3,2/15,52.67,8.7,36.33,0,0
549015,Tushar Pandey,2011,3,3,11.1,0,111,3,3/4,37.0,9.94,22.33,0,0
1274714,Kartik Sakariya,2011,7,5,15.0,0,160,3,2/1,53.33,10.67,30.0,0,0
40618,Imran Tahir,2011,6,4,10.4,3,88,3,1/16,29.33,8.25,21.33,0,0
630527,Rahul Patel,2011,7,4,15.3,0,177,3,2/15,59.0,11.42,31.0,0,0
763523,Mayank Sundar,2011,15,4,13.5,0,121,3,3/16,40.33,8.75,27.67,0,0
481896,Mohammed Shami,2011,4,4,12.3,3,99,3,1/18,33.0,7.92,25.0,0,0
554691,Axar Patel,2011,12,4,11.3,1,85,3,3/9,28.33,7.39,23.0,0,0
587248,Irfan Sharma,2011,11,4,13.5,0,125,2,1/24,62.5,9.04,41.5,0,0
819150,Vinay Sakariya,2011,8,6,13.4,0,132,2,2/5,66.0,9.66,41.0,0,0
390481,Harshal Patel,2011,3,2,7.5,0,56,2,2/5,28.0,7.15,23.5,0,0
1398402,Khaleel Deshpande,2011,7,3,10.1,0,92,2,2/19,46.0,9.05,30.5,0,0
1224033,Mayank Krishna,2011,4,4,13.1,0,147,2,2/18,73.5,11.16,39.5,0,0
1124340,Rahul Krishna,2011,9,4,8.0,0,67,2,2/3,33.5,8.38,24.0,0,0
896114,Vinay Krishna,2011,6,4,11.1,0,94,2,2/7,47.0,8.42,33.5,0,0
438488,Sandeep Sharma,2011,2,2,7.1,0,58,2,2/10,29.0,8.09,21.5,0,0
1488671,Mukesh Kaul,2011,6,3,7.4,0,81,2,1/0,40.5,10.57,23.0,0,0
81141,Siddarth Sharma,2011,10,5,11.2,0,119,2,2/10,59.5,10.5,34.0,0,0
858941,Praveen Malik,2011,7,5,12.0,0,134,2,2/24,67.0,11.17,36.0,0,0
966416,Jaydev Bishnoi,2011,17,3,8.3,0,71,2,2/18,35.5,8.35,25.5,0,0
914748,Nitish Yadav,2011,9,5,11.1,0,110,2,1/17,55.0,9.85,33.5,0,0
561606,Navdeep Bishnoi,2011,16,2,7.4,0,71,2,2/17,35.5,9.26,23.0,0,0
625852,Rahul Kumar,2011,13,3,7.3,0,69,2,2/18,34.5,9.2,22.5,0,0
443000,Umran Malik,2011,4,2,7.3,0,83,2,1/24,41.5,11.07,22.5,0,0
839830,Washington Malik,2011,5,5,11.2,0,91,2,1/13,45.5,8.03,34.0,0,0
1032291,RP Saini,2011,9,5,15.1,0,166,2,2/19,83.0,10.95,45.5,0,0
395813,Nitish Kumar,2011,5,3,11.1,0,118,2,2/21,59.0,10.57,33.5,0,0
376116,Umesh Yadav,2011,8,3,8.5,0,66,2,2/1,33.0,7.47,26.5,0,0
138650,Mukesh Yadav,2011,2,2,7.1,0,67,1,1/11,67.0,9.35,43.0,0,0
433383,Vinay Bishnoi,2011,7,3,8.3,0,74,1,1/10,74.0,8.71,51.0,0,0
1495108,Vinay Unadkat,2011,8,3,6.0,0,63,1,1/11,63.0,10.5,36.0,0,0
626542,Rahul Yadav,2011,11,2,6.0,0,52,1,1/3,52.0,8.67,36.0,0,0
646072,Prasidh Yadav,2011,4,2,5.0,0,54,1,1/13,54.0,10.8,30.0,0,0
257532,Jaydev Tyagi,2011,7,1,3.2,0,37,1,1/5,37.0,11.1,20.0,0,0
697391,Avesh Khan,2011,14,2,5.0,0,39,1,1/24,39.0,7.8,30.0,0,0
1388877,Nitish Sharma,2011,1,1,3.5,0,38,1,1/18,38.0,9.91,23.0,0,0
1148460,Umran Kaul,2011,4,4,8.2,0,93,1,1/0,93.0,11.16,50.0,0,0
378193,RP Singh,2011,11,2,5.5,0,49,1,1/13,49.0,8.4,35.0,0,0
721716,Nitish Malik,2011,6,2,4.1,0,34,1,1/8,34.0,8.16,25.0,0,0
323262,Washington Unadkat,2011,6,2,6.1,0,51,1,1/14,51.0,8.27,37.0,0,0
1086001,Rahul Saini,2011,5,2,7.4,0,66,1,1/18,66.0,8.61,46.0,0,0
786171,Ravi Sharma,2011,5,3,6.1,0,68,1,1/7,68.0,11.03,37.0,0,0
538104,Irfan Kumar,2011,8,2,7.4,0,65,1,1/13,65.0,8.48,46.0,0,0
730862,Irfan Malik,2011,16,2,5.5,0,56,1,1/5,56.0,9.6,35.0,0,0
1051021,Yash Krishna,2011,1,1,3.2,0,31,1,1/22,31.0,9.3,20.0,0,0
1286854,Praveen Deshpande,2011,2,2,5.3,0,55,1,1/3,55.0,10.0,33.0,0,0
618912,Yash Sakariya,2011,1,1,3.5,0,37,1,1/23,37.0,9.65,23.0,0,0
372600,Saurabh Saini,2011,2,2,5.0,0,42,1,1/21,42.0,8.4,30.0,0,0
36014,Zaheer Khan,2011,1,1,3.1,0,25,1,1/22,25.0,7.89,19.0,0,0
1279393,Umran Dayal,2011,2,2,4.3,0,40,1,1/13,40.0,8.89,27.0,0,0
795195,Ravi Kumar,2011,15,1,2.5,0,24,1,1/22,24.0,8.47,17.0,0,0
845013,Kartik Kaul,2011,7,2,7.2,0,71,1,1/18,71.0,9.68,44.0,0,0
474555,Yash Ahmed,2011,5,2,5.1,0,56,1,1/20,56.0,10.84,31.0,0,0
694327,Khaleel Saini,2011,11,3,6.2,0,68,1,1/24,68.0,10.74,38.0,0,0
1091637,Kartik Dayal,2011,3,3,6.0,0,55,1,1/22,55.0,9.17,36.0,0,0
26421,Ravichandran Ashwin,2011,12,1,3.3,0,29,1,1/25,29.0,8.29,21.0,0,0
230558,Sunil Narine,2011,11,2,4.1,0,36,1,1/4,36.0,8.64,25.0,0,0
430246,Yuzvendra Chahal,2011,16,1,3.0,0,20,0,-,0.0,6.67,0.0,0,0
127901,Yash Saini,2011,1,1,3.0,0,32,0,-,0.0,10.67,0.0,0,0
728669,Vinay Ahmed,2011,3,1,2.2,0,18,0,-,0.0,7.71,0.0,0,0
396280,Mayank Patel,2011,13,1,3.0,0,29,0,-,0.0,9.67,0.0,0,0
1172833,Ravi Kaul,2011,1,1,3.4,0,40,0,-,0.0,10.91,0.0,0,0
51439,Dwayne Bravo,2011,2,1,3.3,0,24,0,-,0.0,6.86,0.0,0,0
1005502,Ravi Singh,2011,4,1,2.3,0,22,0,-,0.0,8.8,0.0,0,0
695739,Mukesh Pandey,2011,14,1,3.3,0,36,0,-,0.0,10.29,0.0,0,0
985383,Chetan Malik,2011,10,2,4.1,0,40,0,-,0.0,9.6,0.0,0,0
1175152,Chetan Deshpande,2011,1,1,3.3,0,34,0,-,0.0,9.71,0.0,0,0
1046896,Mayank Sharma,2011,6,1,2.2,0,19,0,-,0.0,8.14,0.0,0,0
656024,Saurabh Yadav,2011,2,1,3.5,0,32,0,-,0.0,8.35,0.0,0,0
1341482,Yash Dayal,2011,15,1,2.2,0,19,0,-,0.0,8.14,0.0,0,0
966300,Kartik Patel,2011,1,1,3.1,0,31,0,-,0.0,9.79,0.0,0,0
140804,Irfan Krishna,2011,2,1,2.2,0,26,0,-,0.0,11.14,0.0,0,0
559194,Nitish Saini,2011,1,1,2.0,0,19,0,-,0.0,9.5,0.0,0,0
375206,Chetan Tyagi,2011,5,1,3.3,0,35,0,-,0.0,10.0,0.0,0,0
256752,Mukesh Unadkat,2011,1,1,2.3,0,20,0,-,0.0,8.0,0.0,0,0
913132,Kartik Sundar,2011,2,1,2.5,0,28,0,-,0.0,9.88,0.0,0,0
127560,Washington Kaul,2011,5,1,2.5,0,25,0,-,0.0,8.82,0.0,0,0
1372472,Khaleel Bishnoi,2011,1,1,2.1,0,17,0,-,0.0,7.85,0.0,0,0
460043,RP Unadkat,2011,6,1,2.4,0,21,0,-,0.0,7.88,0.0,0,0
535835,Kartik Saini,2010,16,16,58.3,0,635,16,5/33,39.69,10.85,21.94,1,1
697391,Avesh Khan,2010,12,12,41.1,0,343,15,6/15,22.87,8.33,16.47,0,1
283700,Prasidh Bishnoi,2010,16,16,58.4,0,660,13,2/17,50.77,11.25,27.08,0,0
625852,Rahul Kumar,2010,16,12,41.1,0,340,13,6/18,26.15,8.26,19.0,0,1
1025265,Mayank Saini,2010,17,12,46.0,0,439,13,3/7,33.77,9.54,21.23,0,0
1333782,Krunal Patel,2010,13,11,42.4,0,483,12,5/33,40.25,11.32,21.33,0,2
1124340,Rahul Krishna,2010,17,16,41.2,0,434,12,6/17,36.17,10.5,20.67,0,1
934523,Chetan Sundar,2010,12,12,41.1,0,329,12,4/19,27.42,7.99,20.58,1,0
377569,Khaleel Yadav,2010,15,10,34.5,0,328,11,1/23,29.82,9.42,19.0,0,0
438488,Sandeep Sharma,2010,16,9,33.0,1,274,10,2/13,27.4,8.3,19.8,0,0
1485006,Ravi Krishna,2010,16,9,34.2,0,345,10,5/34,34.5,10.05,20.6,1,1
31107,Amit Mishra,2010,12,9,30.0,1,202,9,3/7,22.44,6.73,20.0,0,0
985383,Chetan Malik,2010,15,9,32.4,0,372,9,4/20,41.33,11.39,21.78,1,0
395813,Nitish Kumar,2010,10,10,35.1,0,346,9,4/13,38.44,9.84,23.44,1,0
1094880,Nitish Deshpande,2010,14,12,46.3,0,394,8,4/15,49.25,8.47,34.88,2,0
873476,RP Patel,2010,12,11,33.1,0,362,8,6/15,45.25,10.91,24.88,0,1
256752,Mukesh Unadkat,2010,10,10,22.1,0,251,8,1/12,31.38,11.32,16.62,0,0
956130,Umran Sundar,2010,15,15,40.1,0,366,8,3/26,45.75,9.11,30.12,0,0
234675,Ravindra Jadeja,2010,11,9,20.1,0,138,8,6/14,17.25,6.84,15.12,0,1
1005502,Ravi Singh,2010,15,9,31.4,0,313,7,3/12,44.71,9.88,27.14,0,0
839830,Washington Malik,2010,16,8,29.1,0,260,7,3/18,37.14,8.91,25.0,0,0
474555,Yash Ahmed,2010,15,13,37.2,0,294,7,6/16,42.0,7.87,32.0,0,1
551269,Umran Pandey,2010,11,11,35.3,0,302,7,2/10,43.14,8.51,30.43,0,0
481896,Mohammed Shami,2010,8,8,16.4,2,132,7,2/20,18.86,7.92,14.29,0,0
430246,Yuzvendra Chahal,2010,17,13,26.4,3,192,7,4/8,27.43,7.2,22.86,1,0
376116,Umesh Yadav,2010,17,10,22.0,0,165,7,3/18,23.57,7.5,18.86,0,0
31430,Nitish Tyagi,2010,17,8,18.2,0,171,6,5/23,28.5,9.33,18.33,0,1
929483,Vinay Singh,2010,6,6,23.0,0,259,6,4/19,43.17,11.26,23.0,1,0
858941,Praveen Malik,2010,17,17,36.1,0,322,6,3/10,53.67,8.9,36.17,0,0
985194,Washington Yadav,2010,9,7,25.2,0,224,6,2/1,37.33,8.84,25.33,0,0
786171,Ravi Sharma,2010,13,7,16.0,0,125,6,3/19,20.83,7.81,16.0,0,0
1395968,Chetan Patel,2010,14,14,35.0,0,291,6,2/13,48.5,8.31,35.0,0,0
940973,Mohammed Siraj,2010,13,6,18.1,1,155,6,1/10,25.83,8.53,18.17,0,0
140960,Vinay Deshpande,2010,9,8,25.4,0,290,5,3/17,58.0,11.3,30.8,0,0
323262,Washington Unadkat,2010,10,10,31.2,0,288,5,2/7,57.6,9.19,37.6,0,0
728669,Vinay Ahmed,2010,16,8,22.3,0,241,5,4/12,48.2,10.71,27.0,1,0
1175432,Ravi Patel,2010,10,10,25.4,0,293,5,2/1,58.6,11.42,30.8,0,0
559194,Nitish Saini,2010,16,8,25.0,0,261,5,2/24,52.2,10.44,30.0,0,0
730365,Washington Kumar,2010,10,8,23.4,0,233,5,1/11,46.6,9.85,28.4,0,0
149289,Yash Singh,2010,9,7,24.0,0,222,5,1/4,44.4,9.25,28.8,0,0
1192524,Jaydev Malik,2010,15,7,20.1,0,193,5,4/24,38.6,9.57,24.2,1,0
47611,Irfan Deshpande,2010,11,6,18.4,0,173,5,4/18,34.6,9.27,22.4,1,0
621985,Washington Sakariya,2010,11,10,21.0,0,177,5,4/11,35.4,8.43,25.2,1,0
1388877,Nitish Sharma,2010,8,6,15.0,0,166,5,3/28,33.2,11.07,18.0,0,0
793463,Rashid Khan,2010,14,7,18.1,1,147,5,4/19,29.4,8.09,21.8,1,0
196998,Tushar Ahmed,2010,15,9,21.5,0,172,5,2/8,34.4,7.88,26.2,0,0
31820,Ashish Nehra,2010,7,5,12.1,1,97,5,4/23,19.4,7.97,14.6,1,0
36014,Zaheer Khan,2010,11,9,23.4,1,206,5,2/5,41.2,8.7,28.4,0,0
1426365,Siddarth Deshpande,2010,16,7,23.2,0,215,4,1/20,53.75,9.21,35.0,0,0
540472,Nitish Sundar,2010,9,9,19.4,0,224,4,4/8,56.0,11.39,29.5,1,0
855785,Tushar Malik,2010,12,8,20.0,0,192,4,1/14,48.0,9.6,30.0,0,0
1130259,Saurabh Singh,2010,8,6,21.3,0,246,4,4/17,61.5,11.44,32.25,1,0
73083,Siddarth Kumar,2010,17,8,25.4,0,244,4,1/11,61.0,9.51,38.5,0,0
778036,Rahul Pandey,2010,17,13,26.4,0,294,4,3/27,73.5,11.03,40.0,0,0
138650,Mukesh Yadav,2010,12,8,20.3,0,210,4,3/21,52.5,10.24,30.75,0,0
47492,Dale Steyn,2010,6,5,15.3,3,134,4,1/18,33.5,8.65,23.25,0,0
515856,Umran Patel,2010,17,7,21.1,0,211,4,3/26,52.75,9.97,31.75,0,0
257532,Jaydev Tyagi,2010,8,5,15.5,0,147,4,2/18,36.75,9.28,23.75,0,0
848499,Khaleel Ahmed,2010,8,6,13.1,0,114,4,3/6,28.5,8.66,19.75,0,0
1279393,Umran Dayal,2010,10,4,15.3,0,122,4,2/19,30.5,7.87,23.25,0,0
694327,Khaleel Saini,2010,11,5,18.1,0,181,4,1/14,45.25,9.96,27.25,0,0
1175221,Khaleel Sundar,2010,17,10,22.5,0,217,4,1/18,54.25,9.5,34.25,0,0
695739,Mukesh Pandey,2010,6,5,17.0,0,159,3,2/22,53.0,9.35,34.0,0,0
872614,RP Ahmed,2010,9,8,17.2,0,173,3,1/24,57.67,9.98,34.67,0,0
372600,Saurabh Saini,2010,10,4,10.2,0,93,3,1/7,31.0,9.0,20.67,0,0
559235,Kuldeep Yadav,2010,16,6,14.2,2,96,3,3/8,32.0,6.7,28.67,0,0
1148460,Umran Kaul,2010,3,3,10.5,0,124,3,3/11,41.33,11.45,21.67,0,0
412290,Umran Deshpande,2010,9,7,19.4,0,200,3,2/3,66.67,10.17,39.33,0,0
1358030,Khaleel Kaul,2010,11,5,13.3,0,110,3,3/7,36.67,8.15,27.0,0,0
775997,Chetan Singh,2010,10,6,14.4,0,151,3,1/22,50.33,10.3,29.33,0,0
1389011,Irfan Dayal,2010,8,6,18.4,0,154,3,3/9,51.33,8.25,37.33,0,0
1081103,Saurabh Patel,2010,6,5,13.5,0,148,3,3/6,49.33,10.7,27.67,0,0
607464,Vinay Malik,2010,7,6,20.1,0,167,3,1/11,55.67,8.28,40.33,0,0
402293,Mayank Ahmed,2010,4,4,11.0,0,123,3,3/28,41.0,11.18,22.0,0,0
26421,Ravichandran Ashwin,2010,5,4,14.2,0,125,3,2/22,41.67,8.72,28.67,0,0
390481,Harshal Patel,2010,3,3,11.1,0,72,3,1/2,24.0,6.45,22.33,0,0
554691,Axar Patel,2010,7,3,7.4,0,62,2,2/17,31.0,8.09,23.0,0,0
475281,Shardul Thakur,2010,2,2,7.2,0,50,2,1/4,25.0,6.82,22.0,0,0
1125976,Arshdeep Singh,2010,6,3,8.5,0,68,2,1/7,34.0,7.7,26.5,0,0
841131,Ravi Yadav,2010,4,4,11.2,0,98,2,2/21,49.0,8.65,34.0,0,0
49758,Lasith Malinga,2010,4,3,8.4,0,71,2,2/26,35.5,8.19,26.0,0,0
1224033,Mayank Krishna,2010,13,3,11.4,0,124,2,2/14,62.0,10.63,35.0,0,0
521223,Krunal Sharma,2010,10,5,10.1,0,109,2,1/3,54.5,10.72,30.5,0,0
1274714,Kartik Sakariya,2010,8,3,7.2,0,68,2,1/20,34.0,9.27,22.0,0,0
1172833,Ravi Kaul,2010,8,5,15.3,0,172,2,2/3,86.0,11.1,46.5,0,0
914748,Nitish Yadav,2010,6,4,11.0,0,97,2,2/10,48.5,8.82,33.0,0,0
896114,Vinay Krishna,2010,8,4,8.4,0,78,2,2/9,39.0,9.0,26.0,0,0
988579,Ravi Sundar,2010,8,3,11.3,0,110,2,2/18,55.0,9.57,34.5,0,0
763523,Mayank Sundar,2010,10,5,11.2,0,108,2,2/15,54.0,9.53,34.0,0,0
750105,Mayank Deshpande,2010,5,5,12.1,0,116,2,1/17,58.0,9.53,36.5,0,0
209281,Navdeep Yadav,2010,9,2,7.1,0,76,2,2/1,38.0,10.6,21.5,0,0
550215,Kagiso Rabada,2010,3,2,5.4,0,37,2,2/20,18.5,6.53,17.0,0,0
1398402,Khaleel Deshpande,2010,9,4,10.5,0,87,2,2/23,43.5,8.03,32.5,0,0
443000,Umran Malik,2010,8,5,12.1,0,96,2,2/15,48.0,7.89,36.5,0,0
28026,Piyush Chawla,2010,9,2,5.1,0,34,2,1/24,17.0,6.58,15.5,0,0
447261,Deepak Chahar,2010,6,2,7.5,0,67,2,2/12,33.5,8.55,23.5,0,0
51439,Dwayne Bravo,2010,15,2,4.2,0,28,1,1/16,28.0,6.46,26.0,0,0
966300,Kartik Patel,2010,7,3,7.1,0,65,1,1/7,65.0,9.07,43.0,0,0
569381,Siddarth Singh,2010,7,2,5.3,0,50,1,1/6,50.0,9.09,33.0,0,0
357936,Siddarth Sundar,2010,13,2,6.3,0,67,1,1/0,67.0,10.31,39.0,0,0
638712,Umran Singh,2010,5,2,6.1,0,66,1,1/5,66.0,10.7,37.0,0,0
1362113,Saurabh Unadkat,2010,2,2,5.0,0,52,1,1/1,52.0,10.4,30.0,0,0
1049178,Tushar Yadav,2010,14,2,5.4,0,53,1,1/4,53.0,9.35,34.0,0,0
1387999,Krunal Krishna,2010,7,1,3.1,0,35,1,1/18,35.0,11.05,19.0,0,0
1239460,Ravi Unadkat,2010,10,2,5.2,0,50,1,1/15,50.0,9.38,32.0,0,0
40618,Imran Tahir,2010,10,2,5.1,0,38,1,1/21,38.0,7.35,31.0,0,0
230558,Sunil Narine,2010,6,3,7.0,0,58,1,1/23,58.0,8.29,42.0,0,0
713551,Navdeep Sundar,2010,3,2,4.2,0,46,1,1/25,46.0,10.62,26.0,0,0
205967,Chetan Dayal,2010,10,3,7.0,0,77,1,1/17,77.0,11.0,42.0,0,0
571243,Kartik Kumar,2010,10,2,6.3,0,61,1,1/21,61.0,9.38,39.0,0,0
493290,Ravi Malik,2010,7,3,6.2,0,49,1,1/21,49.0,7.74,38.0,0,0
842192,Mayank Yadav,2010,6,3,6.1,0,57,1,1/13,57.0,9.24,37.0,0,0
299674,Navdeep Sharma,2010,3,2,4.2,0,34,1,1/14,34.0,7.85,26.0,0,0
140804,Irfan Krishna,2010,10,1,3.5,0,41,1,1/20,41.0,10.7,23.0,0,0
1134465,Mukesh Patel,2010,4,2,5.1,0,49,1,1/15,49.0,9.48,31.0,0,0
396280,Mayank Patel,2010,4,3,10.1,0,96,1,1/23,96.0,9.44,61.0,0,0
633374,Mukesh Dayal,2010,12,2,6.1,0,61,1,1/19,61.0,9.89,37.0,0,0
1091637,Kartik Dayal,2010,14,2,6.3,0,55,1,1/9,55.0,8.46,39.0,0,0
1361495,Mukesh Krishna,2010,15,2,6.4,0,61,1,1/18,61.0,9.15,40.0,0,0
1191803,Tushar Sundar,2010,3,2,6.1,0,56,1,1/24,56.0,9.08,37.0,0,0
1279779,Vinay Tyagi,2010,10,2,4.5,0,47,1,1/10,47.0,9.72,29.0,0,0
1388155,Mukesh Sharma,2010,5,5,11.0,0,121,1,1/12,121.0,11.0,66.0,0,0
885915,Jaydev Kaul,2010,9,4,9.4,0,88,1,1/16,88.0,9.1,58.0,0,0
260015,Ravi Tyagi,2010,6,2,6.5,0,62,1,1/19,62.0,9.07,41.0,0,0
326016,Bhuvneshwar Kumar,2010,2,1,3.1,0,25,1,1/5,25.0,7.89,19.0,0,0
277912,Trent Boult,2010,15,1,3.1,0,20,1,1/17,20.0,6.32,19.0,0,0
537119,Mohit Sharma,2010,14,2,4.2,0,33,1,1/15,33.0,7.62,26.0,0,0
433383,Vinay Bishnoi,2010,3,1,2.5,0,31,0,-,0.0,10.94,0.0,0,0
978292,Navdeep Malik,2010,2,1,3.3,0,34,0,-,0.0,9.71,0.0,0,0
819150,Vinay Sakariya,2010,10,1,2.3,0,25,0,-,0.0,10.0,0.0,0,0
1286673,Siddarth Ahmed,2010,1,1,2.4,0,24,0,-,0.0,9.0,0.0,0,0
81141,Siddarth Sharma,2010,2,1,2.4,0,27,0,-,0.0,10.12,0.0,0,0
378193,RP Singh,2010,4,1,2.2,0,25,0,-,0.0,10.71,0.0,0,0
625383,Jasprit Bumrah,2010,7,1,2.1,0,15,0,-,0.0,6.92,0.0,0,0
1466521,Nitish Bishnoi,2010,10,1,3.1,0,33,0,-,0.0,10.42,0.0,0,0
845013,Kartik Kaul,2010,13,1,3.1,0,26,0,-,0.0,8.21,0.0,0,0
155214,Saurabh Sundar,2010,10,1,3.3,0,35,0,-,0.0,10.0,0.0,0,0
957565,Kartik Singh,2010,8,1,3.4,0,34,0,-,0.0,9.27,0.0,0,0
721716,Nitish Malik,2010,16,1,3.4,0,36,0,-,0.0,9.82,0.0,0,0
320787,Praveen Kaul,2010,16,1,3.4,0,30,0,-,0.0,8.18,0.0,0,0
1420091,Washington Dayal,2010,1,1,3.0,0,24,0,-,0.0,8.0,0.0,0,0
127560,Washington Kaul,2010,1,1,3.0,0,28,0,-,0.0,9.33,0.0,0,0
626542,Rahul Yadav,2010,1,1,2.2,0,21,0,-,0.0,9.0,0.0,0,0
646072,Prasidh Yadav,2010,3,1,2.5,0,26,0,-,0.0,9.18,0.0,0,0
1032291,RP Saini,2010,5,1,3.2,0,28,0,-,0.0,8.4,0.0,0,0
629925,Tushar Sharma,2010,16,1,2.0,0,18,0,-,0.0,9.0,0.0,0,0
479587,Krunal Sakariya,2010,1,1,2.5,0,22,0,-,0.0,7.76,0.0,0,0
1488671,Mukesh Kaul,2009,14,13,49.3,0,428,17,3/24,25.18,8.65,17.47,0,0
36014,Zaheer Khan,2009,14,14,55.5,1,394,14,2/19,28.14,7.06,23.93,0,0
438488,Sandeep Sharma,2009,14,10,34.1,2,249,14,6/18,17.79,7.29,14.64,1,1
1046896,Mayank Sharma,2009,16,14,53.0,0,482,14,2/7,34.43,9.09,22.71,0,0
1148460,Umran Kaul,2009,14,13,48.0,0,533,14,4/29,38.07,11.1,20.57,1,0
481896,Mohammed Shami,2009,15,12,46.5,2,388,12,2/19,32.33,8.28,23.42,0,0
277912,Trent Boult,2009,14,11,41.4,1,282,12,6/16,23.5,6.77,20.83,0,1
447261,Deepak Chahar,2009,16,11,34.1,3,246,12,1/21,20.5,7.2,17.08,0,0
1125976,Arshdeep Singh,2009,17,9,28.0,0,226,11,5/13,20.55,8.07,15.27,0,1
638712,Umran Singh,2009,13,9,32.0,0,290,9,3/28,32.22,9.06,21.33,0,0
320787,Praveen Kaul,2009,17,11,36.0,0,392,9,4/23,43.56,10.89,24.0,1,0
31820,Ashish Nehra,2009,11,11,22.1,1,181,9,1/19,20.11,8.17,14.78,0,0
855785,Tushar Malik,2009,15,15,41.2,0,368,8,4/22,46.0,8.9,31.0,2,0
1108393,RP Tyagi,2009,15,13,31.5,0,293,8,1/5,36.62,9.2,23.88,0,0
1389011,Irfan Dayal,2009,10,10,30.3,0,300,8,2/15,37.5,9.84,22.88,0,0
607464,Vinay Malik,2009,16,16,42.3,0,391,8,3/10,48.88,9.2,31.88,0,0
841131,Ravi Yadav,2009,14,13,37.5,0,400,8,3/22,50.0,10.57,28.38,0,0
559235,Kuldeep Yadav,2009,14,13,29.1,2,231,8,3/21,28.88,7.92,21.88,0,0
49758,Lasith Malinga,2009,5,5,18.3,2,161,7,2/7,23.0,8.7,15.86,0,0
372600,Saurabh Saini,2009,12,10,37.2,0,323,7,3/15,46.14,8.65,32.0,0,0
26421,Ravichandran Ashwin,2009,12,8,28.5,1,227,7,1/14,32.43,7.87,24.71,0,0
40618,Imran Tahir,2009,7,6,16.2,3,123,7,2/8,17.57,7.53,14.0,0,0
697391,Avesh Khan,2009,14,11,24.1,0,186,7,4/23,26.57,7.7,20.71,1,0
311592,Mitchell Starc,2009,13,4,15.1,3,121,6,5/14,20.17,7.98,15.17,0,1
28026,Piyush Chawla,2009,16,7,23.0,2,172,6,3/29,28.67,7.48,23.0,0,0
412290,Umran Deshpande,2009,14,10,20.5,0,222,6,2/22,37.0,10.66,20.83,0,0
580108,Rahul Ahmed,2009,8,7,27.0,0,269,6,2/24,44.83,9.96,27.0,0,0
27716,Rahul Sharma,2009,13,12,36.2,0,377,6,2/12,62.83,10.38,36.33,0,0
633374,Mukesh Dayal,2009,17,13,41.3,0,464,6,1/12,77.33,11.18,41.5,0,0
326016,Bhuvneshwar Kumar,2009,8,5,16.4,0,122,6,2/21,20.33,7.32,16.67,0,0
230558,Sunil Narine,2009,9,5,15.0,2,109,6,4/12,18.17,7.27,15.0,1,0
376116,Umesh Yadav,2009,5,4,14.3,2,126,6,3/25,21.0,8.69,14.5,0,0
375206,Chetan Tyagi,2009,16,10,26.5,0,288,5,1/15,57.6,10.73,32.2,0,0
554691,Axar Patel,2009,6,5,18.1,3,150,5,3/20,30.0,8.26,21.8,0,0
475281,Shardul Thakur,2009,17,8,17.3,1,150,5,2/2,30.0,8.57,21.0,0,0
31107,Amit Mishra,2009,13,5,16.2,1,125,5,1/9,25.0,7.65,19.6,0,0
377569,Khaleel Yadav,2009,14,6,19.2,0,161,5,4/11,32.2,8.33,23.2,1,0
1124340,Rahul Krishna,2009,12,12,24.1,0,268,5,6/19,53.6,11.09,29.0,0,1
618912,Yash Sakariya,2009,13,8,19.1,0,167,5,2/13,33.4,8.71,23.0,0,0
1358030,Khaleel Kaul,2009,8,8,24.0,0,264,5,3/14,52.8,11.0,28.8,0,0
312961,Vinay Sundar,2009,16,8,21.5,0,227,5,3/5,45.4,10.4,26.2,0,0
51439,Dwayne Bravo,2009,8,6,12.4,3,98,5,1/20,19.6,7.74,15.2,0,0
842192,Mayank Yadav,2009,11,6,23.3,0,244,4,4/18,61.0,10.38,35.25,1,0
559194,Nitish Saini,2009,5,3,11.0,0,119,4,3/19,29.75,10.82,16.5,0,0
793463,Rashid Khan,2009,6,6,17.2,2,133,4,3/11,33.25,7.67,26.0,0,0
1049178,Tushar Yadav,2009,16,7,15.1,0,169,4,1/25,42.25,11.14,22.75,0,0
1388877,Nitish Sharma,2009,12,8,21.0,0,168,4,2/20,42.0,8.0,31.5,0,0
1333782,Krunal Patel,2009,15,6,16.4,0,166,4,1/9,41.5,9.96,25.0,0,0
458876,Yash Tyagi,2009,11,10,21.2,0,237,4,3/6,59.25,11.11,32.0,0,0
47492,Dale Steyn,2009,4,4,10.1,3,66,4,4/26,16.5,6.49,15.25,1,0
140804,Irfan Krishna,2009,12,4,14.0,0,154,3,3/25,51.33,11.0,28.0,0,0
260015,Ravi Tyagi,2009,12,3,10.2,0,98,3,2/4,32.67,9.48,20.67,0,0
1159227,RP Sakariya,2009,6,5,19.1,0,165,3,1/7,55.0,8.61,38.33,0,0
257532,Jaydev Tyagi,2009,11,4,14.0,0,158,3,1/1,52.67,11.29,28.0,0,0
1279393,Umran Dayal,2009,8,3,11.2,0,116,3,2/13,38.67,10.24,22.67,0,0
234675,Ravindra Jadeja,2009,10,3,9.0,0,74,3,3/17,24.67,8.22,18.0,0,0
626542,Rahul Yadav,2009,8,7,15.0,0,138,3,3/21,46.0,9.2,30.0,0,0
149289,Yash Singh,2009,5,3,10.1,0,102,3,3/23,34.0,10.03,20.33,0,0
1070549,Navdeep Kaul,2009,7,6,21.0,0,212,3,1/15,70.67,10.1,42.0,0,0
396280,Mayank Patel,2009,4,4,15.3,0,159,3,1/21,53.0,10.26,31.0,0,0
752794,Ravi Ahmed,2009,8,7,15.4,0,127,2,1/21,63.5,8.11,47.0,0,0
493290,Ravi Malik,2009,10,3,10.1,0,96,2,2/13,48.0,9.44,30.5,0,0
848732,Yash Pandey,2009,4,4,10.4,0,89,2,2/10,44.5,8.34,32.0,0,0
985383,Chetan Malik,2009,13,5,13.2,0,153,2,2/11,76.5,11.47,40.0,0,0
873476,RP Patel,2009,11,6,13.5,0,134,2,2/2,67.0,9.69,41.5,0,0
730862,Irfan Malik,2009,3,2,6.4,0,53,2,1/8,26.5,7.95,20.0,0,0
929483,Vinay Singh,2009,9,4,9.4,0,76,2,2/4,38.0,7.86,29.0,0,0
1086001,Rahul Saini,2009,11,3,9.3,0,97,2,1/23,48.5,10.21,28.5,0,0
621985,Washington Sakariya,2009,16,5,10.5,0,103,2,2/25,51.5,9.51,32.5,0,0
301898,Khaleel Dayal,2009,14,3,8.5,0,81,2,2/7,40.5,9.17,26.5,0,0
550215,Kagiso Rabada,2009,4,2,7.2,0,48,2,2/1,24.0,6.55,22.0,0,0
728669,Vinay Ahmed,2009,14,5,10.1,0,103,2,2/12,51.5,10.13,30.5,0,0
127560,Washington Kaul,2009,3,2,6.2,0,71,2,2/22,35.5,11.21,19.0,0,0
569381,Siddarth Singh,2009,15,3,11.3,0,99,2,2/17,49.5,8.61,34.5,0,0
940973,Mohammed Siraj,2009,3,3,8.2,0,65,2,2/18,32.5,7.8,25.0,0,0
845013,Kartik Kaul,2009,7,2,7.1,0,81,2,2/12,40.5,11.3,21.5,0,0
1239460,Ravi Unadkat,2009,9,2,6.1,0,53,2,2/18,26.5,8.59,18.5,0,0
1286673,Siddarth Ahmed,2009,12,3,9.5,0,85,2,2/12,42.5,8.64,29.5,0,0
73083,Siddarth Kumar,2009,5,5,11.0,0,115,2,2/8,57.5,10.45,33.0,0,0
985194,Washington Yadav,2009,9,4,8.0,0,75,2,2/26,37.5,9.38,24.0,0,0
646072,Prasidh Yadav,2009,12,2,6.0,0,55,2,2/23,27.5,9.17,18.0,0,0
913132,Kartik Sundar,2009,6,1,3.2,0,33,1,1/10,33.0,9.9,20.0,0,0
299674,Navdeep Sharma,2009,10,2,4.5,0,42,1,1/14,42.0,8.69,29.0,0,0
1172833,Ravi Kaul,2009,12,2,4.3,0,47,1,1/14,47.0,10.44,27.0,0,0
521223,Krunal Sharma,2009,5,2,5.0,0,54,1,1/16,54.0,10.8,30.0,0,0
492703,Yash Yadav,2009,6,2,7.3,0,72,1,1/6,72.0,9.6,45.0,0,0
587248,Irfan Sharma,2009,16,2,4.3,0,45,1,1/14,45.0,10.0,27.0,0,0
1485006,Ravi Krishna,2009,3,2,6.0,0,54,1,1/7,54.0,9.0,36.0,0,0
1175152,Chetan Deshpande,2009,3,2,6.4,0,63,1,1/10,63.0,9.45,40.0,0,0
785941,Krunal Bishnoi,2009,3,2,5.4,0,59,1,1/1,59.0,10.41,34.0,0,0
750105,Mayank Deshpande,2009,2,2,5.2,0,50,1,1/6,50.0,9.38,32.0,0,0
81141,Siddarth Sharma,2009,2,1,3.4,0,30,1,1/14,30.0,8.18,22.0,0,0
966416,Jaydev Bishnoi,2009,4,2,4.2,0,33,1,1/9,33.0,7.62,26.0,0,0
390481,Harshal Patel,2009,10,1,2.5,0,21,1,1/8,21.0,7.41,17.0,0,0
819150,Vinay Sakariya,2009,15,2,6.0,0,49,1,1/2,49.0,8.17,36.0,0,0
127901,Yash Saini,2009,6,2,4.5,0,54,1,1/0,54.0,11.17,29.0,0,0
333776,Khaleel Unadkat,2009,6,2,7.4,0,70,1,1/12,70.0,9.13,46.0,0,0
138650,Mukesh Yadav,2009,9,3,7.2,0,73,1,1/24,73.0,9.95,44.0,0,0
1051021,Yash Krishna,2009,4,4,8.1,0,91,1,1/5,91.0,11.14,49.0,0,0
1078061,Umran Sharma,2009,4,3,6.2,0,52,1,1/20,52.0,8.21,38.0,0,0
430246,Yuzvendra Chahal,2009,1,1,3.5,0,29,1,1/0,29.0,7.57,23.0,0,0
778036,Rahul Pandey,2009,2,1,3.1,0,31,0,-,0.0,9.79,0.0,0,0
537119,Mohit Sharma,2009,8,1,2.3,0,16,0,-,0.0,6.4,0.0,0,0
1466521,Nitish Bishnoi,2009,17,1,2.3,0,26,0,-,0.0,10.4,0.0,0,0
1395968,Chetan Patel,2009,9,1,3.1,0,25,0,-,0.0,7.89,0.0,0,0
205967,Chetan Dayal,2009,6,1,2.2,0,20,0,-,0.0,8.57,0.0,0,0
1025265,Mayank Saini,2009,12,1,2.4,0,27,0,-,0.0,10.12,0.0,0,0
538104,Irfan Kumar,2009,1,1,3.3,0,33,0,-,0.0,9.43,0.0,0,0
540472,Nitish Sundar,2009,8,1,3.4,0,37,0,-,0.0,10.09,0.0,0,0
695739,Mukesh Pandey,2009,16,1,2.2,0,22,0,-,0.0,9.43,0.0,0,0
789399,Nitish Patel,2009,3,1,3.3,0,32,0,-,0.0,9.14,0.0,0,0
934523,Chetan Sundar,2009,15,1,2.0,0,15,0,-,0.0,7.5,0.0,0,0
1052745,Praveen Unadkat,2009,4,1,3.2,0,37,0,-,0.0,11.1,0.0,0,0
848499,Khaleel Ahmed,2009,4,1,2.5,0,29,0,-,0.0,10.24,0.0,0,0
896114,Vinay Krishna,2009,2,1,3.2,0,36,0,-,0.0,10.8,0.0,0,0
209513,Jaydev Deshpande,2009,1,1,2.4,0,25,0,-,0.0,9.38,0.0,0,0
1091637,Kartik Dayal,2009,3,1,3.3,0,28,0,-,0.0,8.0,0.0,0,0
1420091,Washington Dayal,2009,11,2,4.3,0,48,0,-,0.0,10.67,0.0,0,0
283700,Prasidh Bishnoi,2009,4,2,4.3,0,43,0,-,0.0,9.56,0.0,0,0
222080,Khaleel Krishna,2009,5,1,2.1,0,21,0,-,0.0,9.69,0.0,0,0
668860,Umran Krishna,2009,2,1,2.1,0,22,0,-,0.0,10.15,0.0,0,0
1192524,Jaydev Malik,2008,15,15,46.0,0,455,15,3/24,30.33,9.89,18.4,0,0
638712,Umran Singh,2008,12,12,45.3,0,471,14,3/17,33.64,10.35,19.5,0,0
481896,Mohammed Shami,2008,17,14,42.0,1,297,14,3/26,21.21,7.07,18.0,0,0
230558,Sunil Narine,2008,17,12,42.4,1,349,14,5/17,24.93,8.18,18.29,0,1
492703,Yash Yadav,2008,17,17,60.1,0,606,12,6/13,50.5,10.07,30.08,1,1
697391,Avesh Khan,2008,16,13,40.1,3,335,12,5/32,27.92,8.34,20.08,0,1
311592,Mitchell Starc,2008,7,7,23.5,0,193,11,2/25,17.55,8.1,13.0,0,0
630527,Rahul Patel,2008,16,14,44.3,0,476,10,5/23,47.6,10.7,26.7,0,1
789399,Nitish Patel,2008,12,10,35.3,0,395,10,2/12,39.5,11.13,21.3,0,0
1130259,Saurabh Singh,2008,11,9,34.1,0,382,10,1/23,38.2,11.18,20.5,0,0
301898,Khaleel Dayal,2008,14,12,44.3,0,504,10,1/7,50.4,11.33,26.7,0,0
966300,Kartik Patel,2008,14,14,42.5,0,421,9,6/14,46.78,9.83,28.56,0,1
752794,Ravi Ahmed,2008,14,11,40.3,0,418,8,2/10,52.25,10.32,30.38,0,0
1279779,Vinay Tyagi,2008,11,11,24.5,0,208,8,2/23,26.0,8.38,18.62,0,0
966416,Jaydev Bishnoi,2008,17,14,30.1,0,335,8,5/16,41.88,11.1,22.62,0,1
130252,Tushar Kaul,2008,12,10,29.3,0,296,7,1/11,42.29,10.03,25.29,0,0
1286854,Praveen Deshpande,2008,15,10,39.5,0,405,7,1/24,57.86,10.17,34.14,0,0
433383,Vinay Bishnoi,2008,6,6,21.5,0,183,7,5/27,26.14,8.38,18.71,0,1
430246,Yuzvendra Chahal,2008,17,7,22.4,0,183,7,3/28,26.14,8.07,19.43,0,0
209281,Navdeep Yadav,2008,17,11,30.1,0,271,6,5/11,45.17,8.98,30.17,0,1
775997,Chetan Singh,2008,6,6,22.4,0,214,5,2/19,42.8,9.44,27.2,0,0
257532,Jaydev Tyagi,2008,8,6,19.4,0,184,5,4/25,36.8,9.36,23.6,1,0
1495108,Vinay Unadkat,2008,9,7,23.4,0,237,5,5/31,47.4,10.01,28.4,0,1
809428,Yash Deshpande,2008,16,8,25.0,0,236,5,4/17,47.2,9.44,30.0,1,0
646072,Prasidh Yadav,2008,10,5,19.3,0,186,5,3/16,37.2,9.54,23.4,0,0
474555,Yash Ahmed,2008,8,7,17.4,0,177,5,5/15,35.4,10.02,21.2,0,1
1387999,Krunal Krishna,2008,6,4,14.0,0,121,5,6/18,24.2,8.64,16.8,0,1
1175152,Chetan Deshpande,2008,10,10,23.3,0,268,4,2/21,67.0,11.4,35.25,0,0
571243,Kartik Kumar,2008,6,6,13.4,0,144,4,4/13,36.0,10.54,20.5,1,0
633374,Mukesh Dayal,2008,7,6,15.3,0,156,4,2/14,39.0,10.06,23.25,0,0
284206,Irfan Unadkat,2008,7,6,22.0,0,190,4,3/13,47.5,8.64,33.0,0,0
493290,Ravi Malik,2008,16,4,15.5,0,130,4,3/14,32.5,8.21,23.75,0,0
1420091,Washington Dayal,2008,12,7,18.0,0,191,4,3/4,47.75,10.61,27.0,0,0
148106,Jaydev Unadkat,2008,17,8,23.1,0,221,4,2/25,55.25,9.54,34.75,0,0
559194,Nitish Saini,2008,16,7,26.5,0,269,4,2/2,67.25,10.02,40.25,0,0
390481,Harshal Patel,2008,4,3,8.4,0,59,3,2/23,19.67,6.81,17.33,0,0
549015,Tushar Pandey,2008,9,7,24.1,0,227,3,3/28,75.67,9.39,48.33,0,0
793463,Rashid Khan,2008,4,3,11.3,1,76,3,2/17,25.33,6.61,23.0,0,0
36014,Zaheer Khan,2008,16,3,9.5,0,72,3,1/9,24.0,7.32,19.67,0,0
1175221,Khaleel Sundar,2008,11,5,12.0,0,133,3,3/20,44.33,11.08,24.0,0,0
1091637,Kartik Dayal,2008,7,5,13.4,0,112,3,1/15,37.33,8.2,27.33,0,0
28026,Piyush Chawla,2008,9,5,11.0,1,76,3,1/5,25.33,6.91,22.0,0,0
31820,Ashish Nehra,2008,15,4,15.1,2,110,3,2/10,36.67,7.25,30.33,0,0
855785,Tushar Malik,2008,8,3,11.0,0,117,3,3/23,39.0,10.64,22.0,0,0
607464,Vinay Malik,2008,11,3,9.4,0,76,3,2/18,25.33,7.86,19.33,0,0
540472,Nitish Sundar,2008,17,5,16.3,0,176,3,1/15,58.67,10.67,33.0,0,0
326016,Bhuvneshwar Kumar,2008,14,3,11.5,0,82,3,3/9,27.33,6.93,23.67,0,0
196998,Tushar Ahmed,2008,11,5,15.2,0,130,3,3/9,43.33,8.48,30.67,0,0
537119,Mohit Sharma,2008,4,3,6.4,0,58,3,2/10,19.33,8.7,13.33,0,0
559235,Kuldeep Yadav,2008,12,4,13.4,0,93,3,1/11,31.0,6.8,27.33,0,0
140960,Vinay Deshpande,2008,10,3,6.1,0,52,2,2/9,26.0,8.43,18.5,0,0
1239460,Ravi Unadkat,2008,10,3,9.2,0,73,2,2/17,36.5,7.82,28.0,0,0
31430,Nitish Tyagi,2008,6,3,10.3,0,109,2,2/17,54.5,10.38,31.5,0,0
205967,Chetan Dayal,2008,9,5,11.0,0,103,2,2/7,51.5,9.36,33.0,0,0
1172833,Ravi Kaul,2008,8,3,11.0,0,112,2,2/19,56.0,10.18,33.0,0,0
277912,Trent Boult,2008,3,2,5.4,0,44,2,2/26,22.0,7.76,17.0,0,0
222080,Khaleel Krishna,2008,4,2,6.3,0,67,2,1/23,33.5,10.31,19.5,0,0
372600,Saurabh Saini,2008,6,3,11.4,0,105,2,2/24,52.5,9.0,35.0,0,0
1124340,Rahul Krishna,2008,13,3,11.0,0,109,2,1/12,54.5,9.91,33.0,0,0
1274714,Kartik Sakariya,2008,4,4,14.1,0,112,2,1/23,56.0,7.91,42.5,0,0
1231530,Khaleel Tyagi,2008,5,4,12.0,0,113,2,2/4,56.5,9.42,36.0,0,0
841131,Ravi Yadav,2008,5,5,10.4,0,89,2,2/24,44.5,8.34,32.0,0,0
535835,Kartik Saini,2008,4,3,10.1,0,103,2,2/6,51.5,10.13,30.5,0,0
629925,Tushar Sharma,2008,6,4,12.1,0,119,2,1/19,59.5,9.78,36.5,0,0
786171,Ravi Sharma,2008,4,4,10.0,0,109,2,2/9,54.5,10.9,30.0,0,0
396280,Mayank Patel,2008,11,3,7.1,0,67,2,2/23,33.5,9.35,21.5,0,0
438488,Sandeep Sharma,2008,16,4,8.1,0,53,2,2/26,26.5,6.49,24.5,0,0
127901,Yash Saini,2008,4,3,10.2,0,94,2,2/26,47.0,9.1,31.0,0,0
1286673,Siddarth Ahmed,2008,5,4,9.5,0,112,2,2/14,56.0,11.39,29.5,0,0
521223,Krunal Sharma,2008,6,4,9.1,0,90,2,2/23,45.0,9.82,27.5,0,0
561606,Navdeep Bishnoi,2008,4,4,8.0,0,83,2,1/14,41.5,10.38,24.0,0,0
873476,RP Patel,2008,3,3,7.5,0,83,2,2/3,41.5,10.6,23.5,0,0
940973,Mohammed Siraj,2008,12,4,10.1,0,71,2,1/14,35.5,6.98,30.5,0,0
260015,Ravi Tyagi,2008,16,5,13.2,0,118,2,2/23,59.0,8.85,40.0,0,0
554691,Axar Patel,2008,7,3,7.4,0,57,2,2/16,28.5,7.43,23.0,0,0
47492,Dale Steyn,2008,2,2,7.4,0,61,2,2/10,30.5,7.96,23.0,0,0
40618,Imran Tahir,2008,11,2,6.3,0,53,2,1/18,26.5,8.15,19.5,0,0
475281,Shardul Thakur,2008,15,4,10.1,3,66,2,1/20,33.0,6.49,30.5,0,0
868312,Irfan Patel,2008,3,2,5.4,0,56,1,1/15,56.0,9.88,34.0,0,0
51939,Jaydev Saini,2008,15,2,6.4,0,66,1,1/15,66.0,9.9,40.0,0,0
957565,Kartik Singh,2008,5,2,5.5,0,50,1,1/22,50.0,8.57,35.0,0,0
376116,Umesh Yadav,2008,6,2,4.1,0,33,1,1/16,33.0,7.92,25.0,0,0
680149,Siddarth Pandey,2008,2,2,5.2,0,47,1,1/19,47.0,8.81,32.0,0,0
149289,Yash Singh,2008,15,2,6.4,0,75,1,1/6,75.0,11.25,40.0,0,0
26421,Ravichandran Ashwin,2008,4,2,5.0,0,39,1,1/9,39.0,7.8,30.0,0,0
51439,Dwayne Bravo,2008,1,1,3.2,0,22,1,1/22,22.0,6.6,20.0,0,0
934523,Chetan Sundar,2008,6,3,6.3,0,50,1,1/2,50.0,7.69,39.0,0,0
625852,Rahul Kumar,2008,15,3,7.2,0,80,1,1/23,80.0,10.91,44.0,0,0
538104,Irfan Kumar,2008,11,3,6.0,0,68,1,1/11,68.0,11.33,36.0,0,0
256752,Mukesh Unadkat,2008,2,2,7.5,0,72,1,1/9,72.0,9.19,47.0,0,0
479587,Krunal Sakariya,2008,15,3,6.0,0,52,1,1/10,52.0,8.67,36.0,0,0
1122417,Washington Tyagi,2008,3,3,6.5,0,54,1,1/19,54.0,7.9,41.0,0,0
443000,Umran Malik,2008,5,2,4.3,0,39,1,1/20,39.0,8.67,27.0,0,0
778036,Rahul Pandey,2008,14,2,4.3,0,41,1,1/11,41.0,9.11,27.0,0,0
1389011,Irfan Dayal,2008,17,2,5.3,0,58,1,1/21,58.0,10.55,33.0,0,0
626542,Rahul Yadav,2008,4,3,7.5,0,78,1,1/2,78.0,9.96,47.0,0,0
1175432,Ravi Patel,2008,17,2,6.0,0,53,1,1/1,53.0,8.83,36.0,0,0
138650,Mukesh Yadav,2008,2,1,3.1,0,31,1,1/5,31.0,9.79,19.0,0,0
140804,Irfan Krishna,2008,8,2,5.5,0,57,1,1/9,57.0,9.77,35.0,0,0
587248,Irfan Sharma,2008,5,2,6.1,0,68,1,1/3,68.0,11.03,37.0,0,0
1279393,Umran Dayal,2008,5,2,4.3,0,48,1,1/16,48.0,10.67,27.0,0,0
985383,Chetan Malik,2008,6,2,5.4,0,53,1,1/20,53.0,9.35,34.0,0,0
1372472,Khaleel Bishnoi,2008,9,3,7.2,0,60,1,1/16,60.0,8.18,44.0,0,0
1488671,Mukesh Kaul,2008,8,4,8.3,0,71,1,1/14,71.0,8.35,51.0,0,0
1466521,Nitish Bishnoi,2008,6,3,6.4,0,57,1,1/8,57.0,8.55,40.0,0,0
848499,Khaleel Ahmed,2008,7,2,7.5,0,73,1,1/2,73.0,9.32,47.0,0,0
49758,Lasith Malinga,2008,8,1,3.5,0,28,1,1/3,28.0,7.3,23.0,0,0
858941,Praveen Malik,2008,1,1,2.5,0,29,0,-,0.0,10.24,0.0,0,0
1362113,Saurabh Unadkat,2008,7,1,2.5,0,26,0,-,0.0,9.18,0.0,0,0
1395968,Chetan Patel,2008,5,1,2.1,0,22,0,-,0.0,10.15,0.0,0,0
678697,Rahul Unadkat,2008,4,1,3.0,0,31,0,-,0.0,10.33,0.0,0,0
402293,Mayank Ahmed,2008,7,1,3.2,0,27,0,-,0.0,8.1,0.0,0,0
872614,RP Ahmed,2008,17,1,3.4,0,41,0,-,0.0,11.18,0.0,0,0
766710,Prasidh Pandey,2008,10,1,2.3,0,20,0,-,0.0,8.0,0.0,0,0
515856,Umran Patel,2008,1,1,2.4,0,21,0,-,0.0,7.88,0.0,0,0
375206,Chetan Tyagi,2008,1,1,2.2,0,20,0,-,0.0,8.57,0.0,0,0
1108393,RP Tyagi,2008,1,1,3.1,0,33,0,-,0.0,10.42,0.0,0,0
750105,Mayank Deshpande,2008,5,1,2.0,0,16,0,-,0.0,8.0,0.0,0,0
1388155,Mukesh Sharma,2008,3,1,3.1,0,24,0,-,0.0,7.58,0.0,0,0
216900,Navdeep Ahmed,2008,1,1,3.2,0,32,0,-,0.0,9.6,0.0,0,0
795195,Ravi Kumar,2008,2,2,5.1,0,54,0,-,0.0,10.45,0.0,0,0
1358030,Khaleel Kaul,2008,16,1,2.0,0,16,0,-,0.0,8.0,0.0,0,0
234675,Ravindra Jadeja,2008,8,1,2.5,0,24,0,-,0.0,8.47,0.0,0,0
1049178,Tushar Yadav,2008,1,1,2.0,0,21,0,-,0.0,10.5,0.0,0,0
1078061,Umran Sharma,2008,1,1,2.0,0,16,0,-,0.0,8.0,0.0,0,0
31107,Amit Mishra,2008,8,1,2.1,0,17,0,-,0.0,7.85,0.0,0,0
1125976,Arshdeep Singh,2008,14,1,2.3,0,18,0,-,0.0,7.2,0.0,0,0
730862,Irfan Malik,2008,4,2,4.4,0,41,0,-,0.0,8.79,0.0,0,0
81141,Siddarth Sharma,2008,13,1,2.0,0,16,0,-,0.0,8.0,0.0,0,0
320787,Praveen Kaul,2008,1,1,2.2,0,18,0,-,0.0,7.71,0.0,0,0
1333782,Krunal Patel,2008,2,1,3.5,0,30,0,-,0.0,7.83,0.0,0,0
62154,Prasidh Saini,2008,1,1,3.4,0,30,0,-,0.0,8.18,0.0,0,0
1159227,RP Sakariya,2008,1,1,2.0,0,19,0,-,0.0,9.5,0.0,0,0
127560,Washington Kaul,2008,5,1,3.3,0,28,0,-,0.0,8.0,0.0,0,0
985194,Washington Yadav,2008,1,1,3.5,0,30,0,-,0.0,7.83,0.0,0,0
