season,Player,Player_ID,Team,Matches,Batting_Runs,Batting_Balls,Batting_Dismissals,Batting_Average,Strike_Rate,Fours,Sixes,Bowling_Balls,Overs,Bowling_Runs_Conceded,Bowling_Wickets,Bowling_Strike_Rate,Economy,Dot_Balls,Dot_Ball_Pct,Team_Matches,Team_Wins,Team_Losses,Team_No_Results,Team_Win_Pct,Team_Points,ESPN_Player_ID,Photo_URL,ESPN_Profile_URL
2007/08,A Chopra,e249fdaa,Kolkata Knight Riders,5,42,52,4,10.5,80.77,5,0,0,,0,0,,,0,,13,6,7,0,46.15,12,e249fdaa,https://a.espncdn.com/i/headshots/cricket/players/full/e249fdaa.png,https://www.espncricinfo.com/cricketers/a-chopra-e249fdaa
2007/08,A Kumble,0c2730df,Royal Challengers Bangalore,10,13,17,1,13.0,76.47,1,0,230,38.33,304,7,32.86,7.93,85,36.96,14,4,10,0,28.57,8,0c2730df,https://a.espncdn.com/i/headshots/cricket/players/full/0c2730df.png,https://www.espncricinfo.com/cricketers/a-kumble-0c2730df
2007/08,A Mishra,6b19d823,Delhi Daredevils,6,37,42,4,9.25,88.1,3,0,119,19.83,138,11,10.82,6.96,42,35.29,14,7,7,0,50.0,14,6b19d823,https://a.espncdn.com/i/headshots/cricket/players/full/6b19d823.png,https://www.espncricinfo.com/cricketers/a-mishra-6b19d823
2007/08,A Mukund,6165bca6,Chennai Super Kings,2,0,1,1,0.0,0.0,0,0,0,,0,0,,,0,,16,9,7,0,56.25,18,6165bca6,https://a.espncdn.com/i/headshots/cricket/players/full/6165bca6.png,https://www.espncricinfo.com/cricketers/a-mukund-6165bca6
2007/08,A Nehra,96fd40ae,Mumbai Indians,14,3,12,0,,25.0,0,0,269,44.83,348,12,22.42,7.76,120,44.61,14,7,7,0,50.0,14,96fd40ae,https://a.espncdn.com/i/headshots/cricket/players/full/96fd40ae.png,https://www.espncricinfo.com/cricketers/a-nehra-96fd40ae
2007/08,A Nel,2503e881,Mumbai Indians,1,0,0,0,,,0,0,18,3.0,31,1,18.0,10.33,7,38.89,14,7,7,0,50.0,14,2503e881,https://a.espncdn.com/i/headshots/cricket/players/full/2503e881.png,https://www.espncricinfo.com/cricketers/a-nel-2503e881
2007/08,A Symonds,bd77eb62,Deccan Chargers,4,161,104,2,80.5,154.81,15,9,41,6.83,101,0,,14.78,9,21.95,14,2,12,0,14.29,4,bd77eb62,https://a.espncdn.com/i/headshots/cricket/players/full/bd77eb62.png,https://www.espncricinfo.com/cricketers/a-symonds-bd77eb62
2007/08,AA Noffke,b69e69ed,Royal Challengers Bangalore,1,9,10,1,9.0,90.0,1,0,24,4.0,40,1,24.0,10.0,6,25.0,14,4,10,0,28.57,8,b69e69ed,https://a.espncdn.com/i/headshots/cricket/players/full/b69e69ed.png,https://www.espncricinfo.com/cricketers/aa-noffke-b69e69ed
2007/08,AB Agarkar,fa463154,Kolkata Knight Riders,9,54,45,4,13.5,120.0,5,2,156,26.0,207,8,19.5,7.96,66,42.31,13,6,7,0,46.15,12,fa463154,https://a.espncdn.com/i/headshots/cricket/players/full/fa463154.png,https://www.espncricinfo.com/cricketers/ab-agarkar-fa463154
2007/08,AB Dinda,66b30f71,Kolkata Knight Riders,13,2,4,1,2.0,50.0,0,0,234,39.0,260,9,26.0,6.67,116,49.57,13,6,7,0,46.15,12,66b30f71,https://a.espncdn.com/i/headshots/cricket/players/full/66b30f71.png,https://www.espncricinfo.com/cricketers/ab-dinda-66b30f71
2007/08,AB de Villiers,c4487b84,Delhi Daredevils,6,95,98,4,23.75,96.94,5,1,0,,0,0,,,0,,14,7,7,0,50.0,14,c4487b84,https://a.espncdn.com/i/headshots/cricket/players/full/c4487b84.png,https://www.espncricinfo.com/cricketers/ab-de-villiers-c4487b84
2007/08,AC Gilchrist,2b6e6dec,Deccan Chargers,14,436,314,13,33.54,138.85,51,19,0,,0,0,,,0,,14,2,12,0,14.29,4,2b6e6dec,https://a.espncdn.com/i/headshots/cricket/players/full/2b6e6dec.png,https://www.espncricinfo.com/cricketers/ac-gilchrist-2b6e6dec
2007/08,AD Mascarenhas,3edb58fc,Rajasthan Royals,1,9,8,1,9.0,112.5,0,1,24,4.0,29,2,12.0,7.25,8,33.33,16,13,3,0,81.25,26,3edb58fc,https://a.espncdn.com/i/headshots/cricket/players/full/3edb58fc.png,https://www.espncricinfo.com/cricketers/ad-mascarenhas-3edb58fc
2007/08,AM Nayar,a45a5e8d,Mumbai Indians,14,206,137,8,25.75,150.36,16,9,42,7.0,68,1,42.0,9.71,14,33.33,14,7,7,0,50.0,14,a45a5e8d,https://a.espncdn.com/i/headshots/cricket/players/full/a45a5e8d.png,https://www.espncricinfo.com/cricketers/am-nayar-a45a5e8d
2007/08,AM Rahane,29e95537,Mumbai Indians,2,4,17,2,2.0,23.53,1,0,0,,0,0,,,0,,14,7,7,0,50.0,14,29e95537,https://a.espncdn.com/i/headshots/cricket/players/full/29e95537.png,https://www.espncricinfo.com/cricketers/am-rahane-29e95537
2007/08,AS Yadav,b9be6507,Deccan Chargers,8,49,39,7,7.0,125.64,5,2,0,,0,0,,,0,,14,2,12,0,14.29,4,b9be6507,https://a.espncdn.com/i/headshots/cricket/players/full/b9be6507.png,https://www.espncricinfo.com/cricketers/as-yadav-b9be6507
2007/08,Abdur Razzak,888e32bf,Royal Challengers Bangalore,1,0,2,0,,0.0,0,0,12,2.0,29,0,,14.5,5,41.67,14,4,10,0,28.57,8,888e32bf,https://a.espncdn.com/i/headshots/cricket/players/full/888e32bf.png,https://www.espncricinfo.com/cricketers/abdur-razzak-888e32bf
2007/08,B Akhil,af7dadf7,Royal Challengers Bangalore,7,46,31,3,15.33,148.39,4,3,104,17.33,134,2,52.0,7.73,34,32.69,14,4,10,0,28.57,8,af7dadf7,https://a.espncdn.com/i/headshots/cricket/players/full/af7dadf7.png,https://www.espncricinfo.com/cricketers/b-akhil-af7dadf7
2007/08,B Chipli,5451a2c1,Royal Challengers Bangalore,3,20,28,3,6.67,71.43,3,0,0,,0,0,,,0,,14,4,10,0,28.57,8,5451a2c1,https://a.espncdn.com/i/headshots/cricket/players/full/5451a2c1.png,https://www.espncricinfo.com/cricketers/b-chipli-5451a2c1
2007/08,B Geeves,50758325,Delhi Daredevils,2,0,0,0,,,0,0,48,8.0,91,1,48.0,11.38,15,31.25,14,7,7,0,50.0,14,50758325,https://a.espncdn.com/i/headshots/cricket/players/full/50758325.png,https://www.espncricinfo.com/cricketers/b-geeves-50758325
2007/08,B Lee,dd09ff8e,Kings XI Punjab,4,17,12,2,8.5,141.67,2,1,96,16.0,112,4,24.0,7.0,44,45.83,15,10,5,0,66.67,20,dd09ff8e,https://a.espncdn.com/i/headshots/cricket/players/full/dd09ff8e.png,https://www.espncricinfo.com/cricketers/b-lee-dd09ff8e
2007/08,BAW Mendis,ea0cdc12,Kolkata Knight Riders,1,0,0,0,,,0,0,24,4.0,24,1,24.0,6.0,9,37.5,13,6,7,0,46.15,12,ea0cdc12,https://a.espncdn.com/i/headshots/cricket/players/full/ea0cdc12.png,https://www.espncricinfo.com/cricketers/baw-mendis-ea0cdc12
2007/08,BB McCullum,b8a55852,Kolkata Knight Riders,4,188,91,3,62.67,206.59,13,15,0,,0,0,,,0,,13,6,7,0,46.15,12,b8a55852,https://a.espncdn.com/i/headshots/cricket/players/full/b8a55852.png,https://www.espncricinfo.com/cricketers/bb-mccullum-b8a55852
2007/08,BJ Hodge,b57f8a9a,Kolkata Knight Riders,3,12,17,2,6.0,70.59,2,0,0,,0,0,,,0,,13,6,7,0,46.15,12,b57f8a9a,https://a.espncdn.com/i/headshots/cricket/players/full/b57f8a9a.png,https://www.espncricinfo.com/cricketers/bj-hodge-b57f8a9a
2007/08,CK Kapugedera,cfad138c,Chennai Super Kings,5,16,22,3,5.33,72.73,0,0,17,2.83,49,0,,17.29,0,0.0,16,9,7,0,56.25,18,cfad138c,https://a.espncdn.com/i/headshots/cricket/players/full/cfad138c.png,https://www.espncricinfo.com/cricketers/ck-kapugedera-cfad138c
2007/08,CL White,d0513f63,Royal Challengers Bangalore,8,114,100,5,22.8,114.0,8,4,6,1.0,24,0,,24.0,0,0.0,14,4,10,0,28.57,8,d0513f63,https://a.espncdn.com/i/headshots/cricket/players/full/d0513f63.png,https://www.espncricinfo.com/cricketers/cl-white-d0513f63
2007/08,CRD Fernando,342d8ade,Mumbai Indians,5,2,1,1,2.0,200.0,0,0,120,20.0,160,10,12.0,8.0,49,40.83,14,7,7,0,50.0,14,342d8ade,https://a.espncdn.com/i/headshots/cricket/players/full/342d8ade.png,https://www.espncricinfo.com/cricketers/crd-fernando-342d8ade
2007/08,D Kalyankrishna,94bc776b,Deccan Chargers,3,3,8,1,3.0,37.5,0,0,48,8.0,87,2,24.0,10.88,10,20.83,14,2,12,0,14.29,4,94bc776b,https://a.espncdn.com/i/headshots/cricket/players/full/94bc776b.png,https://www.espncricinfo.com/cricketers/d-kalyankrishna-94bc776b
2007/08,D Salunkhe,0264c10e,Rajasthan Royals,6,33,24,1,33.0,137.5,5,0,47,7.83,78,1,47.0,9.96,13,27.66,16,13,3,0,81.25,26,0264c10e,https://a.espncdn.com/i/headshots/cricket/players/full/0264c10e.png,https://www.espncricinfo.com/cricketers/d-salunkhe-0264c10e
2007/08,DB Das,7050a1e7,Kolkata Knight Riders,6,103,94,6,17.17,109.57,9,5,0,,0,0,,,0,,13,6,7,0,46.15,12,7050a1e7,https://a.espncdn.com/i/headshots/cricket/players/full/7050a1e7.png,https://www.espncricinfo.com/cricketers/db-das-7050a1e7
2007/08,DB Ravi Teja,b720a5d6,Deccan Chargers,7,109,81,6,18.17,134.57,10,5,12,2.0,19,1,12.0,9.5,3,25.0,14,2,12,0,14.29,4,b720a5d6,https://a.espncdn.com/i/headshots/cricket/players/full/b720a5d6.png,https://www.espncricinfo.com/cricketers/db-ravi-teja-b720a5d6
2007/08,DJ Bravo,87e562a9,Mumbai Indians,9,178,131,6,29.67,135.88,19,5,171,28.5,232,11,15.55,8.14,66,38.6,14,7,7,0,50.0,14,87e562a9,https://a.espncdn.com/i/headshots/cricket/players/full/87e562a9.png,https://www.espncricinfo.com/cricketers/dj-bravo-87e562a9
2007/08,DJ Hussey,fd835ab3,Kolkata Knight Riders,13,319,258,11,29.0,123.64,19,17,78,13.0,130,2,39.0,10.0,24,30.77,13,6,7,0,46.15,12,fd835ab3,https://a.espncdn.com/i/headshots/cricket/players/full/fd835ab3.png,https://www.espncricinfo.com/cricketers/dj-hussey-fd835ab3
2007/08,DJ Thornely,7d3937ed,Mumbai Indians,6,39,53,3,13.0,73.58,2,2,42,7.0,40,3,14.0,5.71,19,45.24,14,7,7,0,50.0,14,7d3937ed,https://a.espncdn.com/i/headshots/cricket/players/full/7d3937ed.png,https://www.espncricinfo.com/cricketers/dj-thornely-7d3937ed
2007/08,DL Vettori,d7c6af50,Delhi Daredevils,2,0,0,0,,,0,0,48,8.0,54,2,24.0,6.75,16,33.33,14,7,7,0,50.0,14,d7c6af50,https://a.espncdn.com/i/headshots/cricket/players/full/d7c6af50.png,https://www.espncricinfo.com/cricketers/dl-vettori-d7c6af50
2007/08,DNT Zoysa,e0351c86,Deccan Chargers,3,11,9,1,11.0,122.22,1,0,66,11.0,99,2,33.0,9.0,24,36.36,14,2,12,0,14.29,4,e0351c86,https://a.espncdn.com/i/headshots/cricket/players/full/e0351c86.png,https://www.espncricinfo.com/cricketers/dnt-zoysa-e0351c86
2007/08,DP Vijaykumar,acd4f5dc,Deccan Chargers,9,1,1,0,,100.0,0,0,152,25.33,199,4,38.0,7.86,63,41.45,14,2,12,0,14.29,4,acd4f5dc,https://a.espncdn.com/i/headshots/cricket/players/full/acd4f5dc.png,https://www.espncricinfo.com/cricketers/dp-vijaykumar-acd4f5dc
2007/08,DPMD Jayawardene,d18f9182,Kings XI Punjab,13,179,131,9,19.89,136.64,15,7,0,,0,0,,,0,,15,10,5,0,66.67,20,d18f9182,https://a.espncdn.com/i/headshots/cricket/players/full/d18f9182.png,https://www.espncricinfo.com/cricketers/dpmd-jayawardene-d18f9182
2007/08,DR Smith,35205dfc,Mumbai Indians,4,45,40,2,22.5,112.5,5,1,66,11.0,83,5,13.2,7.55,25,37.88,14,7,7,0,50.0,14,35205dfc,https://a.espncdn.com/i/headshots/cricket/players/full/35205dfc.png,https://www.espncricinfo.com/cricketers/dr-smith-35205dfc
2007/08,DS Kulkarni,d2a989fc,Mumbai Indians,10,2,16,0,,12.5,0,0,177,29.5,236,11,16.09,8.0,77,43.5,14,7,7,0,50.0,14,d2a989fc,https://a.espncdn.com/i/headshots/cricket/players/full/d2a989fc.png,https://www.espncricinfo.com/cricketers/ds-kulkarni-d2a989fc
2007/08,DS Lehmann,53fe6ee4,Rajasthan Royals,2,18,18,2,9.0,100.0,3,0,0,,0,0,,,0,,16,13,3,0,81.25,26,53fe6ee4,https://a.espncdn.com/i/headshots/cricket/players/full/53fe6ee4.png,https://www.espncricinfo.com/cricketers/ds-lehmann-53fe6ee4
2007/08,DT Patil,f48cf4da,Royal Challengers Bangalore,2,13,13,1,13.0,100.0,1,0,0,,0,0,,,0,,14,4,10,0,28.57,8,f48cf4da,https://a.espncdn.com/i/headshots/cricket/players/full/f48cf4da.png,https://www.espncricinfo.com/cricketers/dt-patil-f48cf4da
2007/08,DW Steyn,8fd1a8f5,Royal Challengers Bangalore,10,2,5,2,1.0,40.0,0,0,228,38.0,252,10,22.8,6.63,116,50.88,14,4,10,0,28.57,8,8fd1a8f5,https://a.espncdn.com/i/headshots/cricket/players/full/8fd1a8f5.png,https://www.espncricinfo.com/cricketers/dw-steyn-8fd1a8f5
2007/08,G Gambhir,bb345e0b,Delhi Daredevils,14,534,378,14,38.14,141.27,68,8,0,,0,0,,,0,,14,7,7,0,50.0,14,bb345e0b,https://a.espncdn.com/i/headshots/cricket/players/full/bb345e0b.png,https://www.espncricinfo.com/cricketers/g-gambhir-bb345e0b
2007/08,GC Smith,72861603,Rajasthan Royals,11,441,361,12,36.75,122.16,54,8,0,,0,0,,,0,,16,13,3,0,81.25,26,72861603,https://a.espncdn.com/i/headshots/cricket/players/full/72861603.png,https://www.espncricinfo.com/cricketers/gc-smith-72861603
2007/08,GD McGrath,ee7d0c82,Delhi Daredevils,14,4,5,1,4.0,80.0,1,0,324,54.0,357,12,27.0,6.61,153,47.22,14,7,7,0,50.0,14,ee7d0c82,https://a.espncdn.com/i/headshots/cricket/players/full/ee7d0c82.png,https://www.espncricinfo.com/cricketers/gd-mcgrath-ee7d0c82
2007/08,Gagandeep Singh,890de8cb,Kings XI Punjab,4,0,0,0,,,0,0,84,14.0,141,3,28.0,10.07,25,29.76,15,10,5,0,66.67,20,890de8cb,https://a.espncdn.com/i/headshots/cricket/players/full/890de8cb.png,https://www.espncricinfo.com/cricketers/gagandeep-singh-890de8cb
2007/08,H Das,0ed0cdbf,Deccan Chargers,1,2,5,1,2.0,40.0,0,0,0,,0,0,,,0,,14,2,12,0,14.29,4,0ed0cdbf,https://a.espncdn.com/i/headshots/cricket/players/full/0ed0cdbf.png,https://www.espncricinfo.com/cricketers/h-das-0ed0cdbf
2007/08,HH Gibbs,e1d1b294,Deccan Chargers,9,167,153,9,18.56,109.15,17,8,0,,0,0,,,0,,14,2,12,0,14.29,4,e1d1b294,https://a.espncdn.com/i/headshots/cricket/players/full/e1d1b294.png,https://www.espncricinfo.com/cricketers/hh-gibbs-e1d1b294
2007/08,Harbhajan Singh,8b5b6769,Mumbai Indians,3,30,17,2,15.0,176.47,1,3,60,10.0,82,5,12.0,8.2,16,26.67,14,7,7,0,50.0,14,8b5b6769,https://a.espncdn.com/i/headshots/cricket/players/full/8b5b6769.png,https://www.espncricinfo.com/cricketers/harbhajan-singh-8b5b6769
2007/08,I Sharma,5bb1a1c4,Kolkata Knight Riders,13,11,11,1,11.0,100.0,1,0,253,42.17,329,7,36.14,7.8,110,43.48,13,6,7,0,46.15,12,5bb1a1c4,https://a.espncdn.com/i/headshots/cricket/players/full/5bb1a1c4.png,https://www.espncricinfo.com/cricketers/i-sharma-5bb1a1c4
2007/08,IK Pathan,5fa06777,Kings XI Punjab,14,131,115,5,26.2,113.91,9,6,318,53.0,350,15,21.2,6.6,150,47.17,15,10,5,0,66.67,20,5fa06777,https://a.espncdn.com/i/headshots/cricket/players/full/5fa06777.png,https://www.espncricinfo.com/cricketers/ik-pathan-5fa06777
2007/08,Iqbal Abdulla,85aae393,Kolkata Knight Riders,1,1,2,0,,50.0,0,0,18,3.0,22,0,,7.33,6,33.33,13,6,7,0,46.15,12,85aae393,https://a.espncdn.com/i/headshots/cricket/players/full/85aae393.png,https://www.espncricinfo.com/cricketers/iqbal-abdulla-85aae393
2007/08,J Arunkumar,f663ef00,Royal Challengers Bangalore,3,23,23,3,7.67,100.0,5,0,0,,0,0,,,0,,14,4,10,0,28.57,8,f663ef00,https://a.espncdn.com/i/headshots/cricket/players/full/f663ef00.png,https://www.espncricinfo.com/cricketers/j-arunkumar-f663ef00
2007/08,JA Morkel,c3d35165,Chennai Super Kings,13,241,162,8,30.12,148.77,18,14,288,48.0,399,17,16.94,8.31,100,34.72,16,9,7,0,56.25,18,c3d35165,https://a.espncdn.com/i/headshots/cricket/players/full/c3d35165.png,https://www.espncricinfo.com/cricketers/ja-morkel-c3d35165
2007/08,JDP Oram,3eac9d95,Chennai Super Kings,4,18,12,1,18.0,150.0,1,1,96,16.0,149,3,32.0,9.31,32,33.33,16,9,7,0,56.25,18,3eac9d95,https://a.espncdn.com/i/headshots/cricket/players/full/3eac9d95.png,https://www.espncricinfo.com/cricketers/jdp-oram-3eac9d95
2007/08,JH Kallis,86dc8f2e,Royal Challengers Bangalore,11,199,183,11,18.09,108.74,23,4,206,34.33,311,4,51.5,9.06,55,26.7,14,4,10,0,28.57,8,86dc8f2e,https://a.espncdn.com/i/headshots/cricket/players/full/86dc8f2e.png,https://www.espncricinfo.com/cricketers/jh-kallis-86dc8f2e
2007/08,JR Hopes,2498e163,Kings XI Punjab,11,221,148,11,20.09,149.32,27,8,168,28.0,276,7,24.0,9.86,52,30.95,15,10,5,0,66.67,20,2498e163,https://a.espncdn.com/i/headshots/cricket/players/full/2498e163.png,https://www.espncricinfo.com/cricketers/jr-hopes-2498e163
2007/08,Joginder Sharma,9f961c14,Chennai Super Kings,8,16,11,2,8.0,145.45,1,1,148,24.67,239,8,18.5,9.69,43,29.05,16,9,7,0,56.25,18,9f961c14,https://a.espncdn.com/i/headshots/cricket/players/full/9f961c14.png,https://www.espncricinfo.com/cricketers/joginder-sharma-9f961c14
2007/08,K Goel,a1f1829d,Kings XI Punjab,7,76,78,5,15.2,97.44,7,4,12,2.0,25,0,,12.5,2,16.67,15,10,5,0,66.67,20,a1f1829d,https://a.espncdn.com/i/headshots/cricket/players/full/a1f1829d.png,https://www.espncricinfo.com/cricketers/k-goel-a1f1829d
2007/08,KC Sangakkara,6b71e6cf,Kings XI Punjab,10,320,197,10,32.0,162.44,41,8,0,,0,0,,,0,,15,10,5,0,66.67,20,6b71e6cf,https://a.espncdn.com/i/headshots/cricket/players/full/6b71e6cf.png,https://www.espncricinfo.com/cricketers/kc-sangakkara-6b71e6cf
2007/08,KD Karthik,c03f1114,Delhi Daredevils,13,145,107,7,20.71,135.51,13,4,0,,0,0,,,0,,14,7,7,0,50.0,14,c03f1114,https://a.espncdn.com/i/headshots/cricket/players/full/c03f1114.png,https://www.espncricinfo.com/cricketers/kd-karthik-c03f1114
2007/08,Kamran Akmal,ff077124,Rajasthan Royals,6,128,77,4,32.0,166.23,13,8,0,,0,0,,,0,,16,13,3,0,81.25,26,ff077124,https://a.espncdn.com/i/headshots/cricket/players/full/ff077124.png,https://www.espncricinfo.com/cricketers/kamran-akmal-ff077124
2007/08,L Balaji,b2b50355,Chennai Super Kings,9,0,4,1,0.0,0.0,0,0,198,33.0,286,11,18.0,8.67,60,30.3,16,9,7,0,56.25,18,b2b50355,https://a.espncdn.com/i/headshots/cricket/players/full/b2b50355.png,https://www.espncricinfo.com/cricketers/l-balaji-b2b50355
2007/08,L Ronchi,0fa5042b,Mumbai Indians,4,34,32,2,17.0,106.25,6,1,0,,0,0,,,0,,14,7,7,0,50.0,14,0fa5042b,https://a.espncdn.com/i/headshots/cricket/players/full/0fa5042b.png,https://www.espncricinfo.com/cricketers/l-ronchi-0fa5042b
2007/08,LA Pomersbach,b63ab531,Kings XI Punjab,5,152,99,1,152.0,153.54,13,9,0,,0,0,,,0,,15,10,5,0,66.67,20,b63ab531,https://a.espncdn.com/i/headshots/cricket/players/full/b63ab531.png,https://www.espncricinfo.com/cricketers/la-pomersbach-b63ab531
2007/08,LPC Silva,1be70c88,Deccan Chargers,3,40,26,2,20.0,153.85,5,1,6,1.0,21,0,,21.0,0,0.0,14,2,12,0,14.29,4,1be70c88,https://a.espncdn.com/i/headshots/cricket/players/full/1be70c88.png,https://www.espncricinfo.com/cricketers/lpc-silva-1be70c88
2007/08,LR Shukla,b1451597,Kolkata Knight Riders,13,163,122,8,20.38,133.61,17,5,72,12.0,124,6,12.0,10.33,18,25.0,13,6,7,0,46.15,12,b1451597,https://a.espncdn.com/i/headshots/cricket/players/full/b1451597.png,https://www.espncricinfo.com/cricketers/lr-shukla-b1451597
2007/08,LRPL Taylor,b61a3e1a,Royal Challengers Bangalore,4,149,81,4,37.25,183.95,13,10,0,,0,0,,,0,,14,4,10,0,28.57,8,b61a3e1a,https://a.espncdn.com/i/headshots/cricket/players/full/b61a3e1a.png,https://www.espncricinfo.com/cricketers/lrpl-taylor-b61a3e1a
2007/08,M Kaif,d84378a4,Rajasthan Royals,16,176,170,9,19.56,103.53,14,6,0,,0,0,,,0,,16,13,3,0,81.25,26,d84378a4,https://a.espncdn.com/i/headshots/cricket/players/full/d84378a4.png,https://www.espncricinfo.com/cricketers/m-kaif-d84378a4
2007/08,M Kartik,abfeb126,Kolkata Knight Riders,6,30,27,3,10.0,111.11,3,0,88,14.67,127,3,29.33,8.66,31,35.23,13,6,7,0,46.15,12,abfeb126,https://a.espncdn.com/i/headshots/cricket/players/full/abfeb126.png,https://www.espncricinfo.com/cricketers/m-kartik-abfeb126
2007/08,M Manhas,c42aaf71,Delhi Daredevils,1,0,0,0,,,0,0,0,,0,0,,,0,,14,7,7,0,50.0,14,c42aaf71,https://a.espncdn.com/i/headshots/cricket/players/full/c42aaf71.png,https://www.espncricinfo.com/cricketers/m-manhas-c42aaf71
2007/08,M Muralitharan,4ba44e19,Chennai Super Kings,15,0,3,1,0.0,0.0,0,0,348,58.0,404,11,31.64,6.97,127,36.49,16,9,7,0,56.25,18,4ba44e19,https://a.espncdn.com/i/headshots/cricket/players/full/4ba44e19.png,https://www.espncricinfo.com/cricketers/m-muralitharan-4ba44e19
2007/08,M Ntini,20a941bb,Chennai Super Kings,9,11,18,1,11.0,61.11,2,0,210,35.0,242,7,30.0,6.91,99,47.14,16,9,7,0,56.25,18,20a941bb,https://a.espncdn.com/i/headshots/cricket/players/full/20a941bb.png,https://www.espncricinfo.com/cricketers/m-ntini-20a941bb
2007/08,M Rawat,de8d3876,Rajasthan Royals,11,34,39,4,8.5,87.18,3,1,0,,0,0,,,0,,16,13,3,0,81.25,26,de8d3876,https://a.espncdn.com/i/headshots/cricket/players/full/de8d3876.png,https://www.espncricinfo.com/cricketers/m-rawat-de8d3876
2007/08,MA Khote,0d232ffd,Mumbai Indians,4,24,22,2,12.0,109.09,2,1,30,5.0,51,2,15.0,10.2,5,16.67,14,7,7,0,50.0,14,0d232ffd,https://a.espncdn.com/i/headshots/cricket/players/full/0d232ffd.png,https://www.espncricinfo.com/cricketers/ma-khote-0d232ffd
2007/08,MEK Hussey,48fd7349,Chennai Super Kings,4,168,100,3,56.0,168.0,12,11,0,,0,0,,,0,,16,9,7,0,56.25,18,48fd7349,https://a.espncdn.com/i/headshots/cricket/players/full/48fd7349.png,https://www.espncricinfo.com/cricketers/mek-hussey-48fd7349
2007/08,MF Maharoof,ab89348d,Delhi Daredevils,10,125,79,6,20.83,158.23,10,7,216,36.0,249,15,14.4,6.92,84,38.89,14,7,7,0,50.0,14,ab89348d,https://a.espncdn.com/i/headshots/cricket/players/full/ab89348d.png,https://www.espncricinfo.com/cricketers/mf-maharoof-ab89348d
2007/08,MK Pandey,93b4fc78,Mumbai Indians,3,3,9,2,1.5,33.33,0,0,0,,0,0,,,0,,14,7,7,0,50.0,14,93b4fc78,https://a.espncdn.com/i/headshots/cricket/players/full/93b4fc78.png,https://www.espncricinfo.com/cricketers/mk-pandey-93b4fc78
2007/08,MK Tiwary,26e5cabf,Delhi Daredevils,9,104,85,3,34.67,122.35,16,0,0,,0,0,,,0,,14,7,7,0,50.0,14,26e5cabf,https://a.espncdn.com/i/headshots/cricket/players/full/26e5cabf.png,https://www.espncricinfo.com/cricketers/mk-tiwary-26e5cabf
2007/08,ML Hayden,d8699ab7,Chennai Super Kings,4,189,127,2,94.5,148.82,24,6,0,,0,0,,,0,,16,9,7,0,56.25,18,d8699ab7,https://a.espncdn.com/i/headshots/cricket/players/full/d8699ab7.png,https://www.espncricinfo.com/cricketers/ml-hayden-d8699ab7
2007/08,MM Patel,f0f628c7,Rajasthan Royals,15,0,1,0,,0.0,0,0,330,55.0,420,14,23.57,7.64,141,42.73,16,13,3,0,81.25,26,f0f628c7,https://a.espncdn.com/i/headshots/cricket/players/full/f0f628c7.png,https://www.espncricinfo.com/cricketers/mm-patel-f0f628c7
2007/08,MS Dhoni,4a8a2e3b,Chennai Super Kings,16,414,310,11,37.64,133.55,38,15,0,,0,0,,,0,,16,9,7,0,56.25,18,4a8a2e3b,https://a.espncdn.com/i/headshots/cricket/players/full/4a8a2e3b.png,https://www.espncricinfo.com/cricketers/ms-dhoni-4a8a2e3b
2007/08,MS Gony,ae78bc32,Chennai Super Kings,16,35,22,1,35.0,159.09,2,3,360,60.0,443,17,21.18,7.38,154,42.78,16,9,7,0,56.25,18,ae78bc32,https://a.espncdn.com/i/headshots/cricket/players/full/ae78bc32.png,https://www.espncricinfo.com/cricketers/ms-gony-ae78bc32
2007/08,MV Boucher,f3cb53a1,Royal Challengers Bangalore,10,225,177,8,28.12,127.12,24,6,0,,0,0,,,0,,14,4,10,0,28.57,8,f3cb53a1,https://a.espncdn.com/i/headshots/cricket/players/full/f3cb53a1.png,https://www.espncricinfo.com/cricketers/mv-boucher-f3cb53a1
2007/08,Misbah-ul-Haq,7eae4418,Royal Challengers Bangalore,8,117,81,9,13.0,144.44,10,6,0,,0,0,,,0,,14,4,10,0,28.57,8,7eae4418,https://a.espncdn.com/i/headshots/cricket/players/full/7eae4418.png,https://www.espncricinfo.com/cricketers/misbah-ul-haq-7eae4418
2007/08,Mohammad Asif,e03b66ec,Delhi Daredevils,8,3,6,2,1.5,50.0,0,0,192,32.0,296,8,24.0,9.25,64,33.33,14,7,7,0,50.0,14,e03b66ec,https://a.espncdn.com/i/headshots/cricket/players/full/e03b66ec.png,https://www.espncricinfo.com/cricketers/mohammad-asif-e03b66ec
2007/08,Mohammad Hafeez,9ab63e7b,Kolkata Knight Riders,8,64,83,8,8.0,77.11,7,2,60,10.0,68,2,30.0,6.8,22,36.67,13,6,7,0,46.15,12,9ab63e7b,https://a.espncdn.com/i/headshots/cricket/players/full/9ab63e7b.png,https://www.espncricinfo.com/cricketers/mohammad-hafeez-9ab63e7b
2007/08,NK Patel,a2870fb7,Rajasthan Royals,5,103,81,3,34.33,127.16,13,1,0,,0,0,,,0,,16,13,3,0,81.25,26,a2870fb7,https://a.espncdn.com/i/headshots/cricket/players/full/a2870fb7.png,https://www.espncricinfo.com/cricketers/nk-patel-a2870fb7
2007/08,P Amarnath,6ad3a659,Chennai Super Kings,6,0,0,0,,,0,0,132,22.0,236,7,18.86,10.73,29,21.97,16,9,7,0,56.25,18,6ad3a659,https://a.espncdn.com/i/headshots/cricket/players/full/6ad3a659.png,https://www.espncricinfo.com/cricketers/p-amarnath-6ad3a659
2007/08,P Dharmani,eaa90ab4,Kings XI Punjab,1,0,0,0,,,0,0,0,,0,0,,,0,,15,10,5,0,66.67,20,eaa90ab4,https://a.espncdn.com/i/headshots/cricket/players/full/eaa90ab4.png,https://www.espncricinfo.com/cricketers/p-dharmani-eaa90ab4
2007/08,P Kumar,e938e1bc,Royal Challengers Bangalore,13,112,98,9,12.44,114.29,10,6,268,44.67,366,11,24.36,8.19,109,40.67,14,4,10,0,28.57,8,e938e1bc,https://a.espncdn.com/i/headshots/cricket/players/full/e938e1bc.png,https://www.espncricinfo.com/cricketers/p-kumar-e938e1bc
2007/08,PA Patel,b5da6c24,Chennai Super Kings,13,302,295,11,27.45,102.37,42,3,0,,0,0,,,0,,16,9,7,0,56.25,18,b5da6c24,https://a.espncdn.com/i/headshots/cricket/players/full/b5da6c24.png,https://www.espncricinfo.com/cricketers/pa-patel-b5da6c24
2007/08,PJ Sangwan,9fc0ef64,Delhi Daredevils,7,2,5,2,1.0,40.0,0,0,144,24.0,215,5,28.8,8.96,47,32.64,14,7,7,0,50.0,14,9fc0ef64,https://a.espncdn.com/i/headshots/cricket/players/full/9fc0ef64.png,https://www.espncricinfo.com/cricketers/pj-sangwan-9fc0ef64
2007/08,PM Sarvesh Kumar,4b4d1957,Deccan Chargers,2,1,2,0,,50.0,0,0,30,5.0,42,1,30.0,8.4,11,36.67,14,2,12,0,14.29,4,4b4d1957,https://a.espncdn.com/i/headshots/cricket/players/full/4b4d1957.png,https://www.espncricinfo.com/cricketers/pm-sarvesh-kumar-4b4d1957
2007/08,PP Chawla,98ae73b1,Kings XI Punjab,15,90,58,4,22.5,155.17,10,3,281,46.83,389,17,16.53,8.31,110,39.15,15,10,5,0,66.67,20,98ae73b1,https://a.espncdn.com/i/headshots/cricket/players/full/98ae73b1.png,https://www.espncricinfo.com/cricketers/pp-chawla-98ae73b1
2007/08,PP Ojha,6c6591ab,Deccan Chargers,13,2,4,1,2.0,50.0,0,0,222,37.0,284,11,20.18,7.68,70,31.53,14,2,12,0,14.29,4,6c6591ab,https://a.espncdn.com/i/headshots/cricket/players/full/6c6591ab.png,https://www.espncricinfo.com/cricketers/pp-ojha-6c6591ab
2007/08,PR Shah,0aadc906,Mumbai Indians,5,34,34,4,8.5,100.0,4,0,0,,0,0,,,0,,14,7,7,0,50.0,14,0aadc906,https://a.espncdn.com/i/headshots/cricket/players/full/0aadc906.png,https://www.espncricinfo.com/cricketers/pr-shah-0aadc906
2007/08,Pankaj Singh,e32d22f6,Rajasthan Royals,5,5,8,0,,62.5,0,0,72,12.0,129,0,,10.75,18,25.0,16,13,3,0,81.25,26,e32d22f6,https://a.espncdn.com/i/headshots/cricket/players/full/e32d22f6.png,https://www.espncricinfo.com/cricketers/pankaj-singh-e32d22f6
2007/08,R Bhatia,33a364a6,Delhi Daredevils,9,34,28,2,17.0,121.43,2,2,132,22.0,183,6,22.0,8.32,48,36.36,14,7,7,0,50.0,14,33a364a6,https://a.espncdn.com/i/headshots/cricket/players/full/33a364a6.png,https://www.espncricinfo.com/cricketers/r-bhatia-33a364a6
2007/08,R Dravid,0184dc35,Royal Challengers Bangalore,14,371,297,14,26.5,124.92,35,11,0,,0,0,,,0,,14,4,10,0,28.57,8,0184dc35,https://a.espncdn.com/i/headshots/cricket/players/full/0184dc35.png,https://www.espncricinfo.com/cricketers/r-dravid-0184dc35
2007/08,R Vinay Kumar,41eb4a4f,Royal Challengers Bangalore,8,25,22,3,8.33,113.64,2,1,138,23.0,182,5,27.6,7.91,59,42.75,14,4,10,0,28.57,8,41eb4a4f,https://a.espncdn.com/i/headshots/cricket/players/full/41eb4a4f.png,https://www.espncricinfo.com/cricketers/r-vinay-kumar-41eb4a4f
2007/08,RA Jadeja,fe93fd9d,Rajasthan Royals,14,135,100,7,19.29,135.0,11,6,13,2.17,21,0,,9.69,6,46.15,16,13,3,0,81.25,26,fe93fd9d,https://a.espncdn.com/i/headshots/cricket/players/full/fe93fd9d.png,https://www.espncricinfo.com/cricketers/ra-jadeja-fe93fd9d
2007/08,RG Sharma,740742ef,Deccan Chargers,13,404,270,11,36.73,149.63,38,19,24,4.0,25,1,24.0,6.25,6,25.0,14,2,12,0,14.29,4,740742ef,https://a.espncdn.com/i/headshots/cricket/players/full/740742ef.png,https://www.espncricinfo.com/cricketers/rg-sharma-740742ef
2007/08,RP Singh,c3d1402f,Deccan Chargers,14,27,24,5,5.4,112.5,2,1,308,51.33,442,15,20.53,8.61,122,39.61,14,2,12,0,14.29,4,c3d1402f,https://a.espncdn.com/i/headshots/cricket/players/full/c3d1402f.png,https://www.espncricinfo.com/cricketers/rp-singh-c3d1402f
2007/08,RR Powar,5d096f3d,Kings XI Punjab,5,28,21,0,,133.33,4,1,72,12.0,91,3,24.0,7.58,30,41.67,15,10,5,0,66.67,20,5d096f3d,https://a.espncdn.com/i/headshots/cricket/players/full/5d096f3d.png,https://www.espncricinfo.com/cricketers/rr-powar-5d096f3d
2007/08,RR Raje,5f4e9e8f,Mumbai Indians,6,8,9,0,,88.89,1,0,98,16.33,137,5,19.6,8.39,28,28.57,14,7,7,0,50.0,14,5f4e9e8f,https://a.espncdn.com/i/headshots/cricket/players/full/5f4e9e8f.png,https://www.espncricinfo.com/cricketers/rr-raje-5f4e9e8f
2007/08,RR Sarwan,36d33dd0,Kings XI Punjab,4,73,75,3,24.33,97.33,6,1,0,,0,0,,,0,,15,10,5,0,66.67,20,36d33dd0,https://a.espncdn.com/i/headshots/cricket/players/full/36d33dd0.png,https://www.espncricinfo.com/cricketers/rr-sarwan-36d33dd0
2007/08,RT Ponting,7d415ea5,Kolkata Knight Riders,4,39,53,3,13.0,73.58,2,1,0,,0,0,,,0,,13,6,7,0,46.15,12,7d415ea5,https://a.espncdn.com/i/headshots/cricket/players/full/7d415ea5.png,https://www.espncricinfo.com/cricketers/rt-ponting-7d415ea5
2007/08,RV Pawar,c9d33ef5,Mumbai Indians,1,0,0,0,,,0,0,0,,0,0,,,0,,14,7,7,0,50.0,14,c9d33ef5,https://a.espncdn.com/i/headshots/cricket/players/full/c9d33ef5.png,https://www.espncricinfo.com/cricketers/rv-pawar-c9d33ef5
2007/08,RV Uthappa,1c17e270,Mumbai Indians,14,320,274,12,26.67,116.79,34,9,0,,0,0,,,0,,14,7,7,0,50.0,14,1c17e270,https://a.espncdn.com/i/headshots/cricket/players/full/1c17e270.png,https://www.espncricinfo.com/cricketers/rv-uthappa-1c17e270
2007/08,S Anirudha,95a2ea61,Chennai Super Kings,1,1,7,1,1.0,14.29,0,0,0,,0,0,,,0,,16,9,7,0,56.25,18,95a2ea61,https://a.espncdn.com/i/headshots/cricket/players/full/95a2ea61.png,https://www.espncricinfo.com/cricketers/s-anirudha-95a2ea61
2007/08,S Badrinath,3576e47e,Chennai Super Kings,16,192,130,6,32.0,147.69,21,8,0,,0,0,,,0,,16,9,7,0,56.25,18,3576e47e,https://a.espncdn.com/i/headshots/cricket/players/full/3576e47e.png,https://www.espncricinfo.com/cricketers/s-badrinath-3576e47e
2007/08,S Chanderpaul,881a9bdd,Royal Challengers Bangalore,3,25,31,3,8.33,80.65,4,0,0,,0,0,,,0,,14,4,10,0,28.57,8,881a9bdd,https://a.espncdn.com/i/headshots/cricket/players/full/881a9bdd.png,https://www.espncricinfo.com/cricketers/s-chanderpaul-881a9bdd
2007/08,S Dhawan,0a476045,Delhi Daredevils,14,340,295,10,34.0,115.25,35,8,0,,0,0,,,0,,14,7,7,0,50.0,14,0a476045,https://a.espncdn.com/i/headshots/cricket/players/full/0a476045.png,https://www.espncricinfo.com/cricketers/s-dhawan-0a476045
2007/08,S Sohal,3fca55af,Kings XI Punjab,2,4,8,2,2.0,50.0,0,0,0,,0,0,,,0,,15,10,5,0,66.67,20,3fca55af,https://a.espncdn.com/i/headshots/cricket/players/full/3fca55af.png,https://www.espncricinfo.com/cricketers/s-sohal-3fca55af
2007/08,S Sreesanth,6b8eb6e5,Kings XI Punjab,15,0,3,1,0.0,0.0,0,0,307,51.17,442,19,16.16,8.64,132,43.0,15,10,5,0,66.67,20,6b8eb6e5,https://a.espncdn.com/i/headshots/cricket/players/full/6b8eb6e5.png,https://www.espncricinfo.com/cricketers/s-sreesanth-6b8eb6e5
2007/08,S Vidyut,756389bd,Chennai Super Kings,9,145,109,8,18.12,133.03,21,3,12,2.0,22,1,12.0,11.0,5,41.67,16,9,7,0,56.25,18,756389bd,https://a.espncdn.com/i/headshots/cricket/players/full/756389bd.png,https://www.espncricinfo.com/cricketers/s-vidyut-756389bd
2007/08,SA Asnodkar,ae091d39,Rajasthan Royals,9,311,231,9,34.56,134.63,43,6,0,,0,0,,,0,,16,13,3,0,81.25,26,ae091d39,https://a.espncdn.com/i/headshots/cricket/players/full/ae091d39.png,https://www.espncricinfo.com/cricketers/sa-asnodkar-ae091d39
2007/08,SB Bangar,0604ef16,Deccan Chargers,11,47,49,5,9.4,95.92,1,3,150,25.0,219,4,37.5,8.76,55,36.67,14,2,12,0,14.29,4,0604ef16,https://a.espncdn.com/i/headshots/cricket/players/full/0604ef16.png,https://www.espncricinfo.com/cricketers/sb-bangar-0604ef16
2007/08,SB Joshi,670709ec,Royal Challengers Bangalore,4,6,14,2,3.0,42.86,0,0,55,9.17,82,1,55.0,8.95,18,32.73,14,4,10,0,28.57,8,670709ec,https://a.espncdn.com/i/headshots/cricket/players/full/670709ec.png,https://www.espncricinfo.com/cricketers/sb-joshi-670709ec
2007/08,SB Styris,57efa3be,Deccan Chargers,8,112,122,6,18.67,91.8,9,2,162,27.0,199,3,54.0,7.37,61,37.65,14,2,12,0,14.29,4,57efa3be,https://a.espncdn.com/i/headshots/cricket/players/full/57efa3be.png,https://www.espncricinfo.com/cricketers/sb-styris-57efa3be
2007/08,SC Ganguly,725529bc,Kolkata Knight Riders,13,349,305,14,24.93,114.43,33,15,120,20.0,128,6,20.0,6.4,46,38.33,13,6,7,0,46.15,12,725529bc,https://a.espncdn.com/i/headshots/cricket/players/full/725529bc.png,https://www.espncricinfo.com/cricketers/sc-ganguly-725529bc
2007/08,SD Chitnis,facb9086,Mumbai Indians,3,18,9,2,9.0,200.0,1,1,36,6.0,60,2,18.0,10.0,9,25.0,14,7,7,0,50.0,14,facb9086,https://a.espncdn.com/i/headshots/cricket/players/full/facb9086.png,https://www.espncricinfo.com/cricketers/sd-chitnis-facb9086
2007/08,SE Marsh,508a1ea7,Kings XI Punjab,11,616,440,10,61.6,140.0,59,26,0,,0,0,,,0,,15,10,5,0,66.67,20,508a1ea7,https://a.espncdn.com/i/headshots/cricket/players/full/508a1ea7.png,https://www.espncricinfo.com/cricketers/se-marsh-508a1ea7
2007/08,SK Raina,1dc12ab9,Chennai Super Kings,16,421,294,9,46.78,143.2,35,18,20,3.33,30,1,20.0,9.0,4,20.0,16,9,7,0,56.25,18,1dc12ab9,https://a.espncdn.com/i/headshots/cricket/players/full/1dc12ab9.png,https://www.espncricinfo.com/cricketers/sk-raina-1dc12ab9
2007/08,SK Trivedi,3d7e087f,Rajasthan Royals,15,5,12,1,5.0,41.67,0,0,288,48.0,399,13,22.15,8.31,102,35.42,16,13,3,0,81.25,26,3d7e087f,https://a.espncdn.com/i/headshots/cricket/players/full/3d7e087f.png,https://www.espncricinfo.com/cricketers/sk-trivedi-3d7e087f
2007/08,SK Warne,bb18be76,Rajasthan Royals,15,70,58,7,10.0,120.69,7,2,312,52.0,404,19,16.42,7.77,107,34.29,16,13,3,0,81.25,26,bb18be76,https://a.espncdn.com/i/headshots/cricket/players/full/bb18be76.png,https://www.espncricinfo.com/cricketers/sk-warne-bb18be76
2007/08,SM Katich,fdedb37c,Kings XI Punjab,2,96,68,1,96.0,141.18,11,2,0,,0,0,,,0,,15,10,5,0,66.67,20,fdedb37c,https://a.espncdn.com/i/headshots/cricket/players/full/fdedb37c.png,https://www.espncricinfo.com/cricketers/sm-katich-fdedb37c
2007/08,SM Pollock,88fccd6c,Mumbai Indians,13,147,111,8,18.38,132.43,12,8,276,46.0,301,11,25.09,6.54,130,47.1,14,7,7,0,50.0,14,88fccd6c,https://a.espncdn.com/i/headshots/cricket/players/full/88fccd6c.png,https://www.espncricinfo.com/cricketers/sm-pollock-88fccd6c
2007/08,SP Fleming,eea6b7f1,Chennai Super Kings,10,196,162,9,21.78,120.99,27,3,0,,0,0,,,0,,16,9,7,0,56.25,18,eea6b7f1,https://a.espncdn.com/i/headshots/cricket/players/full/eea6b7f1.png,https://www.espncricinfo.com/cricketers/sp-fleming-eea6b7f1
2007/08,SP Goswami,541f85c9,Royal Challengers Bangalore,4,82,85,3,27.33,96.47,9,1,0,,0,0,,,0,,14,4,10,0,28.57,8,541f85c9,https://a.espncdn.com/i/headshots/cricket/players/full/541f85c9.png,https://www.espncricinfo.com/cricketers/sp-goswami-541f85c9
2007/08,SR Tendulkar,d2c2b2d5,Mumbai Indians,7,188,177,6,31.33,106.21,26,2,0,,0,0,,,0,,14,7,7,0,50.0,14,d2c2b2d5,https://a.espncdn.com/i/headshots/cricket/players/full/d2c2b2d5.png,https://www.espncricinfo.com/cricketers/sr-tendulkar-d2c2b2d5
2007/08,SR Watson,4329fbb5,Rajasthan Royals,15,472,307,10,47.2,153.75,47,19,325,54.17,383,17,19.12,7.07,158,48.62,16,13,3,0,81.25,26,4329fbb5,https://a.espncdn.com/i/headshots/cricket/players/full/4329fbb5.png,https://www.espncricinfo.com/cricketers/sr-watson-4329fbb5
2007/08,SS Tiwary,709b0bac,Mumbai Indians,3,26,20,2,13.0,130.0,3,1,0,,0,0,,,0,,14,7,7,0,50.0,14,709b0bac,https://a.espncdn.com/i/headshots/cricket/players/full/709b0bac.png,https://www.espncricinfo.com/cricketers/ss-tiwary-709b0bac
2007/08,ST Jayasuriya,f233bbb4,Mumbai Indians,14,514,308,13,39.54,166.88,57,31,126,21.0,159,4,31.5,7.57,36,28.57,14,7,7,0,50.0,14,f233bbb4,https://a.espncdn.com/i/headshots/cricket/players/full/f233bbb4.png,https://www.espncricinfo.com/cricketers/st-jayasuriya-f233bbb4
2007/08,Salman Butt,4d6d6280,Kolkata Knight Riders,7,193,160,7,27.57,120.62,30,2,0,,0,0,,,0,,13,6,7,0,46.15,12,4d6d6280,https://a.espncdn.com/i/headshots/cricket/players/full/4d6d6280.png,https://www.espncricinfo.com/cricketers/salman-butt-4d6d6280
2007/08,Shahid Afridi,0dc00542,Deccan Chargers,10,81,46,8,10.12,176.09,7,6,180,30.0,225,9,20.0,7.5,57,31.67,14,2,12,0,14.29,4,0dc00542,https://a.espncdn.com/i/headshots/cricket/players/full/0dc00542.png,https://www.espncricinfo.com/cricketers/shahid-afridi-0dc00542
2007/08,Shoaib Akhtar,10a91f35,Kolkata Knight Riders,3,2,7,1,2.0,28.57,0,0,42,7.0,54,5,8.4,7.71,23,54.76,13,6,7,0,46.15,12,10a91f35,https://a.espncdn.com/i/headshots/cricket/players/full/10a91f35.png,https://www.espncricinfo.com/cricketers/shoaib-akhtar-10a91f35
2007/08,Shoaib Malik,64c34cd0,Delhi Daredevils,7,52,46,4,13.0,113.04,5,0,51,8.5,85,2,25.5,10.0,15,29.41,14,7,7,0,50.0,14,64c34cd0,https://a.espncdn.com/i/headshots/cricket/players/full/64c34cd0.png,https://www.espncricinfo.com/cricketers/shoaib-malik-64c34cd0
2007/08,Sohail Tanvir,64d43928,Rajasthan Royals,11,36,28,3,12.0,128.57,3,1,247,41.17,266,22,11.23,6.46,121,48.99,16,13,3,0,81.25,26,64d43928,https://a.espncdn.com/i/headshots/cricket/players/full/64d43928.png,https://www.espncricinfo.com/cricketers/sohail-tanvir-64d43928
2007/08,T Kohli,40caa465,Rajasthan Royals,2,10,15,2,5.0,66.67,0,1,0,,0,0,,,0,,16,13,3,0,81.25,26,40caa465,https://a.espncdn.com/i/headshots/cricket/players/full/40caa465.png,https://www.espncricinfo.com/cricketers/t-kohli-40caa465
2007/08,T Taibu,75de770f,Kolkata Knight Riders,3,31,26,3,10.33,119.23,3,0,0,,0,0,,,0,,13,6,7,0,46.15,12,75de770f,https://a.espncdn.com/i/headshots/cricket/players/full/75de770f.png,https://www.espncricinfo.com/cricketers/t-taibu-75de770f
2007/08,TM Dilshan,5bdcdb72,Delhi Daredevils,7,104,78,4,26.0,133.33,14,3,6,1.0,3,1,6.0,3.0,3,50.0,14,7,7,0,50.0,14,5bdcdb72,https://a.espncdn.com/i/headshots/cricket/players/full/5bdcdb72.png,https://www.espncricinfo.com/cricketers/tm-dilshan-5bdcdb72
2007/08,TM Srivastava,a76d10ba,Kings XI Punjab,5,8,10,1,8.0,80.0,0,0,0,,0,0,,,0,,15,10,5,0,66.67,20,a76d10ba,https://a.espncdn.com/i/headshots/cricket/players/full/a76d10ba.png,https://www.espncricinfo.com/cricketers/tm-srivastava-a76d10ba
2007/08,U Kaul,622cc511,Kings XI Punjab,5,0,1,0,,0.0,0,0,0,,0,0,,,0,,15,10,5,0,66.67,20,622cc511,https://a.espncdn.com/i/headshots/cricket/players/full/622cc511.png,https://www.espncricinfo.com/cricketers/u-kaul-622cc511
2007/08,Umar Gul,16dfcc19,Kolkata Knight Riders,6,39,19,3,13.0,205.26,1,5,135,22.5,184,12,11.25,8.18,51,37.78,13,6,7,0,46.15,12,16dfcc19,https://a.espncdn.com/i/headshots/cricket/players/full/16dfcc19.png,https://www.espncricinfo.com/cricketers/umar-gul-16dfcc19
2007/08,V Kohli,ba607b88,Royal Challengers Bangalore,13,165,157,12,13.75,105.1,18,4,46,7.67,61,2,23.0,7.96,7,15.22,14,4,10,0,28.57,8,ba607b88,https://a.espncdn.com/i/headshots/cricket/players/full/ba607b88.png,https://www.espncricinfo.com/cricketers/v-kohli-ba607b88
2007/08,V Sehwag,8ba8195d,Delhi Daredevils,14,406,216,12,33.83,187.96,46,21,66,11.0,133,3,22.0,12.09,18,27.27,14,7,7,0,50.0,14,8ba8195d,https://a.espncdn.com/i/headshots/cricket/players/full/8ba8195d.png,https://www.espncricinfo.com/cricketers/v-sehwag-8ba8195d
2007/08,VRV Singh,034b4b7d,Kings XI Punjab,13,4,3,1,4.0,133.33,1,0,288,48.0,420,11,26.18,8.75,94,32.64,15,10,5,0,66.67,20,034b4b7d,https://a.espncdn.com/i/headshots/cricket/players/full/034b4b7d.png,https://www.espncricinfo.com/cricketers/vrv-singh-034b4b7d
2007/08,VS Yeligati,38f2c66c,Mumbai Indians,2,2,2,1,2.0,100.0,0,0,30,5.0,59,0,,11.8,6,20.0,14,7,7,0,50.0,14,38f2c66c,https://a.espncdn.com/i/headshots/cricket/players/full/38f2c66c.png,https://www.espncricinfo.com/cricketers/vs-yeligati-38f2c66c
2007/08,VVS Laxman,de8cce37,Deccan Chargers,6,155,132,5,31.0,117.42,22,1,0,,0,0,,,0,,14,2,12,0,14.29,4,de8cce37,https://a.espncdn.com/i/headshots/cricket/players/full/de8cce37.png,https://www.espncricinfo.com/cricketers/vvs-laxman-de8cce37
2007/08,VY Mahesh,93a17209,Delhi Daredevils,11,15,27,2,7.5,55.56,0,0,253,42.17,370,16,15.81,8.77,94,37.15,14,7,7,0,50.0,14,93a17209,https://a.espncdn.com/i/headshots/cricket/players/full/93a17209.png,https://www.espncricinfo.com/cricketers/vy-mahesh-93a17209
2007/08,W Jaffer,619aa81f,Royal Challengers Bangalore,6,115,104,5,23.0,110.58,12,3,0,,0,0,,,0,,14,4,10,0,28.57,8,619aa81f,https://a.espncdn.com/i/headshots/cricket/players/full/619aa81f.png,https://www.espncricinfo.com/cricketers/w-jaffer-619aa81f
2007/08,WA Mota,3dba85c2,Kings XI Punjab,4,26,27,1,26.0,96.3,2,0,18,3.0,36,1,18.0,12.0,3,16.67,15,10,5,0,66.67,20,3dba85c2,https://a.espncdn.com/i/headshots/cricket/players/full/3dba85c2.png,https://www.espncricinfo.com/cricketers/wa-mota-3dba85c2
2007/08,WP Saha,fe11caa6,Kolkata Knight Riders,12,159,119,6,26.5,133.61,12,7,0,,0,0,,,0,,13,6,7,0,46.15,12,fe11caa6,https://a.espncdn.com/i/headshots/cricket/players/full/fe11caa6.png,https://www.espncricinfo.com/cricketers/wp-saha-fe11caa6
2007/08,WPUJC Vaas,bcce309e,Deccan Chargers,5,21,17,2,10.5,123.53,0,1,102,17.0,145,5,20.4,8.53,41,40.2,14,2,12,0,14.29,4,bcce309e,https://a.espncdn.com/i/headshots/cricket/players/full/bcce309e.png,https://www.espncricinfo.com/cricketers/wpujc-vaas-bcce309e
2007/08,Y Venugopal Rao,fe763256,Deccan Chargers,11,288,207,8,36.0,139.13,22,15,84,14.0,137,2,42.0,9.79,22,26.19,14,2,12,0,14.29,4,fe763256,https://a.espncdn.com/i/headshots/cricket/players/full/fe763256.png,https://www.espncricinfo.com/cricketers/y-venugopal-rao-fe763256
2007/08,YK Pathan,3c6ffae8,Rajasthan Royals,16,435,239,12,36.25,182.01,43,25,169,28.17,230,8,21.12,8.17,59,34.91,16,13,3,0,81.25,26,3c6ffae8,https://a.espncdn.com/i/headshots/cricket/players/full/3c6ffae8.png,https://www.espncricinfo.com/cricketers/yk-pathan-3c6ffae8
2007/08,YV Takawale,4e04666c,Mumbai Indians,7,70,64,2,35.0,109.38,7,2,0,,0,0,,,0,,14,7,7,0,50.0,14,4e04666c,https://a.espncdn.com/i/headshots/cricket/players/full/4e04666c.png,https://www.espncricinfo.com/cricketers/yv-takawale-4e04666c
2007/08,Younis Khan,33cb3411,Rajasthan Royals,1,3,7,1,3.0,42.86,0,0,0,,0,0,,,0,,16,13,3,0,81.25,26,33cb3411,https://a.espncdn.com/i/headshots/cricket/players/full/33cb3411.png,https://www.espncricinfo.com/cricketers/younis-khan-33cb3411
2007/08,Yuvraj Singh,1c914163,Kings XI Punjab,15,299,184,12,24.92,162.5,24,19,54,9.0,83,3,18.0,9.22,12,22.22,15,10,5,0,66.67,20,1c914163,https://a.espncdn.com/i/headshots/cricket/players/full/1c914163.png,https://www.espncricinfo.com/cricketers/yuvraj-singh-1c914163
2007/08,Z Khan,91a4a398,Royal Challengers Bangalore,11,34,42,4,8.5,80.95,4,0,252,42.0,357,13,19.38,8.5,100,39.68,14,4,10,0,28.57,8,91a4a398,https://a.espncdn.com/i/headshots/cricket/players/full/91a4a398.png,https://www.espncricinfo.com/cricketers/z-khan-91a4a398
2009,A Chopra,e249fdaa,Kolkata Knight Riders,2,11,19,1,11.0,57.89,2,0,0,,0,0,,,0,,13,3,9,1,25.0,7,e249fdaa,https://a.espncdn.com/i/headshots/cricket/players/full/e249fdaa.png,https://www.espncricinfo.com/cricketers/a-chopra-e249fdaa
2009,A Flintoff,ddc0828d,Chennai Super Kings,3,62,53,2,31.0,116.98,5,2,66,11.0,105,2,33.0,9.55,20,30.3,14,8,6,0,57.14,16,ddc0828d,https://a.espncdn.com/i/headshots/cricket/players/full/ddc0828d.png,https://www.espncricinfo.com/cricketers/a-flintoff-ddc0828d
2009,A Kumble,0c2730df,Royal Challengers Bangalore,16,16,19,1,16.0,84.21,2,0,355,59.17,347,21,16.9,5.86,138,38.87,16,9,7,0,56.25,18,0c2730df,https://a.espncdn.com/i/headshots/cricket/players/full/0c2730df.png,https://www.espncricinfo.com/cricketers/a-kumble-0c2730df
2009,A Mishra,6b19d823,Delhi Daredevils,11,26,20,2,13.0,130.0,2,2,253,42.17,294,14,18.07,6.97,98,38.74,15,10,5,0,66.67,20,6b19d823,https://a.espncdn.com/i/headshots/cricket/players/full/6b19d823.png,https://www.espncricinfo.com/cricketers/a-mishra-6b19d823
2009,A Mithun,66cf56a5,Royal Challengers Bangalore,1,0,0,0,,,0,0,24,4.0,42,0,,10.5,7,29.17,16,9,7,0,56.25,18,66cf56a5,https://a.espncdn.com/i/headshots/cricket/players/full/66cf56a5.png,https://www.espncricinfo.com/cricketers/a-mithun-66cf56a5
2009,A Nehra,96fd40ae,Delhi Daredevils,13,1,1,0,,100.0,0,0,306,51.0,346,19,16.11,6.78,139,45.42,15,10,5,0,66.67,20,96fd40ae,https://a.espncdn.com/i/headshots/cricket/players/full/96fd40ae.png,https://www.espncricinfo.com/cricketers/a-nehra-96fd40ae
2009,A Singh,5b040b81,Rajasthan Royals,5,1,3,1,1.0,33.33,0,0,105,17.5,95,9,11.67,5.43,56,53.33,13,5,7,1,41.67,11,5b040b81,https://a.espncdn.com/i/headshots/cricket/players/full/5b040b81.png,https://www.espncricinfo.com/cricketers/a-singh-5b040b81
2009,A Symonds,bd77eb62,Deccan Chargers,8,249,163,8,31.12,152.76,15,11,144,24.0,160,7,20.57,6.67,65,45.14,16,9,7,0,56.25,18,bd77eb62,https://a.espncdn.com/i/headshots/cricket/players/full/bd77eb62.png,https://www.espncricinfo.com/cricketers/a-symonds-bd77eb62
2009,AA Bilakhia,bff458c6,Deccan Chargers,6,67,80,4,16.75,83.75,5,0,0,,0,0,,,0,,16,9,7,0,56.25,18,bff458c6,https://a.espncdn.com/i/headshots/cricket/players/full/bff458c6.png,https://www.espncricinfo.com/cricketers/aa-bilakhia-bff458c6
2009,AB Agarkar,fa463154,Kolkata Knight Riders,11,66,57,2,33.0,115.79,3,3,186,31.0,284,6,31.0,9.16,65,34.95,13,3,9,1,25.0,7,fa463154,https://a.espncdn.com/i/headshots/cricket/players/full/fa463154.png,https://www.espncricinfo.com/cricketers/ab-agarkar-fa463154
2009,AB Dinda,66b30f71,Kolkata Knight Riders,9,2,3,2,1.0,66.67,0,0,144,24.0,193,4,36.0,8.04,67,46.53,13,3,9,1,25.0,7,66b30f71,https://a.espncdn.com/i/headshots/cricket/players/full/66b30f71.png,https://www.espncricinfo.com/cricketers/ab-dinda-66b30f71
2009,AB McDonald,16043342,Delhi Daredevils,1,3,4,1,3.0,75.0,0,0,18,3.0,22,0,,7.33,2,11.11,15,10,5,0,66.67,20,16043342,https://a.espncdn.com/i/headshots/cricket/players/full/16043342.png,https://www.espncricinfo.com/cricketers/ab-mcdonald-16043342
2009,AB de Villiers,c4487b84,Delhi Daredevils,15,465,354,9,51.67,131.36,39,12,0,,0,0,,,0,,15,10,5,0,66.67,20,c4487b84,https://a.espncdn.com/i/headshots/cricket/players/full/c4487b84.png,https://www.espncricinfo.com/cricketers/ab-de-villiers-c4487b84
2009,AC Gilchrist,2b6e6dec,Deccan Chargers,16,495,322,16,30.94,153.73,54,29,0,,0,0,,,0,,16,9,7,0,56.25,18,2b6e6dec,https://a.espncdn.com/i/headshots/cricket/players/full/2b6e6dec.png,https://www.espncricinfo.com/cricketers/ac-gilchrist-2b6e6dec
2009,AD Mascarenhas,3edb58fc,Rajasthan Royals,5,39,39,4,9.75,100.0,4,0,116,19.33,132,6,19.33,6.83,58,50.0,13,5,7,1,41.67,11,3edb58fc,https://a.espncdn.com/i/headshots/cricket/players/full/3edb58fc.png,https://www.espncricinfo.com/cricketers/ad-mascarenhas-3edb58fc
2009,AD Mathews,896d78ad,Kolkata Knight Riders,1,16,13,1,16.0,123.08,2,0,14,2.33,31,0,,13.29,2,14.29,13,3,9,1,25.0,7,896d78ad,https://a.espncdn.com/i/headshots/cricket/players/full/896d78ad.png,https://www.espncricinfo.com/cricketers/ad-mathews-896d78ad
2009,AM Nayar,a45a5e8d,Mumbai Indians,13,193,151,10,19.3,127.81,14,7,72,12.0,84,4,18.0,7.0,27,37.5,13,5,8,0,38.46,10,a45a5e8d,https://a.espncdn.com/i/headshots/cricket/players/full/a45a5e8d.png,https://www.espncricinfo.com/cricketers/am-nayar-a45a5e8d
2009,AM Rahane,29e95537,Mumbai Indians,8,144,121,6,24.0,119.01,12,3,6,1.0,5,1,6.0,5.0,2,33.33,13,5,8,0,38.46,10,29e95537,https://a.espncdn.com/i/headshots/cricket/players/full/29e95537.png,https://www.espncricinfo.com/cricketers/am-rahane-29e95537
2009,AM Salvi,260fd380,Delhi Daredevils,5,0,0,0,,,0,0,102,17.0,134,4,25.5,7.88,40,39.22,15,10,5,0,66.67,20,260fd380,https://a.espncdn.com/i/headshots/cricket/players/full/260fd380.png,https://www.espncricinfo.com/cricketers/am-salvi-260fd380
2009,AN Ghosh,7023d182,Kolkata Knight Riders,2,7,8,2,3.5,87.5,1,0,0,,0,0,,,0,,13,3,9,1,25.0,7,7023d182,https://a.espncdn.com/i/headshots/cricket/players/full/7023d182.png,https://www.espncricinfo.com/cricketers/an-ghosh-7023d182
2009,AS Raut,c69a7b5c,Rajasthan Royals,9,78,61,5,15.6,127.87,5,3,24,4.0,36,0,,9.0,4,16.67,13,5,7,1,41.67,11,c69a7b5c,https://a.espncdn.com/i/headshots/cricket/players/full/c69a7b5c.png,https://www.espncricinfo.com/cricketers/as-raut-c69a7b5c
2009,Anureet Singh,69be866a,Kolkata Knight Riders,3,0,0,0,,,0,0,30,5.0,47,2,15.0,9.4,16,53.33,13,3,9,1,25.0,7,69be866a,https://a.espncdn.com/i/headshots/cricket/players/full/69be866a.png,https://www.espncricinfo.com/cricketers/anureet-singh-69be866a
2009,B Akhil,af7dadf7,Royal Challengers Bangalore,6,17,15,3,5.67,113.33,1,1,66,11.0,80,4,16.5,7.27,19,28.79,16,9,7,0,56.25,18,af7dadf7,https://a.espncdn.com/i/headshots/cricket/players/full/af7dadf7.png,https://www.espncricinfo.com/cricketers/b-akhil-af7dadf7
2009,B Lee,dd09ff8e,Kings XI Punjab,5,28,34,2,14.0,82.35,2,1,120,20.0,111,5,24.0,5.55,69,57.5,14,7,7,0,50.0,14,dd09ff8e,https://a.espncdn.com/i/headshots/cricket/players/full/dd09ff8e.png,https://www.espncricinfo.com/cricketers/b-lee-dd09ff8e
2009,BAW Mendis,ea0cdc12,Kolkata Knight Riders,4,0,1,1,0.0,0.0,0,0,100,16.67,135,3,33.33,8.1,26,26.0,13,3,9,1,25.0,7,ea0cdc12,https://a.espncdn.com/i/headshots/cricket/players/full/ea0cdc12.png,https://www.espncricinfo.com/cricketers/baw-mendis-ea0cdc12
2009,BB McCullum,b8a55852,Kolkata Knight Riders,13,286,236,12,23.83,121.19,27,12,0,,0,0,,,0,,13,3,9,1,25.0,7,b8a55852,https://a.espncdn.com/i/headshots/cricket/players/full/b8a55852.png,https://www.espncricinfo.com/cricketers/bb-mccullum-b8a55852
2009,BJ Hodge,b57f8a9a,Kolkata Knight Riders,12,365,309,10,36.5,118.12,34,9,120,20.0,161,7,17.14,8.05,34,28.33,13,3,9,1,25.0,7,b57f8a9a,https://a.espncdn.com/i/headshots/cricket/players/full/b57f8a9a.png,https://www.espncricinfo.com/cricketers/bj-hodge-b57f8a9a
2009,C Nanda,f24ca2ba,Mumbai Indians,3,0,1,1,0.0,0.0,0,0,48,8.0,57,2,24.0,7.12,13,27.08,13,5,8,0,38.46,10,f24ca2ba,https://a.espncdn.com/i/headshots/cricket/players/full/f24ca2ba.png,https://www.espncricinfo.com/cricketers/c-nanda-f24ca2ba
2009,CH Gayle,db584dad,Kolkata Knight Riders,7,184,148,7,26.29,124.32,18,10,113,18.83,144,1,113.0,7.65,32,28.32,13,3,9,1,25.0,7,db584dad,https://a.espncdn.com/i/headshots/cricket/players/full/db584dad.png,https://www.espncricinfo.com/cricketers/ch-gayle-db584dad
2009,CK Langeveldt,d1c94b25,Kolkata Knight Riders,1,0,0,0,,,0,0,24,4.0,15,3,8.0,3.75,16,66.67,13,3,9,1,25.0,7,d1c94b25,https://a.espncdn.com/i/headshots/cricket/players/full/d1c94b25.png,https://www.espncricinfo.com/cricketers/ck-langeveldt-d1c94b25
2009,D du Preez,d7a57f75,Royal Challengers Bangalore,2,10,13,1,10.0,76.92,0,0,42,7.0,56,4,10.5,8.0,18,42.86,16,9,7,0,56.25,18,d7a57f75,https://a.espncdn.com/i/headshots/cricket/players/full/d7a57f75.png,https://www.espncricinfo.com/cricketers/d-du-preez-d7a57f75
2009,DA Warner,dcce6f09,Delhi Daredevils,7,163,132,7,23.29,123.48,16,5,0,,0,0,,,0,,15,10,5,0,66.67,20,dcce6f09,https://a.espncdn.com/i/headshots/cricket/players/full/dcce6f09.png,https://www.espncricinfo.com/cricketers/da-warner-dcce6f09
2009,DB Ravi Teja,b720a5d6,Deccan Chargers,9,65,70,4,16.25,92.86,7,0,0,,0,0,,,0,,16,9,7,0,56.25,18,b720a5d6,https://a.espncdn.com/i/headshots/cricket/players/full/b720a5d6.png,https://www.espncricinfo.com/cricketers/db-ravi-teja-b720a5d6
2009,DJ Bravo,87e562a9,Mumbai Indians,11,218,201,8,27.25,108.46,15,8,199,33.17,259,11,18.09,7.81,89,44.72,13,5,8,0,38.46,10,87e562a9,https://a.espncdn.com/i/headshots/cricket/players/full/87e562a9.png,https://www.espncricinfo.com/cricketers/dj-bravo-87e562a9
2009,DJ Hussey,fd835ab3,Kolkata Knight Riders,4,98,57,3,32.67,171.93,7,6,24,4.0,34,0,,8.5,7,29.17,13,3,9,1,25.0,7,fd835ab3,https://a.espncdn.com/i/headshots/cricket/players/full/fd835ab3.png,https://www.espncricinfo.com/cricketers/dj-hussey-fd835ab3
2009,DL Vettori,d7c6af50,Delhi Daredevils,7,34,31,2,17.0,109.68,3,0,139,23.17,181,7,19.86,7.81,48,34.53,15,10,5,0,66.67,20,d7c6af50,https://a.espncdn.com/i/headshots/cricket/players/full/d7c6af50.png,https://www.espncricinfo.com/cricketers/dl-vettori-d7c6af50
2009,DP Nannes,c404f58a,Delhi Daredevils,13,0,0,0,,,0,0,297,49.5,372,15,19.8,7.52,135,45.45,15,10,5,0,66.67,20,c404f58a,https://a.espncdn.com/i/headshots/cricket/players/full/c404f58a.png,https://www.espncricinfo.com/cricketers/dp-nannes-c404f58a
2009,DPMD Jayawardene,d18f9182,Kings XI Punjab,10,219,165,7,31.29,132.73,17,7,0,,0,0,,,0,,14,7,7,0,50.0,14,d18f9182,https://a.espncdn.com/i/headshots/cricket/players/full/d18f9182.png,https://www.espncricinfo.com/cricketers/dpmd-jayawardene-d18f9182
2009,DR Smith,35205dfc,Deccan Chargers,8,215,131,8,26.88,164.12,12,15,84,14.0,124,1,84.0,8.86,26,30.95,16,9,7,0,56.25,18,35205dfc,https://a.espncdn.com/i/headshots/cricket/players/full/35205dfc.png,https://www.espncricinfo.com/cricketers/dr-smith-35205dfc
2009,DS Kulkarni,d2a989fc,Mumbai Indians,8,9,17,2,4.5,52.94,0,0,156,26.0,206,5,31.2,7.92,65,41.67,13,5,8,0,38.46,10,d2a989fc,https://a.espncdn.com/i/headshots/cricket/players/full/d2a989fc.png,https://www.espncricinfo.com/cricketers/ds-kulkarni-d2a989fc
2009,DW Steyn,8fd1a8f5,Royal Challengers Bangalore,3,0,3,1,0.0,0.0,0,0,54,9.0,62,2,27.0,6.89,27,50.0,16,9,7,0,56.25,18,8fd1a8f5,https://a.espncdn.com/i/headshots/cricket/players/full/8fd1a8f5.png,https://www.espncricinfo.com/cricketers/dw-steyn-8fd1a8f5
2009,FH Edwards,a7c226e1,Deccan Chargers,6,4,5,1,4.0,80.0,0,0,140,23.33,154,5,28.0,6.6,70,50.0,16,9,7,0,56.25,18,a7c226e1,https://a.espncdn.com/i/headshots/cricket/players/full/a7c226e1.png,https://www.espncricinfo.com/cricketers/fh-edwards-a7c226e1
2009,G Gambhir,bb345e0b,Delhi Daredevils,15,286,276,13,22.0,103.62,32,2,0,,0,0,,,0,,15,10,5,0,66.67,20,bb345e0b,https://a.espncdn.com/i/headshots/cricket/players/full/bb345e0b.png,https://www.espncricinfo.com/cricketers/g-gambhir-bb345e0b
2009,GC Smith,72861603,Rajasthan Royals,12,212,213,11,19.27,99.53,27,1,0,,0,0,,,0,,13,5,7,1,41.67,11,72861603,https://a.espncdn.com/i/headshots/cricket/players/full/72861603.png,https://www.espncricinfo.com/cricketers/gc-smith-72861603
2009,GJ Bailey,5056011d,Chennai Super Kings,3,45,39,3,15.0,115.38,7,0,0,,0,0,,,0,,14,8,6,0,57.14,16,5056011d,https://a.espncdn.com/i/headshots/cricket/players/full/5056011d.png,https://www.espncricinfo.com/cricketers/gj-bailey-5056011d
2009,GR Napier,611926bc,Mumbai Indians,1,15,16,1,15.0,93.75,1,0,24,4.0,27,1,24.0,6.75,8,33.33,13,5,8,0,38.46,10,611926bc,https://a.espncdn.com/i/headshots/cricket/players/full/611926bc.png,https://www.espncricinfo.com/cricketers/gr-napier-611926bc
2009,HH Gibbs,e1d1b294,Deccan Chargers,14,371,330,11,33.73,112.42,32,12,0,,0,0,,,0,,16,9,7,0,56.25,18,e1d1b294,https://a.espncdn.com/i/headshots/cricket/players/full/e1d1b294.png,https://www.espncricinfo.com/cricketers/hh-gibbs-e1d1b294
2009,Harbhajan Singh,8b5b6769,Mumbai Indians,13,84,53,9,9.33,158.49,6,5,264,44.0,256,12,22.0,5.82,103,39.02,13,5,8,0,38.46,10,8b5b6769,https://a.espncdn.com/i/headshots/cricket/players/full/8b5b6769.png,https://www.espncricinfo.com/cricketers/harbhajan-singh-8b5b6769
2009,Harmeet Singh,2a72fd4f,Deccan Chargers,7,0,0,0,,,0,0,137,22.83,192,3,45.67,8.41,46,33.58,16,9,7,0,56.25,18,0bf15e52,https://a.espncdn.com/i/headshots/cricket/players/full/0bf15e52.png,https://www.espncricinfo.com/cricketers/harmeet-singh-0bf15e52
2009,I Sharma,5bb1a1c4,Kolkata Knight Riders,11,16,13,2,8.0,123.08,1,1,258,43.0,297,11,23.45,6.91,130,50.39,13,3,9,1,25.0,7,5bb1a1c4,https://a.espncdn.com/i/headshots/cricket/players/full/5bb1a1c4.png,https://www.espncricinfo.com/cricketers/i-sharma-5bb1a1c4
2009,IK Pathan,5fa06777,Kings XI Punjab,14,196,158,11,17.82,124.05,17,6,302,50.33,390,17,17.76,7.75,121,40.07,14,7,7,0,50.0,14,5fa06777,https://a.espncdn.com/i/headshots/cricket/players/full/5fa06777.png,https://www.espncricinfo.com/cricketers/ik-pathan-5fa06777
2009,J Botha,7c503806,Rajasthan Royals,3,47,39,3,15.67,120.51,5,0,72,12.0,74,3,24.0,6.17,30,41.67,13,5,7,1,41.67,11,7c503806,https://a.espncdn.com/i/headshots/cricket/players/full/7c503806.png,https://www.espncricinfo.com/cricketers/j-botha-7c503806
2009,JA Morkel,c3d35165,Chennai Super Kings,12,97,70,5,19.4,138.57,8,4,240,40.0,328,13,18.46,8.2,99,41.25,14,8,6,0,57.14,16,c3d35165,https://a.espncdn.com/i/headshots/cricket/players/full/c3d35165.png,https://www.espncricinfo.com/cricketers/ja-morkel-c3d35165
2009,JD Ryder,91ffa6c6,Royal Challengers Bangalore,5,56,48,5,11.2,116.67,9,0,102,17.0,115,3,34.0,6.76,40,39.22,16,9,7,0,56.25,18,91ffa6c6,https://a.espncdn.com/i/headshots/cricket/players/full/91ffa6c6.png,https://www.espncricinfo.com/cricketers/jd-ryder-91ffa6c6
2009,JDP Oram,3eac9d95,Chennai Super Kings,11,88,92,6,14.67,95.65,5,4,93,15.5,133,5,18.6,8.58,28,30.11,14,8,6,0,57.14,16,3eac9d95,https://a.espncdn.com/i/headshots/cricket/players/full/3eac9d95.png,https://www.espncricinfo.com/cricketers/jdp-oram-3eac9d95
2009,JH Kallis,86dc8f2e,Royal Challengers Bangalore,15,361,331,13,27.77,109.06,37,8,276,46.0,353,6,46.0,7.67,111,40.22,16,9,7,0,56.25,18,86dc8f2e,https://a.espncdn.com/i/headshots/cricket/players/full/86dc8f2e.png,https://www.espncricinfo.com/cricketers/jh-kallis-86dc8f2e
2009,JP Duminy,2e8994e7,Mumbai Indians,13,372,325,8,46.5,114.46,26,11,105,17.5,93,4,26.25,5.31,44,41.9,13,5,8,0,38.46,10,2e8994e7,https://a.espncdn.com/i/headshots/cricket/players/full/2e8994e7.png,https://www.espncricinfo.com/cricketers/jp-duminy-2e8994e7
2009,Jaskaran Singh,d7b3a420,Deccan Chargers,2,0,0,0,,,0,0,18,3.0,32,0,,10.67,8,44.44,16,9,7,0,56.25,18,d7b3a420,https://a.espncdn.com/i/headshots/cricket/players/full/d7b3a420.png,https://www.espncricinfo.com/cricketers/jaskaran-singh-d7b3a420
2009,Joginder Sharma,9f961c14,Chennai Super Kings,4,20,18,1,20.0,111.11,0,1,42,7.0,57,2,21.0,8.14,9,21.43,14,8,6,0,57.14,16,9f961c14,https://a.espncdn.com/i/headshots/cricket/players/full/9f961c14.png,https://www.espncricinfo.com/cricketers/joginder-sharma-9f961c14
2009,K Goel,a1f1829d,Kings XI Punjab,9,124,133,8,15.5,93.23,9,4,48,8.0,61,0,,7.62,16,33.33,14,7,7,0,50.0,14,a1f1829d,https://a.espncdn.com/i/headshots/cricket/players/full/a1f1829d.png,https://www.espncricinfo.com/cricketers/k-goel-a1f1829d
2009,KC Sangakkara,6b71e6cf,Kings XI Punjab,14,332,322,14,23.71,103.11,29,5,0,,0,0,,,0,,14,7,7,0,50.0,14,6b71e6cf,https://a.espncdn.com/i/headshots/cricket/players/full/6b71e6cf.png,https://www.espncricinfo.com/cricketers/kc-sangakkara-6b71e6cf
2009,KD Karthik,c03f1114,Delhi Daredevils,15,288,217,8,36.0,132.72,20,9,0,,0,0,,,0,,15,10,5,0,66.67,20,c03f1114,https://a.espncdn.com/i/headshots/cricket/players/full/c03f1114.png,https://www.espncricinfo.com/cricketers/kd-karthik-c03f1114
2009,KP Appanna,d92e42f5,Royal Challengers Bangalore,5,0,1,0,,0.0,0,0,72,12.0,87,2,36.0,7.25,18,25.0,16,9,7,0,56.25,18,d92e42f5,https://a.espncdn.com/i/headshots/cricket/players/full/d92e42f5.png,https://www.espncricinfo.com/cricketers/kp-appanna-d92e42f5
2009,KP Pietersen,39f01cdb,Royal Challengers Bangalore,6,93,84,6,15.5,110.71,8,2,78,13.0,85,4,19.5,6.54,26,33.33,16,9,7,0,56.25,18,39f01cdb,https://a.espncdn.com/i/headshots/cricket/players/full/39f01cdb.png,https://www.espncricinfo.com/cricketers/kp-pietersen-39f01cdb
2009,KV Sharma,119678fd,Royal Challengers Bangalore,1,1,3,1,1.0,33.33,0,0,0,,0,0,,,0,,16,9,7,0,56.25,18,119678fd,https://a.espncdn.com/i/headshots/cricket/players/full/119678fd.png,https://www.espncricinfo.com/cricketers/kv-sharma-119678fd
2009,Kamran Khan,6ef60d3a,Rajasthan Royals,5,3,5,1,3.0,60.0,0,0,112,18.67,139,7,16.0,7.45,40,35.71,13,5,7,1,41.67,11,6ef60d3a,https://a.espncdn.com/i/headshots/cricket/players/full/6ef60d3a.png,https://www.espncricinfo.com/cricketers/kamran-khan-6ef60d3a
2009,L Balaji,b2b50355,Chennai Super Kings,13,4,10,2,2.0,40.0,0,0,224,37.33,316,13,17.23,8.46,70,31.25,14,8,6,0,57.14,16,b2b50355,https://a.espncdn.com/i/headshots/cricket/players/full/b2b50355.png,https://www.espncricinfo.com/cricketers/l-balaji-b2b50355
2009,L Ronchi,0fa5042b,Mumbai Indians,1,0,2,1,0.0,0.0,0,0,0,,0,0,,,0,,13,5,8,0,38.46,10,0fa5042b,https://a.espncdn.com/i/headshots/cricket/players/full/0fa5042b.png,https://www.espncricinfo.com/cricketers/l-ronchi-0fa5042b
2009,LA Carseldine,d872f52a,Rajasthan Royals,5,81,66,3,27.0,122.73,11,0,6,1.0,6,1,6.0,6.0,4,66.67,13,5,7,1,41.67,11,d872f52a,https://a.espncdn.com/i/headshots/cricket/players/full/d872f52a.png,https://www.espncricinfo.com/cricketers/la-carseldine-d872f52a
2009,LA Pomersbach,b63ab531,Kings XI Punjab,4,41,46,3,13.67,89.13,3,1,0,,0,0,,,0,,14,7,7,0,50.0,14,b63ab531,https://a.espncdn.com/i/headshots/cricket/players/full/b63ab531.png,https://www.espncricinfo.com/cricketers/la-pomersbach-b63ab531
2009,LR Shukla,b1451597,Kolkata Knight Riders,9,83,85,6,13.83,97.65,5,3,84,14.0,100,3,28.0,7.14,38,45.24,13,3,9,1,25.0,7,b1451597,https://a.espncdn.com/i/headshots/cricket/players/full/b1451597.png,https://www.espncricinfo.com/cricketers/lr-shukla-b1451597
2009,LRPL Taylor,b61a3e1a,Royal Challengers Bangalore,11,280,206,10,28.0,135.92,20,15,6,1.0,13,0,,13.0,0,0.0,16,9,7,0,56.25,18,b61a3e1a,https://a.espncdn.com/i/headshots/cricket/players/full/b61a3e1a.png,https://www.espncricinfo.com/cricketers/lrpl-taylor-b61a3e1a
2009,M Kartik,abfeb126,Kolkata Knight Riders,10,21,20,0,,105.0,0,0,204,34.0,201,4,51.0,5.91,77,37.75,13,3,9,1,25.0,7,abfeb126,https://a.espncdn.com/i/headshots/cricket/players/full/abfeb126.png,https://www.espncricinfo.com/cricketers/m-kartik-abfeb126
2009,M Manhas,c42aaf71,Delhi Daredevils,10,75,62,3,25.0,120.97,7,1,0,,0,0,,,0,,15,10,5,0,66.67,20,c42aaf71,https://a.espncdn.com/i/headshots/cricket/players/full/c42aaf71.png,https://www.espncricinfo.com/cricketers/m-manhas-c42aaf71
2009,M Morkel,5bb5a915,Rajasthan Royals,2,8,8,1,8.0,100.0,1,0,42,7.0,40,0,,5.71,20,47.62,13,5,7,1,41.67,11,5bb5a915,https://a.espncdn.com/i/headshots/cricket/players/full/5bb5a915.png,https://www.espncricinfo.com/cricketers/m-morkel-5bb5a915
2009,M Muralitharan,4ba44e19,Chennai Super Kings,13,8,8,2,4.0,100.0,1,0,300,50.0,261,14,21.43,5.22,144,48.0,14,8,6,0,57.14,16,4ba44e19,https://a.espncdn.com/i/headshots/cricket/players/full/4ba44e19.png,https://www.espncricinfo.com/cricketers/m-muralitharan-4ba44e19
2009,M Rawat,de8d3876,Rajasthan Royals,5,16,19,0,,84.21,1,0,0,,0,0,,,0,,13,5,7,1,41.67,11,de8d3876,https://a.espncdn.com/i/headshots/cricket/players/full/de8d3876.png,https://www.espncricinfo.com/cricketers/m-rawat-de8d3876
2009,M Vijay,4b57e452,Chennai Super Kings,4,60,67,4,15.0,89.55,4,2,0,,0,0,,,0,,14,8,6,0,57.14,16,4b57e452,https://a.espncdn.com/i/headshots/cricket/players/full/4b57e452.png,https://www.espncricinfo.com/cricketers/m-vijay-4b57e452
2009,MC Henriques,32198ae0,Kolkata Knight Riders,4,38,40,2,19.0,95.0,2,1,73,12.17,107,2,36.5,8.79,24,32.88,13,3,9,1,25.0,7,32198ae0,https://a.espncdn.com/i/headshots/cricket/players/full/32198ae0.png,https://www.espncricinfo.com/cricketers/mc-henriques-32198ae0
2009,MF Maharoof,ab89348d,Delhi Daredevils,3,21,21,1,21.0,100.0,0,0,60,10.0,65,4,15.0,6.5,27,45.0,15,10,5,0,66.67,20,ab89348d,https://a.espncdn.com/i/headshots/cricket/players/full/ab89348d.png,https://www.espncricinfo.com/cricketers/mf-maharoof-ab89348d
2009,MK Pandey,93b4fc78,Royal Challengers Bangalore,5,168,117,2,84.0,143.59,17,4,0,,0,0,,,0,,16,9,7,0,56.25,18,93b4fc78,https://a.espncdn.com/i/headshots/cricket/players/full/93b4fc78.png,https://www.espncricinfo.com/cricketers/mk-pandey-93b4fc78
2009,MK Tiwary,26e5cabf,Delhi Daredevils,2,9,13,1,9.0,69.23,1,0,6,1.0,11,0,,11.0,0,0.0,15,10,5,0,66.67,20,26e5cabf,https://a.espncdn.com/i/headshots/cricket/players/full/26e5cabf.png,https://www.espncricinfo.com/cricketers/mk-tiwary-26e5cabf
2009,ML Hayden,d8699ab7,Chennai Super Kings,12,572,393,10,57.2,145.55,60,22,0,,0,0,,,0,,14,8,6,0,57.14,16,d8699ab7,https://a.espncdn.com/i/headshots/cricket/players/full/d8699ab7.png,https://www.espncricinfo.com/cricketers/ml-hayden-d8699ab7
2009,MM Patel,f0f628c7,Rajasthan Royals,11,33,26,3,11.0,126.92,5,0,209,34.83,241,16,13.06,6.92,108,51.67,13,5,7,1,41.67,11,f0f628c7,https://a.espncdn.com/i/headshots/cricket/players/full/f0f628c7.png,https://www.espncricinfo.com/cricketers/mm-patel-f0f628c7
2009,MN van Wyk,710dd98c,Kolkata Knight Riders,5,167,131,3,55.67,127.48,19,1,0,,0,0,,,0,,13,3,9,1,25.0,7,710dd98c,https://a.espncdn.com/i/headshots/cricket/players/full/710dd98c.png,https://www.espncricinfo.com/cricketers/mn-van-wyk-710dd98c
2009,MS Dhoni,4a8a2e3b,Chennai Super Kings,14,332,261,8,41.5,127.2,22,9,0,,0,0,,,0,,14,8,6,0,57.14,16,4a8a2e3b,https://a.espncdn.com/i/headshots/cricket/players/full/4a8a2e3b.png,https://www.espncricinfo.com/cricketers/ms-dhoni-4a8a2e3b
2009,MS Gony,ae78bc32,Chennai Super Kings,7,13,7,2,6.5,185.71,0,2,102,17.0,172,5,20.4,10.12,36,35.29,14,8,6,0,57.14,16,ae78bc32,https://a.espncdn.com/i/headshots/cricket/players/full/ae78bc32.png,https://www.espncricinfo.com/cricketers/ms-gony-ae78bc32
2009,MV Boucher,f3cb53a1,Royal Challengers Bangalore,12,150,114,5,30.0,131.58,8,6,0,,0,0,,,0,,16,9,7,0,56.25,18,f3cb53a1,https://a.espncdn.com/i/headshots/cricket/players/full/f3cb53a1.png,https://www.espncricinfo.com/cricketers/mv-boucher-f3cb53a1
2009,Mashrafe Mortaza,e186f49c,Kolkata Knight Riders,1,2,2,0,,100.0,0,0,24,4.0,58,0,,14.5,6,25.0,13,3,9,1,25.0,7,e186f49c,https://a.espncdn.com/i/headshots/cricket/players/full/e186f49c.png,https://www.espncricinfo.com/cricketers/mashrafe-mortaza-e186f49c
2009,Mohammad Ashraful,2bb09eb2,Mumbai Indians,1,2,10,1,2.0,20.0,0,0,0,,0,0,,,0,,13,5,8,0,38.46,10,2bb09eb2,https://a.espncdn.com/i/headshots/cricket/players/full/2bb09eb2.png,https://www.espncricinfo.com/cricketers/mohammad-ashraful-2bb09eb2
2009,NK Patel,a2870fb7,Rajasthan Royals,4,18,38,2,9.0,47.37,1,0,0,,0,0,,,0,,13,5,7,1,41.67,11,a2870fb7,https://a.espncdn.com/i/headshots/cricket/players/full/a2870fb7.png,https://www.espncricinfo.com/cricketers/nk-patel-a2870fb7
2009,NV Ojha,890946a0,Rajasthan Royals,8,168,144,7,24.0,116.67,11,11,0,,0,0,,,0,,13,5,7,1,41.67,11,890946a0,https://a.espncdn.com/i/headshots/cricket/players/full/890946a0.png,https://www.espncricinfo.com/cricketers/nv-ojha-890946a0
2009,P Kumar,e938e1bc,Royal Challengers Bangalore,13,65,46,5,13.0,141.3,1,6,298,49.67,394,13,22.92,7.93,121,40.6,16,9,7,0,56.25,18,e938e1bc,https://a.espncdn.com/i/headshots/cricket/players/full/e938e1bc.png,https://www.espncricinfo.com/cricketers/p-kumar-e938e1bc
2009,PA Patel,b5da6c24,Chennai Super Kings,9,142,126,8,17.75,112.7,19,2,0,,0,0,,,0,,14,8,6,0,57.14,16,b5da6c24,https://a.espncdn.com/i/headshots/cricket/players/full/b5da6c24.png,https://www.espncricinfo.com/cricketers/pa-patel-b5da6c24
2009,PC Valthaty,25eeb281,Rajasthan Royals,2,6,12,2,3.0,50.0,1,0,0,,0,0,,,0,,13,5,7,1,41.67,11,25eeb281,https://a.espncdn.com/i/headshots/cricket/players/full/25eeb281.png,https://www.espncricinfo.com/cricketers/pc-valthaty-25eeb281
2009,PJ Sangwan,9fc0ef64,Delhi Daredevils,13,6,10,2,3.0,60.0,0,0,280,46.67,360,15,18.67,7.71,112,40.0,15,10,5,0,66.67,20,9fc0ef64,https://a.espncdn.com/i/headshots/cricket/players/full/9fc0ef64.png,https://www.espncricinfo.com/cricketers/pj-sangwan-9fc0ef64
2009,PP Chawla,98ae73b1,Kings XI Punjab,14,31,36,3,10.33,86.11,3,0,269,44.83,308,12,22.42,6.87,111,41.26,14,7,7,0,50.0,14,98ae73b1,https://a.espncdn.com/i/headshots/cricket/players/full/98ae73b1.png,https://www.espncricinfo.com/cricketers/pp-chawla-98ae73b1
2009,PP Ojha,6c6591ab,Deccan Chargers,15,1,7,3,0.33,14.29,0,0,321,53.5,348,18,17.83,6.5,103,32.09,16,9,7,0,56.25,18,6c6591ab,https://a.espncdn.com/i/headshots/cricket/players/full/6c6591ab.png,https://www.espncricinfo.com/cricketers/pp-ojha-6c6591ab
2009,PR Shah,0aadc906,Mumbai Indians,9,53,51,3,17.67,103.92,4,2,0,,0,0,,,0,,13,5,8,0,38.46,10,0aadc906,https://a.espncdn.com/i/headshots/cricket/players/full/0aadc906.png,https://www.espncricinfo.com/cricketers/pr-shah-0aadc906
2009,Pankaj Singh,e32d22f6,Royal Challengers Bangalore,3,1,2,1,1.0,50.0,0,0,42,7.0,65,2,21.0,9.29,12,28.57,16,9,7,0,56.25,18,e32d22f6,https://a.espncdn.com/i/headshots/cricket/players/full/e32d22f6.png,https://www.espncricinfo.com/cricketers/pankaj-singh-e32d22f6
2009,R Ashwin,495d42a5,Chennai Super Kings,2,8,15,1,8.0,53.33,1,0,24,4.0,13,2,12.0,3.25,11,45.83,14,8,6,0,57.14,16,495d42a5,https://a.espncdn.com/i/headshots/cricket/players/full/495d42a5.png,https://www.espncricinfo.com/cricketers/r-ashwin-495d42a5
2009,R Bhatia,33a364a6,Delhi Daredevils,8,8,18,5,1.6,44.44,1,0,130,21.67,146,10,13.0,6.74,42,32.31,15,10,5,0,66.67,20,33a364a6,https://a.espncdn.com/i/headshots/cricket/players/full/33a364a6.png,https://www.espncricinfo.com/cricketers/r-bhatia-33a364a6
2009,R Bishnoi,4d5a1617,Royal Challengers Bangalore,3,19,17,3,6.33,111.76,1,2,0,,0,0,,,0,,16,9,7,0,56.25,18,4d5a1617,https://a.espncdn.com/i/headshots/cricket/players/full/4d5a1617.png,https://www.espncricinfo.com/cricketers/r-bishnoi-4d5a1617
2009,R Dravid,0184dc35,Royal Challengers Bangalore,13,271,234,11,24.64,115.81,28,3,0,,0,0,,,0,,16,9,7,0,56.25,18,0184dc35,https://a.espncdn.com/i/headshots/cricket/players/full/0184dc35.png,https://www.espncricinfo.com/cricketers/r-dravid-0184dc35
2009,R Vinay Kumar,41eb4a4f,Royal Challengers Bangalore,11,47,44,4,11.75,106.82,4,1,194,32.33,271,9,21.56,8.38,65,33.51,16,9,7,0,56.25,18,41eb4a4f,https://a.espncdn.com/i/headshots/cricket/players/full/41eb4a4f.png,https://www.espncricinfo.com/cricketers/r-vinay-kumar-41eb4a4f
2009,RA Jadeja,fe93fd9d,Rajasthan Royals,13,295,265,12,24.58,111.32,21,6,140,23.33,151,6,23.33,6.47,42,30.0,13,5,7,1,41.67,11,fe93fd9d,https://a.espncdn.com/i/headshots/cricket/players/full/fe93fd9d.png,https://www.espncricinfo.com/cricketers/ra-jadeja-fe93fd9d
2009,RA Shaikh,7c390b03,Mumbai Indians,1,0,0,0,,,0,0,6,1.0,11,0,,11.0,1,16.67,13,5,8,0,38.46,10,7c390b03,https://a.espncdn.com/i/headshots/cricket/players/full/7c390b03.png,https://www.espncricinfo.com/cricketers/ra-shaikh-7c390b03
2009,RE van der Merwe,05c2ca46,Royal Challengers Bangalore,10,122,98,8,15.25,124.49,8,8,204,34.0,248,9,22.67,7.29,53,25.98,16,9,7,0,56.25,18,05c2ca46,https://a.espncdn.com/i/headshots/cricket/players/full/05c2ca46.png,https://www.espncricinfo.com/cricketers/re-van-der-merwe-05c2ca46
2009,RG Sharma,740742ef,Deccan Chargers,16,362,313,13,27.85,115.65,22,18,138,23.0,161,11,12.55,7.0,38,27.54,16,9,7,0,56.25,18,740742ef,https://a.espncdn.com/i/headshots/cricket/players/full/740742ef.png,https://www.espncricinfo.com/cricketers/rg-sharma-740742ef
2009,RJ Harris,12eddf28,Deccan Chargers,8,21,18,1,21.0,116.67,0,0,186,31.0,230,6,31.0,7.42,84,45.16,16,9,7,0,56.25,18,12eddf28,https://a.espncdn.com/i/headshots/cricket/players/full/12eddf28.png,https://www.espncricinfo.com/cricketers/rj-harris-12eddf28
2009,RJ Quiney,23ac69e6,Rajasthan Royals,7,103,102,7,14.71,100.98,12,3,0,,0,0,,,0,,13,5,7,1,41.67,11,23ac69e6,https://a.espncdn.com/i/headshots/cricket/players/full/23ac69e6.png,https://www.espncricinfo.com/cricketers/rj-quiney-23ac69e6
2009,RP Singh,c3d1402f,Deccan Chargers,16,8,17,4,2.0,47.06,0,0,358,59.67,417,23,15.57,6.99,169,47.21,16,9,7,0,56.25,18,c3d1402f,https://a.espncdn.com/i/headshots/cricket/players/full/c3d1402f.png,https://www.espncricinfo.com/cricketers/rp-singh-c3d1402f
2009,RR Bose,21ac077a,Kings XI Punjab,1,0,0,0,,,0,0,12,2.0,24,0,,12.0,5,41.67,14,7,7,0,50.0,14,21ac077a,https://a.espncdn.com/i/headshots/cricket/players/full/21ac077a.png,https://www.espncricinfo.com/cricketers/rr-bose-21ac077a
2009,RR Powar,5d096f3d,Kings XI Punjab,9,23,22,0,,104.55,2,0,126,21.0,132,5,25.2,6.29,49,38.89,14,7,7,0,50.0,14,5d096f3d,https://a.espncdn.com/i/headshots/cricket/players/full/5d096f3d.png,https://www.espncricinfo.com/cricketers/rr-powar-5d096f3d
2009,RR Raje,5f4e9e8f,Mumbai Indians,4,12,9,1,12.0,133.33,0,1,41,6.83,72,1,41.0,10.54,11,26.83,13,5,8,0,38.46,10,5f4e9e8f,https://a.espncdn.com/i/headshots/cricket/players/full/5f4e9e8f.png,https://www.espncricinfo.com/cricketers/rr-raje-5f4e9e8f
2009,RS Bopara,7ca5e05d,Kings XI Punjab,5,138,119,6,23.0,115.97,8,7,8,1.33,5,0,,3.75,3,37.5,14,7,7,0,50.0,14,7ca5e05d,https://a.espncdn.com/i/headshots/cricket/players/full/7ca5e05d.png,https://www.espncricinfo.com/cricketers/rs-bopara-7ca5e05d
2009,RV Uthappa,1c17e270,Royal Challengers Bangalore,15,175,170,11,15.91,102.94,18,3,0,,0,0,,,0,,16,9,7,0,56.25,18,1c17e270,https://a.espncdn.com/i/headshots/cricket/players/full/1c17e270.png,https://www.espncricinfo.com/cricketers/rv-uthappa-1c17e270
2009,S Badrinath,3576e47e,Chennai Super Kings,14,177,164,9,19.67,107.93,20,4,0,,0,0,,,0,,14,8,6,0,57.14,16,3576e47e,https://a.espncdn.com/i/headshots/cricket/players/full/3576e47e.png,https://www.espncricinfo.com/cricketers/s-badrinath-3576e47e
2009,S Dhawan,0a476045,Mumbai Indians,5,40,45,4,10.0,88.89,3,0,0,,0,0,,,0,,13,5,8,0,38.46,10,0a476045,https://a.espncdn.com/i/headshots/cricket/players/full/0a476045.png,https://www.espncricinfo.com/cricketers/s-dhawan-0a476045
2009,S Sohal,3fca55af,Kings XI Punjab,8,115,91,7,16.43,126.37,9,8,0,,0,0,,,0,,14,7,7,0,50.0,14,3fca55af,https://a.espncdn.com/i/headshots/cricket/players/full/3fca55af.png,https://www.espncricinfo.com/cricketers/s-sohal-3fca55af
2009,S Sreesanth,6b8eb6e5,Kings XI Punjab,7,5,18,0,,27.78,1,0,138,23.0,192,6,23.0,8.35,62,44.93,14,7,7,0,50.0,14,6b8eb6e5,https://a.espncdn.com/i/headshots/cricket/players/full/6b8eb6e5.png,https://www.espncricinfo.com/cricketers/s-sreesanth-6b8eb6e5
2009,S Tyagi,c24a2c5d,Chennai Super Kings,8,0,0,0,,,0,0,114,19.0,136,5,22.8,7.16,59,51.75,14,8,6,0,57.14,16,c24a2c5d,https://a.espncdn.com/i/headshots/cricket/players/full/c24a2c5d.png,https://www.espncricinfo.com/cricketers/s-tyagi-c24a2c5d
2009,SA Asnodkar,ae091d39,Rajasthan Royals,8,98,93,8,12.25,105.38,11,4,0,,0,0,,,0,,13,5,7,1,41.67,11,ae091d39,https://a.espncdn.com/i/headshots/cricket/players/full/ae091d39.png,https://www.espncricinfo.com/cricketers/sa-asnodkar-ae091d39
2009,SB Bangar,0604ef16,Kolkata Knight Riders,1,2,9,1,2.0,22.22,0,0,0,,0,0,,,0,,13,3,9,1,25.0,7,0604ef16,https://a.espncdn.com/i/headshots/cricket/players/full/0604ef16.png,https://www.espncricinfo.com/cricketers/sb-bangar-0604ef16
2009,SB Jakati,c8179c68,Chennai Super Kings,9,20,15,2,10.0,133.33,3,0,174,29.0,217,13,13.38,7.48,61,35.06,14,8,6,0,57.14,16,c8179c68,https://a.espncdn.com/i/headshots/cricket/players/full/c8179c68.png,https://www.espncricinfo.com/cricketers/sb-jakati-c8179c68
2009,SB Styris,57efa3be,Deccan Chargers,2,14,8,1,14.0,175.0,0,1,48,8.0,64,5,9.6,8.0,21,43.75,16,9,7,0,56.25,18,57efa3be,https://a.espncdn.com/i/headshots/cricket/players/full/57efa3be.png,https://www.espncricinfo.com/cricketers/sb-styris-57efa3be
2009,SC Ganguly,725529bc,Kolkata Knight Riders,13,189,205,11,17.18,92.2,13,6,72,12.0,97,2,36.0,8.08,17,23.61,13,3,9,1,25.0,7,725529bc,https://a.espncdn.com/i/headshots/cricket/players/full/725529bc.png,https://www.espncricinfo.com/cricketers/sc-ganguly-725529bc
2009,SD Chitnis,facb9086,Rajasthan Royals,1,6,8,1,6.0,75.0,1,0,0,,0,0,,,0,,13,5,7,1,41.67,11,facb9086,https://a.espncdn.com/i/headshots/cricket/players/full/facb9086.png,https://www.espncricinfo.com/cricketers/sd-chitnis-facb9086
2009,SK Raina,1dc12ab9,Chennai Super Kings,14,434,306,15,28.93,141.83,37,21,166,27.67,164,7,23.71,5.93,57,34.34,14,8,6,0,57.14,16,1dc12ab9,https://a.espncdn.com/i/headshots/cricket/players/full/1dc12ab9.png,https://www.espncricinfo.com/cricketers/sk-raina-1dc12ab9
2009,SK Trivedi,3d7e087f,Rajasthan Royals,7,9,17,2,4.5,52.94,0,0,120,20.0,152,6,20.0,7.6,43,35.83,13,5,7,1,41.67,11,3d7e087f,https://a.espncdn.com/i/headshots/cricket/players/full/3d7e087f.png,https://www.espncricinfo.com/cricketers/sk-trivedi-3d7e087f
2009,SK Warne,bb18be76,Rajasthan Royals,13,108,116,7,15.43,93.1,6,4,300,50.0,365,14,21.43,7.3,109,36.33,13,5,7,1,41.67,11,bb18be76,https://a.espncdn.com/i/headshots/cricket/players/full/bb18be76.png,https://www.espncricinfo.com/cricketers/sk-warne-bb18be76
2009,SL Malinga,a12e1d51,Mumbai Indians,13,0,1,1,0.0,0.0,0,0,297,49.5,312,18,16.5,6.3,140,47.14,13,5,8,0,38.46,10,a12e1d51,https://a.espncdn.com/i/headshots/cricket/players/full/a12e1d51.png,https://www.espncricinfo.com/cricketers/sl-malinga-a12e1d51
2009,SM Harwood,63bff7f9,Rajasthan Royals,3,9,13,0,,69.23,0,0,60,10.0,73,3,20.0,7.3,33,55.0,13,5,7,1,41.67,11,63bff7f9,https://a.espncdn.com/i/headshots/cricket/players/full/63bff7f9.png,https://www.espncricinfo.com/cricketers/sm-harwood-63bff7f9
2009,SM Katich,fdedb37c,Kings XI Punjab,9,145,117,9,16.11,123.93,15,6,0,,0,0,,,0,,14,7,7,0,50.0,14,fdedb37c,https://a.espncdn.com/i/headshots/cricket/players/full/fdedb37c.png,https://www.espncricinfo.com/cricketers/sm-katich-fdedb37c
2009,SP Goswami,541f85c9,Royal Challengers Bangalore,2,53,60,2,26.5,88.33,6,0,0,,0,0,,,0,,16,9,7,0,56.25,18,541f85c9,https://a.espncdn.com/i/headshots/cricket/players/full/541f85c9.png,https://www.espncricinfo.com/cricketers/sp-goswami-541f85c9
2009,SR Tendulkar,d2c2b2d5,Mumbai Indians,13,364,299,11,33.09,121.74,39,10,36,6.0,58,0,,9.67,4,11.11,13,5,8,0,38.46,10,d2c2b2d5,https://a.espncdn.com/i/headshots/cricket/players/full/d2c2b2d5.png,https://www.espncricinfo.com/cricketers/sr-tendulkar-d2c2b2d5
2009,SS Sarkar,caa89a48,Kolkata Knight Riders,2,0,0,0,,,0,0,25,4.17,34,1,25.0,8.16,4,16.0,13,3,9,1,25.0,7,caa89a48,https://a.espncdn.com/i/headshots/cricket/players/full/caa89a48.png,https://www.espncricinfo.com/cricketers/ss-sarkar-caa89a48
2009,SS Shaikh,5f5d3ad4,Kolkata Knight Riders,2,6,7,0,,85.71,1,0,0,,0,0,,,0,,13,3,9,1,25.0,7,5f5d3ad4,https://a.espncdn.com/i/headshots/cricket/players/full/5f5d3ad4.png,https://www.espncricinfo.com/cricketers/ss-shaikh-5f5d3ad4
2009,SS Tiwary,709b0bac,Mumbai Indians,4,13,12,1,13.0,108.33,0,0,0,,0,0,,,0,,13,5,8,0,38.46,10,709b0bac,https://a.espncdn.com/i/headshots/cricket/players/full/709b0bac.png,https://www.espncricinfo.com/cricketers/ss-tiwary-709b0bac
2009,ST Jayasuriya,f233bbb4,Mumbai Indians,12,221,190,12,18.42,116.32,23,7,114,19.0,163,7,16.29,8.58,28,24.56,13,5,8,0,38.46,10,f233bbb4,https://a.espncdn.com/i/headshots/cricket/players/full/f233bbb4.png,https://www.espncricinfo.com/cricketers/st-jayasuriya-f233bbb4
2009,Shoaib Ahmed,8a668774,Deccan Chargers,8,1,6,2,0.5,16.67,0,0,102,17.0,152,5,20.4,8.94,33,32.35,16,9,7,0,56.25,18,8a668774,https://a.espncdn.com/i/headshots/cricket/players/full/8a668774.png,https://www.espncricinfo.com/cricketers/shoaib-ahmed-8a668774
2009,T Henderson,0a4ebc61,Rajasthan Royals,2,11,15,1,11.0,73.33,0,1,36,6.0,40,1,36.0,6.67,14,38.89,13,5,7,1,41.67,11,0a4ebc61,https://a.espncdn.com/i/headshots/cricket/players/full/0a4ebc61.png,https://www.espncricinfo.com/cricketers/t-henderson-0a4ebc61
2009,T Kohli,40caa465,Kings XI Punjab,2,1,4,1,1.0,25.0,0,0,0,,0,0,,,0,,14,7,7,0,50.0,14,40caa465,https://a.espncdn.com/i/headshots/cricket/players/full/40caa465.png,https://www.espncricinfo.com/cricketers/t-kohli-40caa465
2009,T Thushara,b2ae53f5,Chennai Super Kings,2,2,7,1,2.0,28.57,0,0,48,8.0,60,3,16.0,7.5,19,39.58,14,8,6,0,57.14,16,b2ae53f5,https://a.espncdn.com/i/headshots/cricket/players/full/b2ae53f5.png,https://www.espncricinfo.com/cricketers/t-thushara-b2ae53f5
2009,TL Suman,aaa1b522,Deccan Chargers,12,237,190,9,26.33,124.74,18,8,90,15.0,108,5,18.0,7.2,31,34.44,16,9,7,0,56.25,18,aaa1b522,https://a.espncdn.com/i/headshots/cricket/players/full/aaa1b522.png,https://www.espncricinfo.com/cricketers/tl-suman-aaa1b522
2009,TM Dilshan,5bdcdb72,Delhi Daredevils,14,418,339,10,41.8,123.3,42,13,96,16.0,98,0,,6.12,33,34.38,15,10,5,0,66.67,20,5bdcdb72,https://a.espncdn.com/i/headshots/cricket/players/full/5bdcdb72.png,https://www.espncricinfo.com/cricketers/tm-dilshan-5bdcdb72
2009,TM Srivastava,a76d10ba,Kings XI Punjab,2,0,1,0,,0.0,0,0,0,,0,0,,,0,,14,7,7,0,50.0,14,a76d10ba,https://a.espncdn.com/i/headshots/cricket/players/full/a76d10ba.png,https://www.espncricinfo.com/cricketers/tm-srivastava-a76d10ba
2009,V Kohli,ba607b88,Royal Challengers Bangalore,16,246,219,11,22.36,112.33,22,8,36,6.0,46,0,,7.67,10,27.78,16,9,7,0,56.25,18,ba607b88,https://a.espncdn.com/i/headshots/cricket/players/full/ba607b88.png,https://www.espncricinfo.com/cricketers/v-kohli-ba607b88
2009,V Sehwag,8ba8195d,Delhi Daredevils,11,198,134,10,19.8,147.76,24,7,6,1.0,25,0,,25.0,1,16.67,15,10,5,0,66.67,20,8ba8195d,https://a.espncdn.com/i/headshots/cricket/players/full/8ba8195d.png,https://www.espncricinfo.com/cricketers/v-sehwag-8ba8195d
2009,VRV Singh,034b4b7d,Kings XI Punjab,5,0,0,0,,,0,0,54,9.0,82,1,54.0,9.11,16,29.63,14,7,7,0,50.0,14,034b4b7d,https://a.espncdn.com/i/headshots/cricket/players/full/034b4b7d.png,https://www.espncricinfo.com/cricketers/vrv-singh-034b4b7d
2009,VS Malik,5f26df4f,Kings XI Punjab,5,0,0,0,,,0,0,72,12.0,98,2,36.0,8.17,28,38.89,14,7,7,0,50.0,14,5f26df4f,https://a.espncdn.com/i/headshots/cricket/players/full/5f26df4f.png,https://www.espncricinfo.com/cricketers/vs-malik-5f26df4f
2009,VVS Laxman,de8cce37,Deccan Chargers,5,19,33,5,3.8,57.58,1,1,0,,0,0,,,0,,16,9,7,0,56.25,18,de8cce37,https://a.espncdn.com/i/headshots/cricket/players/full/de8cce37.png,https://www.espncricinfo.com/cricketers/vvs-laxman-de8cce37
2009,VY Mahesh,93a17209,Delhi Daredevils,1,0,0,0,,,0,0,12,2.0,25,1,12.0,12.5,3,25.0,15,10,5,0,66.67,20,93a17209,https://a.espncdn.com/i/headshots/cricket/players/full/93a17209.png,https://www.espncricinfo.com/cricketers/vy-mahesh-93a17209
2009,W Jaffer,619aa81f,Royal Challengers Bangalore,2,15,17,2,7.5,88.24,2,0,0,,0,0,,,0,,16,9,7,0,56.25,18,619aa81f,https://a.espncdn.com/i/headshots/cricket/players/full/619aa81f.png,https://www.espncricinfo.com/cricketers/w-jaffer-619aa81f
2009,WA Mota,3dba85c2,Kings XI Punjab,8,30,48,4,7.5,62.5,0,0,54,9.0,61,3,18.0,6.78,21,38.89,14,7,7,0,50.0,14,3dba85c2,https://a.espncdn.com/i/headshots/cricket/players/full/3dba85c2.png,https://www.espncricinfo.com/cricketers/wa-mota-3dba85c2
2009,WP Saha,fe11caa6,Kolkata Knight Riders,8,72,41,3,24.0,175.61,3,4,0,,0,0,,,0,,13,3,9,1,25.0,7,fe11caa6,https://a.espncdn.com/i/headshots/cricket/players/full/fe11caa6.png,https://www.espncricinfo.com/cricketers/wp-saha-fe11caa6
2009,WPUJC Vaas,bcce309e,Deccan Chargers,2,30,21,1,30.0,142.86,1,1,48,8.0,71,4,12.0,8.88,24,50.0,16,9,7,0,56.25,18,bcce309e,https://a.espncdn.com/i/headshots/cricket/players/full/bcce309e.png,https://www.espncricinfo.com/cricketers/wpujc-vaas-bcce309e
2009,Y Nagar,662c47a6,Delhi Daredevils,1,20,20,1,20.0,100.0,1,0,12,2.0,20,2,6.0,10.0,3,25.0,15,10,5,0,66.67,20,662c47a6,https://a.espncdn.com/i/headshots/cricket/players/full/662c47a6.png,https://www.espncricinfo.com/cricketers/y-nagar-662c47a6
2009,Y Venugopal Rao,fe763256,Deccan Chargers,16,124,114,10,12.4,108.77,6,3,90,15.0,122,4,22.5,8.13,27,30.0,16,9,7,0,56.25,18,fe763256,https://a.espncdn.com/i/headshots/cricket/players/full/fe763256.png,https://www.espncricinfo.com/cricketers/y-venugopal-rao-fe763256
2009,YA Abdulla,4353bba5,Kings XI Punjab,9,0,0,0,,,0,0,168,28.0,241,14,12.0,8.61,75,44.64,14,7,7,0,50.0,14,4353bba5,https://a.espncdn.com/i/headshots/cricket/players/full/4353bba5.png,https://www.espncricinfo.com/cricketers/ya-abdulla-4353bba5
2009,YK Pathan,3c6ffae8,Rajasthan Royals,13,261,187,12,21.75,139.57,25,14,210,35.0,243,7,30.0,6.94,83,39.52,13,5,7,1,41.67,11,3c6ffae8,https://a.espncdn.com/i/headshots/cricket/players/full/3c6ffae8.png,https://www.espncricinfo.com/cricketers/yk-pathan-3c6ffae8
2009,YV Takawale,4e04666c,Mumbai Indians,4,18,22,1,18.0,81.82,2,0,0,,0,0,,,0,,13,5,8,0,38.46,10,4e04666c,https://a.espncdn.com/i/headshots/cricket/players/full/4e04666c.png,https://www.espncricinfo.com/cricketers/yv-takawale-4e04666c
2009,Yashpal Singh,297b26da,Kolkata Knight Riders,8,47,65,4,11.75,72.31,5,0,0,,0,0,,,0,,13,3,9,1,25.0,7,297b26da,https://a.espncdn.com/i/headshots/cricket/players/full/297b26da.png,https://www.espncricinfo.com/cricketers/yashpal-singh-297b26da
2009,Yuvraj Singh,1c914163,Kings XI Punjab,14,340,294,12,28.33,115.65,25,16,120,20.0,142,6,20.0,7.1,48,40.0,14,7,7,0,50.0,14,1c914163,https://a.espncdn.com/i/headshots/cricket/players/full/1c914163.png,https://www.espncricinfo.com/cricketers/yuvraj-singh-1c914163
2009,Z Khan,91a4a398,Mumbai Indians,6,8,11,1,8.0,72.73,0,0,126,21.0,142,6,21.0,6.76,49,38.89,13,5,8,0,38.46,10,91a4a398,https://a.espncdn.com/i/headshots/cricket/players/full/91a4a398.png,https://www.espncricinfo.com/cricketers/z-khan-91a4a398
2009/10,A Kumble,0c2730df,Royal Challengers Bangalore,16,6,11,0,,54.55,0,0,380,63.33,407,17,22.35,6.43,151,39.74,16,8,8,0,50.0,16,0c2730df,https://a.espncdn.com/i/headshots/cricket/players/full/0c2730df.png,https://www.espncricinfo.com/cricketers/a-kumble-0c2730df
2009/10,A Mishra,6b19d823,Delhi Daredevils,14,39,50,4,9.75,78.0,1,0,318,53.0,363,17,18.71,6.85,131,41.19,14,7,7,0,50.0,14,6b19d823,https://a.espncdn.com/i/headshots/cricket/players/full/6b19d823.png,https://www.espncricinfo.com/cricketers/a-mishra-6b19d823
2009/10,A Mithun,66cf56a5,Royal Challengers Bangalore,1,5,4,1,5.0,125.0,1,0,18,3.0,39,1,18.0,13.0,2,11.11,16,8,8,0,50.0,16,66cf56a5,https://a.espncdn.com/i/headshots/cricket/players/full/66cf56a5.png,https://www.espncricinfo.com/cricketers/a-mithun-66cf56a5
2009/10,A Nehra,96fd40ae,Delhi Daredevils,4,23,19,1,23.0,121.05,2,1,84,14.0,96,6,14.0,6.86,37,44.05,14,7,7,0,50.0,14,96fd40ae,https://a.espncdn.com/i/headshots/cricket/players/full/96fd40ae.png,https://www.espncricinfo.com/cricketers/a-nehra-96fd40ae
2009/10,A Symonds,bd77eb62,Deccan Chargers,16,429,340,13,33.0,126.18,35,18,318,53.0,372,12,26.5,7.02,106,33.33,16,8,8,0,50.0,16,bd77eb62,https://a.espncdn.com/i/headshots/cricket/players/full/bd77eb62.png,https://www.espncricinfo.com/cricketers/a-symonds-bd77eb62
2009/10,A Uniyal,fdcb08c2,Rajasthan Royals,2,4,7,1,4.0,57.14,0,0,36,6.0,66,2,18.0,11.0,8,22.22,14,6,8,0,42.86,12,fdcb08c2,https://a.espncdn.com/i/headshots/cricket/players/full/fdcb08c2.png,https://www.espncricinfo.com/cricketers/a-uniyal-fdcb08c2
2009/10,AA Bilakhia,bff458c6,Deccan Chargers,1,2,4,1,2.0,50.0,0,0,0,,0,0,,,0,,16,8,8,0,50.0,16,bff458c6,https://a.espncdn.com/i/headshots/cricket/players/full/bff458c6.png,https://www.espncricinfo.com/cricketers/aa-bilakhia-bff458c6
2009/10,AA Jhunjhunwala,2815fe50,Rajasthan Royals,13,183,166,10,18.3,110.24,16,4,37,6.17,69,0,,11.19,12,32.43,14,6,8,0,42.86,12,2815fe50,https://a.espncdn.com/i/headshots/cricket/players/full/2815fe50.png,https://www.espncricinfo.com/cricketers/aa-jhunjhunwala-2815fe50
2009/10,AB Agarkar,fa463154,Kolkata Knight Riders,7,40,28,1,40.0,142.86,4,0,132,22.0,203,4,33.0,9.23,40,30.3,14,7,7,0,50.0,14,fa463154,https://a.espncdn.com/i/headshots/cricket/players/full/fa463154.png,https://www.espncricinfo.com/cricketers/ab-agarkar-fa463154
2009/10,AB Barath,d3a3e82d,Kings XI Punjab,3,42,42,2,21.0,100.0,5,1,0,,0,0,,,0,,14,3,10,1,23.08,7,d3a3e82d,https://a.espncdn.com/i/headshots/cricket/players/full/d3a3e82d.png,https://www.espncricinfo.com/cricketers/ab-barath-d3a3e82d
2009/10,AB Dinda,66b30f71,Kolkata Knight Riders,7,0,1,1,0.0,0.0,0,0,139,23.17,152,9,15.44,6.56,64,46.04,14,7,7,0,50.0,14,66b30f71,https://a.espncdn.com/i/headshots/cricket/players/full/66b30f71.png,https://www.espncricinfo.com/cricketers/ab-dinda-66b30f71
2009/10,AB McDonald,16043342,Delhi Daredevils,4,65,52,0,,125.0,3,2,84,14.0,138,5,16.8,9.86,21,25.0,14,7,7,0,50.0,14,16043342,https://a.espncdn.com/i/headshots/cricket/players/full/16043342.png,https://www.espncricinfo.com/cricketers/ab-mcdonald-16043342
2009/10,AB de Villiers,c4487b84,Delhi Daredevils,7,111,119,7,15.86,93.28,7,0,0,,0,0,,,0,,14,7,7,0,50.0,14,c4487b84,https://a.espncdn.com/i/headshots/cricket/players/full/c4487b84.png,https://www.espncricinfo.com/cricketers/ab-de-villiers-c4487b84
2009/10,AC Gilchrist,2b6e6dec,Deccan Chargers,16,289,185,17,17.0,156.22,31,16,0,,0,0,,,0,,16,8,8,0,50.0,16,2b6e6dec,https://a.espncdn.com/i/headshots/cricket/players/full/2b6e6dec.png,https://www.espncricinfo.com/cricketers/ac-gilchrist-2b6e6dec
2009/10,AC Voges,864c199e,Rajasthan Royals,9,181,143,6,30.17,126.57,15,3,54,9.0,76,0,,8.44,15,27.78,14,6,8,0,42.86,12,864c199e,https://a.espncdn.com/i/headshots/cricket/players/full/864c199e.png,https://www.espncricinfo.com/cricketers/ac-voges-864c199e
2009/10,AD Mascarenhas,3edb58fc,Rajasthan Royals,2,12,10,2,6.0,120.0,0,0,48,8.0,65,4,12.0,8.12,16,33.33,14,6,8,0,42.86,12,3edb58fc,https://a.espncdn.com/i/headshots/cricket/players/full/3edb58fc.png,https://www.espncricinfo.com/cricketers/ad-mascarenhas-3edb58fc
2009/10,AD Mathews,896d78ad,Kolkata Knight Riders,14,233,183,6,38.83,127.32,18,8,225,37.5,314,8,28.12,8.37,58,25.78,14,7,7,0,50.0,14,896d78ad,https://a.espncdn.com/i/headshots/cricket/players/full/896d78ad.png,https://www.espncricinfo.com/cricketers/ad-mathews-896d78ad
2009/10,AG Murtaza,ef5da05c,Mumbai Indians,3,0,0,0,,,0,0,72,12.0,91,3,24.0,7.58,23,31.94,16,11,5,0,68.75,22,ef5da05c,https://a.espncdn.com/i/headshots/cricket/players/full/ef5da05c.png,https://www.espncricinfo.com/cricketers/ag-murtaza-ef5da05c
2009/10,AG Paunikar,3a02626a,Rajasthan Royals,1,0,1,1,0.0,0.0,0,0,0,,0,0,,,0,,14,6,8,0,42.86,12,3a02626a,https://a.espncdn.com/i/headshots/cricket/players/full/3a02626a.png,https://www.espncricinfo.com/cricketers/ag-paunikar-3a02626a
2009/10,AJ Finch,b8d490fd,Rajasthan Royals,1,21,21,1,21.0,100.0,0,1,7,1.17,5,0,,4.29,3,42.86,14,6,8,0,42.86,12,b8d490fd,https://a.espncdn.com/i/headshots/cricket/players/full/b8d490fd.png,https://www.espncricinfo.com/cricketers/aj-finch-b8d490fd
2009/10,AM Nayar,a45a5e8d,Mumbai Indians,3,58,51,2,29.0,113.73,4,2,0,,0,0,,,0,,16,11,5,0,68.75,22,a45a5e8d,https://a.espncdn.com/i/headshots/cricket/players/full/a45a5e8d.png,https://www.espncricinfo.com/cricketers/am-nayar-a45a5e8d
2009/10,AN Ahmed,2af1b6d2,Mumbai Indians,1,4,7,0,,57.14,0,0,12,2.0,26,0,,13.0,3,25.0,16,11,5,0,68.75,22,2af1b6d2,https://a.espncdn.com/i/headshots/cricket/players/full/2af1b6d2.png,https://www.espncricinfo.com/cricketers/an-ahmed-2af1b6d2
2009/10,AP Dole,dbc50253,Rajasthan Royals,3,34,22,2,17.0,154.55,3,1,66,11.0,112,5,13.2,10.18,20,30.3,14,6,8,0,42.86,12,dbc50253,https://a.espncdn.com/i/headshots/cricket/players/full/dbc50253.png,https://www.espncricinfo.com/cricketers/ap-dole-dbc50253
2009/10,AP Tare,855a210c,Mumbai Indians,7,50,36,4,12.5,138.89,5,3,0,,0,0,,,0,,16,11,5,0,68.75,22,855a210c,https://a.espncdn.com/i/headshots/cricket/players/full/855a210c.png,https://www.espncricinfo.com/cricketers/ap-tare-855a210c
2009/10,AS Raut,c69a7b5c,Rajasthan Royals,6,56,48,2,28.0,116.67,3,3,0,,0,0,,,0,,14,6,8,0,42.86,12,c69a7b5c,https://a.espncdn.com/i/headshots/cricket/players/full/c69a7b5c.png,https://www.espncricinfo.com/cricketers/as-raut-c69a7b5c
2009/10,AT Rayudu,70d205c9,Mumbai Indians,14,356,244,12,29.67,145.9,34,13,0,,0,0,,,0,,16,11,5,0,68.75,22,70d205c9,https://a.espncdn.com/i/headshots/cricket/players/full/70d205c9.png,https://www.espncricinfo.com/cricketers/at-rayudu-70d205c9
2009/10,Anirudh Singh,7bb62642,Deccan Chargers,5,63,66,4,15.75,95.45,6,1,0,,0,0,,,0,,16,8,8,0,50.0,16,7bb62642,https://a.espncdn.com/i/headshots/cricket/players/full/7bb62642.png,https://www.espncricinfo.com/cricketers/anirudh-singh-7bb62642
2009/10,B Akhil,af7dadf7,Royal Challengers Bangalore,1,0,0,0,,,0,0,6,1.0,6,0,,6.0,3,50.0,16,8,8,0,50.0,16,af7dadf7,https://a.espncdn.com/i/headshots/cricket/players/full/af7dadf7.png,https://www.espncricinfo.com/cricketers/b-akhil-af7dadf7
2009/10,B Lee,dd09ff8e,Kings XI Punjab,4,11,9,1,11.0,122.22,1,0,87,14.5,149,0,,10.28,20,22.99,14,3,10,1,23.08,7,dd09ff8e,https://a.espncdn.com/i/headshots/cricket/players/full/dd09ff8e.png,https://www.espncricinfo.com/cricketers/b-lee-dd09ff8e
2009/10,B Sumanth,f4f0fafd,Deccan Chargers,5,35,37,1,35.0,94.59,3,0,0,,0,0,,,0,,16,8,8,0,50.0,16,f4f0fafd,https://a.espncdn.com/i/headshots/cricket/players/full/f4f0fafd.png,https://www.espncricinfo.com/cricketers/b-sumanth-f4f0fafd
2009/10,BAW Mendis,ea0cdc12,Kolkata Knight Riders,2,1,1,0,,100.0,0,0,48,8.0,66,2,24.0,8.25,12,25.0,14,7,7,0,50.0,14,ea0cdc12,https://a.espncdn.com/i/headshots/cricket/players/full/ea0cdc12.png,https://www.espncricinfo.com/cricketers/baw-mendis-ea0cdc12
2009/10,BB McCullum,b8a55852,Kolkata Knight Riders,5,114,109,3,38.0,104.59,14,2,0,,0,0,,,0,,14,7,7,0,50.0,14,b8a55852,https://a.espncdn.com/i/headshots/cricket/players/full/b8a55852.png,https://www.espncricinfo.com/cricketers/bb-mccullum-b8a55852
2009/10,BJ Hodge,b57f8a9a,Kolkata Knight Riders,4,99,90,4,24.75,110.0,11,1,30,5.0,41,2,15.0,8.2,8,26.67,14,7,7,0,50.0,14,b57f8a9a,https://a.espncdn.com/i/headshots/cricket/players/full/b57f8a9a.png,https://www.espncricinfo.com/cricketers/bj-hodge-b57f8a9a
2009/10,Bipul Sharma,c18496e1,Kings XI Punjab,5,9,7,0,,128.57,1,0,60,10.0,94,3,20.0,9.4,14,23.33,14,3,10,1,23.08,7,c18496e1,https://a.espncdn.com/i/headshots/cricket/players/full/c18496e1.png,https://www.espncricinfo.com/cricketers/bipul-sharma-c18496e1
2009/10,C Ganapathy,798934ea,Chennai Super Kings,1,0,0,0,,,0,0,6,1.0,13,0,,13.0,1,16.67,16,9,6,1,60.0,19,798934ea,https://a.espncdn.com/i/headshots/cricket/players/full/798934ea.png,https://www.espncricinfo.com/cricketers/c-ganapathy-798934ea
2009/10,C Madan,2eeb4370,Mumbai Indians,1,15,18,1,15.0,83.33,3,0,0,,0,0,,,0,,16,11,5,0,68.75,22,2eeb4370,https://a.espncdn.com/i/headshots/cricket/players/full/2eeb4370.png,https://www.espncricinfo.com/cricketers/c-madan-2eeb4370
2009/10,CA Pujara,d4f9dbd4,Kolkata Knight Riders,10,122,115,4,30.5,106.09,14,3,0,,0,0,,,0,,14,7,7,0,50.0,14,d4f9dbd4,https://a.espncdn.com/i/headshots/cricket/players/full/d4f9dbd4.png,https://www.espncricinfo.com/cricketers/ca-pujara-d4f9dbd4
2009/10,CH Gayle,db584dad,Kolkata Knight Riders,9,292,183,9,32.44,159.56,30,16,96,16.0,152,4,24.0,9.5,29,30.21,14,7,7,0,50.0,14,db584dad,https://a.espncdn.com/i/headshots/cricket/players/full/db584dad.png,https://www.espncricinfo.com/cricketers/ch-gayle-db584dad
2009/10,CK Langeveldt,d1c94b25,Kolkata Knight Riders,3,0,1,1,0.0,0.0,0,0,66,11.0,88,5,13.2,8.0,26,39.39,14,7,7,0,50.0,14,d1c94b25,https://a.espncdn.com/i/headshots/cricket/players/full/d1c94b25.png,https://www.espncricinfo.com/cricketers/ck-langeveldt-d1c94b25
2009/10,CL White,d0513f63,Royal Challengers Bangalore,7,48,33,2,24.0,145.45,3,3,6,1.0,19,0,,19.0,2,33.33,16,8,8,0,50.0,16,d0513f63,https://a.espncdn.com/i/headshots/cricket/players/full/d0513f63.png,https://www.espncricinfo.com/cricketers/cl-white-d0513f63
2009/10,CRD Fernando,342d8ade,Mumbai Indians,5,2,2,0,,100.0,0,0,114,19.0,138,7,16.29,7.26,50,43.86,16,11,5,0,68.75,22,342d8ade,https://a.espncdn.com/i/headshots/cricket/players/full/342d8ade.png,https://www.espncricinfo.com/cricketers/crd-fernando-342d8ade
2009/10,DA Warner,dcce6f09,Delhi Daredevils,11,282,189,10,28.2,149.21,27,14,0,,0,0,,,0,,14,7,7,0,50.0,14,dcce6f09,https://a.espncdn.com/i/headshots/cricket/players/full/dcce6f09.png,https://www.espncricinfo.com/cricketers/da-warner-dcce6f09
2009/10,DE Bollinger,45c2196c,Chennai Super Kings,8,18,16,0,,112.5,1,1,186,31.0,207,12,15.5,6.68,94,50.54,16,9,6,1,60.0,19,45c2196c,https://a.espncdn.com/i/headshots/cricket/players/full/45c2196c.png,https://www.espncricinfo.com/cricketers/de-bollinger-45c2196c
2009/10,DJ Bravo,87e562a9,Mumbai Indians,10,61,53,7,8.71,115.09,3,4,157,26.17,228,4,39.25,8.71,48,30.57,16,11,5,0,68.75,22,87e562a9,https://a.espncdn.com/i/headshots/cricket/players/full/87e562a9.png,https://www.espncricinfo.com/cricketers/dj-bravo-87e562a9
2009/10,DJ Hussey,fd835ab3,Kolkata Knight Riders,6,94,85,4,23.5,110.59,5,5,60,10.0,80,0,,8.0,13,21.67,14,7,7,0,50.0,14,fd835ab3,https://a.espncdn.com/i/headshots/cricket/players/full/fd835ab3.png,https://www.espncricinfo.com/cricketers/dj-hussey-fd835ab3
2009/10,DL Vettori,d7c6af50,Delhi Daredevils,3,33,27,1,33.0,122.22,4,0,70,11.67,97,2,35.0,8.31,21,30.0,14,7,7,0,50.0,14,d7c6af50,https://a.espncdn.com/i/headshots/cricket/players/full/d7c6af50.png,https://www.espncricinfo.com/cricketers/dl-vettori-d7c6af50
2009/10,DP Nannes,c404f58a,Delhi Daredevils,9,4,13,1,4.0,30.77,0,0,206,34.33,224,7,29.43,6.52,89,43.2,14,7,7,0,50.0,14,c404f58a,https://a.espncdn.com/i/headshots/cricket/players/full/c404f58a.png,https://www.espncricinfo.com/cricketers/dp-nannes-c404f58a
2009/10,DPMD Jayawardene,d18f9182,Kings XI Punjab,13,445,299,12,37.08,148.83,55,12,0,,0,0,,,0,,14,3,10,1,23.08,7,d18f9182,https://a.espncdn.com/i/headshots/cricket/players/full/d18f9182.png,https://www.espncricinfo.com/cricketers/dpmd-jayawardene-d18f9182
2009/10,DR Martyn,69762509,Rajasthan Royals,1,19,24,2,9.5,79.17,1,0,0,,0,0,,,0,,14,6,8,0,42.86,12,69762509,https://a.espncdn.com/i/headshots/cricket/players/full/69762509.png,https://www.espncricinfo.com/cricketers/dr-martyn-69762509
2009/10,DR Smith,35205dfc,Deccan Chargers,3,22,25,2,11.0,88.0,1,1,23,3.83,36,1,23.0,9.39,6,26.09,16,8,8,0,50.0,16,35205dfc,https://a.espncdn.com/i/headshots/cricket/players/full/35205dfc.png,https://www.espncricinfo.com/cricketers/dr-smith-35205dfc
2009/10,DS Kulkarni,d2a989fc,Mumbai Indians,1,0,0,0,,,0,0,24,4.0,40,1,24.0,10.0,10,41.67,16,11,5,0,68.75,22,d2a989fc,https://a.espncdn.com/i/headshots/cricket/players/full/d2a989fc.png,https://www.espncricinfo.com/cricketers/ds-kulkarni-d2a989fc
2009/10,DW Steyn,8fd1a8f5,Royal Challengers Bangalore,15,13,17,4,3.25,76.47,2,0,354,59.0,406,15,23.6,6.88,164,46.33,16,8,8,0,50.0,16,8fd1a8f5,https://a.espncdn.com/i/headshots/cricket/players/full/8fd1a8f5.png,https://www.espncricinfo.com/cricketers/dw-steyn-8fd1a8f5
2009/10,EJG Morgan,d2a6c0e6,Royal Challengers Bangalore,6,35,30,3,11.67,116.67,2,1,0,,0,0,,,0,,16,8,8,0,50.0,16,d2a6c0e6,https://a.espncdn.com/i/headshots/cricket/players/full/d2a6c0e6.png,https://www.espncricinfo.com/cricketers/ejg-morgan-d2a6c0e6
2009/10,FY Fazal,c15e2193,Rajasthan Royals,10,164,153,8,20.5,107.19,19,1,12,2.0,20,0,,10.0,1,8.33,14,6,8,0,42.86,12,c15e2193,https://a.espncdn.com/i/headshots/cricket/players/full/c15e2193.png,https://www.espncricinfo.com/cricketers/fy-fazal-c15e2193
2009/10,G Gambhir,bb345e0b,Delhi Daredevils,11,277,217,10,27.7,127.65,32,2,0,,0,0,,,0,,14,7,7,0,50.0,14,bb345e0b,https://a.espncdn.com/i/headshots/cricket/players/full/bb345e0b.png,https://www.espncricinfo.com/cricketers/g-gambhir-bb345e0b
2009/10,GC Smith,72861603,Rajasthan Royals,2,44,39,3,14.67,112.82,7,0,0,,0,0,,,0,,14,6,8,0,42.86,12,72861603,https://a.espncdn.com/i/headshots/cricket/players/full/72861603.png,https://www.espncricinfo.com/cricketers/gc-smith-72861603
2009/10,GJ Bailey,5056011d,Chennai Super Kings,1,18,27,2,9.0,66.67,2,0,0,,0,0,,,0,,16,9,6,1,60.0,19,5056011d,https://a.espncdn.com/i/headshots/cricket/players/full/5056011d.png,https://www.espncricinfo.com/cricketers/gj-bailey-5056011d
2009/10,HH Gibbs,e1d1b294,Deccan Chargers,10,267,234,10,26.7,114.1,26,9,0,,0,0,,,0,,16,8,8,0,50.0,16,e1d1b294,https://a.espncdn.com/i/headshots/cricket/players/full/e1d1b294.png,https://www.espncricinfo.com/cricketers/hh-gibbs-e1d1b294
2009/10,Harbhajan Singh,8b5b6769,Mumbai Indians,15,105,60,6,17.5,175.0,12,5,321,53.5,377,17,18.88,7.05,102,31.78,16,11,5,0,68.75,22,8b5b6769,https://a.espncdn.com/i/headshots/cricket/players/full/8b5b6769.png,https://www.espncricinfo.com/cricketers/harbhajan-singh-8b5b6769
2009/10,Harmeet Singh,2a72fd4f,Deccan Chargers,8,0,1,1,0.0,0.0,0,0,144,24.0,174,8,18.0,7.25,59,40.97,16,8,8,0,50.0,16,0bf15e52,https://a.espncdn.com/i/headshots/cricket/players/full/0bf15e52.png,https://www.espncricinfo.com/cricketers/harmeet-singh-0bf15e52
2009/10,Harpreet Singh,28c78fb3,Kolkata Knight Riders,1,0,0,0,,,0,0,0,,0,0,,,0,,14,7,7,0,50.0,14,28c78fb3,https://a.espncdn.com/i/headshots/cricket/players/full/28c78fb3.png,https://www.espncricinfo.com/cricketers/harpreet-singh-28c78fb3
2009/10,I Sharma,5bb1a1c4,Kolkata Knight Riders,7,6,17,2,3.0,35.29,0,0,150,25.0,236,7,21.43,9.44,54,36.0,14,7,7,0,50.0,14,5bb1a1c4,https://a.espncdn.com/i/headshots/cricket/players/full/5bb1a1c4.png,https://www.espncricinfo.com/cricketers/i-sharma-5bb1a1c4
2009/10,IK Pathan,5fa06777,Kings XI Punjab,14,276,186,8,34.5,148.39,21,10,278,46.33,426,15,18.53,9.19,98,35.25,14,3,10,1,23.08,7,5fa06777,https://a.espncdn.com/i/headshots/cricket/players/full/5fa06777.png,https://www.espncricinfo.com/cricketers/ik-pathan-5fa06777
2009/10,Iqbal Abdulla,85aae393,Kolkata Knight Riders,3,0,1,0,,0.0,0,0,51,8.5,61,1,51.0,7.18,18,35.29,14,7,7,0,50.0,14,85aae393,https://a.espncdn.com/i/headshots/cricket/players/full/85aae393.png,https://www.espncricinfo.com/cricketers/iqbal-abdulla-85aae393
2009/10,J Theron,dec8e038,Kings XI Punjab,7,2,5,2,1.0,40.0,0,0,149,24.83,196,8,18.62,7.89,46,30.87,14,3,10,1,23.08,7,dec8e038,https://a.espncdn.com/i/headshots/cricket/players/full/dec8e038.png,https://www.espncricinfo.com/cricketers/j-theron-dec8e038
2009/10,JA Morkel,c3d35165,Chennai Super Kings,14,199,131,7,28.43,151.91,10,13,286,47.67,405,11,26.0,8.5,97,33.92,16,9,6,1,60.0,19,c3d35165,https://a.espncdn.com/i/headshots/cricket/players/full/c3d35165.png,https://www.espncricinfo.com/cricketers/ja-morkel-c3d35165
2009/10,JD Unadkat,1e66c162,Kolkata Knight Riders,3,0,0,0,,,0,0,62,10.33,85,4,15.5,8.23,20,32.26,14,7,7,0,50.0,14,1e66c162,https://a.espncdn.com/i/headshots/cricket/players/full/1e66c162.png,https://www.espncricinfo.com/cricketers/jd-unadkat-1e66c162
2009/10,JH Kallis,86dc8f2e,Royal Challengers Bangalore,16,572,489,12,47.67,116.97,67,9,342,57.0,476,13,26.31,8.35,118,34.5,16,8,8,0,50.0,16,86dc8f2e,https://a.espncdn.com/i/headshots/cricket/players/full/86dc8f2e.png,https://www.espncricinfo.com/cricketers/jh-kallis-86dc8f2e
2009/10,JM Kemp,6581d753,Chennai Super Kings,5,26,24,2,13.0,108.33,1,1,44,7.33,54,3,14.67,7.36,15,34.09,16,9,6,1,60.0,19,6581d753,https://a.espncdn.com/i/headshots/cricket/players/full/6581d753.png,https://www.espncricinfo.com/cricketers/jm-kemp-6581d753
2009/10,JP Duminy,2e8994e7,Mumbai Indians,7,157,131,4,39.25,119.85,13,5,33,5.5,37,1,33.0,6.73,13,39.39,16,11,5,0,68.75,22,2e8994e7,https://a.espncdn.com/i/headshots/cricket/players/full/2e8994e7.png,https://www.espncricinfo.com/cricketers/jp-duminy-2e8994e7
2009/10,Jaskaran Singh,d7b3a420,Deccan Chargers,6,8,11,2,4.0,72.73,0,0,84,14.0,139,6,14.0,9.93,31,36.9,16,8,8,0,50.0,16,d7b3a420,https://a.espncdn.com/i/headshots/cricket/players/full/d7b3a420.png,https://www.espncricinfo.com/cricketers/jaskaran-singh-d7b3a420
2009/10,Joginder Sharma,9f961c14,Chennai Super Kings,3,0,0,0,,,0,0,48,8.0,89,2,24.0,11.12,14,29.17,16,9,6,1,60.0,19,9f961c14,https://a.espncdn.com/i/headshots/cricket/players/full/9f961c14.png,https://www.espncricinfo.com/cricketers/joginder-sharma-9f961c14
2009/10,K Goel,a1f1829d,Kings XI Punjab,6,18,20,1,18.0,90.0,1,1,6,1.0,7,0,,7.0,1,16.67,14,3,10,1,23.08,7,a1f1829d,https://a.espncdn.com/i/headshots/cricket/players/full/a1f1829d.png,https://www.espncricinfo.com/cricketers/k-goel-a1f1829d
2009/10,KA Pollard,a757b0d8,Mumbai Indians,14,273,146,14,19.5,186.99,23,17,222,37.0,274,15,14.8,7.41,58,26.13,16,11,5,0,68.75,22,a757b0d8,https://a.espncdn.com/i/headshots/cricket/players/full/a757b0d8.png,https://www.espncricinfo.com/cricketers/ka-pollard-a757b0d8
2009/10,KAJ Roach,78eb4223,Deccan Chargers,2,10,9,1,10.0,111.11,1,0,48,8.0,80,0,,10.0,20,41.67,16,8,8,0,50.0,16,78eb4223,https://a.espncdn.com/i/headshots/cricket/players/full/78eb4223.png,https://www.espncricinfo.com/cricketers/kaj-roach-78eb4223
2009/10,KB Arun Karthik,7daedf2f,Chennai Super Kings,1,3,5,0,,60.0,0,0,0,,0,0,,,0,,16,9,6,1,60.0,19,7daedf2f,https://a.espncdn.com/i/headshots/cricket/players/full/7daedf2f.png,https://www.espncricinfo.com/cricketers/kb-arun-karthik-7daedf2f
2009/10,KC Sangakkara,6b71e6cf,Kings XI Punjab,13,357,256,12,29.75,139.45,47,5,0,,0,0,,,0,,14,3,10,1,23.08,7,6b71e6cf,https://a.espncdn.com/i/headshots/cricket/players/full/6b71e6cf.png,https://www.espncricinfo.com/cricketers/kc-sangakkara-6b71e6cf
2009/10,KD Karthik,c03f1114,Delhi Daredevils,14,278,236,12,23.17,117.8,26,6,0,,0,0,,,0,,14,7,7,0,50.0,14,c03f1114,https://a.espncdn.com/i/headshots/cricket/players/full/c03f1114.png,https://www.espncricinfo.com/cricketers/kd-karthik-c03f1114
2009/10,KM Jadhav,99d63244,Delhi Daredevils,5,76,56,4,19.0,135.71,7,2,0,,0,0,,,0,,14,7,7,0,50.0,14,99d63244,https://a.espncdn.com/i/headshots/cricket/players/full/99d63244.png,https://www.espncricinfo.com/cricketers/km-jadhav-99d63244
2009/10,KP Appanna,d92e42f5,Royal Challengers Bangalore,2,2,3,1,2.0,66.67,0,0,42,7.0,51,1,42.0,7.29,15,35.71,16,8,8,0,50.0,16,d92e42f5,https://a.espncdn.com/i/headshots/cricket/players/full/d92e42f5.png,https://www.espncricinfo.com/cricketers/kp-appanna-d92e42f5
2009/10,KP Pietersen,39f01cdb,Royal Challengers Bangalore,7,236,157,4,59.0,150.32,23,8,60,10.0,77,3,20.0,7.7,18,30.0,16,8,8,0,50.0,16,39f01cdb,https://a.espncdn.com/i/headshots/cricket/players/full/39f01cdb.png,https://www.espncricinfo.com/cricketers/kp-pietersen-39f01cdb
2009/10,Kamran Khan,6ef60d3a,Rajasthan Royals,3,0,0,0,,,0,0,36,6.0,53,3,12.0,8.83,18,50.0,14,6,8,0,42.86,12,6ef60d3a,https://a.espncdn.com/i/headshots/cricket/players/full/6ef60d3a.png,https://www.espncricinfo.com/cricketers/kamran-khan-6ef60d3a
2009/10,L Ablish,8b9704ae,Kings XI Punjab,2,0,0,0,,,0,0,24,4.0,36,3,8.0,9.0,7,29.17,14,3,10,1,23.08,7,8b9704ae,https://a.espncdn.com/i/headshots/cricket/players/full/8b9704ae.png,https://www.espncricinfo.com/cricketers/l-ablish-8b9704ae
2009/10,L Balaji,b2b50355,Chennai Super Kings,7,18,20,2,9.0,90.0,1,1,140,23.33,207,7,20.0,8.87,50,35.71,16,9,6,1,60.0,19,b2b50355,https://a.espncdn.com/i/headshots/cricket/players/full/b2b50355.png,https://www.espncricinfo.com/cricketers/l-balaji-b2b50355
2009/10,LR Shukla,b1451597,Kolkata Knight Riders,4,36,26,2,18.0,138.46,3,2,72,12.0,106,3,24.0,8.83,19,26.39,14,7,7,0,50.0,14,b1451597,https://a.espncdn.com/i/headshots/cricket/players/full/b1451597.png,https://www.espncricinfo.com/cricketers/lr-shukla-b1451597
2009/10,LRPL Taylor,b61a3e1a,Royal Challengers Bangalore,7,88,75,4,22.0,117.33,2,6,0,,0,0,,,0,,16,8,8,0,50.0,16,b61a3e1a,https://a.espncdn.com/i/headshots/cricket/players/full/b61a3e1a.png,https://www.espncricinfo.com/cricketers/lrpl-taylor-b61a3e1a
2009/10,M Kaif,d84378a4,Kings XI Punjab,4,28,30,3,9.33,93.33,2,0,0,,0,0,,,0,,14,3,10,1,23.08,7,d84378a4,https://a.espncdn.com/i/headshots/cricket/players/full/d84378a4.png,https://www.espncricinfo.com/cricketers/m-kaif-d84378a4
2009/10,M Kartik,abfeb126,Kolkata Knight Riders,10,22,22,1,22.0,100.0,2,0,234,39.0,253,9,26.0,6.49,77,32.91,14,7,7,0,50.0,14,abfeb126,https://a.espncdn.com/i/headshots/cricket/players/full/abfeb126.png,https://www.espncricinfo.com/cricketers/m-kartik-abfeb126
2009/10,M Manhas,c42aaf71,Delhi Daredevils,9,157,149,4,39.25,105.37,14,0,0,,0,0,,,0,,14,7,7,0,50.0,14,c42aaf71,https://a.espncdn.com/i/headshots/cricket/players/full/c42aaf71.png,https://www.espncricinfo.com/cricketers/m-manhas-c42aaf71
2009/10,M Morkel,5bb5a915,Rajasthan Royals,2,9,16,2,4.5,56.25,1,0,42,7.0,66,0,,9.43,15,35.71,14,6,8,0,42.86,12,5bb5a915,https://a.espncdn.com/i/headshots/cricket/players/full/5bb5a915.png,https://www.espncricinfo.com/cricketers/m-morkel-5bb5a915
2009/10,M Muralitharan,4ba44e19,Chennai Super Kings,12,1,2,1,1.0,50.0,0,0,292,48.67,339,16,18.25,6.97,123,42.12,16,9,6,1,60.0,19,4ba44e19,https://a.espncdn.com/i/headshots/cricket/players/full/4ba44e19.png,https://www.espncricinfo.com/cricketers/m-muralitharan-4ba44e19
2009/10,M Vijay,4b57e452,Chennai Super Kings,15,458,292,12,38.17,156.85,36,26,0,,0,0,,,0,,16,9,6,1,60.0,19,4b57e452,https://a.espncdn.com/i/headshots/cricket/players/full/4b57e452.png,https://www.espncricinfo.com/cricketers/m-vijay-4b57e452
2009/10,MB Parmar,86ae8ef2,Kolkata Knight Riders,1,0,0,0,,,0,0,18,3.0,33,0,,11.0,4,22.22,14,7,7,0,50.0,14,86ae8ef2,https://a.espncdn.com/i/headshots/cricket/players/full/86ae8ef2.png,https://www.espncricinfo.com/cricketers/mb-parmar-86ae8ef2
2009/10,MC Henriques,32198ae0,Delhi Daredevils,1,11,5,1,11.0,220.0,2,0,24,4.0,35,1,24.0,8.75,10,41.67,14,7,7,0,50.0,14,32198ae0,https://a.espncdn.com/i/headshots/cricket/players/full/32198ae0.png,https://www.espncricinfo.com/cricketers/mc-henriques-32198ae0
2009/10,MD Mishra,6afb26d6,Deccan Chargers,11,166,142,10,16.6,116.9,18,6,0,,0,0,,,0,,16,8,8,0,50.0,16,6afb26d6,https://a.espncdn.com/i/headshots/cricket/players/full/6afb26d6.png,https://www.espncricinfo.com/cricketers/md-mishra-6afb26d6
2009/10,MEK Hussey,48fd7349,Chennai Super Kings,3,37,44,2,18.5,84.09,2,0,0,,0,0,,,0,,16,9,6,1,60.0,19,48fd7349,https://a.espncdn.com/i/headshots/cricket/players/full/48fd7349.png,https://www.espncricinfo.com/cricketers/mek-hussey-48fd7349
2009/10,MF Maharoof,ab89348d,Delhi Daredevils,7,31,23,3,10.33,134.78,2,2,144,24.0,206,8,18.0,8.58,54,37.5,14,7,7,0,50.0,14,ab89348d,https://a.espncdn.com/i/headshots/cricket/players/full/ab89348d.png,https://www.espncricinfo.com/cricketers/mf-maharoof-ab89348d
2009/10,MJ Lumb,11df3dc8,Rajasthan Royals,11,278,189,9,30.89,147.09,45,6,0,,0,0,,,0,,14,6,8,0,42.86,12,11df3dc8,https://a.espncdn.com/i/headshots/cricket/players/full/11df3dc8.png,https://www.espncricinfo.com/cricketers/mj-lumb-11df3dc8
2009/10,MK Pandey,93b4fc78,Royal Challengers Bangalore,13,249,225,11,22.64,110.67,27,7,0,,0,0,,,0,,16,8,8,0,50.0,16,93b4fc78,https://a.espncdn.com/i/headshots/cricket/players/full/93b4fc78.png,https://www.espncricinfo.com/cricketers/mk-pandey-93b4fc78
2009/10,MK Tiwary,26e5cabf,Kolkata Knight Riders,13,237,185,10,23.7,128.11,23,5,6,1.0,11,1,6.0,11.0,2,33.33,14,7,7,0,50.0,14,26e5cabf,https://a.espncdn.com/i/headshots/cricket/players/full/26e5cabf.png,https://www.espncricinfo.com/cricketers/mk-tiwary-26e5cabf
2009/10,ML Hayden,d8699ab7,Chennai Super Kings,16,346,279,16,21.62,124.01,37,16,0,,0,0,,,0,,16,9,6,1,60.0,19,d8699ab7,https://a.espncdn.com/i/headshots/cricket/players/full/d8699ab7.png,https://www.espncricinfo.com/cricketers/ml-hayden-d8699ab7
2009/10,MM Patel,f0f628c7,Rajasthan Royals,4,4,5,0,,80.0,0,0,78,13.0,118,3,26.0,9.08,31,39.74,14,6,8,0,42.86,12,f0f628c7,https://a.espncdn.com/i/headshots/cricket/players/full/f0f628c7.png,https://www.espncricinfo.com/cricketers/mm-patel-f0f628c7
2009/10,MR Marsh,3d8feaf8,Deccan Chargers,3,28,30,2,14.0,93.33,1,1,60,10.0,88,2,30.0,8.8,24,40.0,16,8,8,0,50.0,16,3d8feaf8,https://a.espncdn.com/i/headshots/cricket/players/full/3d8feaf8.png,https://www.espncricinfo.com/cricketers/mr-marsh-3d8feaf8
2009/10,MS Bisla,5afd4539,Kings XI Punjab,10,218,177,9,24.22,123.16,27,6,0,,0,0,,,0,,14,3,10,1,23.08,7,5afd4539,https://a.espncdn.com/i/headshots/cricket/players/full/5afd4539.png,https://www.espncricinfo.com/cricketers/ms-bisla-5afd4539
2009/10,MS Dhoni,4a8a2e3b,Chennai Super Kings,13,287,210,9,31.89,136.67,26,8,0,,0,0,,,0,,16,9,6,1,60.0,19,4a8a2e3b,https://a.espncdn.com/i/headshots/cricket/players/full/4a8a2e3b.png,https://www.espncricinfo.com/cricketers/ms-dhoni-4a8a2e3b
2009/10,MS Gony,ae78bc32,Chennai Super Kings,3,2,6,1,2.0,33.33,0,0,48,8.0,92,1,48.0,11.5,17,35.42,16,9,6,1,60.0,19,ae78bc32,https://a.espncdn.com/i/headshots/cricket/players/full/ae78bc32.png,https://www.espncricinfo.com/cricketers/ms-gony-ae78bc32
2009/10,MV Boucher,f3cb53a1,Royal Challengers Bangalore,5,13,10,1,13.0,130.0,0,1,0,,0,0,,,0,,16,8,8,0,50.0,16,f3cb53a1,https://a.espncdn.com/i/headshots/cricket/players/full/f3cb53a1.png,https://www.espncricinfo.com/cricketers/mv-boucher-f3cb53a1
2009/10,Mandeep Singh,c3a96caf,Kolkata Knight Riders,3,4,11,2,2.0,36.36,1,0,0,,0,0,,,0,,14,7,7,0,50.0,14,c3a96caf,https://a.espncdn.com/i/headshots/cricket/players/full/c3a96caf.png,https://www.espncricinfo.com/cricketers/mandeep-singh-c3a96caf
2009/10,ND Doshi,6ec424a9,Royal Challengers Bangalore,1,0,0,0,,,0,0,24,4.0,17,1,24.0,4.25,14,58.33,16,8,8,0,50.0,16,6ec424a9,https://a.espncdn.com/i/headshots/cricket/players/full/6ec424a9.png,https://www.espncricinfo.com/cricketers/nd-doshi-6ec424a9
2009/10,NLTC Perera,0f12f9df,Chennai Super Kings,1,0,0,0,,,0,0,6,1.0,19,0,,19.0,0,0.0,16,9,6,1,60.0,19,0f12f9df,https://a.espncdn.com/i/headshots/cricket/players/full/0f12f9df.png,https://www.espncricinfo.com/cricketers/nltc-perera-0f12f9df
2009/10,NV Ojha,890946a0,Rajasthan Royals,14,377,283,12,31.42,133.22,42,15,0,,0,0,,,0,,14,6,8,0,42.86,12,890946a0,https://a.espncdn.com/i/headshots/cricket/players/full/890946a0.png,https://www.espncricinfo.com/cricketers/nv-ojha-890946a0
2009/10,OA Shah,7bf96684,Kolkata Knight Riders,5,115,95,3,38.33,121.05,7,5,0,,0,0,,,0,,14,7,7,0,50.0,14,7bf96684,https://a.espncdn.com/i/headshots/cricket/players/full/7bf96684.png,https://www.espncricinfo.com/cricketers/oa-shah-7bf96684
2009/10,P Dogra,2728e7e9,Rajasthan Royals,9,107,106,6,17.83,100.94,4,5,0,,0,0,,,0,,14,6,8,0,42.86,12,2728e7e9,https://a.espncdn.com/i/headshots/cricket/players/full/2728e7e9.png,https://www.espncricinfo.com/cricketers/p-dogra-2728e7e9
2009/10,P Kumar,e938e1bc,Royal Challengers Bangalore,12,4,8,2,2.0,50.0,0,0,270,45.0,380,10,27.0,8.44,109,40.37,16,8,8,0,50.0,16,e938e1bc,https://a.espncdn.com/i/headshots/cricket/players/full/e938e1bc.png,https://www.espncricinfo.com/cricketers/p-kumar-e938e1bc
2009/10,PA Patel,b5da6c24,Chennai Super Kings,4,72,79,5,14.4,91.14,6,2,0,,0,0,,,0,,16,9,6,1,60.0,19,b5da6c24,https://a.espncdn.com/i/headshots/cricket/players/full/b5da6c24.png,https://www.espncricinfo.com/cricketers/pa-patel-b5da6c24
2009/10,PD Collingwood,a386e91b,Delhi Daredevils,8,203,156,4,50.75,130.13,9,13,89,14.83,101,5,17.8,6.81,24,26.97,14,7,7,0,50.0,14,a386e91b,https://a.espncdn.com/i/headshots/cricket/players/full/a386e91b.png,https://www.espncricinfo.com/cricketers/pd-collingwood-a386e91b
2009/10,PJ Sangwan,9fc0ef64,Delhi Daredevils,8,10,14,0,,71.43,0,0,186,31.0,258,9,20.67,8.32,70,37.63,14,7,7,0,50.0,14,9fc0ef64,https://a.espncdn.com/i/headshots/cricket/players/full/9fc0ef64.png,https://www.espncricinfo.com/cricketers/pj-sangwan-9fc0ef64
2009/10,PP Chawla,98ae73b1,Kings XI Punjab,14,62,59,5,12.4,105.08,7,0,294,49.0,367,12,24.5,7.49,94,31.97,14,3,10,1,23.08,7,98ae73b1,https://a.espncdn.com/i/headshots/cricket/players/full/98ae73b1.png,https://www.espncricinfo.com/cricketers/pp-chawla-98ae73b1
2009/10,PP Ojha,6c6591ab,Deccan Chargers,16,3,8,3,1.0,37.5,0,0,353,58.83,429,21,16.81,7.29,133,37.68,16,8,8,0,50.0,16,6c6591ab,https://a.espncdn.com/i/headshots/cricket/players/full/6c6591ab.png,https://www.espncricinfo.com/cricketers/pp-ojha-6c6591ab
2009/10,Pankaj Singh,e32d22f6,Royal Challengers Bangalore,2,1,2,1,1.0,50.0,0,0,48,8.0,81,2,24.0,10.12,21,43.75,16,8,8,0,50.0,16,e32d22f6,https://a.espncdn.com/i/headshots/cricket/players/full/e32d22f6.png,https://www.espncricinfo.com/cricketers/pankaj-singh-e32d22f6
2009/10,R Ashwin,495d42a5,Chennai Super Kings,12,30,40,3,10.0,75.0,2,0,288,48.0,293,13,22.15,6.1,124,43.06,16,9,6,1,60.0,19,495d42a5,https://a.espncdn.com/i/headshots/cricket/players/full/495d42a5.png,https://www.espncricinfo.com/cricketers/r-ashwin-495d42a5
2009/10,R Bhatia,33a364a6,Delhi Daredevils,5,24,17,3,8.0,141.18,1,2,96,16.0,132,3,32.0,8.25,23,23.96,14,7,7,0,50.0,14,33a364a6,https://a.espncdn.com/i/headshots/cricket/players/full/33a364a6.png,https://www.espncricinfo.com/cricketers/r-bhatia-33a364a6
2009/10,R Dravid,0184dc35,Royal Challengers Bangalore,16,256,199,9,28.44,128.64,34,3,0,,0,0,,,0,,16,8,8,0,50.0,16,0184dc35,https://a.espncdn.com/i/headshots/cricket/players/full/0184dc35.png,https://www.espncricinfo.com/cricketers/r-dravid-0184dc35
2009/10,R McLaren,c654af19,Mumbai Indians,10,66,69,3,22.0,95.65,7,0,204,34.0,270,4,51.0,7.94,69,33.82,16,11,5,0,68.75,22,c654af19,https://a.espncdn.com/i/headshots/cricket/players/full/c654af19.png,https://www.espncricinfo.com/cricketers/r-mclaren-c654af19
2009/10,R Sathish,626c5379,Mumbai Indians,12,112,96,6,18.67,116.67,11,0,48,8.0,81,2,24.0,10.12,14,29.17,16,11,5,0,68.75,22,626c5379,https://a.espncdn.com/i/headshots/cricket/players/full/626c5379.png,https://www.espncricinfo.com/cricketers/r-sathish-626c5379
2009/10,R Sharma,5d9a1a73,Deccan Chargers,6,29,26,3,9.67,111.54,3,1,124,20.67,167,5,24.8,8.08,40,32.26,16,8,8,0,50.0,16,5d9a1a73,https://a.espncdn.com/i/headshots/cricket/players/full/5d9a1a73.png,https://www.espncricinfo.com/cricketers/r-sharma-5d9a1a73
2009/10,R Vinay Kumar,41eb4a4f,Royal Challengers Bangalore,14,27,32,3,9.0,84.38,1,0,277,46.17,396,16,17.31,8.58,101,36.46,16,8,8,0,50.0,16,41eb4a4f,https://a.espncdn.com/i/headshots/cricket/players/full/41eb4a4f.png,https://www.espncricinfo.com/cricketers/r-vinay-kumar-41eb4a4f
2009/10,RE van der Merwe,05c2ca46,Royal Challengers Bangalore,1,1,2,1,1.0,50.0,0,0,24,4.0,27,2,12.0,6.75,8,33.33,16,8,8,0,50.0,16,05c2ca46,https://a.espncdn.com/i/headshots/cricket/players/full/05c2ca46.png,https://www.espncricinfo.com/cricketers/re-van-der-merwe-05c2ca46
2009/10,RG Sharma,740742ef,Deccan Chargers,16,404,300,18,22.44,134.67,36,14,114,19.0,153,2,57.0,8.05,32,28.07,16,8,8,0,50.0,16,740742ef,https://a.espncdn.com/i/headshots/cricket/players/full/740742ef.png,https://www.espncricinfo.com/cricketers/rg-sharma-740742ef
2009/10,RJ Harris,12eddf28,Deccan Chargers,8,45,39,4,11.25,115.38,2,2,184,30.67,233,14,13.14,7.6,81,44.02,16,8,8,0,50.0,16,12eddf28,https://a.espncdn.com/i/headshots/cricket/players/full/12eddf28.png,https://www.espncricinfo.com/cricketers/rj-harris-12eddf28
2009/10,RP Singh,c3d1402f,Deccan Chargers,12,9,19,2,4.5,47.37,0,0,252,42.0,370,13,19.38,8.81,98,38.89,16,8,8,0,50.0,16,c3d1402f,https://a.espncdn.com/i/headshots/cricket/players/full/c3d1402f.png,https://www.espncricinfo.com/cricketers/rp-singh-c3d1402f
2009/10,RR Powar,5d096f3d,Kings XI Punjab,7,5,8,1,5.0,62.5,0,0,138,23.0,160,3,46.0,6.96,62,44.93,14,3,10,1,23.08,7,5d096f3d,https://a.espncdn.com/i/headshots/cricket/players/full/5d096f3d.png,https://www.espncricinfo.com/cricketers/rr-powar-5d096f3d
2009/10,RS Bopara,7ca5e05d,Kings XI Punjab,10,248,214,8,31.0,115.89,25,3,78,13.0,127,5,15.6,9.77,21,26.92,14,3,10,1,23.08,7,7ca5e05d,https://a.espncdn.com/i/headshots/cricket/players/full/7ca5e05d.png,https://www.espncricinfo.com/cricketers/rs-bopara-7ca5e05d
2009/10,RS Gavaskar,9ff100a6,Kolkata Knight Riders,2,2,8,1,2.0,25.0,0,0,6,1.0,8,0,,8.0,2,33.33,14,7,7,0,50.0,14,9ff100a6,https://a.espncdn.com/i/headshots/cricket/players/full/9ff100a6.png,https://www.espncricinfo.com/cricketers/rs-gavaskar-9ff100a6
2009/10,RS Sodhi,a3ecf01f,Kings XI Punjab,3,4,2,0,,200.0,1,0,0,,0,0,,,0,,14,3,10,1,23.08,7,a3ecf01f,https://a.espncdn.com/i/headshots/cricket/players/full/a3ecf01f.png,https://www.espncricinfo.com/cricketers/rs-sodhi-a3ecf01f
2009/10,RV Uthappa,1c17e270,Royal Challengers Bangalore,16,374,218,12,31.17,171.56,21,27,0,,0,0,,,0,,16,8,8,0,50.0,16,1c17e270,https://a.espncdn.com/i/headshots/cricket/players/full/1c17e270.png,https://www.espncricinfo.com/cricketers/rv-uthappa-1c17e270
2009/10,S Anirudha,95a2ea61,Chennai Super Kings,4,30,18,1,30.0,166.67,2,2,0,,0,0,,,0,,16,9,6,1,60.0,19,95a2ea61,https://a.espncdn.com/i/headshots/cricket/players/full/95a2ea61.png,https://www.espncricinfo.com/cricketers/s-anirudha-95a2ea61
2009/10,S Badrinath,3576e47e,Chennai Super Kings,16,356,301,12,29.67,118.27,41,5,0,,0,0,,,0,,16,9,6,1,60.0,19,3576e47e,https://a.espncdn.com/i/headshots/cricket/players/full/3576e47e.png,https://www.espncricinfo.com/cricketers/s-badrinath-3576e47e
2009/10,S Dhawan,0a476045,Mumbai Indians,10,191,169,10,19.1,113.02,23,3,0,,0,0,,,0,,16,11,5,0,68.75,22,0a476045,https://a.espncdn.com/i/headshots/cricket/players/full/0a476045.png,https://www.espncricinfo.com/cricketers/s-dhawan-0a476045
2009/10,S Ladda,fb693839,Delhi Daredevils,5,0,9,2,0.0,0.0,0,0,90,15.0,143,4,22.5,9.53,34,37.78,14,7,7,0,50.0,14,fb693839,https://a.espncdn.com/i/headshots/cricket/players/full/fb693839.png,https://www.espncricinfo.com/cricketers/s-ladda-fb693839
2009/10,S Narwal,287686fd,Rajasthan Royals,5,14,12,3,4.67,116.67,2,0,94,15.67,185,5,18.8,11.81,31,32.98,14,6,8,0,42.86,12,287686fd,https://a.espncdn.com/i/headshots/cricket/players/full/287686fd.png,https://www.espncricinfo.com/cricketers/s-narwal-287686fd
2009/10,S Sohal,3fca55af,Kings XI Punjab,1,0,0,0,,,0,0,0,,0,0,,,0,,14,3,10,1,23.08,7,3fca55af,https://a.espncdn.com/i/headshots/cricket/players/full/3fca55af.png,https://www.espncricinfo.com/cricketers/s-sohal-3fca55af
2009/10,S Sreesanth,6b8eb6e5,Kings XI Punjab,6,27,21,0,,128.57,5,0,114,19.0,191,3,38.0,10.05,44,38.6,14,3,10,1,23.08,7,6b8eb6e5,https://a.espncdn.com/i/headshots/cricket/players/full/6b8eb6e5.png,https://www.espncricinfo.com/cricketers/s-sreesanth-6b8eb6e5
2009/10,S Sriram,64a4c383,Royal Challengers Bangalore,1,27,29,1,27.0,93.1,3,0,12,2.0,24,0,,12.0,2,16.67,16,8,8,0,50.0,16,64a4c383,https://a.espncdn.com/i/headshots/cricket/players/full/64a4c383.png,https://www.espncricinfo.com/cricketers/s-sriram-64a4c383
2009/10,S Tyagi,c24a2c5d,Chennai Super Kings,6,3,4,0,,75.0,0,0,95,15.83,159,1,95.0,10.04,34,35.79,16,9,6,1,60.0,19,c24a2c5d,https://a.espncdn.com/i/headshots/cricket/players/full/c24a2c5d.png,https://www.espncricinfo.com/cricketers/s-tyagi-c24a2c5d
2009/10,SA Asnodkar,ae091d39,Rajasthan Royals,2,5,4,1,5.0,125.0,1,0,0,,0,0,,,0,,14,6,8,0,42.86,12,ae091d39,https://a.espncdn.com/i/headshots/cricket/players/full/ae091d39.png,https://www.espncricinfo.com/cricketers/sa-asnodkar-ae091d39
2009/10,SB Jakati,c8179c68,Chennai Super Kings,11,0,0,0,,,0,0,228,38.0,291,13,17.54,7.66,82,35.96,16,9,6,1,60.0,19,c8179c68,https://a.espncdn.com/i/headshots/cricket/players/full/c8179c68.png,https://www.espncricinfo.com/cricketers/sb-jakati-c8179c68
2009/10,SB Wagh,dddca1d6,Rajasthan Royals,1,0,0,0,,,0,0,6,1.0,16,1,6.0,16.0,2,33.33,14,6,8,0,42.86,12,dddca1d6,https://a.espncdn.com/i/headshots/cricket/players/full/dddca1d6.png,https://www.espncricinfo.com/cricketers/sb-wagh-dddca1d6
2009/10,SC Ganguly,725529bc,Kolkata Knight Riders,14,493,418,13,37.92,117.94,58,15,24,4.0,43,0,,10.75,2,8.33,14,7,7,0,50.0,14,725529bc,https://a.espncdn.com/i/headshots/cricket/players/full/725529bc.png,https://www.espncricinfo.com/cricketers/sc-ganguly-725529bc
2009/10,SE Bond,4f629497,Kolkata Knight Riders,8,1,2,1,1.0,50.0,0,0,186,31.0,224,9,20.67,7.23,75,40.32,14,7,7,0,50.0,14,4f629497,https://a.espncdn.com/i/headshots/cricket/players/full/4f629497.png,https://www.espncricinfo.com/cricketers/se-bond-4f629497
2009/10,SE Marsh,508a1ea7,Kings XI Punjab,4,147,114,3,49.0,128.95,14,6,0,,0,0,,,0,,14,3,10,1,23.08,7,508a1ea7,https://a.espncdn.com/i/headshots/cricket/players/full/508a1ea7.png,https://www.espncricinfo.com/cricketers/se-marsh-508a1ea7
2009/10,SJ Srivastava,2049f3a0,Kings XI Punjab,8,1,2,1,1.0,50.0,0,0,162,27.0,255,6,27.0,9.44,54,33.33,14,3,10,1,23.08,7,2049f3a0,https://a.espncdn.com/i/headshots/cricket/players/full/2049f3a0.png,https://www.espncricinfo.com/cricketers/sj-srivastava-2049f3a0
2009/10,SK Raina,1dc12ab9,Chennai Super Kings,16,528,364,13,40.62,145.05,45,23,143,23.83,178,6,23.83,7.47,40,27.97,16,9,6,1,60.0,19,1dc12ab9,https://a.espncdn.com/i/headshots/cricket/players/full/1dc12ab9.png,https://www.espncricinfo.com/cricketers/sk-raina-1dc12ab9
2009/10,SK Trivedi,3d7e087f,Rajasthan Royals,11,20,14,3,6.67,142.86,3,1,213,35.5,260,11,19.36,7.32,69,32.39,14,6,8,0,42.86,12,3d7e087f,https://a.espncdn.com/i/headshots/cricket/players/full/3d7e087f.png,https://www.espncricinfo.com/cricketers/sk-trivedi-3d7e087f
2009/10,SK Warne,bb18be76,Rajasthan Royals,14,10,19,3,3.33,52.63,0,0,300,50.0,381,11,27.27,7.62,93,31.0,14,6,8,0,42.86,12,bb18be76,https://a.espncdn.com/i/headshots/cricket/players/full/bb18be76.png,https://www.espncricinfo.com/cricketers/sk-warne-bb18be76
2009/10,SL Malinga,a12e1d51,Mumbai Indians,13,1,1,0,,100.0,0,0,294,49.0,344,15,19.6,7.02,116,39.46,16,11,5,0,68.75,22,a12e1d51,https://a.espncdn.com/i/headshots/cricket/players/full/a12e1d51.png,https://www.espncricinfo.com/cricketers/sl-malinga-a12e1d51
2009/10,SP Goswami,541f85c9,Royal Challengers Bangalore,1,8,10,1,8.0,80.0,2,0,0,,0,0,,,0,,16,8,8,0,50.0,16,541f85c9,https://a.espncdn.com/i/headshots/cricket/players/full/541f85c9.png,https://www.espncricinfo.com/cricketers/sp-goswami-541f85c9
2009/10,SR Tendulkar,d2c2b2d5,Mumbai Indians,15,618,463,13,47.54,133.48,86,3,0,,0,0,,,0,,16,11,5,0,68.75,22,d2c2b2d5,https://a.espncdn.com/i/headshots/cricket/players/full/d2c2b2d5.png,https://www.espncricinfo.com/cricketers/sr-tendulkar-d2c2b2d5
2009/10,SR Watson,4329fbb5,Rajasthan Royals,6,185,113,5,37.0,163.72,18,9,132,22.0,184,6,22.0,8.36,61,46.21,14,6,8,0,42.86,12,4329fbb5,https://a.espncdn.com/i/headshots/cricket/players/full/4329fbb5.png,https://www.espncricinfo.com/cricketers/sr-watson-4329fbb5
2009/10,SS Tiwary,709b0bac,Mumbai Indians,16,419,307,13,32.23,136.48,29,18,0,,0,0,,,0,,16,11,5,0,68.75,22,709b0bac,https://a.espncdn.com/i/headshots/cricket/players/full/709b0bac.png,https://www.espncricinfo.com/cricketers/ss-tiwary-709b0bac
2009/10,ST Jayasuriya,f233bbb4,Mumbai Indians,4,33,31,4,8.25,106.45,4,1,54,9.0,68,2,27.0,7.56,19,35.19,16,11,5,0,68.75,22,f233bbb4,https://a.espncdn.com/i/headshots/cricket/players/full/f233bbb4.png,https://www.espncricinfo.com/cricketers/st-jayasuriya-f233bbb4
2009/10,STR Binny,bd17b45f,Mumbai Indians,1,8,5,1,8.0,160.0,1,0,6,1.0,9,0,,9.0,0,0.0,16,11,5,0,68.75,22,bd17b45f,https://a.espncdn.com/i/headshots/cricket/players/full/bd17b45f.png,https://www.espncricinfo.com/cricketers/str-binny-bd17b45f
2009/10,SW Tait,addfb70e,Rajasthan Royals,8,12,13,1,12.0,92.31,0,1,187,31.17,264,10,18.7,8.47,70,37.43,14,6,8,0,42.86,12,addfb70e,https://a.espncdn.com/i/headshots/cricket/players/full/addfb70e.png,https://www.espncricinfo.com/cricketers/sw-tait-addfb70e
2009/10,T Thushara,b2ae53f5,Chennai Super Kings,4,10,11,1,10.0,90.91,0,0,87,14.5,101,5,17.4,6.97,38,43.68,16,9,6,1,60.0,19,b2ae53f5,https://a.espncdn.com/i/headshots/cricket/players/full/b2ae53f5.png,https://www.espncricinfo.com/cricketers/t-thushara-b2ae53f5
2009/10,TL Suman,aaa1b522,Deccan Chargers,14,307,255,8,38.38,120.39,23,12,12,2.0,24,0,,12.0,2,16.67,16,8,8,0,50.0,16,aaa1b522,https://a.espncdn.com/i/headshots/cricket/players/full/aaa1b522.png,https://www.espncricinfo.com/cricketers/tl-suman-aaa1b522
2009/10,TM Dilshan,5bdcdb72,Delhi Daredevils,6,44,53,6,7.33,83.02,6,0,49,8.17,70,3,16.33,8.57,18,36.73,14,7,7,0,50.0,14,5bdcdb72,https://a.espncdn.com/i/headshots/cricket/players/full/5bdcdb72.png,https://www.espncricinfo.com/cricketers/tm-dilshan-5bdcdb72
2009/10,UT Yadav,cc1e8c68,Delhi Daredevils,7,3,4,0,,75.0,0,0,144,24.0,184,6,24.0,7.67,55,38.19,14,7,7,0,50.0,14,cc1e8c68,https://a.espncdn.com/i/headshots/cricket/players/full/cc1e8c68.png,https://www.espncricinfo.com/cricketers/ut-yadav-cc1e8c68
2009/10,V Kohli,ba607b88,Royal Challengers Bangalore,16,307,211,13,23.62,145.5,26,12,32,5.33,50,0,,9.38,7,21.88,16,8,8,0,50.0,16,ba607b88,https://a.espncdn.com/i/headshots/cricket/players/full/ba607b88.png,https://www.espncricinfo.com/cricketers/v-kohli-ba607b88
2009/10,V Sehwag,8ba8195d,Delhi Daredevils,14,356,217,14,25.43,164.06,47,14,34,5.67,23,3,11.33,4.06,18,52.94,14,7,7,0,50.0,14,8ba8195d,https://a.espncdn.com/i/headshots/cricket/players/full/8ba8195d.png,https://www.espncricinfo.com/cricketers/v-sehwag-8ba8195d
2009/10,VRV Singh,034b4b7d,Kings XI Punjab,1,0,0,0,,,0,0,18,3.0,40,0,,13.33,4,22.22,14,3,10,1,23.08,7,034b4b7d,https://a.espncdn.com/i/headshots/cricket/players/full/034b4b7d.png,https://www.espncricinfo.com/cricketers/vrv-singh-034b4b7d
2009/10,VS Malik,5f26df4f,Kings XI Punjab,3,6,5,1,6.0,120.0,1,0,43,7.17,62,1,43.0,8.65,16,37.21,14,3,10,1,23.08,7,5f26df4f,https://a.espncdn.com/i/headshots/cricket/players/full/5f26df4f.png,https://www.espncricinfo.com/cricketers/vs-malik-5f26df4f
2009/10,VVS Laxman,de8cce37,Deccan Chargers,6,64,60,4,16.0,106.67,7,1,0,,0,0,,,0,,16,8,8,0,50.0,16,de8cce37,https://a.espncdn.com/i/headshots/cricket/players/full/de8cce37.png,https://www.espncricinfo.com/cricketers/vvs-laxman-de8cce37
2009/10,VY Mahesh,93a17209,Delhi Daredevils,1,0,0,0,,,0,0,18,3.0,23,1,18.0,7.67,5,27.78,14,7,7,0,50.0,14,93a17209,https://a.espncdn.com/i/headshots/cricket/players/full/93a17209.png,https://www.espncricinfo.com/cricketers/vy-mahesh-93a17209
2009/10,WP Saha,fe11caa6,Kolkata Knight Riders,13,67,53,3,22.33,126.42,9,1,0,,0,0,,,0,,14,7,7,0,50.0,14,fe11caa6,https://a.espncdn.com/i/headshots/cricket/players/full/fe11caa6.png,https://www.espncricinfo.com/cricketers/wp-saha-fe11caa6
2009/10,WPUJC Vaas,bcce309e,Deccan Chargers,6,30,34,4,7.5,88.24,1,1,132,22.0,139,9,14.67,6.32,63,47.73,16,8,8,0,50.0,16,bcce309e,https://a.espncdn.com/i/headshots/cricket/players/full/bcce309e.png,https://www.espncricinfo.com/cricketers/wpujc-vaas-bcce309e
2009/10,Y Nagar,662c47a6,Delhi Daredevils,1,1,6,1,1.0,16.67,0,0,18,3.0,28,1,18.0,9.33,7,38.89,14,7,7,0,50.0,14,662c47a6,https://a.espncdn.com/i/headshots/cricket/players/full/662c47a6.png,https://www.espncricinfo.com/cricketers/y-nagar-662c47a6
2009/10,Y Venugopal Rao,fe763256,Deccan Chargers,6,34,43,4,8.5,79.07,3,1,6,1.0,10,0,,10.0,1,16.67,16,8,8,0,50.0,16,fe763256,https://a.espncdn.com/i/headshots/cricket/players/full/fe763256.png,https://www.espncricinfo.com/cricketers/y-venugopal-rao-fe763256
2009/10,YA Abdulla,4353bba5,Kings XI Punjab,2,0,1,0,,0.0,0,0,41,6.83,66,1,41.0,9.66,13,31.71,14,3,10,1,23.08,7,4353bba5,https://a.espncdn.com/i/headshots/cricket/players/full/4353bba5.png,https://www.espncricinfo.com/cricketers/ya-abdulla-4353bba5
2009/10,YK Pathan,3c6ffae8,Rajasthan Royals,14,333,200,11,30.27,166.5,22,24,204,34.0,246,5,40.8,7.24,60,29.41,14,6,8,0,42.86,12,3c6ffae8,https://a.espncdn.com/i/headshots/cricket/players/full/3c6ffae8.png,https://www.espncricinfo.com/cricketers/yk-pathan-3c6ffae8
2009/10,Yuvraj Singh,1c914163,Kings XI Punjab,14,259,200,12,21.58,129.5,21,14,138,23.0,152,5,27.6,6.61,45,32.61,14,3,10,1,23.08,7,1c914163,https://a.espncdn.com/i/headshots/cricket/players/full/1c914163.png,https://www.espncricinfo.com/cricketers/yuvraj-singh-1c914163
2009/10,Z Khan,91a4a398,Mumbai Indians,14,24,13,2,12.0,184.62,3,1,290,48.33,376,15,19.33,7.78,107,36.9,16,11,5,0,68.75,22,91a4a398,https://a.espncdn.com/i/headshots/cricket/players/full/91a4a398.png,https://www.espncricinfo.com/cricketers/z-khan-91a4a398
2011,A Mishra,6b19d823,Deccan Chargers,14,68,49,6,11.33,138.78,9,1,320,53.33,358,19,16.84,6.71,130,40.62,14,6,8,0,42.86,12,6b19d823,https://a.espncdn.com/i/headshots/cricket/players/full/6b19d823.png,https://www.espncricinfo.com/cricketers/a-mishra-6b19d823
2011,A Mithun,66cf56a5,Royal Challengers Bangalore,12,27,20,3,9.0,135.0,3,1,204,34.0,321,5,40.8,9.44,67,32.84,16,10,6,0,62.5,20,66cf56a5,https://a.espncdn.com/i/headshots/cricket/players/full/66cf56a5.png,https://www.espncricinfo.com/cricketers/a-mithun-66cf56a5
2011,A Singh,5b040b81,Rajasthan Royals,9,1,4,2,0.5,25.0,0,0,171,28.5,215,9,19.0,7.54,75,43.86,13,6,7,0,46.15,12,5b040b81,https://a.espncdn.com/i/headshots/cricket/players/full/5b040b81.png,https://www.espncricinfo.com/cricketers/a-singh-5b040b81
2011,A Symonds,bd77eb62,Mumbai Indians,11,135,138,3,45.0,97.83,9,3,24,4.0,41,1,24.0,10.25,10,41.67,16,10,6,0,62.5,20,bd77eb62,https://a.espncdn.com/i/headshots/cricket/players/full/bd77eb62.png,https://www.espncricinfo.com/cricketers/a-symonds-bd77eb62
2011,AA Chavan,29d72eb2,Rajasthan Royals,2,1,3,0,,33.33,0,0,30,5.0,27,0,,5.4,17,56.67,13,6,7,0,46.15,12,29d72eb2,https://a.espncdn.com/i/headshots/cricket/players/full/29d72eb2.png,https://www.espncricinfo.com/cricketers/aa-chavan-29d72eb2
2011,AA Jhunjhunwala,2815fe50,Pune Warriors,3,10,17,2,5.0,58.82,2,0,12,2.0,22,0,,11.0,1,8.33,14,4,9,1,30.77,9,2815fe50,https://a.espncdn.com/i/headshots/cricket/players/full/2815fe50.png,https://www.espncricinfo.com/cricketers/aa-jhunjhunwala-2815fe50
2011,AA Kazi,16605a1b,Royal Challengers Bangalore,1,0,0,0,,,0,0,12,2.0,21,0,,10.5,2,16.67,16,10,6,0,62.5,20,16605a1b,https://a.espncdn.com/i/headshots/cricket/players/full/16605a1b.png,https://www.espncricinfo.com/cricketers/aa-kazi-16605a1b
2011,AB Agarkar,fa463154,Delhi Daredevils,7,7,5,0,,140.0,1,0,162,27.0,231,8,20.25,8.56,46,28.4,14,4,9,1,30.77,9,fa463154,https://a.espncdn.com/i/headshots/cricket/players/full/fa463154.png,https://www.espncricinfo.com/cricketers/ab-agarkar-fa463154
2011,AB Dinda,66b30f71,Delhi Daredevils,6,0,5,1,0.0,0.0,0,0,102,17.0,152,5,20.4,8.94,41,40.2,14,4,9,1,30.77,9,66b30f71,https://a.espncdn.com/i/headshots/cricket/players/full/66b30f71.png,https://www.espncricinfo.com/cricketers/ab-dinda-66b30f71
2011,AB McDonald,16043342,Delhi Daredevils,1,8,7,1,8.0,114.29,0,0,12,2.0,23,0,,11.5,5,41.67,14,4,9,1,30.77,9,16043342,https://a.espncdn.com/i/headshots/cricket/players/full/16043342.png,https://www.espncricinfo.com/cricketers/ab-mcdonald-16043342
2011,AB de Villiers,c4487b84,Royal Challengers Bangalore,16,312,242,8,39.0,128.93,21,14,0,,0,0,,,0,,16,10,6,0,62.5,20,c4487b84,https://a.espncdn.com/i/headshots/cricket/players/full/c4487b84.png,https://www.espncricinfo.com/cricketers/ab-de-villiers-c4487b84
2011,AC Blizzard,1efb8a28,Mumbai Indians,6,120,87,6,20.0,137.93,21,2,0,,0,0,,,0,,16,10,6,0,62.5,20,1efb8a28,https://a.espncdn.com/i/headshots/cricket/players/full/1efb8a28.png,https://www.espncricinfo.com/cricketers/ac-blizzard-1efb8a28
2011,AC Gilchrist,2b6e6dec,Kings XI Punjab,14,383,291,14,27.36,131.62,41,18,0,,0,0,,,0,,14,7,7,0,50.0,14,2b6e6dec,https://a.espncdn.com/i/headshots/cricket/players/full/2b6e6dec.png,https://www.espncricinfo.com/cricketers/ac-gilchrist-2b6e6dec
2011,AC Thomas,b552a935,Pune Warriors,11,1,4,0,,25.0,0,0,231,38.5,297,11,21.0,7.71,96,41.56,14,4,9,1,30.77,9,b552a935,https://a.espncdn.com/i/headshots/cricket/players/full/b552a935.png,https://www.espncricinfo.com/cricketers/ac-thomas-b552a935
2011,AG Murtaza,ef5da05c,Mumbai Indians,5,2,5,0,,40.0,0,0,120,20.0,117,3,40.0,5.85,56,46.67,16,10,6,0,62.5,20,ef5da05c,https://a.espncdn.com/i/headshots/cricket/players/full/ef5da05c.png,https://www.espncricinfo.com/cricketers/ag-murtaza-ef5da05c
2011,AG Paunikar,3a02626a,Rajasthan Royals,4,49,54,4,12.25,90.74,9,0,0,,0,0,,,0,,13,6,7,0,46.15,12,3a02626a,https://a.espncdn.com/i/headshots/cricket/players/full/3a02626a.png,https://www.espncricinfo.com/cricketers/ag-paunikar-3a02626a
2011,AJ Finch,b8d490fd,Delhi Daredevils,6,47,46,7,6.71,102.17,3,3,12,2.0,13,0,,6.5,5,41.67,14,4,9,1,30.77,9,b8d490fd,https://a.espncdn.com/i/headshots/cricket/players/full/b8d490fd.png,https://www.espncricinfo.com/cricketers/aj-finch-b8d490fd
2011,AL Menaria,8291f939,Rajasthan Royals,13,180,152,10,18.0,118.42,10,10,90,15.0,121,2,45.0,8.07,30,33.33,13,6,7,0,46.15,12,8291f939,https://a.espncdn.com/i/headshots/cricket/players/full/8291f939.png,https://www.espncricinfo.com/cricketers/al-menaria-8291f939
2011,AM Nayar,a45a5e8d,Kings XI Punjab,10,61,66,6,10.17,92.42,9,0,61,10.17,95,2,30.5,9.34,15,24.59,14,7,7,0,50.0,14,a45a5e8d,https://a.espncdn.com/i/headshots/cricket/players/full/a45a5e8d.png,https://www.espncricinfo.com/cricketers/am-nayar-a45a5e8d
2011,AM Rahane,29e95537,Rajasthan Royals,10,120,98,5,24.0,122.45,12,2,0,,0,0,,,0,,13,6,7,0,46.15,12,29e95537,https://a.espncdn.com/i/headshots/cricket/players/full/29e95537.png,https://www.espncricinfo.com/cricketers/am-rahane-29e95537
2011,AM Salvi,260fd380,Delhi Daredevils,2,0,0,0,,,0,0,48,8.0,66,3,16.0,8.25,17,35.42,14,4,9,1,30.77,9,260fd380,https://a.espncdn.com/i/headshots/cricket/players/full/260fd380.png,https://www.espncricinfo.com/cricketers/am-salvi-260fd380
2011,AN Ahmed,2af1b6d2,Mumbai Indians,6,18,13,0,,138.46,1,1,120,20.0,169,5,24.0,8.45,40,33.33,16,10,6,0,62.5,20,2af1b6d2,https://a.espncdn.com/i/headshots/cricket/players/full/2af1b6d2.png,https://www.espncricinfo.com/cricketers/an-ahmed-2af1b6d2
2011,AS Raut,c69a7b5c,Rajasthan Royals,7,60,58,4,15.0,103.45,5,1,6,1.0,8,0,,8.0,2,33.33,13,6,7,0,46.15,12,c69a7b5c,https://a.espncdn.com/i/headshots/cricket/players/full/c69a7b5c.png,https://www.espncricinfo.com/cricketers/as-raut-c69a7b5c
2011,AT Rayudu,70d205c9,Mumbai Indians,16,395,349,14,28.21,113.18,44,9,0,,0,0,,,0,,16,10,6,0,62.5,20,70d205c9,https://a.espncdn.com/i/headshots/cricket/players/full/70d205c9.png,https://www.espncricinfo.com/cricketers/at-rayudu-70d205c9
2011,AUK Pathan,3ae3f034,Royal Challengers Bangalore,6,33,16,4,8.25,206.25,5,2,33,5.5,49,0,,8.91,7,21.21,16,10,6,0,62.5,20,3ae3f034,https://a.espncdn.com/i/headshots/cricket/players/full/3ae3f034.png,https://www.espncricinfo.com/cricketers/auk-pathan-3ae3f034
2011,Anand Rajan,d2340a43,Deccan Chargers,2,0,0,0,,,0,0,30,5.0,50,3,10.0,10.0,15,50.0,14,6,8,0,42.86,12,d2340a43,https://a.espncdn.com/i/headshots/cricket/players/full/d2340a43.png,https://www.espncricinfo.com/cricketers/anand-rajan-d2340a43
2011,B Akhil,af7dadf7,Kochi Tuskers Kerala,1,13,9,1,13.0,144.44,0,1,12,2.0,22,0,,11.0,4,33.33,14,6,8,0,42.86,12,af7dadf7,https://a.espncdn.com/i/headshots/cricket/players/full/af7dadf7.png,https://www.espncricinfo.com/cricketers/b-akhil-af7dadf7
2011,B Chipli,5451a2c1,Deccan Chargers,14,207,170,9,23.0,121.76,21,4,6,1.0,20,0,,20.0,1,16.67,14,6,8,0,42.86,12,5451a2c1,https://a.espncdn.com/i/headshots/cricket/players/full/5451a2c1.png,https://www.espncricinfo.com/cricketers/b-chipli-5451a2c1
2011,B Kumar,2e81a32d,Pune Warriors,4,1,1,0,,100.0,0,0,66,11.0,67,3,22.0,6.09,28,42.42,14,4,9,1,30.77,9,2e81a32d,https://a.espncdn.com/i/headshots/cricket/players/full/2e81a32d.png,https://www.espncricinfo.com/cricketers/b-kumar-2e81a32d
2011,B Lee,dd09ff8e,Kolkata Knight Riders,12,5,9,2,2.5,55.56,0,0,272,45.33,338,5,54.4,7.46,108,39.71,15,8,7,0,53.33,16,dd09ff8e,https://a.espncdn.com/i/headshots/cricket/players/full/dd09ff8e.png,https://www.espncricinfo.com/cricketers/b-lee-dd09ff8e
2011,BA Bhatt,dc4686e6,Kings XI Punjab,10,0,5,0,,0.0,0,0,167,27.83,229,9,18.56,8.23,55,32.93,14,7,7,0,50.0,14,dc4686e6,https://a.espncdn.com/i/headshots/cricket/players/full/dc4686e6.png,https://www.espncricinfo.com/cricketers/ba-bhatt-dc4686e6
2011,BB McCullum,b8a55852,Kochi Tuskers Kerala,13,357,272,13,27.46,131.25,35,16,0,,0,0,,,0,,14,6,8,0,42.86,12,b8a55852,https://a.espncdn.com/i/headshots/cricket/players/full/b8a55852.png,https://www.espncricinfo.com/cricketers/bb-mccullum-b8a55852
2011,BJ Haddin,b0c772ee,Kolkata Knight Riders,1,18,11,1,18.0,163.64,2,1,0,,0,0,,,0,,15,8,7,0,53.33,16,b0c772ee,https://a.espncdn.com/i/headshots/cricket/players/full/b0c772ee.png,https://www.espncricinfo.com/cricketers/bj-haddin-b0c772ee
2011,BJ Hodge,b57f8a9a,Kochi Tuskers Kerala,14,285,234,11,25.91,121.79,26,9,66,11.0,77,7,9.43,7.0,28,42.42,14,6,8,0,42.86,12,b57f8a9a,https://a.espncdn.com/i/headshots/cricket/players/full/b57f8a9a.png,https://www.espncricinfo.com/cricketers/bj-hodge-b57f8a9a
2011,Bipul Sharma,c18496e1,Kings XI Punjab,4,23,18,1,23.0,127.78,1,0,72,12.0,78,4,18.0,6.5,27,37.5,14,7,7,0,50.0,14,c18496e1,https://a.espncdn.com/i/headshots/cricket/players/full/c18496e1.png,https://www.espncricinfo.com/cricketers/bipul-sharma-c18496e1
2011,CA Ingram,c995d726,Delhi Daredevils,3,21,25,2,10.5,84.0,2,0,0,,0,0,,,0,,14,4,9,1,30.77,9,c995d726,https://a.espncdn.com/i/headshots/cricket/players/full/c995d726.png,https://www.espncricinfo.com/cricketers/ca-ingram-c995d726
2011,CA Pujara,d4f9dbd4,Royal Challengers Bangalore,7,34,31,3,11.33,109.68,4,0,0,,0,0,,,0,,16,10,6,0,62.5,20,d4f9dbd4,https://a.espncdn.com/i/headshots/cricket/players/full/d4f9dbd4.png,https://www.espncricinfo.com/cricketers/ca-pujara-d4f9dbd4
2011,CH Gayle,db584dad,Royal Challengers Bangalore,12,608,331,9,67.56,183.69,57,44,216,36.0,244,8,27.0,6.78,80,37.04,16,10,6,0,62.5,20,db584dad,https://a.espncdn.com/i/headshots/cricket/players/full/db584dad.png,https://www.espncricinfo.com/cricketers/ch-gayle-db584dad
2011,CJ Ferguson,9b4935c8,Pune Warriors,5,48,54,2,24.0,88.89,6,0,0,,0,0,,,0,,14,4,9,1,30.77,9,9b4935c8,https://a.espncdn.com/i/headshots/cricket/players/full/9b4935c8.png,https://www.espncricinfo.com/cricketers/cj-ferguson-9b4935c8
2011,CK Langeveldt,d1c94b25,Royal Challengers Bangalore,3,8,8,1,8.0,100.0,0,1,66,11.0,84,5,13.2,7.64,27,40.91,16,10,6,0,62.5,20,d1c94b25,https://a.espncdn.com/i/headshots/cricket/players/full/d1c94b25.png,https://www.espncricinfo.com/cricketers/ck-langeveldt-d1c94b25
2011,CL White,d0513f63,Deccan Chargers,6,104,109,4,26.0,95.41,6,2,0,,0,0,,,0,,14,6,8,0,42.86,12,d0513f63,https://a.espncdn.com/i/headshots/cricket/players/full/d0513f63.png,https://www.espncricinfo.com/cricketers/cl-white-d0513f63
2011,DA Warner,dcce6f09,Delhi Daredevils,13,324,275,13,24.92,117.82,34,11,0,,0,0,,,0,,14,4,9,1,30.77,9,dcce6f09,https://a.espncdn.com/i/headshots/cricket/players/full/dcce6f09.png,https://www.espncricinfo.com/cricketers/da-warner-dcce6f09
2011,DB Ravi Teja,b720a5d6,Deccan Chargers,12,183,143,7,26.14,127.97,17,4,6,1.0,9,0,,9.0,1,16.67,14,6,8,0,42.86,12,b720a5d6,https://a.espncdn.com/i/headshots/cricket/players/full/b720a5d6.png,https://www.espncricinfo.com/cricketers/db-ravi-teja-b720a5d6
2011,DE Bollinger,45c2196c,Chennai Super Kings,13,0,1,0,,0.0,0,0,282,47.0,329,17,16.59,7.0,114,40.43,16,11,5,0,68.75,22,45c2196c,https://a.espncdn.com/i/headshots/cricket/players/full/45c2196c.png,https://www.espncricinfo.com/cricketers/de-bollinger-45c2196c
2011,DH Yagnik,063b3673,Rajasthan Royals,7,16,21,1,16.0,76.19,1,0,0,,0,0,,,0,,13,6,7,0,46.15,12,063b3673,https://a.espncdn.com/i/headshots/cricket/players/full/063b3673.png,https://www.espncricinfo.com/cricketers/dh-yagnik-063b3673
2011,DJ Bravo,87e562a9,Chennai Super Kings,6,11,6,1,11.0,183.33,1,1,120,20.0,157,6,20.0,7.85,40,33.33,16,11,5,0,68.75,22,87e562a9,https://a.espncdn.com/i/headshots/cricket/players/full/87e562a9.png,https://www.espncricinfo.com/cricketers/dj-bravo-87e562a9
2011,DJ Hussey,fd835ab3,Kings XI Punjab,8,64,63,6,10.67,101.59,3,3,18,3.0,38,1,18.0,12.67,4,22.22,14,7,7,0,50.0,14,fd835ab3,https://a.espncdn.com/i/headshots/cricket/players/full/fd835ab3.png,https://www.espncricinfo.com/cricketers/dj-hussey-fd835ab3
2011,DJ Jacobs,a84468fe,Mumbai Indians,6,92,88,6,15.33,104.55,10,4,0,,0,0,,,0,,16,10,6,0,62.5,20,a84468fe,https://a.espncdn.com/i/headshots/cricket/players/full/a84468fe.png,https://www.espncricinfo.com/cricketers/dj-jacobs-a84468fe
2011,DL Vettori,d7c6af50,Royal Challengers Bangalore,13,23,28,1,23.0,82.14,1,1,310,51.67,311,12,25.83,6.02,119,38.39,16,10,6,0,62.5,20,d7c6af50,https://a.espncdn.com/i/headshots/cricket/players/full/d7c6af50.png,https://www.espncricinfo.com/cricketers/dl-vettori-d7c6af50
2011,DP Nannes,c404f58a,Royal Challengers Bangalore,2,0,0,0,,,0,0,24,4.0,31,2,12.0,7.75,11,45.83,16,10,6,0,62.5,20,c404f58a,https://a.espncdn.com/i/headshots/cricket/players/full/c404f58a.png,https://www.espncricinfo.com/cricketers/dp-nannes-c404f58a
2011,DPMD Jayawardene,d18f9182,Kochi Tuskers Kerala,13,299,257,12,24.92,116.34,35,5,0,,0,0,,,0,,14,6,8,0,42.86,12,d18f9182,https://a.espncdn.com/i/headshots/cricket/players/full/d18f9182.png,https://www.espncricinfo.com/cricketers/dpmd-jayawardene-d18f9182
2011,DS Kulkarni,d2a989fc,Mumbai Indians,6,2,4,1,2.0,50.0,0,0,120,20.0,149,5,24.0,7.45,42,35.0,16,10,6,0,62.5,20,d2a989fc,https://a.espncdn.com/i/headshots/cricket/players/full/d2a989fc.png,https://www.espncricinfo.com/cricketers/ds-kulkarni-d2a989fc
2011,DT Christian,2a2e6343,Deccan Chargers,14,190,157,10,19.0,121.02,9,7,274,45.67,350,11,24.91,7.66,109,39.78,14,6,8,0,42.86,12,2a2e6343,https://a.espncdn.com/i/headshots/cricket/players/full/2a2e6343.png,https://www.espncricinfo.com/cricketers/dt-christian-2a2e6343
2011,DW Steyn,8fd1a8f5,Deccan Chargers,12,36,35,3,12.0,102.86,3,0,273,45.5,299,14,19.5,6.57,134,49.08,14,6,8,0,42.86,12,8fd1a8f5,https://a.espncdn.com/i/headshots/cricket/players/full/8fd1a8f5.png,https://www.espncricinfo.com/cricketers/dw-steyn-8fd1a8f5
2011,EJG Morgan,d2a6c0e6,Kolkata Knight Riders,12,137,117,8,17.12,117.09,17,3,0,,0,0,,,0,,15,8,7,0,53.33,16,d2a6c0e6,https://a.espncdn.com/i/headshots/cricket/players/full/d2a6c0e6.png,https://www.espncricinfo.com/cricketers/ejg-morgan-d2a6c0e6
2011,FY Fazal,c15e2193,Rajasthan Royals,2,19,19,1,19.0,100.0,3,0,0,,0,0,,,0,,13,6,7,0,46.15,12,c15e2193,https://a.espncdn.com/i/headshots/cricket/players/full/c15e2193.png,https://www.espncricinfo.com/cricketers/fy-fazal-c15e2193
2011,G Gambhir,bb345e0b,Kolkata Knight Riders,15,378,314,11,34.36,120.38,44,3,0,,0,0,,,0,,15,8,7,0,53.33,16,bb345e0b,https://a.espncdn.com/i/headshots/cricket/players/full/bb345e0b.png,https://www.espncricinfo.com/cricketers/g-gambhir-bb345e0b
2011,GC Smith,72861603,Pune Warriors,4,42,51,4,10.5,82.35,6,0,0,,0,0,,,0,,14,4,9,1,30.77,9,72861603,https://a.espncdn.com/i/headshots/cricket/players/full/72861603.png,https://www.espncricinfo.com/cricketers/gc-smith-72861603
2011,Harbhajan Singh,8b5b6769,Mumbai Indians,15,103,71,4,25.75,145.07,9,6,318,53.0,370,14,22.71,6.98,127,39.94,16,10,6,0,62.5,20,8b5b6769,https://a.espncdn.com/i/headshots/cricket/players/full/8b5b6769.png,https://www.espncricinfo.com/cricketers/harbhajan-singh-8b5b6769
2011,Harmeet Singh,2a72fd4f,Deccan Chargers,2,0,0,0,,,0,0,42,7.0,53,3,14.0,7.57,17,40.48,14,6,8,0,42.86,12,0bf15e52,https://a.espncdn.com/i/headshots/cricket/players/full/0bf15e52.png,https://www.espncricinfo.com/cricketers/harmeet-singh-0bf15e52
2011,Harpreet Singh,28c78fb3,Pune Warriors,2,14,20,1,14.0,70.0,0,0,0,,0,0,,,0,,14,4,9,1,30.77,9,28c78fb3,https://a.espncdn.com/i/headshots/cricket/players/full/28c78fb3.png,https://www.espncricinfo.com/cricketers/harpreet-singh-28c78fb3
2011,I Malhotra,943fd425,Deccan Chargers,1,7,4,0,,175.0,1,0,6,1.0,23,0,,23.0,0,0.0,14,6,8,0,42.86,12,943fd425,https://a.espncdn.com/i/headshots/cricket/players/full/943fd425.png,https://www.espncricinfo.com/cricketers/i-malhotra-943fd425
2011,I Sharma,5bb1a1c4,Deccan Chargers,12,4,5,0,,80.0,0,0,264,44.0,314,11,24.0,7.14,121,45.83,14,6,8,0,42.86,12,5bb1a1c4,https://a.espncdn.com/i/headshots/cricket/players/full/5bb1a1c4.png,https://www.espncricinfo.com/cricketers/i-sharma-5bb1a1c4
2011,IK Pathan,5fa06777,Delhi Daredevils,14,150,137,7,21.43,109.49,12,6,275,45.83,344,11,25.0,7.51,124,45.09,14,4,9,1,30.77,9,5fa06777,https://a.espncdn.com/i/headshots/cricket/players/full/5fa06777.png,https://www.espncricinfo.com/cricketers/ik-pathan-5fa06777
2011,IR Jaggi,dded65e7,Deccan Chargers,2,28,37,2,14.0,75.68,3,0,0,,0,0,,,0,,14,6,8,0,42.86,12,dded65e7,https://a.espncdn.com/i/headshots/cricket/players/full/dded65e7.png,https://www.espncricinfo.com/cricketers/ir-jaggi-dded65e7
2011,Iqbal Abdulla,85aae393,Kolkata Knight Riders,15,15,12,0,,125.0,1,0,300,50.0,305,16,18.75,6.1,131,43.67,15,8,7,0,53.33,16,85aae393,https://a.espncdn.com/i/headshots/cricket/players/full/85aae393.png,https://www.espncricinfo.com/cricketers/iqbal-abdulla-85aae393
2011,J Botha,7c503806,Rajasthan Royals,10,230,198,6,38.33,116.16,20,2,216,36.0,239,7,30.86,6.64,81,37.5,13,6,7,0,46.15,12,7c503806,https://a.espncdn.com/i/headshots/cricket/players/full/7c503806.png,https://www.espncricinfo.com/cricketers/j-botha-7c503806
2011,J Syed Mohammad,c64c2443,Royal Challengers Bangalore,5,15,12,0,,125.0,2,0,90,15.0,127,5,18.0,8.47,29,32.22,16,10,6,0,62.5,20,c64c2443,https://a.espncdn.com/i/headshots/cricket/players/full/c64c2443.png,https://www.espncricinfo.com/cricketers/j-syed-mohammad-c64c2443
2011,JA Morkel,c3d35165,Chennai Super Kings,15,138,100,5,27.6,138.0,8,8,270,45.0,382,15,18.0,8.49,102,37.78,16,11,5,0,68.75,22,c3d35165,https://a.espncdn.com/i/headshots/cricket/players/full/c3d35165.png,https://www.espncricinfo.com/cricketers/ja-morkel-c3d35165
2011,JD Ryder,91ffa6c6,Pune Warriors,13,292,196,13,22.46,148.98,37,11,92,15.33,118,4,23.0,7.7,29,31.52,14,4,9,1,30.77,9,91ffa6c6,https://a.espncdn.com/i/headshots/cricket/players/full/91ffa6c6.png,https://www.espncricinfo.com/cricketers/jd-ryder-91ffa6c6
2011,JD Unadkat,1e66c162,Kolkata Knight Riders,7,0,0,0,,,0,0,108,18.0,150,6,18.0,8.33,40,37.04,15,8,7,0,53.33,16,1e66c162,https://a.espncdn.com/i/headshots/cricket/players/full/1e66c162.png,https://www.espncricinfo.com/cricketers/jd-unadkat-1e66c162
2011,JDP Oram,3eac9d95,Rajasthan Royals,2,0,3,1,0.0,0.0,0,0,24,4.0,45,1,24.0,11.25,8,33.33,13,6,7,0,46.15,12,3eac9d95,https://a.espncdn.com/i/headshots/cricket/players/full/3eac9d95.png,https://www.espncricinfo.com/cricketers/jdp-oram-3eac9d95
2011,JE Taylor,4180d897,Pune Warriors,5,3,3,0,,100.0,0,0,117,19.5,157,6,19.5,8.05,48,41.03,14,4,9,1,30.77,9,4180d897,https://a.espncdn.com/i/headshots/cricket/players/full/4180d897.png,https://www.espncricinfo.com/cricketers/je-taylor-4180d897
2011,JEC Franklin,cf73ad76,Mumbai Indians,8,107,78,2,53.5,137.18,10,2,61,10.17,99,3,20.33,9.74,14,22.95,16,10,6,0,62.5,20,cf73ad76,https://a.espncdn.com/i/headshots/cricket/players/full/cf73ad76.png,https://www.espncricinfo.com/cricketers/jec-franklin-cf73ad76
2011,JH Kallis,86dc8f2e,Kolkata Knight Riders,15,424,378,15,28.27,112.17,46,6,144,24.0,170,7,20.57,7.08,54,37.5,15,8,7,0,53.33,16,86dc8f2e,https://a.espncdn.com/i/headshots/cricket/players/full/86dc8f2e.png,https://www.espncricinfo.com/cricketers/jh-kallis-86dc8f2e
2011,JJ van der Wath,6821ac10,Royal Challengers Bangalore,3,18,16,2,9.0,112.5,1,1,72,12.0,129,3,24.0,10.75,29,40.28,16,10,6,0,62.5,20,6821ac10,https://a.espncdn.com/i/headshots/cricket/players/full/6821ac10.png,https://www.espncricinfo.com/cricketers/jj-van-der-wath-6821ac10
2011,JP Duminy,2e8994e7,Deccan Chargers,10,205,173,10,20.5,118.5,9,8,108,18.0,143,4,27.0,7.94,44,40.74,14,6,8,0,42.86,12,2e8994e7,https://a.espncdn.com/i/headshots/cricket/players/full/2e8994e7.png,https://www.espncricinfo.com/cricketers/jp-duminy-2e8994e7
2011,JP Faulkner,808f425a,Pune Warriors,1,0,0,0,,,0,0,12,2.0,9,1,12.0,4.5,7,58.33,14,4,9,1,30.77,9,808f425a,https://a.espncdn.com/i/headshots/cricket/players/full/808f425a.png,https://www.espncricinfo.com/cricketers/jp-faulkner-808f425a
2011,JR Hopes,2498e163,Delhi Daredevils,10,196,157,6,32.67,124.84,22,3,192,32.0,272,7,27.43,8.5,53,27.6,14,4,9,1,30.77,9,2498e163,https://a.espncdn.com/i/headshots/cricket/players/full/2498e163.png,https://www.espncricinfo.com/cricketers/jr-hopes-2498e163
2011,Joginder Sharma,9f961c14,Chennai Super Kings,1,0,1,1,0.0,0.0,0,0,18,3.0,34,0,,11.33,5,27.78,16,11,5,0,68.75,22,9f961c14,https://a.espncdn.com/i/headshots/cricket/players/full/9f961c14.png,https://www.espncricinfo.com/cricketers/joginder-sharma-9f961c14
2011,KA Pollard,a757b0d8,Mumbai Indians,16,146,132,10,14.6,110.61,12,6,255,42.5,361,10,25.5,8.49,73,28.63,16,10,6,0,62.5,20,a757b0d8,https://a.espncdn.com/i/headshots/cricket/players/full/a757b0d8.png,https://www.espncricinfo.com/cricketers/ka-pollard-a757b0d8
2011,KB Arun Karthik,7daedf2f,Royal Challengers Bangalore,3,7,8,2,3.5,87.5,1,0,0,,0,0,,,0,,16,10,6,0,62.5,20,7daedf2f,https://a.espncdn.com/i/headshots/cricket/players/full/7daedf2f.png,https://www.espncricinfo.com/cricketers/kb-arun-karthik-7daedf2f
2011,KC Sangakkara,6b71e6cf,Deccan Chargers,13,358,291,13,27.54,123.02,44,5,0,,0,0,,,0,,14,6,8,0,42.86,12,6b71e6cf,https://a.espncdn.com/i/headshots/cricket/players/full/6b71e6cf.png,https://www.espncricinfo.com/cricketers/kc-sangakkara-6b71e6cf
2011,KD Karthik,c03f1114,Kings XI Punjab,14,282,220,12,23.5,128.18,32,7,0,,0,0,,,0,,14,7,7,0,50.0,14,c03f1114,https://a.espncdn.com/i/headshots/cricket/players/full/c03f1114.png,https://www.espncricinfo.com/cricketers/kd-karthik-c03f1114
2011,KH Devdhar,62e07f92,Deccan Chargers,1,0,0,0,,,0,0,0,,0,0,,,0,,14,6,8,0,42.86,12,62e07f92,https://a.espncdn.com/i/headshots/cricket/players/full/62e07f92.png,https://www.espncricinfo.com/cricketers/kh-devdhar-62e07f92
2011,KM Jadhav,99d63244,Kochi Tuskers Kerala,6,18,23,3,6.0,78.26,1,0,0,,0,0,,,0,,14,6,8,0,42.86,12,99d63244,https://a.espncdn.com/i/headshots/cricket/players/full/99d63244.png,https://www.espncricinfo.com/cricketers/km-jadhav-99d63244
2011,KMDN Kulasekara,469ea22b,Chennai Super Kings,1,0,0,0,,,0,0,18,3.0,26,1,18.0,8.67,7,38.89,16,11,5,0,68.75,22,469ea22b,https://a.espncdn.com/i/headshots/cricket/players/full/469ea22b.png,https://www.espncricinfo.com/cricketers/kmdn-kulasekara-469ea22b
2011,Kamran Khan,6ef60d3a,Pune Warriors,1,0,0,0,,,0,0,18,3.0,47,0,,15.67,5,27.78,14,4,9,1,30.77,9,6ef60d3a,https://a.espncdn.com/i/headshots/cricket/players/full/6ef60d3a.png,https://www.espncricinfo.com/cricketers/kamran-khan-6ef60d3a
2011,L Ablish,8b9704ae,Kings XI Punjab,1,0,2,0,,0.0,0,0,18,3.0,39,0,,13.0,3,16.67,14,7,7,0,50.0,14,8b9704ae,https://a.espncdn.com/i/headshots/cricket/players/full/8b9704ae.png,https://www.espncricinfo.com/cricketers/l-ablish-8b9704ae
2011,L Balaji,b2b50355,Kolkata Knight Riders,14,4,2,0,,200.0,0,0,266,44.33,371,10,26.6,8.37,89,33.46,15,8,7,0,53.33,16,b2b50355,https://a.espncdn.com/i/headshots/cricket/players/full/b2b50355.png,https://www.espncricinfo.com/cricketers/l-balaji-b2b50355
2011,LA Pomersbach,b63ab531,Royal Challengers Bangalore,5,51,39,4,12.75,130.77,4,2,0,,0,0,,,0,,16,10,6,0,62.5,20,b63ab531,https://a.espncdn.com/i/headshots/cricket/players/full/b63ab531.png,https://www.espncricinfo.com/cricketers/la-pomersbach-b63ab531
2011,LR Shukla,b1451597,Kolkata Knight Riders,1,14,10,1,14.0,140.0,2,0,0,,0,0,,,0,,15,8,7,0,53.33,16,b1451597,https://a.espncdn.com/i/headshots/cricket/players/full/b1451597.png,https://www.espncricinfo.com/cricketers/lr-shukla-b1451597
2011,LRPL Taylor,b61a3e1a,Rajasthan Royals,12,181,150,5,36.2,120.67,11,7,6,1.0,11,0,,11.0,0,0.0,13,6,7,0,46.15,12,b61a3e1a,https://a.espncdn.com/i/headshots/cricket/players/full/b61a3e1a.png,https://www.espncricinfo.com/cricketers/lrpl-taylor-b61a3e1a
2011,M Kaif,d84378a4,Royal Challengers Bangalore,8,41,33,3,13.67,124.24,5,0,0,,0,0,,,0,,16,10,6,0,62.5,20,d84378a4,https://a.espncdn.com/i/headshots/cricket/players/full/d84378a4.png,https://www.espncricinfo.com/cricketers/m-kaif-d84378a4
2011,M Kartik,abfeb126,Pune Warriors,6,12,14,1,12.0,85.71,1,0,125,20.83,166,1,125.0,7.97,40,32.0,14,4,9,1,30.77,9,abfeb126,https://a.espncdn.com/i/headshots/cricket/players/full/abfeb126.png,https://www.espncricinfo.com/cricketers/m-kartik-abfeb126
2011,M Klinger,b970a03f,Kochi Tuskers Kerala,4,73,75,4,18.25,97.33,9,0,0,,0,0,,,0,,14,6,8,0,42.86,12,b970a03f,https://a.espncdn.com/i/headshots/cricket/players/full/b970a03f.png,https://www.espncricinfo.com/cricketers/m-klinger-b970a03f
2011,M Manhas,c42aaf71,Pune Warriors,10,114,123,10,11.4,92.68,8,4,42,7.0,42,0,,6.0,15,35.71,14,4,9,1,30.77,9,c42aaf71,https://a.espncdn.com/i/headshots/cricket/players/full/c42aaf71.png,https://www.espncricinfo.com/cricketers/m-manhas-c42aaf71
2011,M Morkel,5bb5a915,Delhi Daredevils,11,40,24,2,20.0,166.67,3,2,258,43.0,325,13,19.85,7.56,115,44.57,14,4,9,1,30.77,9,5bb5a915,https://a.espncdn.com/i/headshots/cricket/players/full/5bb5a915.png,https://www.espncricinfo.com/cricketers/m-morkel-5bb5a915
2011,M Muralitharan,4ba44e19,Kochi Tuskers Kerala,5,5,7,0,,71.43,0,0,114,19.0,141,2,57.0,7.42,46,40.35,14,6,8,0,42.86,12,4ba44e19,https://a.espncdn.com/i/headshots/cricket/players/full/4ba44e19.png,https://www.espncricinfo.com/cricketers/m-muralitharan-4ba44e19
2011,M Vijay,4b57e452,Chennai Super Kings,16,434,339,16,27.12,128.02,34,20,0,,0,0,,,0,,16,11,5,0,68.75,22,4b57e452,https://a.espncdn.com/i/headshots/cricket/players/full/4b57e452.png,https://www.espncricinfo.com/cricketers/m-vijay-4b57e452
2011,MA Agarwal,00ea847a,Royal Challengers Bangalore,8,141,117,7,20.14,120.51,16,4,0,,0,0,,,0,,16,10,6,0,62.5,20,00ea847a,https://a.espncdn.com/i/headshots/cricket/players/full/00ea847a.png,https://www.espncricinfo.com/cricketers/ma-agarwal-00ea847a
2011,MD Mishra,6afb26d6,Pune Warriors,6,67,60,4,16.75,111.67,5,2,0,,0,0,,,0,,14,4,9,1,30.77,9,6afb26d6,https://a.espncdn.com/i/headshots/cricket/players/full/6afb26d6.png,https://www.espncricinfo.com/cricketers/md-mishra-6afb26d6
2011,MEK Hussey,48fd7349,Chennai Super Kings,14,492,413,12,41.0,119.13,53,6,0,,0,0,,,0,,16,11,5,0,68.75,22,48fd7349,https://a.espncdn.com/i/headshots/cricket/players/full/48fd7349.png,https://www.espncricinfo.com/cricketers/mek-hussey-48fd7349
2011,MJ Lumb,11df3dc8,Deccan Chargers,1,0,2,1,0.0,0.0,0,0,0,,0,0,,,0,,14,6,8,0,42.86,12,11df3dc8,https://a.espncdn.com/i/headshots/cricket/players/full/11df3dc8.png,https://www.espncricinfo.com/cricketers/mj-lumb-11df3dc8
2011,MK Pandey,93b4fc78,Pune Warriors,10,246,227,10,24.6,108.37,28,6,0,,0,0,,,0,,14,4,9,1,30.77,9,93b4fc78,https://a.espncdn.com/i/headshots/cricket/players/full/93b4fc78.png,https://www.espncricinfo.com/cricketers/mk-pandey-93b4fc78
2011,MK Tiwary,26e5cabf,Kolkata Knight Riders,15,359,322,9,39.89,111.49,26,14,12,2.0,23,0,,11.5,4,33.33,15,8,7,0,53.33,16,26e5cabf,https://a.espncdn.com/i/headshots/cricket/players/full/26e5cabf.png,https://www.espncricinfo.com/cricketers/mk-tiwary-26e5cabf
2011,MM Patel,f0f628c7,Mumbai Indians,15,0,1,1,0.0,0.0,0,0,326,54.33,358,22,14.82,6.59,145,44.48,16,10,6,0,62.5,20,f0f628c7,https://a.espncdn.com/i/headshots/cricket/players/full/f0f628c7.png,https://www.espncricinfo.com/cricketers/mm-patel-f0f628c7
2011,MR Marsh,3d8feaf8,Pune Warriors,5,50,49,2,25.0,102.04,2,3,85,14.17,99,7,12.14,6.99,25,29.41,14,4,9,1,30.77,9,3d8feaf8,https://a.espncdn.com/i/headshots/cricket/players/full/3d8feaf8.png,https://www.espncricinfo.com/cricketers/mr-marsh-3d8feaf8
2011,MS Bisla,5afd4539,Kolkata Knight Riders,5,72,89,4,18.0,80.9,8,0,0,,0,0,,,0,,15,8,7,0,53.33,16,5afd4539,https://a.espncdn.com/i/headshots/cricket/players/full/5afd4539.png,https://www.espncricinfo.com/cricketers/ms-bisla-5afd4539
2011,MS Dhoni,4a8a2e3b,Chennai Super Kings,16,392,245,11,35.64,160.0,25,23,0,,0,0,,,0,,16,11,5,0,68.75,22,4a8a2e3b,https://a.espncdn.com/i/headshots/cricket/players/full/4a8a2e3b.png,https://www.espncricinfo.com/cricketers/ms-dhoni-4a8a2e3b
2011,MS Gony,ae78bc32,Deccan Chargers,3,0,2,1,0.0,0.0,0,0,54,9.0,85,4,13.5,9.44,17,31.48,14,6,8,0,42.86,12,ae78bc32,https://a.espncdn.com/i/headshots/cricket/players/full/ae78bc32.png,https://www.espncricinfo.com/cricketers/ms-gony-ae78bc32
2011,MS Wade,afa7e784,Delhi Daredevils,3,22,33,3,7.33,66.67,0,0,0,,0,0,,,0,,14,4,9,1,30.77,9,afa7e784,https://a.espncdn.com/i/headshots/cricket/players/full/afa7e784.png,https://www.espncricinfo.com/cricketers/ms-wade-afa7e784
2011,MV Boucher,f3cb53a1,Kolkata Knight Riders,4,6,6,1,6.0,100.0,0,0,0,,0,0,,,0,,15,8,7,0,53.33,16,f3cb53a1,https://a.espncdn.com/i/headshots/cricket/players/full/f3cb53a1.png,https://www.espncricinfo.com/cricketers/mv-boucher-f3cb53a1
2011,Mandeep Singh,c3a96caf,Kings XI Punjab,6,47,41,4,11.75,114.63,4,1,0,,0,0,,,0,,14,7,7,0,50.0,14,c3a96caf,https://a.espncdn.com/i/headshots/cricket/players/full/c3a96caf.png,https://www.espncricinfo.com/cricketers/mandeep-singh-c3a96caf
2011,ND Doshi,6ec424a9,Rajasthan Royals,3,0,13,1,0.0,0.0,0,0,32,5.33,62,1,32.0,11.62,10,31.25,13,6,7,0,46.15,12,6ec424a9,https://a.espncdn.com/i/headshots/cricket/players/full/6ec424a9.png,https://www.espncricinfo.com/cricketers/nd-doshi-6ec424a9
2011,NJ Rimmington,6042bf26,Kings XI Punjab,1,1,1,0,,100.0,0,0,18,3.0,19,0,,6.33,9,50.0,14,7,7,0,50.0,14,6042bf26,https://a.espncdn.com/i/headshots/cricket/players/full/6042bf26.png,https://www.espncricinfo.com/cricketers/nj-rimmington-6042bf26
2011,NL McCullum,5673a3fc,Pune Warriors,2,26,22,3,8.67,118.18,0,1,30,5.0,34,0,,6.8,10,33.33,14,4,9,1,30.77,9,5673a3fc,https://a.espncdn.com/i/headshots/cricket/players/full/5673a3fc.png,https://www.espncricinfo.com/cricketers/nl-mccullum-5673a3fc
2011,NLTC Perera,0f12f9df,Kochi Tuskers Kerala,4,23,27,2,11.5,85.19,4,0,84,14.0,111,2,42.0,7.93,24,28.57,14,6,8,0,42.86,12,0f12f9df,https://a.espncdn.com/i/headshots/cricket/players/full/0f12f9df.png,https://www.espncricinfo.com/cricketers/nltc-perera-0f12f9df
2011,NV Ojha,890946a0,Delhi Daredevils,14,160,161,13,12.31,99.38,11,11,0,,0,0,,,0,,14,4,9,1,30.77,9,890946a0,https://a.espncdn.com/i/headshots/cricket/players/full/890946a0.png,https://www.espncricinfo.com/cricketers/nv-ojha-890946a0
2011,OA Shah,7bf96684,Kochi Tuskers Kerala,3,26,15,1,26.0,173.33,1,2,0,,0,0,,,0,,14,6,8,0,42.86,12,7bf96684,https://a.espncdn.com/i/headshots/cricket/players/full/7bf96684.png,https://www.espncricinfo.com/cricketers/oa-shah-7bf96684
2011,P Kumar,e938e1bc,Kings XI Punjab,13,27,31,3,9.0,87.1,2,1,276,46.0,345,10,27.6,7.5,137,49.64,14,7,7,0,50.0,14,e938e1bc,https://a.espncdn.com/i/headshots/cricket/players/full/e938e1bc.png,https://www.espncricinfo.com/cricketers/p-kumar-e938e1bc
2011,P Parameswaran,0c432afb,Kochi Tuskers Kerala,5,1,1,0,,100.0,0,0,94,15.67,137,4,23.5,8.74,41,43.62,14,6,8,0,42.86,12,0c432afb,https://a.espncdn.com/i/headshots/cricket/players/full/0c432afb.png,https://www.espncricinfo.com/cricketers/p-parameswaran-0c432afb
2011,P Prasanth,ddb00822,Kochi Tuskers Kerala,1,0,0,0,,,0,0,6,1.0,18,0,,18.0,3,50.0,14,6,8,0,42.86,12,ddb00822,https://a.espncdn.com/i/headshots/cricket/players/full/ddb00822.png,https://www.espncricinfo.com/cricketers/p-prasanth-ddb00822
2011,PA Patel,b5da6c24,Kochi Tuskers Kerala,14,202,182,9,22.44,110.99,25,2,0,,0,0,,,0,,14,6,8,0,42.86,12,b5da6c24,https://a.espncdn.com/i/headshots/cricket/players/full/b5da6c24.png,https://www.espncricinfo.com/cricketers/pa-patel-b5da6c24
2011,PC Valthaty,25eeb281,Kings XI Punjab,14,463,334,13,35.62,138.62,56,20,145,24.17,189,7,20.71,7.82,43,29.66,14,7,7,0,50.0,14,25eeb281,https://a.espncdn.com/i/headshots/cricket/players/full/25eeb281.png,https://www.espncricinfo.com/cricketers/pc-valthaty-25eeb281
2011,PP Chawla,98ae73b1,Kings XI Punjab,12,48,55,4,12.0,87.27,2,2,248,41.33,336,16,15.5,8.13,93,37.5,14,7,7,0,50.0,14,98ae73b1,https://a.espncdn.com/i/headshots/cricket/players/full/98ae73b1.png,https://www.espncricinfo.com/cricketers/pp-chawla-98ae73b1
2011,PP Ojha,6c6591ab,Deccan Chargers,10,0,0,0,,,0,0,221,36.83,267,10,22.1,7.25,86,38.91,14,6,8,0,42.86,12,6c6591ab,https://a.espncdn.com/i/headshots/cricket/players/full/6c6591ab.png,https://www.espncricinfo.com/cricketers/pp-ojha-6c6591ab
2011,PR Shah,0aadc906,Rajasthan Royals,2,5,5,1,5.0,100.0,1,0,0,,0,0,,,0,,13,6,7,0,46.15,12,0aadc906,https://a.espncdn.com/i/headshots/cricket/players/full/0aadc906.png,https://www.espncricinfo.com/cricketers/pr-shah-0aadc906
2011,Pankaj Singh,e32d22f6,Rajasthan Royals,1,0,0,0,,,0,0,12,2.0,23,0,,11.5,3,25.0,13,6,7,0,46.15,12,e32d22f6,https://a.espncdn.com/i/headshots/cricket/players/full/e32d22f6.png,https://www.espncricinfo.com/cricketers/pankaj-singh-e32d22f6
2011,R Ashwin,495d42a5,Chennai Super Kings,16,2,6,2,1.0,33.33,0,0,378,63.0,388,20,18.9,6.16,157,41.53,16,11,5,0,68.75,22,495d42a5,https://a.espncdn.com/i/headshots/cricket/players/full/495d42a5.png,https://www.espncricinfo.com/cricketers/r-ashwin-495d42a5
2011,R Bhatia,33a364a6,Kolkata Knight Riders,14,25,22,2,12.5,113.64,3,0,192,32.0,210,8,24.0,6.56,56,29.17,15,8,7,0,53.33,16,33a364a6,https://a.espncdn.com/i/headshots/cricket/players/full/33a364a6.png,https://www.espncricinfo.com/cricketers/r-bhatia-33a364a6
2011,R Dravid,0184dc35,Rajasthan Royals,12,343,312,11,31.18,109.94,45,2,0,,0,0,,,0,,13,6,7,0,46.15,12,0184dc35,https://a.espncdn.com/i/headshots/cricket/players/full/0184dc35.png,https://www.espncricinfo.com/cricketers/r-dravid-0184dc35
2011,R McLaren,c654af19,Kings XI Punjab,6,90,96,3,30.0,93.75,7,1,108,18.0,178,5,21.6,9.89,30,27.78,14,7,7,0,50.0,14,c654af19,https://a.espncdn.com/i/headshots/cricket/players/full/c654af19.png,https://www.espncricinfo.com/cricketers/r-mclaren-c654af19
2011,R Ninan,ce4cc4d5,Royal Challengers Bangalore,2,3,5,1,3.0,60.0,0,0,36,6.0,65,3,12.0,10.83,8,22.22,16,10,6,0,62.5,20,ce4cc4d5,https://a.espncdn.com/i/headshots/cricket/players/full/ce4cc4d5.png,https://www.espncricinfo.com/cricketers/r-ninan-ce4cc4d5
2011,R Sathish,626c5379,Mumbai Indians,9,25,34,2,12.5,73.53,1,0,31,5.17,41,0,,7.94,7,22.58,16,10,6,0,62.5,20,626c5379,https://a.espncdn.com/i/headshots/cricket/players/full/626c5379.png,https://www.espncricinfo.com/cricketers/r-sathish-626c5379
2011,R Sharma,5d9a1a73,Pune Warriors,14,24,21,2,12.0,114.29,1,2,300,50.0,273,16,18.75,5.46,128,42.67,14,4,9,1,30.77,9,5d9a1a73,https://a.espncdn.com/i/headshots/cricket/players/full/5d9a1a73.png,https://www.espncricinfo.com/cricketers/r-sharma-5d9a1a73
2011,R Vinay Kumar,41eb4a4f,Kochi Tuskers Kerala,13,50,47,6,8.33,106.38,4,1,268,44.67,335,12,22.33,7.5,103,38.43,14,6,8,0,42.86,12,41eb4a4f,https://a.espncdn.com/i/headshots/cricket/players/full/41eb4a4f.png,https://www.espncricinfo.com/cricketers/r-vinay-kumar-41eb4a4f
2011,RA Jadeja,fe93fd9d,Kochi Tuskers Kerala,14,283,227,9,31.44,124.67,20,14,252,42.0,305,8,31.5,7.26,90,35.71,14,6,8,0,42.86,12,fe93fd9d,https://a.espncdn.com/i/headshots/cricket/players/full/fe93fd9d.png,https://www.espncricinfo.com/cricketers/ra-jadeja-fe93fd9d
2011,RE van der Merwe,05c2ca46,Delhi Daredevils,4,14,16,1,14.0,87.5,1,0,89,14.83,92,5,17.8,6.2,36,40.45,14,4,9,1,30.77,9,05c2ca46,https://a.espncdn.com/i/headshots/cricket/players/full/05c2ca46.png,https://www.espncricinfo.com/cricketers/re-van-der-merwe-05c2ca46
2011,RG Sharma,740742ef,Mumbai Indians,16,372,297,10,37.2,125.25,32,13,24,4.0,53,0,,13.25,4,16.67,16,10,6,0,62.5,20,740742ef,https://a.espncdn.com/i/headshots/cricket/players/full/740742ef.png,https://www.espncricinfo.com/cricketers/rg-sharma-740742ef
2011,RJ Harris,12eddf28,Kings XI Punjab,13,31,38,5,6.2,81.58,3,0,282,47.0,382,16,17.62,8.13,111,39.36,14,7,7,0,50.0,14,12eddf28,https://a.espncdn.com/i/headshots/cricket/players/full/12eddf28.png,https://www.espncricinfo.com/cricketers/rj-harris-12eddf28
2011,RN ten Doeschate,4ec07775,Kolkata Knight Riders,6,107,73,3,35.67,146.58,9,5,6,1.0,7,0,,7.0,0,0.0,15,8,7,0,53.33,16,4ec07775,https://a.espncdn.com/i/headshots/cricket/players/full/4ec07775.png,https://www.espncricinfo.com/cricketers/rn-ten-doeschate-4ec07775
2011,RP Singh,c3d1402f,Kochi Tuskers Kerala,14,2,4,2,1.0,50.0,0,0,300,50.0,345,13,23.08,6.9,135,45.0,14,6,8,0,42.86,12,c3d1402f,https://a.espncdn.com/i/headshots/cricket/players/full/c3d1402f.png,https://www.espncricinfo.com/cricketers/rp-singh-c3d1402f
2011,RR Powar,5d096f3d,Kochi Tuskers Kerala,5,11,13,2,5.5,84.62,0,0,72,12.0,112,2,36.0,9.33,22,30.56,14,6,8,0,42.86,12,5d096f3d,https://a.espncdn.com/i/headshots/cricket/players/full/5d096f3d.png,https://www.espncricinfo.com/cricketers/rr-powar-5d096f3d
2011,RV Gomez,b2570b38,Kochi Tuskers Kerala,11,46,50,7,6.57,92.0,4,1,90,15.0,124,5,18.0,8.27,33,36.67,14,6,8,0,42.86,12,b2570b38,https://a.espncdn.com/i/headshots/cricket/players/full/b2570b38.png,https://www.espncricinfo.com/cricketers/rv-gomez-b2570b38
2011,RV Uthappa,1c17e270,Pune Warriors,14,264,205,10,26.4,128.78,27,10,0,,0,0,,,0,,14,4,9,1,30.77,9,1c17e270,https://a.espncdn.com/i/headshots/cricket/players/full/1c17e270.png,https://www.espncricinfo.com/cricketers/rv-uthappa-1c17e270
2011,RW Price,67af6f81,Mumbai Indians,1,0,0,0,,,0,0,18,3.0,33,0,,11.0,1,5.56,16,10,6,0,62.5,20,67af6f81,https://a.espncdn.com/i/headshots/cricket/players/full/67af6f81.png,https://www.espncricinfo.com/cricketers/rw-price-67af6f81
2011,S Anirudha,95a2ea61,Chennai Super Kings,9,83,74,4,20.75,112.16,6,3,0,,0,0,,,0,,16,11,5,0,68.75,22,95a2ea61,https://a.espncdn.com/i/headshots/cricket/players/full/95a2ea61.png,https://www.espncricinfo.com/cricketers/s-anirudha-95a2ea61
2011,S Aravind,957532de,Royal Challengers Bangalore,13,13,8,0,,162.5,2,0,276,46.0,368,21,13.14,8.0,115,41.67,16,10,6,0,62.5,20,957532de,https://a.espncdn.com/i/headshots/cricket/players/full/957532de.png,https://www.espncricinfo.com/cricketers/s-aravind-957532de
2011,S Badrinath,3576e47e,Chennai Super Kings,16,396,312,6,66.0,126.92,38,9,0,,0,0,,,0,,16,11,5,0,68.75,22,3576e47e,https://a.espncdn.com/i/headshots/cricket/players/full/3576e47e.png,https://www.espncricinfo.com/cricketers/s-badrinath-3576e47e
2011,S Dhawan,0a476045,Deccan Chargers,14,400,309,12,33.33,129.45,47,7,12,2.0,11,1,12.0,5.5,5,41.67,14,6,8,0,42.86,12,0a476045,https://a.espncdn.com/i/headshots/cricket/players/full/0a476045.png,https://www.espncricinfo.com/cricketers/s-dhawan-0a476045
2011,S Ladda,fb693839,Kolkata Knight Riders,2,0,0,0,,,0,0,24,4.0,42,0,,10.5,8,33.33,15,8,7,0,53.33,16,fb693839,https://a.espncdn.com/i/headshots/cricket/players/full/fb693839.png,https://www.espncricinfo.com/cricketers/s-ladda-fb693839
2011,S Nadeem,9d80c5e1,Delhi Daredevils,5,0,1,1,0.0,0.0,0,0,114,19.0,142,4,28.5,7.47,37,32.46,14,4,9,1,30.77,9,9d80c5e1,https://a.espncdn.com/i/headshots/cricket/players/full/9d80c5e1.png,https://www.espncricinfo.com/cricketers/s-nadeem-9d80c5e1
2011,S Rana,90edaaa9,Pune Warriors,2,18,15,1,18.0,120.0,2,0,4,0.67,2,0,,3.0,2,50.0,14,4,9,1,30.77,9,90edaaa9,https://a.espncdn.com/i/headshots/cricket/players/full/90edaaa9.png,https://www.espncricinfo.com/cricketers/s-rana-90edaaa9
2011,S Randiv,f5f18a18,Chennai Super Kings,8,2,4,1,2.0,50.0,0,0,174,29.0,223,6,29.0,7.69,60,34.48,16,11,5,0,68.75,22,f5f18a18,https://a.espncdn.com/i/headshots/cricket/players/full/f5f18a18.png,https://www.espncricinfo.com/cricketers/s-randiv-f5f18a18
2011,S Sohal,3fca55af,Deccan Chargers,11,249,190,9,27.67,131.05,25,10,0,,0,0,,,0,,14,6,8,0,42.86,12,3fca55af,https://a.espncdn.com/i/headshots/cricket/players/full/3fca55af.png,https://www.espncricinfo.com/cricketers/s-sohal-3fca55af
2011,S Sreesanth,6b8eb6e5,Kochi Tuskers Kerala,9,1,9,1,1.0,11.11,0,0,191,31.83,206,7,27.29,6.47,94,49.21,14,6,8,0,42.86,12,6b8eb6e5,https://a.espncdn.com/i/headshots/cricket/players/full/6b8eb6e5.png,https://www.espncricinfo.com/cricketers/s-sreesanth-6b8eb6e5
2011,S Sriram,64a4c383,Delhi Daredevils,1,4,7,1,4.0,57.14,0,0,6,1.0,25,0,,25.0,0,0.0,14,4,9,1,30.77,9,64a4c383,https://a.espncdn.com/i/headshots/cricket/players/full/64a4c383.png,https://www.espncricinfo.com/cricketers/s-sriram-64a4c383
2011,SA Asnodkar,ae091d39,Rajasthan Royals,1,9,9,1,9.0,100.0,1,0,0,,0,0,,,0,,13,6,7,0,46.15,12,ae091d39,https://a.espncdn.com/i/headshots/cricket/players/full/ae091d39.png,https://www.espncricinfo.com/cricketers/sa-asnodkar-ae091d39
2011,SB Jakati,c8179c68,Chennai Super Kings,15,0,0,0,,,0,0,265,44.17,336,10,26.5,7.61,80,30.19,16,11,5,0,68.75,22,c8179c68,https://a.espncdn.com/i/headshots/cricket/players/full/c8179c68.png,https://www.espncricinfo.com/cricketers/sb-jakati-c8179c68
2011,SB Styris,57efa3be,Chennai Super Kings,2,5,2,0,,250.0,1,0,6,1.0,13,0,,13.0,1,16.67,16,11,5,0,68.75,22,57efa3be,https://a.espncdn.com/i/headshots/cricket/players/full/57efa3be.png,https://www.espncricinfo.com/cricketers/sb-styris-57efa3be
2011,SB Wagh,dddca1d6,Pune Warriors,7,2,3,2,1.0,66.67,0,0,96,16.0,121,4,24.0,7.56,43,44.79,14,4,9,1,30.77,9,dddca1d6,https://a.espncdn.com/i/headshots/cricket/players/full/dddca1d6.png,https://www.espncricinfo.com/cricketers/sb-wagh-dddca1d6
2011,SC Ganguly,725529bc,Pune Warriors,4,50,58,2,25.0,86.21,3,2,0,,0,0,,,0,,14,4,9,1,30.77,9,725529bc,https://a.espncdn.com/i/headshots/cricket/players/full/725529bc.png,https://www.espncricinfo.com/cricketers/sc-ganguly-725529bc
2011,SD Chitnis,facb9086,Kings XI Punjab,1,9,9,1,9.0,100.0,1,0,0,,0,0,,,0,,14,7,7,0,50.0,14,facb9086,https://a.espncdn.com/i/headshots/cricket/players/full/facb9086.png,https://www.espncricinfo.com/cricketers/sd-chitnis-facb9086
2011,SE Marsh,508a1ea7,Kings XI Punjab,14,504,343,12,42.0,146.94,52,20,0,,0,0,,,0,,14,7,7,0,50.0,14,508a1ea7,https://a.espncdn.com/i/headshots/cricket/players/full/508a1ea7.png,https://www.espncricinfo.com/cricketers/se-marsh-508a1ea7
2011,SJ Srivastava,2049f3a0,Kings XI Punjab,6,4,3,0,,133.33,0,0,120,20.0,186,8,15.0,9.3,49,40.83,14,7,7,0,50.0,14,2049f3a0,https://a.espncdn.com/i/headshots/cricket/players/full/2049f3a0.png,https://www.espncricinfo.com/cricketers/sj-srivastava-2049f3a0
2011,SK Raina,1dc12ab9,Chennai Super Kings,16,438,323,14,31.29,135.6,36,17,165,27.5,201,4,41.25,7.31,62,37.58,16,11,5,0,68.75,22,1dc12ab9,https://a.espncdn.com/i/headshots/cricket/players/full/1dc12ab9.png,https://www.espncricinfo.com/cricketers/sk-raina-1dc12ab9
2011,SK Trivedi,3d7e087f,Rajasthan Royals,12,0,2,1,0.0,0.0,0,0,214,35.67,303,10,21.4,8.5,66,30.84,13,6,7,0,46.15,12,3d7e087f,https://a.espncdn.com/i/headshots/cricket/players/full/3d7e087f.png,https://www.espncricinfo.com/cricketers/sk-trivedi-3d7e087f
2011,SK Warne,bb18be76,Rajasthan Royals,13,10,20,2,5.0,50.0,1,0,282,47.0,297,13,21.69,6.32,117,41.49,13,6,7,0,46.15,12,bb18be76,https://a.espncdn.com/i/headshots/cricket/players/full/bb18be76.png,https://www.espncricinfo.com/cricketers/sk-warne-bb18be76
2011,SL Malinga,a12e1d51,Mumbai Indians,16,8,9,2,4.0,88.89,0,1,378,63.0,375,28,13.5,5.95,183,48.41,16,10,6,0,62.5,20,a12e1d51,https://a.espncdn.com/i/headshots/cricket/players/full/a12e1d51.png,https://www.espncricinfo.com/cricketers/sl-malinga-a12e1d51
2011,SP Goswami,541f85c9,Kolkata Knight Riders,5,29,29,3,9.67,100.0,5,0,0,,0,0,,,0,,15,8,7,0,53.33,16,541f85c9,https://a.espncdn.com/i/headshots/cricket/players/full/541f85c9.png,https://www.espncricinfo.com/cricketers/sp-goswami-541f85c9
2011,SR Tendulkar,d2c2b2d5,Mumbai Indians,16,553,488,15,36.87,113.32,67,5,0,,0,0,,,0,,16,10,6,0,62.5,20,d2c2b2d5,https://a.espncdn.com/i/headshots/cricket/players/full/d2c2b2d5.png,https://www.espncricinfo.com/cricketers/sr-tendulkar-d2c2b2d5
2011,SR Watson,4329fbb5,Rajasthan Royals,11,330,252,10,33.0,130.95,31,17,216,36.0,241,6,36.0,6.69,78,36.11,13,6,7,0,46.15,12,4329fbb5,https://a.espncdn.com/i/headshots/cricket/players/full/4329fbb5.png,https://www.espncricinfo.com/cricketers/sr-watson-4329fbb5
2011,SS Mundhe,0af3426f,Pune Warriors,1,0,0,0,,,0,0,6,1.0,6,1,6.0,6.0,4,66.67,14,4,9,1,30.77,9,0af3426f,https://a.espncdn.com/i/headshots/cricket/players/full/0af3426f.png,https://www.espncricinfo.com/cricketers/ss-mundhe-0af3426f
2011,SS Tiwary,709b0bac,Royal Challengers Bangalore,16,187,186,8,23.38,100.54,13,5,0,,0,0,,,0,,16,10,6,0,62.5,20,709b0bac,https://a.espncdn.com/i/headshots/cricket/players/full/709b0bac.png,https://www.espncricinfo.com/cricketers/ss-tiwary-709b0bac
2011,STR Binny,bd17b45f,Rajasthan Royals,6,37,31,1,37.0,119.35,2,1,24,4.0,44,0,,11.0,1,4.17,13,6,7,0,46.15,12,bd17b45f,https://a.espncdn.com/i/headshots/cricket/players/full/bd17b45f.png,https://www.espncricinfo.com/cricketers/str-binny-bd17b45f
2011,SW Tait,addfb70e,Rajasthan Royals,4,10,10,1,10.0,100.0,1,0,89,14.83,127,6,14.83,8.56,42,47.19,13,6,7,0,46.15,12,addfb70e,https://a.espncdn.com/i/headshots/cricket/players/full/addfb70e.png,https://www.espncricinfo.com/cricketers/sw-tait-addfb70e
2011,Shakib Al Hasan,7dc35884,Kolkata Knight Riders,7,29,22,2,14.5,131.82,4,0,153,25.5,175,11,13.91,6.86,59,38.56,15,8,7,0,53.33,16,7dc35884,https://a.espncdn.com/i/headshots/cricket/players/full/7dc35884.png,https://www.espncricinfo.com/cricketers/shakib-al-hasan-7dc35884
2011,Sunny Singh,30e37810,Kings XI Punjab,6,43,31,4,10.75,138.71,6,1,0,,0,0,,,0,,14,7,7,0,50.0,14,30e37810,https://a.espncdn.com/i/headshots/cricket/players/full/30e37810.png,https://www.espncricinfo.com/cricketers/sunny-singh-30e37810
2011,TD Paine,5748e866,Pune Warriors,2,10,26,2,5.0,38.46,0,0,0,,0,0,,,0,,14,4,9,1,30.77,9,5748e866,https://a.espncdn.com/i/headshots/cricket/players/full/5748e866.png,https://www.espncricinfo.com/cricketers/td-paine-5748e866
2011,TG Southee,13c35c9e,Chennai Super Kings,5,0,0,0,,,0,0,114,19.0,166,4,28.5,8.74,43,37.72,16,11,5,0,68.75,22,13c35c9e,https://a.espncdn.com/i/headshots/cricket/players/full/13c35c9e.png,https://www.espncricinfo.com/cricketers/tg-southee-13c35c9e
2011,TL Suman,aaa1b522,Mumbai Indians,8,65,51,6,10.83,127.45,5,5,36,6.0,50,0,,8.33,7,19.44,16,10,6,0,62.5,20,aaa1b522,https://a.espncdn.com/i/headshots/cricket/players/full/aaa1b522.png,https://www.espncricinfo.com/cricketers/tl-suman-aaa1b522
2011,TM Dilshan,5bdcdb72,Royal Challengers Bangalore,10,226,180,8,28.25,125.56,33,3,72,12.0,108,1,72.0,9.0,16,22.22,16,10,6,0,62.5,20,5bdcdb72,https://a.espncdn.com/i/headshots/cricket/players/full/5bdcdb72.png,https://www.espncricinfo.com/cricketers/tm-dilshan-5bdcdb72
2011,TR Birt,d2d4bb0a,Delhi Daredevils,5,75,57,5,15.0,131.58,9,2,0,,0,0,,,0,,14,4,9,1,30.77,9,d2d4bb0a,https://a.espncdn.com/i/headshots/cricket/players/full/d2d4bb0a.png,https://www.espncricinfo.com/cricketers/tr-birt-d2d4bb0a
2011,UBT Chand,0c94f480,Delhi Daredevils,2,2,12,2,1.0,16.67,0,0,0,,0,0,,,0,,14,4,9,1,30.77,9,0c94f480,https://a.espncdn.com/i/headshots/cricket/players/full/0c94f480.png,https://www.espncricinfo.com/cricketers/ubt-chand-0c94f480
2011,UT Yadav,cc1e8c68,Delhi Daredevils,7,1,5,1,1.0,20.0,0,0,108,18.0,169,2,54.0,9.39,36,33.33,14,4,9,1,30.77,9,cc1e8c68,https://a.espncdn.com/i/headshots/cricket/players/full/cc1e8c68.png,https://www.espncricinfo.com/cricketers/ut-yadav-cc1e8c68
2011,V Kohli,ba607b88,Royal Challengers Bangalore,16,557,459,13,42.85,121.35,55,16,102,17.0,139,2,51.0,8.18,23,22.55,16,10,6,0,62.5,20,ba607b88,https://a.espncdn.com/i/headshots/cricket/players/full/ba607b88.png,https://www.espncricinfo.com/cricketers/v-kohli-ba607b88
2011,V Sehwag,8ba8195d,Delhi Daredevils,11,424,239,9,47.11,177.41,51,18,0,,0,0,,,0,,14,4,9,1,30.77,9,8ba8195d,https://a.espncdn.com/i/headshots/cricket/players/full/8ba8195d.png,https://www.espncricinfo.com/cricketers/v-sehwag-8ba8195d
2011,VR Aaron,0a3d54b9,Delhi Daredevils,4,0,5,0,,0.0,0,0,72,12.0,82,2,36.0,6.83,31,43.06,14,4,9,1,30.77,9,0a3d54b9,https://a.espncdn.com/i/headshots/cricket/players/full/0a3d54b9.png,https://www.espncricinfo.com/cricketers/vr-aaron-0a3d54b9
2011,VS Malik,5f26df4f,Kings XI Punjab,1,0,0,0,,,0,0,12,2.0,13,0,,6.5,3,25.0,14,7,7,0,50.0,14,5f26df4f,https://a.espncdn.com/i/headshots/cricket/players/full/5f26df4f.png,https://www.espncricinfo.com/cricketers/vs-malik-5f26df4f
2011,VVS Laxman,de8cce37,Kochi Tuskers Kerala,3,44,41,2,22.0,107.32,3,2,0,,0,0,,,0,,14,6,8,0,42.86,12,de8cce37,https://a.espncdn.com/i/headshots/cricket/players/full/de8cce37.png,https://www.espncricinfo.com/cricketers/vvs-laxman-de8cce37
2011,WD Parnell,3a60e0b5,Pune Warriors,8,37,39,3,12.33,94.87,2,1,176,29.33,213,9,19.56,7.26,75,42.61,14,4,9,1,30.77,9,3a60e0b5,https://a.espncdn.com/i/headshots/cricket/players/full/3a60e0b5.png,https://www.espncricinfo.com/cricketers/wd-parnell-3a60e0b5
2011,WP Saha,fe11caa6,Chennai Super Kings,7,68,63,1,68.0,107.94,2,4,0,,0,0,,,0,,16,11,5,0,68.75,22,fe11caa6,https://a.espncdn.com/i/headshots/cricket/players/full/fe11caa6.png,https://www.espncricinfo.com/cricketers/wp-saha-fe11caa6
2011,Y Gnaneswara Rao,bae11797,Kochi Tuskers Kerala,2,19,17,1,19.0,111.76,3,0,6,1.0,7,0,,7.0,3,50.0,14,6,8,0,42.86,12,bae11797,https://a.espncdn.com/i/headshots/cricket/players/full/bae11797.png,https://www.espncricinfo.com/cricketers/y-gnaneswara-rao-bae11797
2011,Y Nagar,662c47a6,Delhi Daredevils,11,111,100,8,13.88,111.0,6,6,30,5.0,67,1,30.0,13.4,5,16.67,14,4,9,1,30.77,9,662c47a6,https://a.espncdn.com/i/headshots/cricket/players/full/662c47a6.png,https://www.espncricinfo.com/cricketers/y-nagar-662c47a6
2011,Y Venugopal Rao,fe763256,Delhi Daredevils,14,336,279,12,28.0,120.43,30,13,12,2.0,26,0,,13.0,3,25.0,14,4,9,1,30.77,9,fe763256,https://a.espncdn.com/i/headshots/cricket/players/full/fe763256.png,https://www.espncricinfo.com/cricketers/y-venugopal-rao-fe763256
2011,YK Pathan,3c6ffae8,Kolkata Knight Riders,15,283,200,9,31.44,141.5,24,13,234,39.0,238,13,18.0,6.1,93,39.74,15,8,7,0,53.33,16,3c6ffae8,https://a.espncdn.com/i/headshots/cricket/players/full/3c6ffae8.png,https://www.espncricinfo.com/cricketers/yk-pathan-3c6ffae8
2011,Yuvraj Singh,1c914163,Pune Warriors,14,343,261,9,38.11,131.42,24,18,174,29.0,192,9,19.33,6.62,61,35.06,14,4,9,1,30.77,9,1c914163,https://a.espncdn.com/i/headshots/cricket/players/full/1c914163.png,https://www.espncricinfo.com/cricketers/yuvraj-singh-1c914163
2011,Z Khan,91a4a398,Royal Challengers Bangalore,15,21,24,2,10.5,87.5,2,0,354,59.0,455,14,25.29,7.71,141,39.83,16,10,6,0,62.5,20,91a4a398,https://a.espncdn.com/i/headshots/cricket/players/full/91a4a398.png,https://www.espncricinfo.com/cricketers/z-khan-91a4a398
2012,A Ashish Reddy,1c2a64cd,Deccan Chargers,9,35,29,4,8.75,120.69,3,1,163,27.17,237,11,14.82,8.72,55,33.74,15,4,11,0,26.67,8,1c2a64cd,https://a.espncdn.com/i/headshots/cricket/players/full/1c2a64cd.png,https://www.espncricinfo.com/cricketers/a-ashish-reddy-1c2a64cd
2012,A Chandila,99b202b3,Rajasthan Royals,4,0,1,1,0.0,0.0,0,0,84,14.0,86,5,16.8,6.14,39,46.43,16,7,9,0,43.75,14,99b202b3,https://a.espncdn.com/i/headshots/cricket/players/full/99b202b3.png,https://www.espncricinfo.com/cricketers/a-chandila-99b202b3
2012,A Mishra,6b19d823,Deccan Chargers,14,16,20,3,5.33,80.0,1,0,282,47.0,377,13,21.69,8.02,89,31.56,15,4,11,0,26.67,8,6b19d823,https://a.espncdn.com/i/headshots/cricket/players/full/6b19d823.png,https://www.espncricinfo.com/cricketers/a-mishra-6b19d823
2012,A Mithun,66cf56a5,Royal Challengers Bangalore,1,0,0,0,,,0,0,18,3.0,33,0,,11.0,5,27.78,15,8,7,0,53.33,16,66cf56a5,https://a.espncdn.com/i/headshots/cricket/players/full/66cf56a5.png,https://www.espncricinfo.com/cricketers/a-mithun-66cf56a5
2012,A Nehra,96fd40ae,Pune Warriors,13,11,12,1,11.0,91.67,1,0,288,48.0,402,11,26.18,8.38,99,34.38,16,4,12,0,25.0,8,96fd40ae,https://a.espncdn.com/i/headshots/cricket/players/full/96fd40ae.png,https://www.espncricinfo.com/cricketers/a-nehra-96fd40ae
2012,A Singh,5b040b81,Rajasthan Royals,9,0,2,1,0.0,0.0,0,0,197,32.83,310,10,19.7,9.44,58,29.44,16,7,9,0,43.75,14,5b040b81,https://a.espncdn.com/i/headshots/cricket/players/full/5b040b81.png,https://www.espncricinfo.com/cricketers/a-singh-5b040b81
2012,AA Chavan,29d72eb2,Rajasthan Royals,8,11,8,1,11.0,137.5,2,0,164,27.33,236,7,23.43,8.63,55,33.54,16,7,9,0,43.75,14,29d72eb2,https://a.espncdn.com/i/headshots/cricket/players/full/29d72eb2.png,https://www.espncricinfo.com/cricketers/aa-chavan-29d72eb2
2012,AA Jhunjhunwala,2815fe50,Deccan Chargers,5,24,26,2,12.0,92.31,1,1,36,6.0,38,1,36.0,6.33,14,38.89,15,4,11,0,26.67,8,2815fe50,https://a.espncdn.com/i/headshots/cricket/players/full/2815fe50.png,https://www.espncricinfo.com/cricketers/aa-jhunjhunwala-2815fe50
2012,AB Agarkar,fa463154,Delhi Daredevils,4,0,0,0,,,0,0,86,14.33,134,3,28.67,9.35,20,23.26,18,11,7,0,61.11,22,fa463154,https://a.espncdn.com/i/headshots/cricket/players/full/fa463154.png,https://www.espncricinfo.com/cricketers/ab-agarkar-fa463154
2012,AB Dinda,66b30f71,Pune Warriors,7,2,5,0,,40.0,0,0,144,24.0,169,9,16.0,7.04,61,42.36,16,4,12,0,25.0,8,66b30f71,https://a.espncdn.com/i/headshots/cricket/players/full/66b30f71.png,https://www.espncricinfo.com/cricketers/ab-dinda-66b30f71
2012,AB McDonald,16043342,Royal Challengers Bangalore,3,47,35,2,23.5,134.29,6,2,60,10.0,61,5,12.0,6.1,18,30.0,15,8,7,0,53.33,16,16043342,https://a.espncdn.com/i/headshots/cricket/players/full/16043342.png,https://www.espncricinfo.com/cricketers/ab-mcdonald-16043342
2012,AB de Villiers,c4487b84,Royal Challengers Bangalore,15,319,197,8,39.88,161.93,26,15,0,,0,0,,,0,,15,8,7,0,53.33,16,c4487b84,https://a.espncdn.com/i/headshots/cricket/players/full/c4487b84.png,https://www.espncricinfo.com/cricketers/ab-de-villiers-c4487b84
2012,AC Blizzard,1efb8a28,Mumbai Indians,1,0,3,1,0.0,0.0,0,0,0,,0,0,,,0,,17,10,7,0,58.82,20,1efb8a28,https://a.espncdn.com/i/headshots/cricket/players/full/1efb8a28.png,https://www.espncricinfo.com/cricketers/ac-blizzard-1efb8a28
2012,AC Gilchrist,2b6e6dec,Kings XI Punjab,7,172,142,4,43.0,121.13,21,4,0,,0,0,,,0,,16,8,8,0,50.0,16,2b6e6dec,https://a.espncdn.com/i/headshots/cricket/players/full/2b6e6dec.png,https://www.espncricinfo.com/cricketers/ac-gilchrist-2b6e6dec
2012,AC Thomas,b552a935,Pune Warriors,4,19,15,2,9.5,126.67,1,1,84,14.0,109,3,28.0,7.79,30,35.71,16,4,12,0,25.0,8,b552a935,https://a.espncdn.com/i/headshots/cricket/players/full/b552a935.png,https://www.espncricinfo.com/cricketers/ac-thomas-b552a935
2012,AD Mascarenhas,3edb58fc,Kings XI Punjab,4,14,16,3,4.67,87.5,1,0,96,16.0,105,7,13.71,6.56,35,36.46,16,8,8,0,50.0,16,3edb58fc,https://a.espncdn.com/i/headshots/cricket/players/full/3edb58fc.png,https://www.espncricinfo.com/cricketers/ad-mascarenhas-3edb58fc
2012,AD Mathews,896d78ad,Pune Warriors,9,127,108,7,18.14,117.59,5,4,156,26.0,192,7,22.29,7.38,50,32.05,16,4,12,0,25.0,8,896d78ad,https://a.espncdn.com/i/headshots/cricket/players/full/896d78ad.png,https://www.espncricinfo.com/cricketers/ad-mathews-896d78ad
2012,AD Russell,bbd41817,Delhi Daredevils,4,47,26,2,23.5,180.77,3,3,96,16.0,161,1,96.0,10.06,28,29.17,18,11,7,0,61.11,22,bbd41817,https://a.espncdn.com/i/headshots/cricket/players/full/bbd41817.png,https://www.espncricinfo.com/cricketers/ad-russell-bbd41817
2012,AG Murtaza,ef5da05c,Pune Warriors,1,3,5,0,,60.0,0,0,12,2.0,11,0,,5.5,5,41.67,16,4,12,0,25.0,8,ef5da05c,https://a.espncdn.com/i/headshots/cricket/players/full/ef5da05c.png,https://www.espncricinfo.com/cricketers/ag-murtaza-ef5da05c
2012,AJ Finch,b8d490fd,Delhi Daredevils,2,55,51,2,27.5,107.84,8,0,0,,0,0,,,0,,18,11,7,0,61.11,22,b8d490fd,https://a.espncdn.com/i/headshots/cricket/players/full/b8d490fd.png,https://www.espncricinfo.com/cricketers/aj-finch-b8d490fd
2012,AL Menaria,8291f939,Rajasthan Royals,15,220,200,11,20.0,110.0,14,8,20,3.33,23,1,20.0,6.9,10,50.0,16,7,9,0,43.75,14,8291f939,https://a.espncdn.com/i/headshots/cricket/players/full/8291f939.png,https://www.espncricinfo.com/cricketers/al-menaria-8291f939
2012,AM Nayar,a45a5e8d,Kings XI Punjab,4,45,49,2,22.5,91.84,2,1,6,1.0,16,0,,16.0,0,0.0,16,8,8,0,50.0,16,a45a5e8d,https://a.espncdn.com/i/headshots/cricket/players/full/a45a5e8d.png,https://www.espncricinfo.com/cricketers/am-nayar-a45a5e8d
2012,AM Rahane,29e95537,Rajasthan Royals,16,560,433,14,40.0,129.33,73,10,0,,0,0,,,0,,16,7,9,0,43.75,14,29e95537,https://a.espncdn.com/i/headshots/cricket/players/full/29e95537.png,https://www.espncricinfo.com/cricketers/am-rahane-29e95537
2012,AN Ahmed,2af1b6d2,Mumbai Indians,1,0,0,0,,,0,0,12,2.0,17,0,,8.5,5,41.67,17,10,7,0,58.82,20,2af1b6d2,https://a.espncdn.com/i/headshots/cricket/players/full/2af1b6d2.png,https://www.espncricinfo.com/cricketers/an-ahmed-2af1b6d2
2012,AP Majumdar,f4cb4f53,Pune Warriors,4,87,76,4,21.75,114.47,7,2,0,,0,0,,,0,,16,4,12,0,25.0,8,f4cb4f53,https://a.espncdn.com/i/headshots/cricket/players/full/f4cb4f53.png,https://www.espncricinfo.com/cricketers/ap-majumdar-f4cb4f53
2012,AT Rayudu,70d205c9,Mumbai Indians,17,333,252,9,37.0,132.14,21,14,0,,0,0,,,0,,17,10,7,0,58.82,20,70d205c9,https://a.espncdn.com/i/headshots/cricket/players/full/70d205c9.png,https://www.espncricinfo.com/cricketers/at-rayudu-70d205c9
2012,AUK Pathan,3ae3f034,Royal Challengers Bangalore,2,6,7,1,6.0,85.71,0,0,6,1.0,14,0,,14.0,2,33.33,15,8,7,0,53.33,16,3ae3f034,https://a.espncdn.com/i/headshots/cricket/players/full/3ae3f034.png,https://www.espncricinfo.com/cricketers/auk-pathan-3ae3f034
2012,Anand Rajan,d2340a43,Deccan Chargers,4,0,0,0,,,0,0,71,11.83,109,3,23.67,9.21,18,25.35,15,4,11,0,26.67,8,d2340a43,https://a.espncdn.com/i/headshots/cricket/players/full/d2340a43.png,https://www.espncricinfo.com/cricketers/anand-rajan-d2340a43
2012,Ankit Sharma,24d94623,Deccan Chargers,9,18,13,3,6.0,138.46,0,2,145,24.17,165,4,36.25,6.83,62,42.76,15,4,11,0,26.67,8,24d94623,https://a.espncdn.com/i/headshots/cricket/players/full/24d94623.png,https://www.espncricinfo.com/cricketers/ankit-sharma-24d94623
2012,Azhar Mahmood,9a158001,Kings XI Punjab,11,186,142,8,23.25,130.99,16,8,256,42.67,329,14,18.29,7.71,95,37.11,16,8,8,0,50.0,16,9a158001,https://a.espncdn.com/i/headshots/cricket/players/full/9a158001.png,https://www.espncricinfo.com/cricketers/azhar-mahmood-9a158001
2012,B Chipli,5451a2c1,Deccan Chargers,5,37,35,3,12.33,105.71,3,2,0,,0,0,,,0,,15,4,11,0,26.67,8,5451a2c1,https://a.espncdn.com/i/headshots/cricket/players/full/5451a2c1.png,https://www.espncricinfo.com/cricketers/b-chipli-5451a2c1
2012,B Kumar,2e81a32d,Pune Warriors,11,40,40,3,13.33,100.0,4,0,234,39.0,281,8,29.25,7.21,86,36.75,16,4,12,0,25.0,8,2e81a32d,https://a.espncdn.com/i/headshots/cricket/players/full/2e81a32d.png,https://www.espncricinfo.com/cricketers/b-kumar-2e81a32d
2012,B Lee,dd09ff8e,Kolkata Knight Riders,10,42,20,2,21.0,210.0,2,4,228,38.0,299,7,32.57,7.87,99,43.42,17,12,5,0,70.59,24,dd09ff8e,https://a.espncdn.com/i/headshots/cricket/players/full/dd09ff8e.png,https://www.espncricinfo.com/cricketers/b-lee-dd09ff8e
2012,BA Bhatt,dc4686e6,Kings XI Punjab,5,6,2,0,,300.0,0,1,99,16.5,136,2,49.5,8.24,26,26.26,16,8,8,0,50.0,16,dc4686e6,https://a.espncdn.com/i/headshots/cricket/players/full/dc4686e6.png,https://www.espncricinfo.com/cricketers/ba-bhatt-dc4686e6
2012,BB McCullum,b8a55852,Kolkata Knight Riders,12,289,283,13,22.23,102.12,37,3,0,,0,0,,,0,,17,12,5,0,70.59,24,b8a55852,https://a.espncdn.com/i/headshots/cricket/players/full/b8a55852.png,https://www.espncricinfo.com/cricketers/bb-mccullum-b8a55852
2012,BB Samantray,53f27a35,Deccan Chargers,1,2,2,0,,100.0,0,0,0,,0,0,,,0,,15,4,11,0,26.67,8,53f27a35,https://a.espncdn.com/i/headshots/cricket/players/full/53f27a35.png,https://www.espncricinfo.com/cricketers/bb-samantray-53f27a35
2012,BJ Hodge,b57f8a9a,Rajasthan Royals,12,245,173,8,30.62,141.62,18,9,12,2.0,21,1,12.0,10.5,2,16.67,16,7,9,0,43.75,14,b57f8a9a,https://a.espncdn.com/i/headshots/cricket/players/full/b57f8a9a.png,https://www.espncricinfo.com/cricketers/bj-hodge-b57f8a9a
2012,BW Hilfenhaus,f3171936,Chennai Super Kings,9,0,0,0,,,0,0,204,34.0,233,14,14.57,6.85,103,50.49,18,10,8,0,55.56,20,f3171936,https://a.espncdn.com/i/headshots/cricket/players/full/f3171936.png,https://www.espncricinfo.com/cricketers/bw-hilfenhaus-f3171936
2012,Bipul Sharma,c18496e1,Kings XI Punjab,5,72,47,2,36.0,153.19,6,3,46,7.67,79,0,,10.3,13,28.26,16,8,8,0,50.0,16,c18496e1,https://a.espncdn.com/i/headshots/cricket/players/full/c18496e1.png,https://www.espncricinfo.com/cricketers/bipul-sharma-c18496e1
2012,CA Lynn,45eda7c8,Deccan Chargers,1,6,9,1,6.0,66.67,1,0,0,,0,0,,,0,,15,4,11,0,26.67,8,45eda7c8,https://a.espncdn.com/i/headshots/cricket/players/full/45eda7c8.png,https://www.espncricinfo.com/cricketers/ca-lynn-45eda7c8
2012,CA Pujara,d4f9dbd4,Royal Challengers Bangalore,3,17,22,3,5.67,77.27,1,1,0,,0,0,,,0,,15,8,7,0,53.33,16,d4f9dbd4,https://a.espncdn.com/i/headshots/cricket/players/full/d4f9dbd4.png,https://www.espncricinfo.com/cricketers/ca-pujara-d4f9dbd4
2012,CH Gayle,db584dad,Royal Challengers Bangalore,14,733,451,12,61.08,162.53,46,59,28,4.67,66,0,,14.14,5,17.86,15,8,7,0,53.33,16,db584dad,https://a.espncdn.com/i/headshots/cricket/players/full/db584dad.png,https://www.espncricinfo.com/cricketers/ch-gayle-db584dad
2012,CJ Ferguson,9b4935c8,Pune Warriors,4,50,63,4,12.5,79.37,3,0,0,,0,0,,,0,,16,4,12,0,25.0,8,9b4935c8,https://a.espncdn.com/i/headshots/cricket/players/full/9b4935c8.png,https://www.espncricinfo.com/cricketers/cj-ferguson-9b4935c8
2012,CJ McKay,94eac556,Mumbai Indians,2,8,15,1,8.0,53.33,0,0,42,7.0,60,1,42.0,8.57,14,33.33,17,10,7,0,58.82,20,94eac556,https://a.espncdn.com/i/headshots/cricket/players/full/94eac556.png,https://www.espncricinfo.com/cricketers/cj-mckay-94eac556
2012,CL White,d0513f63,Deccan Chargers,13,479,319,12,39.92,150.16,41,20,18,3.0,27,0,,9.0,1,5.56,15,4,11,0,26.67,8,d0513f63,https://a.espncdn.com/i/headshots/cricket/players/full/d0513f63.png,https://www.espncricinfo.com/cricketers/cl-white-d0513f63
2012,DA Miller,d67d5f00,Kings XI Punjab,6,98,75,2,49.0,130.67,6,4,0,,0,0,,,0,,16,8,8,0,50.0,16,d67d5f00,https://a.espncdn.com/i/headshots/cricket/players/full/d67d5f00.png,https://www.espncricinfo.com/cricketers/da-miller-d67d5f00
2012,DA Warner,dcce6f09,Delhi Daredevils,8,256,155,7,36.57,165.16,28,14,0,,0,0,,,0,,18,11,7,0,61.11,22,dcce6f09,https://a.espncdn.com/i/headshots/cricket/players/full/dcce6f09.png,https://www.espncricinfo.com/cricketers/da-warner-dcce6f09
2012,DAJ Bracewell,2e9fdf9b,Delhi Daredevils,1,12,9,0,,133.33,1,0,24,4.0,32,3,8.0,8.0,10,41.67,18,11,7,0,61.11,22,2e9fdf9b,https://a.espncdn.com/i/headshots/cricket/players/full/2e9fdf9b.png,https://www.espncricinfo.com/cricketers/daj-bracewell-2e9fdf9b
2012,DB Das,7050a1e7,Kolkata Knight Riders,15,126,92,1,126.0,136.96,9,6,0,,0,0,,,0,,17,12,5,0,70.59,24,7050a1e7,https://a.espncdn.com/i/headshots/cricket/players/full/7050a1e7.png,https://www.espncricinfo.com/cricketers/db-das-7050a1e7
2012,DB Ravi Teja,b720a5d6,Deccan Chargers,2,4,4,2,2.0,100.0,1,0,0,,0,0,,,0,,15,4,11,0,26.67,8,b720a5d6,https://a.espncdn.com/i/headshots/cricket/players/full/b720a5d6.png,https://www.espncricinfo.com/cricketers/db-ravi-teja-b720a5d6
2012,DE Bollinger,45c2196c,Chennai Super Kings,6,3,5,1,3.0,60.0,0,0,108,18.0,157,8,13.5,8.72,46,42.59,18,10,8,0,55.56,20,45c2196c,https://a.espncdn.com/i/headshots/cricket/players/full/45c2196c.png,https://www.espncricinfo.com/cricketers/de-bollinger-45c2196c
2012,DH Yagnik,063b3673,Rajasthan Royals,5,25,13,1,25.0,192.31,5,0,0,,0,0,,,0,,16,7,9,0,43.75,14,063b3673,https://a.espncdn.com/i/headshots/cricket/players/full/063b3673.png,https://www.espncricinfo.com/cricketers/dh-yagnik-063b3673
2012,DJ Bravo,87e562a9,Chennai Super Kings,18,371,262,8,46.38,141.6,20,20,346,57.67,462,15,23.07,8.01,110,31.79,18,10,8,0,55.56,20,87e562a9,https://a.espncdn.com/i/headshots/cricket/players/full/87e562a9.png,https://www.espncricinfo.com/cricketers/dj-bravo-87e562a9
2012,DJ Harris,39f82db3,Deccan Chargers,4,111,101,3,37.0,109.9,11,5,18,3.0,26,0,,8.67,4,22.22,15,4,11,0,26.67,8,39f82db3,https://a.espncdn.com/i/headshots/cricket/players/full/39f82db3.png,https://www.espncricinfo.com/cricketers/dj-harris-39f82db3
2012,DJ Hussey,fd835ab3,Kings XI Punjab,16,396,305,12,33.0,129.84,28,17,54,9.0,63,3,18.0,7.0,14,25.93,16,8,8,0,50.0,16,fd835ab3,https://a.espncdn.com/i/headshots/cricket/players/full/fd835ab3.png,https://www.espncricinfo.com/cricketers/dj-hussey-fd835ab3
2012,DJ Jacobs,a84468fe,Mumbai Indians,1,0,10,1,0.0,0.0,0,0,0,,0,0,,,0,,17,10,7,0,58.82,20,a84468fe,https://a.espncdn.com/i/headshots/cricket/players/full/a84468fe.png,https://www.espncricinfo.com/cricketers/dj-jacobs-a84468fe
2012,DL Vettori,d7c6af50,Royal Challengers Bangalore,9,31,26,3,10.33,119.23,3,1,210,35.0,236,5,42.0,6.74,66,31.43,15,8,7,0,53.33,16,d7c6af50,https://a.espncdn.com/i/headshots/cricket/players/full/d7c6af50.png,https://www.espncricinfo.com/cricketers/dl-vettori-d7c6af50
2012,DPMD Jayawardene,d18f9182,Delhi Daredevils,16,335,298,10,33.5,112.42,39,3,0,,0,0,,,0,,18,11,7,0,61.11,22,d18f9182,https://a.espncdn.com/i/headshots/cricket/players/full/d18f9182.png,https://www.espncricinfo.com/cricketers/dpmd-jayawardene-d18f9182
2012,DR Smith,35205dfc,Mumbai Indians,7,157,97,4,39.25,161.86,18,7,78,13.0,95,2,39.0,7.31,28,35.9,17,10,7,0,58.82,20,35205dfc,https://a.espncdn.com/i/headshots/cricket/players/full/35205dfc.png,https://www.espncricinfo.com/cricketers/dr-smith-35205dfc
2012,DS Kulkarni,d2a989fc,Mumbai Indians,2,10,5,0,,200.0,2,0,48,8.0,64,6,8.0,8.0,23,47.92,17,10,7,0,58.82,20,d2a989fc,https://a.espncdn.com/i/headshots/cricket/players/full/d2a989fc.png,https://www.espncricinfo.com/cricketers/ds-kulkarni-d2a989fc
2012,DT Christian,2a2e6343,Deccan Chargers,7,145,118,5,29.0,122.88,8,6,162,27.0,233,8,20.25,8.63,51,31.48,15,4,11,0,26.67,8,2a2e6343,https://a.espncdn.com/i/headshots/cricket/players/full/2a2e6343.png,https://www.espncricinfo.com/cricketers/dt-christian-2a2e6343
2012,DW Steyn,8fd1a8f5,Deccan Chargers,12,19,21,5,3.8,90.48,0,1,280,46.67,285,18,15.56,6.11,138,49.29,15,4,11,0,26.67,8,8fd1a8f5,https://a.espncdn.com/i/headshots/cricket/players/full/8fd1a8f5.png,https://www.espncricinfo.com/cricketers/dw-steyn-8fd1a8f5
2012,F du Plessis,3355b542,Chennai Super Kings,12,398,303,11,36.18,131.35,29,17,6,1.0,16,0,,16.0,0,0.0,18,10,8,0,55.56,20,3355b542,https://a.espncdn.com/i/headshots/cricket/players/full/3355b542.png,https://www.espncricinfo.com/cricketers/f-du-plessis-3355b542
2012,G Gambhir,bb345e0b,Kolkata Knight Riders,17,590,411,14,42.14,143.55,64,17,0,,0,0,,,0,,17,12,5,0,70.59,24,bb345e0b,https://a.espncdn.com/i/headshots/cricket/players/full/bb345e0b.png,https://www.espncricinfo.com/cricketers/g-gambhir-bb345e0b
2012,GB Hogg,f708a0bc,Rajasthan Royals,9,15,16,2,7.5,93.75,1,0,216,36.0,253,10,21.6,7.03,73,33.8,16,7,9,0,43.75,14,f708a0bc,https://a.espncdn.com/i/headshots/cricket/players/full/f708a0bc.png,https://www.espncricinfo.com/cricketers/gb-hogg-f708a0bc
2012,GJ Maxwell,b681e71e,Delhi Daredevils,2,6,11,1,6.0,54.55,0,0,18,3.0,22,1,18.0,7.33,6,33.33,18,11,7,0,61.11,22,b681e71e,https://a.espncdn.com/i/headshots/cricket/players/full/b681e71e.png,https://www.espncricinfo.com/cricketers/gj-maxwell-b681e71e
2012,Gurkeerat Singh,6eb146d2,Kings XI Punjab,5,86,52,3,28.67,165.38,12,2,0,,0,0,,,0,,16,8,8,0,50.0,16,6eb146d2,https://a.espncdn.com/i/headshots/cricket/players/full/6eb146d2.png,https://www.espncricinfo.com/cricketers/gurkeerat-singh-6eb146d2
2012,HH Gibbs,e1d1b294,Mumbai Indians,3,81,88,2,40.5,92.05,8,2,0,,0,0,,,0,,17,10,7,0,58.82,20,e1d1b294,https://a.espncdn.com/i/headshots/cricket/players/full/e1d1b294.png,https://www.espncricinfo.com/cricketers/hh-gibbs-e1d1b294
2012,HV Patel,f986ca1a,Royal Challengers Bangalore,11,15,15,2,7.5,100.0,1,0,246,41.0,340,9,27.33,8.29,78,31.71,15,8,7,0,53.33,16,f986ca1a,https://a.espncdn.com/i/headshots/cricket/players/full/f986ca1a.png,https://www.espncricinfo.com/cricketers/hv-patel-f986ca1a
2012,Harbhajan Singh,8b5b6769,Mumbai Indians,17,108,80,9,12.0,135.0,14,3,324,54.0,384,6,54.0,7.11,117,36.11,17,10,7,0,58.82,20,8b5b6769,https://a.espncdn.com/i/headshots/cricket/players/full/8b5b6769.png,https://www.espncricinfo.com/cricketers/harbhajan-singh-8b5b6769
2012,Harmeet Singh,2a72fd4f,Kings XI Punjab,7,15,7,1,15.0,214.29,3,0,134,22.33,191,7,19.14,8.55,40,29.85,16,8,8,0,50.0,16,0bf15e52,https://a.espncdn.com/i/headshots/cricket/players/full/0bf15e52.png,https://www.espncricinfo.com/cricketers/harmeet-singh-0bf15e52
2012,Harpreet Singh,28c78fb3,Pune Warriors,1,6,6,1,6.0,100.0,0,0,0,,0,0,,,0,,16,4,12,0,25.0,8,28c78fb3,https://a.espncdn.com/i/headshots/cricket/players/full/28c78fb3.png,https://www.espncricinfo.com/cricketers/harpreet-singh-28c78fb3
2012,IK Pathan,5fa06777,Delhi Daredevils,17,176,126,7,25.14,139.68,14,6,360,60.0,465,8,45.0,7.75,145,40.28,18,11,7,0,61.11,22,5fa06777,https://a.espncdn.com/i/headshots/cricket/players/full/5fa06777.png,https://www.espncricinfo.com/cricketers/ik-pathan-5fa06777
2012,IR Jaggi,dded65e7,Deccan Chargers,3,15,21,2,7.5,71.43,0,0,0,,0,0,,,0,,15,4,11,0,26.67,8,dded65e7,https://a.espncdn.com/i/headshots/cricket/players/full/dded65e7.png,https://www.espncricinfo.com/cricketers/ir-jaggi-dded65e7
2012,Iqbal Abdulla,85aae393,Kolkata Knight Riders,9,2,3,0,,66.67,0,0,132,22.0,144,4,33.0,6.55,46,34.85,17,12,5,0,70.59,24,85aae393,https://a.espncdn.com/i/headshots/cricket/players/full/85aae393.png,https://www.espncricinfo.com/cricketers/iqbal-abdulla-85aae393
2012,J Botha,7c503806,Rajasthan Royals,11,58,54,4,14.5,107.41,4,1,246,41.0,297,9,27.33,7.24,87,35.37,16,7,9,0,43.75,14,7c503806,https://a.espncdn.com/i/headshots/cricket/players/full/7c503806.png,https://www.espncricinfo.com/cricketers/j-botha-7c503806
2012,J Syed Mohammad,c64c2443,Royal Challengers Bangalore,2,4,1,0,,400.0,1,0,42,7.0,65,0,,9.29,8,19.05,15,8,7,0,53.33,16,c64c2443,https://a.espncdn.com/i/headshots/cricket/players/full/c64c2443.png,https://www.espncricinfo.com/cricketers/j-syed-mohammad-c64c2443
2012,J Theron,dec8e038,Deccan Chargers,2,7,6,0,,116.67,1,0,48,8.0,66,2,24.0,8.25,18,37.5,15,4,11,0,26.67,8,dec8e038,https://a.espncdn.com/i/headshots/cricket/players/full/dec8e038.png,https://www.espncricinfo.com/cricketers/j-theron-dec8e038
2012,JA Morkel,c3d35165,Chennai Super Kings,15,107,68,7,15.29,157.35,5,6,297,49.5,385,13,22.85,7.78,118,39.73,18,10,8,0,55.56,20,c3d35165,https://a.espncdn.com/i/headshots/cricket/players/full/c3d35165.png,https://www.espncricinfo.com/cricketers/ja-morkel-c3d35165
2012,JD Ryder,91ffa6c6,Pune Warriors,11,256,211,11,23.27,121.33,23,8,42,7.0,70,1,42.0,10.0,10,23.81,16,4,12,0,25.0,8,91ffa6c6,https://a.espncdn.com/i/headshots/cricket/players/full/91ffa6c6.png,https://www.espncricinfo.com/cricketers/jd-ryder-91ffa6c6
2012,JD Unadkat,1e66c162,Kolkata Knight Riders,1,0,0,0,,,0,0,18,3.0,32,0,,10.67,2,11.11,17,12,5,0,70.59,24,1e66c162,https://a.espncdn.com/i/headshots/cricket/players/full/1e66c162.png,https://www.espncricinfo.com/cricketers/jd-unadkat-1e66c162
2012,JEC Franklin,cf73ad76,Mumbai Indians,12,220,222,9,24.44,99.1,15,7,90,15.0,121,6,15.0,8.07,25,27.78,17,10,7,0,58.82,20,cf73ad76,https://a.espncdn.com/i/headshots/cricket/players/full/cf73ad76.png,https://www.espncricinfo.com/cricketers/jec-franklin-cf73ad76
2012,JH Kallis,86dc8f2e,Kolkata Knight Riders,17,409,382,17,24.06,107.07,34,10,324,54.0,403,15,21.6,7.46,112,34.57,17,12,5,0,70.59,24,86dc8f2e,https://a.espncdn.com/i/headshots/cricket/players/full/86dc8f2e.png,https://www.espncricinfo.com/cricketers/jh-kallis-86dc8f2e
2012,JP Duminy,2e8994e7,Deccan Chargers,9,244,190,3,81.33,128.42,13,11,72,12.0,104,1,72.0,8.67,22,30.56,15,4,11,0,26.67,8,2e8994e7,https://a.espncdn.com/i/headshots/cricket/players/full/2e8994e7.png,https://www.espncricinfo.com/cricketers/jp-duminy-2e8994e7
2012,JP Faulkner,808f425a,Kings XI Punjab,2,14,13,1,14.0,107.69,0,0,48,8.0,72,3,16.0,9.0,14,29.17,16,8,8,0,50.0,16,808f425a,https://a.espncdn.com/i/headshots/cricket/players/full/808f425a.png,https://www.espncricinfo.com/cricketers/jp-faulkner-808f425a
2012,K Upadhyay,27e71d47,Pune Warriors,1,11,8,0,,137.5,0,1,24,4.0,33,0,,8.25,10,41.67,16,4,12,0,25.0,8,27e71d47,https://a.espncdn.com/i/headshots/cricket/players/full/27e71d47.png,https://www.espncricinfo.com/cricketers/k-upadhyay-27e71d47
2012,KA Pollard,a757b0d8,Mumbai Indians,14,220,158,9,24.44,139.24,15,14,263,43.83,350,16,16.44,7.98,85,32.32,17,10,7,0,58.82,20,a757b0d8,https://a.espncdn.com/i/headshots/cricket/players/full/a757b0d8.png,https://www.espncricinfo.com/cricketers/ka-pollard-a757b0d8
2012,KB Arun Karthik,7daedf2f,Royal Challengers Bangalore,1,0,0,0,,,0,0,0,,0,0,,,0,,15,8,7,0,53.33,16,7daedf2f,https://a.espncdn.com/i/headshots/cricket/players/full/7daedf2f.png,https://www.espncricinfo.com/cricketers/kb-arun-karthik-7daedf2f
2012,KC Sangakkara,6b71e6cf,Deccan Chargers,12,200,183,11,18.18,109.29,21,4,0,,0,0,,,0,,15,4,11,0,26.67,8,6b71e6cf,https://a.espncdn.com/i/headshots/cricket/players/full/6b71e6cf.png,https://www.espncricinfo.com/cricketers/kc-sangakkara-6b71e6cf
2012,KD Karthik,c03f1114,Mumbai Indians,17,238,212,15,15.87,112.26,30,2,0,,0,0,,,0,,17,10,7,0,58.82,20,c03f1114,https://a.espncdn.com/i/headshots/cricket/players/full/c03f1114.png,https://www.espncricinfo.com/cricketers/kd-karthik-c03f1114
2012,KK Cooper,557153ca,Rajasthan Royals,6,38,19,2,19.0,200.0,3,3,144,24.0,174,10,14.4,7.25,52,36.11,16,7,9,0,43.75,14,557153ca,https://a.espncdn.com/i/headshots/cricket/players/full/557153ca.png,https://www.espncricinfo.com/cricketers/kk-cooper-557153ca
2012,KMDN Kulasekara,469ea22b,Chennai Super Kings,4,5,3,0,,166.67,1,0,84,14.0,94,4,21.0,6.71,38,45.24,18,10,8,0,55.56,20,469ea22b,https://a.espncdn.com/i/headshots/cricket/players/full/469ea22b.png,https://www.espncricinfo.com/cricketers/kmdn-kulasekara-469ea22b
2012,KP Appanna,d92e42f5,Royal Challengers Bangalore,6,0,0,0,,,0,0,102,17.0,148,6,17.0,8.71,35,34.31,15,8,7,0,53.33,16,d92e42f5,https://a.espncdn.com/i/headshots/cricket/players/full/d92e42f5.png,https://www.espncricinfo.com/cricketers/kp-appanna-d92e42f5
2012,KP Pietersen,39f01cdb,Delhi Daredevils,8,305,207,6,50.83,147.34,22,20,36,6.0,53,0,,8.83,10,27.78,18,11,7,0,61.11,22,39f01cdb,https://a.espncdn.com/i/headshots/cricket/players/full/39f01cdb.png,https://www.espncricinfo.com/cricketers/kp-pietersen-39f01cdb
2012,L Balaji,b2b50355,Kolkata Knight Riders,8,0,0,0,,,0,0,180,30.0,162,11,16.36,5.4,83,46.11,17,12,5,0,70.59,24,b2b50355,https://a.espncdn.com/i/headshots/cricket/players/full/b2b50355.png,https://www.espncricinfo.com/cricketers/l-balaji-b2b50355
2012,LJ Wright,cca50cd6,Pune Warriors,1,0,0,0,,,0,0,12,2.0,24,0,,12.0,2,16.67,16,4,12,0,25.0,8,cca50cd6,https://a.espncdn.com/i/headshots/cricket/players/full/cca50cd6.png,https://www.espncricinfo.com/cricketers/lj-wright-cca50cd6
2012,LR Shukla,b1451597,Kolkata Knight Riders,11,75,57,7,10.71,131.58,4,5,12,2.0,12,1,12.0,6.0,5,41.67,17,12,5,0,70.59,24,b1451597,https://a.espncdn.com/i/headshots/cricket/players/full/b1451597.png,https://www.espncricinfo.com/cricketers/lr-shukla-b1451597
2012,LRPL Taylor,b61a3e1a,Delhi Daredevils,12,197,171,11,17.91,115.2,12,7,0,,0,0,,,0,,18,11,7,0,61.11,22,b61a3e1a,https://a.espncdn.com/i/headshots/cricket/players/full/b61a3e1a.png,https://www.espncricinfo.com/cricketers/lrpl-taylor-b61a3e1a
2012,M Kaif,d84378a4,Royal Challengers Bangalore,1,14,16,1,14.0,87.5,1,0,0,,0,0,,,0,,15,8,7,0,53.33,16,d84378a4,https://a.espncdn.com/i/headshots/cricket/players/full/d84378a4.png,https://www.espncricinfo.com/cricketers/m-kaif-d84378a4
2012,M Kartik,abfeb126,Pune Warriors,11,26,21,1,26.0,123.81,1,1,216,36.0,266,4,54.0,7.39,76,35.19,16,4,12,0,25.0,8,abfeb126,https://a.espncdn.com/i/headshots/cricket/players/full/abfeb126.png,https://www.espncricinfo.com/cricketers/m-kartik-abfeb126
2012,M Manhas,c42aaf71,Pune Warriors,10,120,96,4,30.0,125.0,10,4,0,,0,0,,,0,,16,4,12,0,25.0,8,c42aaf71,https://a.espncdn.com/i/headshots/cricket/players/full/c42aaf71.png,https://www.espncricinfo.com/cricketers/m-manhas-c42aaf71
2012,M Morkel,5bb5a915,Delhi Daredevils,16,3,5,1,3.0,60.0,0,0,378,63.0,453,25,15.12,7.19,154,40.74,18,11,7,0,61.11,22,5bb5a915,https://a.espncdn.com/i/headshots/cricket/players/full/5bb5a915.png,https://www.espncricinfo.com/cricketers/m-morkel-5bb5a915
2012,M Muralitharan,4ba44e19,Royal Challengers Bangalore,10,6,9,2,3.0,66.67,0,0,240,40.0,260,15,16.0,6.5,82,34.17,15,8,7,0,53.33,16,4ba44e19,https://a.espncdn.com/i/headshots/cricket/players/full/4ba44e19.png,https://www.espncricinfo.com/cricketers/m-muralitharan-4ba44e19
2012,M Vijay,4b57e452,Chennai Super Kings,14,336,265,14,24.0,126.79,39,10,0,,0,0,,,0,,18,10,8,0,55.56,20,4b57e452,https://a.espncdn.com/i/headshots/cricket/players/full/4b57e452.png,https://www.espncricinfo.com/cricketers/m-vijay-4b57e452
2012,M de Lange,d4eef961,Kolkata Knight Riders,3,0,0,0,,,0,0,60,10.0,107,3,20.0,10.7,17,28.33,17,12,5,0,70.59,24,d4eef961,https://a.espncdn.com/i/headshots/cricket/players/full/d4eef961.png,https://www.espncricinfo.com/cricketers/m-de-lange-d4eef961
2012,MA Agarwal,00ea847a,Royal Challengers Bangalore,15,225,157,11,20.45,143.31,19,15,0,,0,0,,,0,,15,8,7,0,53.33,16,00ea847a,https://a.espncdn.com/i/headshots/cricket/players/full/00ea847a.png,https://www.espncricinfo.com/cricketers/ma-agarwal-00ea847a
2012,MD Mishra,6afb26d6,Pune Warriors,1,4,4,1,4.0,100.0,1,0,0,,0,0,,,0,,16,4,12,0,25.0,8,6afb26d6,https://a.espncdn.com/i/headshots/cricket/players/full/6afb26d6.png,https://www.espncricinfo.com/cricketers/md-mishra-6afb26d6
2012,MEK Hussey,48fd7349,Chennai Super Kings,8,261,236,8,32.62,110.59,28,8,0,,0,0,,,0,,18,10,8,0,55.56,20,48fd7349,https://a.espncdn.com/i/headshots/cricket/players/full/48fd7349.png,https://www.espncricinfo.com/cricketers/mek-hussey-48fd7349
2012,MJ Clarke,f842c2cf,Pune Warriors,6,98,94,6,16.33,104.26,12,0,66,11.0,67,2,33.0,6.09,22,33.33,16,4,12,0,25.0,8,f842c2cf,https://a.espncdn.com/i/headshots/cricket/players/full/f842c2cf.png,https://www.espncricinfo.com/cricketers/mj-clarke-f842c2cf
2012,MK Pandey,93b4fc78,Pune Warriors,10,143,110,7,20.43,130.0,12,6,0,,0,0,,,0,,16,4,12,0,25.0,8,93b4fc78,https://a.espncdn.com/i/headshots/cricket/players/full/93b4fc78.png,https://www.espncricinfo.com/cricketers/mk-pandey-93b4fc78
2012,MK Tiwary,26e5cabf,Kolkata Knight Riders,16,260,246,10,26.0,105.69,21,3,0,,0,0,,,0,,17,12,5,0,70.59,24,26e5cabf,https://a.espncdn.com/i/headshots/cricket/players/full/26e5cabf.png,https://www.espncricinfo.com/cricketers/mk-tiwary-26e5cabf
2012,MM Patel,f0f628c7,Mumbai Indians,12,2,7,0,,28.57,0,0,280,46.67,367,15,18.67,7.86,123,43.93,17,10,7,0,58.82,20,f0f628c7,https://a.espncdn.com/i/headshots/cricket/players/full/f0f628c7.png,https://www.espncricinfo.com/cricketers/mm-patel-f0f628c7
2012,MN Samuels,f846de6a,Pune Warriors,8,124,123,7,17.71,100.81,7,5,172,28.67,216,8,21.5,7.53,66,38.37,16,4,12,0,25.0,8,f846de6a,https://a.espncdn.com/i/headshots/cricket/players/full/f846de6a.png,https://www.espncricinfo.com/cricketers/mn-samuels-f846de6a
2012,MS Bisla,5afd4539,Kolkata Knight Riders,7,213,160,7,30.43,133.12,16,10,0,,0,0,,,0,,17,12,5,0,70.59,24,5afd4539,https://a.espncdn.com/i/headshots/cricket/players/full/5afd4539.png,https://www.espncricinfo.com/cricketers/ms-bisla-5afd4539
2012,MS Dhoni,4a8a2e3b,Chennai Super Kings,18,358,275,11,32.55,130.18,26,9,0,,0,0,,,0,,18,10,8,0,55.56,20,4a8a2e3b,https://a.espncdn.com/i/headshots/cricket/players/full/4a8a2e3b.png,https://www.espncricinfo.com/cricketers/ms-dhoni-4a8a2e3b
2012,MS Gony,ae78bc32,Deccan Chargers,6,4,8,1,4.0,50.0,0,0,144,24.0,207,3,48.0,8.62,58,40.28,15,4,11,0,26.67,8,ae78bc32,https://a.espncdn.com/i/headshots/cricket/players/full/ae78bc32.png,https://www.espncricinfo.com/cricketers/ms-gony-ae78bc32
2012,Mandeep Singh,c3a96caf,Kings XI Punjab,16,432,341,18,24.0,126.69,53,7,0,,0,0,,,0,,16,8,8,0,50.0,16,c3a96caf,https://a.espncdn.com/i/headshots/cricket/players/full/c3a96caf.png,https://www.espncricinfo.com/cricketers/mandeep-singh-c3a96caf
2012,N Saini,addbde6c,Kings XI Punjab,10,140,140,11,12.73,100.0,16,0,0,,0,0,,,0,,16,8,8,0,50.0,16,addbde6c,https://a.espncdn.com/i/headshots/cricket/players/full/addbde6c.png,https://www.espncricinfo.com/cricketers/n-saini-addbde6c
2012,NLTC Perera,0f12f9df,Mumbai Indians,2,4,9,1,4.0,44.44,0,0,15,2.5,27,0,,10.8,2,13.33,17,10,7,0,58.82,20,0f12f9df,https://a.espncdn.com/i/headshots/cricket/players/full/0f12f9df.png,https://www.espncricinfo.com/cricketers/nltc-perera-0f12f9df
2012,NV Ojha,890946a0,Delhi Daredevils,18,255,223,11,23.18,114.35,21,13,0,,0,0,,,0,,18,11,7,0,61.11,22,890946a0,https://a.espncdn.com/i/headshots/cricket/players/full/890946a0.png,https://www.espncricinfo.com/cricketers/nv-ojha-890946a0
2012,OA Shah,7bf96684,Rajasthan Royals,13,340,255,7,48.57,133.33,24,16,0,,0,0,,,0,,16,7,9,0,43.75,14,7bf96684,https://a.espncdn.com/i/headshots/cricket/players/full/7bf96684.png,https://www.espncricinfo.com/cricketers/oa-shah-7bf96684
2012,P Awana,1a0c3177,Kings XI Punjab,12,4,5,0,,80.0,0,0,282,47.0,372,17,16.59,7.91,112,39.72,16,8,8,0,50.0,16,1a0c3177,https://a.espncdn.com/i/headshots/cricket/players/full/1a0c3177.png,https://www.espncricinfo.com/cricketers/p-awana-1a0c3177
2012,P Dogra,2728e7e9,Kings XI Punjab,3,15,24,5,3.0,62.5,0,0,0,,0,0,,,0,,16,8,8,0,50.0,16,2728e7e9,https://a.espncdn.com/i/headshots/cricket/players/full/2728e7e9.png,https://www.espncricinfo.com/cricketers/p-dogra-2728e7e9
2012,P Kumar,e938e1bc,Kings XI Punjab,16,35,29,2,17.5,120.69,2,1,378,63.0,434,9,42.0,6.89,168,44.44,16,8,8,0,50.0,16,e938e1bc,https://a.espncdn.com/i/headshots/cricket/players/full/e938e1bc.png,https://www.espncricinfo.com/cricketers/p-kumar-e938e1bc
2012,P Negi,f62772e5,Delhi Daredevils,8,36,29,2,18.0,124.14,4,1,132,22.0,152,7,18.86,6.91,49,37.12,18,11,7,0,61.11,22,f62772e5,https://a.espncdn.com/i/headshots/cricket/players/full/f62772e5.png,https://www.espncricinfo.com/cricketers/p-negi-f62772e5
2012,P Parameswaran,0c432afb,Royal Challengers Bangalore,3,0,1,0,,0.0,0,0,60,10.0,87,5,12.0,8.7,23,38.33,15,8,7,0,53.33,16,0c432afb,https://a.espncdn.com/i/headshots/cricket/players/full/0c432afb.png,https://www.espncricinfo.com/cricketers/p-parameswaran-0c432afb
2012,PA Patel,b5da6c24,Deccan Chargers,14,194,164,12,16.17,118.29,19,4,0,,0,0,,,0,,15,4,11,0,26.67,8,b5da6c24,https://a.espncdn.com/i/headshots/cricket/players/full/b5da6c24.png,https://www.espncricinfo.com/cricketers/pa-patel-b5da6c24
2012,PA Reddy,2461eef2,Deccan Chargers,5,73,59,3,24.33,123.73,6,2,0,,0,0,,,0,,15,4,11,0,26.67,8,2461eef2,https://a.espncdn.com/i/headshots/cricket/players/full/2461eef2.png,https://www.espncricinfo.com/cricketers/pa-reddy-2461eef2
2012,PC Valthaty,25eeb281,Kings XI Punjab,6,30,51,6,5.0,58.82,4,0,6,1.0,16,0,,16.0,1,16.67,16,8,8,0,50.0,16,25eeb281,https://a.espncdn.com/i/headshots/cricket/players/full/25eeb281.png,https://www.espncricinfo.com/cricketers/pc-valthaty-25eeb281
2012,PJ Sangwan,9fc0ef64,Kolkata Knight Riders,1,0,0,0,,,0,0,24,4.0,42,1,24.0,10.5,5,20.83,17,12,5,0,70.59,24,9fc0ef64,https://a.espncdn.com/i/headshots/cricket/players/full/9fc0ef64.png,https://www.espncricinfo.com/cricketers/pj-sangwan-9fc0ef64
2012,PP Chawla,98ae73b1,Kings XI Punjab,16,106,88,8,13.25,120.45,9,4,342,57.0,419,16,21.38,7.35,124,36.26,16,8,8,0,50.0,16,98ae73b1,https://a.espncdn.com/i/headshots/cricket/players/full/98ae73b1.png,https://www.espncricinfo.com/cricketers/pp-chawla-98ae73b1
2012,PP Ojha,6c6591ab,Mumbai Indians,9,4,13,1,4.0,30.77,0,0,180,30.0,220,9,20.0,7.33,66,36.67,17,10,7,0,58.82,20,6c6591ab,https://a.espncdn.com/i/headshots/cricket/players/full/6c6591ab.png,https://www.espncricinfo.com/cricketers/pp-ojha-6c6591ab
2012,Pankaj Singh,e32d22f6,Rajasthan Royals,6,0,0,0,,,0,0,126,21.0,170,7,18.0,8.1,57,45.24,16,7,9,0,43.75,14,e32d22f6,https://a.espncdn.com/i/headshots/cricket/players/full/e32d22f6.png,https://www.espncricinfo.com/cricketers/pankaj-singh-e32d22f6
2012,R Ashwin,495d42a5,Chennai Super Kings,18,18,15,3,6.0,120.0,2,0,395,65.83,431,14,28.21,6.55,141,35.7,18,10,8,0,55.56,20,495d42a5,https://a.espncdn.com/i/headshots/cricket/players/full/495d42a5.png,https://www.espncricinfo.com/cricketers/r-ashwin-495d42a5
2012,R Bhatia,33a364a6,Kolkata Knight Riders,17,35,28,3,11.67,125.0,4,0,319,53.17,389,13,24.54,7.32,82,25.71,17,12,5,0,70.59,24,33a364a6,https://a.espncdn.com/i/headshots/cricket/players/full/33a364a6.png,https://www.espncricinfo.com/cricketers/r-bhatia-33a364a6
2012,R Dravid,0184dc35,Rajasthan Royals,16,462,412,16,28.88,112.14,63,4,0,,0,0,,,0,,16,7,9,0,43.75,14,0184dc35,https://a.espncdn.com/i/headshots/cricket/players/full/0184dc35.png,https://www.espncricinfo.com/cricketers/r-dravid-0184dc35
2012,R Sharma,5d9a1a73,Pune Warriors,11,2,11,3,0.67,18.18,0,0,222,37.0,300,9,24.67,8.11,72,32.43,16,4,12,0,25.0,8,5d9a1a73,https://a.espncdn.com/i/headshots/cricket/players/full/5d9a1a73.png,https://www.espncricinfo.com/cricketers/r-sharma-5d9a1a73
2012,R Shukla,de4b0555,Mumbai Indians,1,0,0,0,,,0,0,18,3.0,31,0,,10.33,5,27.78,17,10,7,0,58.82,20,de4b0555,https://a.espncdn.com/i/headshots/cricket/players/full/de4b0555.png,https://www.espncricinfo.com/cricketers/r-shukla-de4b0555
2012,R Vinay Kumar,41eb4a4f,Royal Challengers Bangalore,14,68,62,5,13.6,109.68,3,2,335,55.83,480,19,17.63,8.6,123,36.72,15,8,7,0,53.33,16,41eb4a4f,https://a.espncdn.com/i/headshots/cricket/players/full/41eb4a4f.png,https://www.espncricinfo.com/cricketers/r-vinay-kumar-41eb4a4f
2012,RA Jadeja,fe93fd9d,Chennai Super Kings,18,191,151,12,15.92,126.49,13,9,210,35.0,273,12,17.5,7.8,65,30.95,18,10,8,0,55.56,20,fe93fd9d,https://a.espncdn.com/i/headshots/cricket/players/full/fe93fd9d.png,https://www.espncricinfo.com/cricketers/ra-jadeja-fe93fd9d
2012,RE Levi,18c78b11,Mumbai Indians,6,83,73,6,13.83,113.7,10,4,0,,0,0,,,0,,17,10,7,0,58.82,20,18c78b11,https://a.espncdn.com/i/headshots/cricket/players/full/18c78b11.png,https://www.espncricinfo.com/cricketers/re-levi-18c78b11
2012,RE van der Merwe,05c2ca46,Delhi Daredevils,3,0,0,0,,,0,0,60,10.0,60,2,30.0,6.0,26,43.33,18,11,7,0,61.11,22,05c2ca46,https://a.espncdn.com/i/headshots/cricket/players/full/05c2ca46.png,https://www.espncricinfo.com/cricketers/re-van-der-merwe-05c2ca46
2012,RG Sharma,740742ef,Mumbai Indians,17,433,341,14,30.93,126.98,39,18,6,1.0,16,0,,16.0,1,16.67,17,10,7,0,58.82,20,740742ef,https://a.espncdn.com/i/headshots/cricket/players/full/740742ef.png,https://www.espncricinfo.com/cricketers/rg-sharma-740742ef
2012,RJ Harris,12eddf28,Kings XI Punjab,5,18,11,1,18.0,163.64,1,1,108,18.0,130,8,13.5,7.22,48,44.44,16,8,8,0,50.0,16,12eddf28,https://a.espncdn.com/i/headshots/cricket/players/full/12eddf28.png,https://www.espncricinfo.com/cricketers/rj-harris-12eddf28
2012,RJ Peterson,26ff4c29,Mumbai Indians,5,32,30,3,10.67,106.67,3,1,48,8.0,70,3,16.0,8.75,21,43.75,17,10,7,0,58.82,20,26ff4c29,https://a.espncdn.com/i/headshots/cricket/players/full/26ff4c29.png,https://www.espncricinfo.com/cricketers/rj-peterson-26ff4c29
2012,RN ten Doeschate,4ec07775,Kolkata Knight Riders,3,21,21,2,10.5,100.0,1,1,18,3.0,24,1,18.0,8.0,2,11.11,17,12,5,0,70.59,24,4ec07775,https://a.espncdn.com/i/headshots/cricket/players/full/4ec07775.png,https://www.espncricinfo.com/cricketers/rn-ten-doeschate-4ec07775
2012,RP Singh,c3d1402f,Mumbai Indians,11,6,12,2,3.0,50.0,0,0,246,41.0,318,10,24.6,7.76,103,41.87,17,10,7,0,58.82,20,c3d1402f,https://a.espncdn.com/i/headshots/cricket/players/full/c3d1402f.png,https://www.espncricinfo.com/cricketers/rp-singh-c3d1402f
2012,RR Bhatkal,7d3720ba,Royal Challengers Bangalore,1,0,2,2,0.0,0.0,0,0,12,2.0,35,0,,17.5,0,0.0,15,8,7,0,53.33,16,7d3720ba,https://a.espncdn.com/i/headshots/cricket/players/full/7d3720ba.png,https://www.espncricinfo.com/cricketers/rr-bhatkal-7d3720ba
2012,RR Powar,5d096f3d,Kings XI Punjab,1,0,0,0,,,0,0,18,3.0,32,0,,10.67,3,16.67,16,8,8,0,50.0,16,5d096f3d,https://a.espncdn.com/i/headshots/cricket/players/full/5d096f3d.png,https://www.espncricinfo.com/cricketers/rr-powar-5d096f3d
2012,RV Uthappa,1c17e270,Pune Warriors,16,405,342,14,28.93,118.42,38,10,0,,0,0,,,0,,16,4,12,0,25.0,8,1c17e270,https://a.espncdn.com/i/headshots/cricket/players/full/1c17e270.png,https://www.espncricinfo.com/cricketers/rv-uthappa-1c17e270
2012,S Anirudha,95a2ea61,Chennai Super Kings,4,19,6,0,,316.67,1,2,0,,0,0,,,0,,18,10,8,0,55.56,20,95a2ea61,https://a.espncdn.com/i/headshots/cricket/players/full/95a2ea61.png,https://www.espncricinfo.com/cricketers/s-anirudha-95a2ea61
2012,S Aravind,957532de,Royal Challengers Bangalore,1,14,8,0,,175.0,3,0,18,3.0,48,0,,16.0,5,27.78,15,8,7,0,53.33,16,957532de,https://a.espncdn.com/i/headshots/cricket/players/full/957532de.png,https://www.espncricinfo.com/cricketers/s-aravind-957532de
2012,S Badrinath,3576e47e,Chennai Super Kings,14,196,181,8,24.5,108.29,23,2,0,,0,0,,,0,,18,10,8,0,55.56,20,3576e47e,https://a.espncdn.com/i/headshots/cricket/players/full/3576e47e.png,https://www.espncricinfo.com/cricketers/s-badrinath-3576e47e
2012,S Dhawan,0a476045,Deccan Chargers,15,569,438,13,43.77,129.91,58,18,36,6.0,55,3,12.0,9.17,12,33.33,15,4,11,0,26.67,8,0a476045,https://a.espncdn.com/i/headshots/cricket/players/full/0a476045.png,https://www.espncricinfo.com/cricketers/s-dhawan-0a476045
2012,S Nadeem,9d80c5e1,Delhi Daredevils,12,0,2,2,0.0,0.0,0,0,270,45.0,318,8,33.75,7.07,88,32.59,18,11,7,0,61.11,22,9d80c5e1,https://a.espncdn.com/i/headshots/cricket/players/full/9d80c5e1.png,https://www.espncricinfo.com/cricketers/s-nadeem-9d80c5e1
2012,SA Yadav,271f83cd,Mumbai Indians,1,0,4,1,0.0,0.0,0,0,0,,0,0,,,0,,17,10,7,0,58.82,20,271f83cd,https://a.espncdn.com/i/headshots/cricket/players/full/271f83cd.png,https://www.espncricinfo.com/cricketers/sa-yadav-271f83cd
2012,SB Jakati,c8179c68,Chennai Super Kings,15,7,12,0,,58.33,0,0,246,41.0,336,9,27.33,8.2,76,30.89,18,10,8,0,55.56,20,c8179c68,https://a.espncdn.com/i/headshots/cricket/players/full/c8179c68.png,https://www.espncricinfo.com/cricketers/sb-jakati-c8179c68
2012,SC Ganguly,725529bc,Pune Warriors,15,268,271,14,19.14,98.89,30,4,60,10.0,95,2,30.0,9.5,10,16.67,16,4,12,0,25.0,8,725529bc,https://a.espncdn.com/i/headshots/cricket/players/full/725529bc.png,https://www.espncricinfo.com/cricketers/sc-ganguly-725529bc
2012,SD Chitnis,facb9086,Kings XI Punjab,6,66,62,3,22.0,106.45,7,1,0,,0,0,,,0,,16,8,8,0,50.0,16,facb9086,https://a.espncdn.com/i/headshots/cricket/players/full/facb9086.png,https://www.espncricinfo.com/cricketers/sd-chitnis-facb9086
2012,SE Marsh,508a1ea7,Kings XI Punjab,13,336,280,10,33.6,120.0,39,7,0,,0,0,,,0,,16,8,8,0,50.0,16,508a1ea7,https://a.espncdn.com/i/headshots/cricket/players/full/508a1ea7.png,https://www.espncricinfo.com/cricketers/se-marsh-508a1ea7
2012,SK Raina,1dc12ab9,Chennai Super Kings,18,441,324,17,25.94,136.11,36,19,84,14.0,105,2,42.0,7.5,21,25.0,18,10,8,0,55.56,20,1dc12ab9,https://a.espncdn.com/i/headshots/cricket/players/full/1dc12ab9.png,https://www.espncricinfo.com/cricketers/sk-raina-1dc12ab9
2012,SK Trivedi,3d7e087f,Rajasthan Royals,14,5,6,0,,83.33,0,0,312,52.0,380,13,24.0,7.31,90,28.85,16,7,9,0,43.75,14,3d7e087f,https://a.espncdn.com/i/headshots/cricket/players/full/3d7e087f.png,https://www.espncricinfo.com/cricketers/sk-trivedi-3d7e087f
2012,SL Malinga,a12e1d51,Mumbai Indians,14,55,53,5,11.0,103.77,4,3,333,55.5,350,22,15.14,6.31,145,43.54,17,10,7,0,58.82,20,a12e1d51,https://a.espncdn.com/i/headshots/cricket/players/full/a12e1d51.png,https://www.espncricinfo.com/cricketers/sl-malinga-a12e1d51
2012,SP Goswami,541f85c9,Rajasthan Royals,11,69,67,6,11.5,102.99,4,1,0,,0,0,,,0,,16,7,9,0,43.75,14,541f85c9,https://a.espncdn.com/i/headshots/cricket/players/full/541f85c9.png,https://www.espncricinfo.com/cricketers/sp-goswami-541f85c9
2012,SP Narine,9d430b40,Kolkata Knight Riders,15,9,7,1,9.0,128.57,2,0,355,59.17,324,24,14.79,5.48,164,46.2,17,12,5,0,70.59,24,9d430b40,https://a.espncdn.com/i/headshots/cricket/players/full/9d430b40.png,https://www.espncricinfo.com/cricketers/sp-narine-9d430b40
2012,SPD Smith,30a45b23,Pune Warriors,15,362,262,10,36.2,138.17,24,14,2,0.33,5,0,,15.0,0,0.0,16,4,12,0,25.0,8,30a45b23,https://a.espncdn.com/i/headshots/cricket/players/full/30a45b23.png,https://www.espncricinfo.com/cricketers/spd-smith-30a45b23
2012,SR Tendulkar,d2c2b2d5,Mumbai Indians,13,324,283,12,27.0,114.49,39,4,0,,0,0,,,0,,17,10,7,0,58.82,20,d2c2b2d5,https://a.espncdn.com/i/headshots/cricket/players/full/d2c2b2d5.png,https://www.espncricinfo.com/cricketers/sr-tendulkar-d2c2b2d5
2012,SR Watson,4329fbb5,Rajasthan Royals,7,255,168,6,42.5,151.79,26,14,138,23.0,161,6,23.0,7.0,62,44.93,16,7,9,0,43.75,14,4329fbb5,https://a.espncdn.com/i/headshots/cricket/players/full/4329fbb5.png,https://www.espncricinfo.com/cricketers/sr-watson-4329fbb5
2012,SS Tiwary,709b0bac,Royal Challengers Bangalore,14,191,167,9,21.22,114.37,9,8,0,,0,0,,,0,,15,8,7,0,53.33,16,709b0bac,https://a.espncdn.com/i/headshots/cricket/players/full/709b0bac.png,https://www.espncricinfo.com/cricketers/ss-tiwary-709b0bac
2012,STR Binny,bd17b45f,Rajasthan Royals,8,90,67,4,22.5,134.33,9,3,60,10.0,78,3,20.0,7.8,15,25.0,16,7,9,0,43.75,14,bd17b45f,https://a.espncdn.com/i/headshots/cricket/players/full/bd17b45f.png,https://www.espncricinfo.com/cricketers/str-binny-bd17b45f
2012,SW Tait,addfb70e,Rajasthan Royals,6,0,0,0,,,0,0,137,22.83,151,6,22.83,6.61,65,47.45,16,7,9,0,43.75,14,addfb70e,https://a.espncdn.com/i/headshots/cricket/players/full/addfb70e.png,https://www.espncricinfo.com/cricketers/sw-tait-addfb70e
2012,Shakib Al Hasan,7dc35884,Kolkata Knight Riders,8,91,73,6,15.17,124.66,6,3,180,30.0,195,12,15.0,6.5,68,37.78,17,12,5,0,70.59,24,7dc35884,https://a.espncdn.com/i/headshots/cricket/players/full/7dc35884.png,https://www.espncricinfo.com/cricketers/shakib-al-hasan-7dc35884
2012,Sunny Gupta,ee3dfa89,Delhi Daredevils,1,0,1,1,0.0,0.0,0,0,18,3.0,47,0,,15.67,0,0.0,18,11,7,0,61.11,22,ee3dfa89,https://a.espncdn.com/i/headshots/cricket/players/full/ee3dfa89.png,https://www.espncricinfo.com/cricketers/sunny-gupta-ee3dfa89
2012,T Mishra,c9cac448,Deccan Chargers,1,0,0,0,,,0,0,0,,0,0,,,0,,15,4,11,0,26.67,8,c9cac448,https://a.espncdn.com/i/headshots/cricket/players/full/c9cac448.png,https://www.espncricinfo.com/cricketers/t-mishra-c9cac448
2012,TL Suman,aaa1b522,Mumbai Indians,2,15,19,2,7.5,78.95,1,1,0,,0,0,,,0,,17,10,7,0,58.82,20,aaa1b522,https://a.espncdn.com/i/headshots/cricket/players/full/aaa1b522.png,https://www.espncricinfo.com/cricketers/tl-suman-aaa1b522
2012,TM Dilshan,5bdcdb72,Royal Challengers Bangalore,9,285,259,8,35.62,110.04,33,5,42,7.0,77,0,,11.0,9,21.43,15,8,7,0,53.33,16,5bdcdb72,https://a.espncdn.com/i/headshots/cricket/players/full/5bdcdb72.png,https://www.espncricinfo.com/cricketers/tm-dilshan-5bdcdb72
2012,TP Sudhindra,2f3817ce,Deccan Chargers,3,0,0,0,,,0,0,70,11.67,136,1,70.0,11.66,18,25.71,15,4,11,0,26.67,8,2f3817ce,https://a.espncdn.com/i/headshots/cricket/players/full/2f3817ce.png,https://www.espncricinfo.com/cricketers/tp-sudhindra-2f3817ce
2012,UBT Chand,0c94f480,Delhi Daredevils,2,36,34,2,18.0,105.88,2,3,0,,0,0,,,0,,18,11,7,0,61.11,22,0c94f480,https://a.espncdn.com/i/headshots/cricket/players/full/0c94f480.png,https://www.espncricinfo.com/cricketers/ubt-chand-0c94f480
2012,UT Yadav,cc1e8c68,Delhi Daredevils,17,2,7,2,1.0,28.57,0,0,366,61.0,453,19,19.26,7.43,145,39.62,18,11,7,0,61.11,22,cc1e8c68,https://a.espncdn.com/i/headshots/cricket/players/full/cc1e8c68.png,https://www.espncricinfo.com/cricketers/ut-yadav-cc1e8c68
2012,V Kohli,ba607b88,Royal Challengers Bangalore,15,364,325,12,30.33,112.0,33,10,18,3.0,49,0,,16.33,2,11.11,15,8,7,0,53.33,16,ba607b88,https://a.espncdn.com/i/headshots/cricket/players/full/ba607b88.png,https://www.espncricinfo.com/cricketers/v-kohli-ba607b88
2012,V Pratap Singh,d718440b,Deccan Chargers,9,0,1,1,0.0,0.0,0,0,204,34.0,296,10,20.4,8.71,71,34.8,15,4,11,0,26.67,8,d718440b,https://a.espncdn.com/i/headshots/cricket/players/full/d718440b.png,https://www.espncricinfo.com/cricketers/v-pratap-singh-d718440b
2012,V Sehwag,8ba8195d,Delhi Daredevils,16,495,307,16,30.94,161.24,57,19,24,4.0,45,0,,11.25,7,29.17,18,11,7,0,61.11,22,8ba8195d,https://a.espncdn.com/i/headshots/cricket/players/full/8ba8195d.png,https://www.espncricinfo.com/cricketers/v-sehwag-8ba8195d
2012,VR Aaron,0a3d54b9,Delhi Daredevils,8,1,3,1,1.0,33.33,0,0,186,31.0,271,8,23.25,8.74,73,39.25,18,11,7,0,61.11,22,0a3d54b9,https://a.espncdn.com/i/headshots/cricket/players/full/0a3d54b9.png,https://www.espncricinfo.com/cricketers/vr-aaron-0a3d54b9
2012,VY Mahesh,93a17209,Chennai Super Kings,4,0,0,0,,,0,0,56,9.33,81,3,18.67,8.68,18,32.14,18,10,8,0,55.56,20,93a17209,https://a.espncdn.com/i/headshots/cricket/players/full/93a17209.png,https://www.espncricinfo.com/cricketers/vy-mahesh-93a17209
2012,WD Parnell,3a60e0b5,Pune Warriors,6,19,27,4,4.75,70.37,2,0,126,21.0,128,5,25.2,6.1,51,40.48,16,4,12,0,25.0,8,3a60e0b5,https://a.espncdn.com/i/headshots/cricket/players/full/3a60e0b5.png,https://www.espncricinfo.com/cricketers/wd-parnell-3a60e0b5
2012,WP Saha,fe11caa6,Chennai Super Kings,3,6,14,1,6.0,42.86,0,0,0,,0,0,,,0,,18,10,8,0,55.56,20,fe11caa6,https://a.espncdn.com/i/headshots/cricket/players/full/fe11caa6.png,https://www.espncricinfo.com/cricketers/wp-saha-fe11caa6
2012,Y Nagar,662c47a6,Delhi Daredevils,13,153,133,5,30.6,115.04,13,3,6,1.0,10,0,,10.0,1,16.67,18,11,7,0,61.11,22,662c47a6,https://a.espncdn.com/i/headshots/cricket/players/full/662c47a6.png,https://www.espncricinfo.com/cricketers/y-nagar-662c47a6
2012,Y Venugopal Rao,fe763256,Delhi Daredevils,10,132,126,5,26.4,104.76,8,5,12,2.0,26,0,,13.0,3,25.0,18,11,7,0,61.11,22,fe763256,https://a.espncdn.com/i/headshots/cricket/players/full/fe763256.png,https://www.espncricinfo.com/cricketers/y-venugopal-rao-fe763256
2012,YK Pathan,3c6ffae8,Kolkata Knight Riders,17,194,166,11,17.64,116.87,10,7,132,22.0,182,3,44.0,8.27,46,34.85,17,12,5,0,70.59,24,3c6ffae8,https://a.espncdn.com/i/headshots/cricket/players/full/3c6ffae8.png,https://www.espncricinfo.com/cricketers/yk-pathan-3c6ffae8
2012,Z Khan,91a4a398,Royal Challengers Bangalore,15,12,17,2,6.0,70.59,1,0,360,60.0,453,17,21.18,7.55,146,40.56,15,8,7,0,53.33,16,91a4a398,https://a.espncdn.com/i/headshots/cricket/players/full/91a4a398.png,https://www.espncricinfo.com/cricketers/z-khan-91a4a398
2013,A Ashish Reddy,1c2a64cd,Sunrisers Hyderabad,12,125,89,6,20.83,140.45,8,5,40,6.67,70,3,13.33,10.5,10,25.0,17,9,7,1,56.25,19,1c2a64cd,https://a.espncdn.com/i/headshots/cricket/players/full/1c2a64cd.png,https://www.espncricinfo.com/cricketers/a-ashish-reddy-1c2a64cd
2013,A Chandila,99b202b3,Rajasthan Royals,8,4,6,0,,66.67,0,0,150,25.0,156,6,25.0,6.24,64,42.67,18,11,7,0,61.11,22,99b202b3,https://a.espncdn.com/i/headshots/cricket/players/full/99b202b3.png,https://www.espncricinfo.com/cricketers/a-chandila-99b202b3
2013,A Mishra,6b19d823,Sunrisers Hyderabad,17,89,95,3,29.67,93.68,9,0,372,62.0,394,21,17.71,6.35,151,40.59,17,9,7,1,56.25,19,6b19d823,https://a.espncdn.com/i/headshots/cricket/players/full/6b19d823.png,https://www.espncricinfo.com/cricketers/a-mishra-6b19d823
2013,A Mithun,66cf56a5,Royal Challengers Bangalore,1,2,2,1,2.0,100.0,0,0,24,4.0,37,1,24.0,9.25,9,37.5,16,8,6,2,57.14,18,66cf56a5,https://a.espncdn.com/i/headshots/cricket/players/full/66cf56a5.png,https://www.espncricinfo.com/cricketers/a-mithun-66cf56a5
2013,A Mukund,6165bca6,Royal Challengers Bangalore,1,19,21,1,19.0,90.48,1,0,0,,0,0,,,0,,16,8,6,2,57.14,18,6165bca6,https://a.espncdn.com/i/headshots/cricket/players/full/6165bca6.png,https://www.espncricinfo.com/cricketers/a-mukund-6165bca6
2013,A Nehra,96fd40ae,Delhi Daredevils,10,1,8,4,0.25,12.5,0,0,216,36.0,316,11,19.64,8.78,84,38.89,16,3,12,1,20.0,7,96fd40ae,https://a.espncdn.com/i/headshots/cricket/players/full/96fd40ae.png,https://www.espncricinfo.com/cricketers/a-nehra-96fd40ae
2013,AA Chavan,29d72eb2,Rajasthan Royals,3,0,0,0,,,0,0,54,9.0,63,1,54.0,7.0,28,51.85,18,11,7,0,61.11,22,29d72eb2,https://a.espncdn.com/i/headshots/cricket/players/full/29d72eb2.png,https://www.espncricinfo.com/cricketers/aa-chavan-29d72eb2
2013,AB Agarkar,fa463154,Delhi Daredevils,4,12,16,1,12.0,75.0,0,0,60,10.0,92,0,,9.2,17,28.33,16,3,12,1,20.0,7,fa463154,https://a.espncdn.com/i/headshots/cricket/players/full/fa463154.png,https://www.espncricinfo.com/cricketers/ab-agarkar-fa463154
2013,AB Dinda,66b30f71,Pune Warriors,13,9,11,2,4.5,81.82,1,0,294,49.0,465,16,18.38,9.49,105,35.71,16,4,12,0,25.0,8,66b30f71,https://a.espncdn.com/i/headshots/cricket/players/full/66b30f71.png,https://www.espncricinfo.com/cricketers/ab-dinda-66b30f71
2013,AB McDonald,16043342,Royal Challengers Bangalore,1,0,2,1,0.0,0.0,0,0,12,2.0,17,1,12.0,8.5,4,33.33,16,8,6,2,57.14,18,16043342,https://a.espncdn.com/i/headshots/cricket/players/full/16043342.png,https://www.espncricinfo.com/cricketers/ab-mcdonald-16043342
2013,AB de Villiers,c4487b84,Royal Challengers Bangalore,14,373,223,10,37.3,167.26,34,17,0,,0,0,,,0,,16,8,6,2,57.14,18,c4487b84,https://a.espncdn.com/i/headshots/cricket/players/full/c4487b84.png,https://www.espncricinfo.com/cricketers/ab-de-villiers-c4487b84
2013,AC Gilchrist,2b6e6dec,Kings XI Punjab,13,294,229,12,24.5,128.38,41,6,1,0.17,0,1,1.0,0.0,1,100.0,16,8,8,0,50.0,16,2b6e6dec,https://a.espncdn.com/i/headshots/cricket/players/full/2b6e6dec.png,https://www.espncricinfo.com/cricketers/ac-gilchrist-2b6e6dec
2013,AD Mascarenhas,3edb58fc,Kings XI Punjab,1,5,5,0,,100.0,0,0,24,4.0,25,0,,6.25,7,29.17,16,8,8,0,50.0,16,3edb58fc,https://a.espncdn.com/i/headshots/cricket/players/full/3edb58fc.png,https://www.espncricinfo.com/cricketers/ad-mascarenhas-3edb58fc
2013,AD Mathews,896d78ad,Pune Warriors,11,172,139,8,21.5,123.74,5,10,186,31.0,240,5,37.2,7.74,50,26.88,16,4,12,0,25.0,8,896d78ad,https://a.espncdn.com/i/headshots/cricket/players/full/896d78ad.png,https://www.espncricinfo.com/cricketers/ad-mathews-896d78ad
2013,AD Russell,bbd41817,Delhi Daredevils,3,11,14,2,5.5,78.57,0,0,42,7.0,68,0,,9.71,10,23.81,16,3,12,1,20.0,7,bbd41817,https://a.espncdn.com/i/headshots/cricket/players/full/bbd41817.png,https://www.espncricinfo.com/cricketers/ad-russell-bbd41817
2013,AG Murtaza,ef5da05c,Pune Warriors,3,5,4,1,5.0,125.0,1,0,60,10.0,94,3,20.0,9.4,17,28.33,16,4,12,0,25.0,8,ef5da05c,https://a.espncdn.com/i/headshots/cricket/players/full/ef5da05c.png,https://www.espncricinfo.com/cricketers/ag-murtaza-ef5da05c
2013,AJ Finch,b8d490fd,Pune Warriors,14,456,335,14,32.57,136.12,54,16,24,4.0,49,1,24.0,12.25,5,20.83,16,4,12,0,25.0,8,b8d490fd,https://a.espncdn.com/i/headshots/cricket/players/full/b8d490fd.png,https://www.espncricinfo.com/cricketers/aj-finch-b8d490fd
2013,AL Menaria,8291f939,Rajasthan Royals,1,1,2,1,1.0,50.0,0,0,0,,0,0,,,0,,18,11,7,0,61.11,22,8291f939,https://a.espncdn.com/i/headshots/cricket/players/full/8291f939.png,https://www.espncricinfo.com/cricketers/al-menaria-8291f939
2013,AM Nayar,a45a5e8d,Pune Warriors,11,66,73,7,9.43,90.41,5,0,48,8.0,59,2,24.0,7.38,13,27.08,16,4,12,0,25.0,8,a45a5e8d,https://a.espncdn.com/i/headshots/cricket/players/full/a45a5e8d.png,https://www.espncricinfo.com/cricketers/am-nayar-a45a5e8d
2013,AM Rahane,29e95537,Rajasthan Royals,18,488,458,15,32.53,106.55,42,11,0,,0,0,,,0,,18,11,7,0,61.11,22,29e95537,https://a.espncdn.com/i/headshots/cricket/players/full/29e95537.png,https://www.espncricinfo.com/cricketers/am-rahane-29e95537
2013,AN Ahmed,2af1b6d2,Mumbai Indians,2,0,0,0,,,0,0,42,7.0,45,3,14.0,6.43,21,50.0,19,13,6,0,68.42,26,2af1b6d2,https://a.espncdn.com/i/headshots/cricket/players/full/2af1b6d2.png,https://www.espncricinfo.com/cricketers/an-ahmed-2af1b6d2
2013,AP Tare,855a210c,Mumbai Indians,5,123,84,5,24.6,146.43,14,5,0,,0,0,,,0,,19,13,6,0,68.42,26,855a210c,https://a.espncdn.com/i/headshots/cricket/players/full/855a210c.png,https://www.espncricinfo.com/cricketers/ap-tare-855a210c
2013,AS Rajpoot,db31895a,Chennai Super Kings,2,2,6,0,,33.33,0,0,24,4.0,35,1,24.0,8.75,8,33.33,18,12,6,0,66.67,24,db31895a,https://a.espncdn.com/i/headshots/cricket/players/full/db31895a.png,https://www.espncricinfo.com/cricketers/as-rajpoot-db31895a
2013,AT Rayudu,70d205c9,Mumbai Indians,19,265,229,13,20.38,115.72,22,4,0,,0,0,,,0,,19,13,6,0,68.42,26,70d205c9,https://a.espncdn.com/i/headshots/cricket/players/full/70d205c9.png,https://www.espncricinfo.com/cricketers/at-rayudu-70d205c9
2013,Anand Rajan,d2340a43,Sunrisers Hyderabad,2,0,0,0,,,0,0,48,8.0,42,2,24.0,5.25,24,50.0,17,9,7,1,56.25,19,d2340a43,https://a.espncdn.com/i/headshots/cricket/players/full/d2340a43.png,https://www.espncricinfo.com/cricketers/anand-rajan-d2340a43
2013,Ankit Sharma,24d94623,Sunrisers Hyderabad,1,0,0,0,,,0,0,12,2.0,17,0,,8.5,5,41.67,17,9,7,1,56.25,19,24d94623,https://a.espncdn.com/i/headshots/cricket/players/full/24d94623.png,https://www.espncricinfo.com/cricketers/ankit-sharma-24d94623
2013,Azhar Mahmood,9a158001,Kings XI Punjab,11,196,154,10,19.6,127.27,22,5,263,43.83,330,15,17.53,7.53,99,37.64,16,8,8,0,50.0,16,9a158001,https://a.espncdn.com/i/headshots/cricket/players/full/9a158001.png,https://www.espncricinfo.com/cricketers/azhar-mahmood-9a158001
2013,B Chipli,5451a2c1,Delhi Daredevils,1,16,17,1,16.0,94.12,1,1,0,,0,0,,,0,,16,3,12,1,20.0,7,5451a2c1,https://a.espncdn.com/i/headshots/cricket/players/full/5451a2c1.png,https://www.espncricinfo.com/cricketers/b-chipli-5451a2c1
2013,B Kumar,2e81a32d,Pune Warriors,16,52,71,7,7.43,73.24,3,1,342,57.0,371,13,26.31,6.51,167,48.83,16,4,12,0,25.0,8,2e81a32d,https://a.espncdn.com/i/headshots/cricket/players/full/2e81a32d.png,https://www.espncricinfo.com/cricketers/b-kumar-2e81a32d
2013,B Laughlin,b2a79f17,Chennai Super Kings,2,4,9,1,4.0,44.44,0,0,42,7.0,71,1,42.0,10.14,9,21.43,18,12,6,0,66.67,24,b2a79f17,https://a.espncdn.com/i/headshots/cricket/players/full/b2a79f17.png,https://www.espncricinfo.com/cricketers/b-laughlin-b2a79f17
2013,B Lee,dd09ff8e,Kolkata Knight Riders,3,21,12,1,21.0,175.0,1,2,72,12.0,86,4,18.0,7.17,34,47.22,16,6,10,0,37.5,12,dd09ff8e,https://a.espncdn.com/i/headshots/cricket/players/full/dd09ff8e.png,https://www.espncricinfo.com/cricketers/b-lee-dd09ff8e
2013,BA Bhatt,dc4686e6,Kings XI Punjab,2,0,0,0,,,0,0,30,5.0,32,1,30.0,6.4,12,40.0,16,8,8,0,50.0,16,dc4686e6,https://a.espncdn.com/i/headshots/cricket/players/full/dc4686e6.png,https://www.espncricinfo.com/cricketers/ba-bhatt-dc4686e6
2013,BAW Mendis,ea0cdc12,Pune Warriors,3,2,4,1,2.0,50.0,0,0,72,12.0,78,2,36.0,6.5,29,40.28,16,4,12,0,25.0,8,ea0cdc12,https://a.espncdn.com/i/headshots/cricket/players/full/ea0cdc12.png,https://www.espncricinfo.com/cricketers/baw-mendis-ea0cdc12
2013,BB McCullum,b8a55852,Kolkata Knight Riders,1,6,7,1,6.0,85.71,1,0,0,,0,0,,,0,,16,6,10,0,37.5,12,b8a55852,https://a.espncdn.com/i/headshots/cricket/players/full/b8a55852.png,https://www.espncricinfo.com/cricketers/bb-mccullum-b8a55852
2013,BB Samantray,53f27a35,Sunrisers Hyderabad,8,123,111,5,24.6,110.81,13,2,0,,0,0,,,0,,17,9,7,1,56.25,19,53f27a35,https://a.espncdn.com/i/headshots/cricket/players/full/53f27a35.png,https://www.espncricinfo.com/cricketers/bb-samantray-53f27a35
2013,BJ Hodge,b57f8a9a,Rajasthan Royals,17,293,217,8,36.62,135.02,27,9,6,1.0,3,0,,3.0,3,50.0,18,11,7,0,61.11,22,b57f8a9a,https://a.espncdn.com/i/headshots/cricket/players/full/b57f8a9a.png,https://www.espncricinfo.com/cricketers/bj-hodge-b57f8a9a
2013,BJ Rohrer,27af6414,Delhi Daredevils,8,193,141,7,27.57,136.88,21,5,6,1.0,12,0,,12.0,1,16.67,16,3,12,1,20.0,7,27af6414,https://a.espncdn.com/i/headshots/cricket/players/full/27af6414.png,https://www.espncricinfo.com/cricketers/bj-rohrer-27af6414
2013,BMAJ Mendis,9868bc75,Delhi Daredevils,3,23,27,3,7.67,85.19,0,0,30,5.0,36,1,30.0,7.2,11,36.67,16,3,12,1,20.0,7,9868bc75,https://a.espncdn.com/i/headshots/cricket/players/full/9868bc75.png,https://www.espncricinfo.com/cricketers/bmaj-mendis-9868bc75
2013,Bipul Sharma,c18496e1,Kings XI Punjab,1,0,0,0,,,0,0,24,4.0,21,1,24.0,5.25,11,45.83,16,8,8,0,50.0,16,c18496e1,https://a.espncdn.com/i/headshots/cricket/players/full/c18496e1.png,https://www.espncricinfo.com/cricketers/bipul-sharma-c18496e1
2013,CA Pujara,d4f9dbd4,Royal Challengers Bangalore,4,92,99,4,23.0,92.93,14,0,0,,0,0,,,0,,16,8,6,2,57.14,18,d4f9dbd4,https://a.espncdn.com/i/headshots/cricket/players/full/d4f9dbd4.png,https://www.espncricinfo.com/cricketers/ca-pujara-d4f9dbd4
2013,CH Gayle,db584dad,Royal Challengers Bangalore,16,720,454,12,60.0,158.59,57,52,24,4.0,40,3,8.0,10.0,10,41.67,16,8,6,2,57.14,18,db584dad,https://a.espncdn.com/i/headshots/cricket/players/full/db584dad.png,https://www.espncricinfo.com/cricketers/ch-gayle-db584dad
2013,CH Morris,fb66ce1f,Chennai Super Kings,16,14,16,2,7.0,87.5,0,0,300,50.0,401,15,20.0,8.02,113,37.67,18,12,6,0,66.67,24,fb66ce1f,https://a.espncdn.com/i/headshots/cricket/players/full/fb66ce1f.png,https://www.espncricinfo.com/cricketers/ch-morris-fb66ce1f
2013,CL White,d0513f63,Sunrisers Hyderabad,13,226,196,12,18.83,115.31,18,9,12,2.0,16,1,12.0,8.0,5,41.67,17,9,7,1,56.25,19,d0513f63,https://a.espncdn.com/i/headshots/cricket/players/full/d0513f63.png,https://www.espncricinfo.com/cricketers/cl-white-d0513f63
2013,CM Gautam,30a2649b,Delhi Daredevils,3,44,34,2,22.0,129.41,4,1,0,,0,0,,,0,,16,3,12,1,20.0,7,30a2649b,https://a.espncdn.com/i/headshots/cricket/players/full/30a2649b.png,https://www.espncricinfo.com/cricketers/cm-gautam-30a2649b
2013,DA Miller,d67d5f00,Kings XI Punjab,12,418,253,8,52.25,165.22,28,24,0,,0,0,,,0,,16,8,8,0,50.0,16,d67d5f00,https://a.espncdn.com/i/headshots/cricket/players/full/d67d5f00.png,https://www.espncricinfo.com/cricketers/da-miller-d67d5f00
2013,DA Warner,dcce6f09,Delhi Daredevils,16,410,324,14,29.29,126.54,41,14,0,,0,0,,,0,,16,3,12,1,20.0,7,dcce6f09,https://a.espncdn.com/i/headshots/cricket/players/full/dcce6f09.png,https://www.espncricinfo.com/cricketers/da-warner-dcce6f09
2013,DB Das,7050a1e7,Kolkata Knight Riders,10,75,74,5,15.0,101.35,5,5,0,,0,0,,,0,,16,6,10,0,37.5,12,7050a1e7,https://a.espncdn.com/i/headshots/cricket/players/full/7050a1e7.png,https://www.espncricinfo.com/cricketers/db-das-7050a1e7
2013,DB Ravi Teja,b720a5d6,Sunrisers Hyderabad,2,14,17,1,14.0,82.35,0,0,0,,0,0,,,0,,17,9,7,1,56.25,19,b720a5d6,https://a.espncdn.com/i/headshots/cricket/players/full/b720a5d6.png,https://www.espncricinfo.com/cricketers/db-ravi-teja-b720a5d6
2013,DH Yagnik,063b3673,Rajasthan Royals,12,125,93,7,17.86,134.41,17,2,0,,0,0,,,0,,18,11,7,0,61.11,22,063b3673,https://a.espncdn.com/i/headshots/cricket/players/full/063b3673.png,https://www.espncricinfo.com/cricketers/dh-yagnik-063b3673
2013,DJ Bravo,87e562a9,Chennai Super Kings,18,121,106,8,15.12,114.15,11,3,375,62.5,497,32,11.72,7.95,135,36.0,18,12,6,0,66.67,24,87e562a9,https://a.espncdn.com/i/headshots/cricket/players/full/87e562a9.png,https://www.espncricinfo.com/cricketers/dj-bravo-87e562a9
2013,DJ Hussey,fd835ab3,Kings XI Punjab,12,235,208,11,21.36,112.98,20,6,66,11.0,91,0,,8.27,19,28.79,16,8,8,0,50.0,16,fd835ab3,https://a.espncdn.com/i/headshots/cricket/players/full/fd835ab3.png,https://www.espncricinfo.com/cricketers/dj-hussey-fd835ab3
2013,DJG Sammy,c03c6200,Sunrisers Hyderabad,10,174,132,6,29.0,131.82,11,10,134,22.33,168,8,16.75,7.52,50,37.31,17,9,7,1,56.25,19,c03c6200,https://a.espncdn.com/i/headshots/cricket/players/full/c03c6200.png,https://www.espncricinfo.com/cricketers/djg-sammy-c03c6200
2013,DP Nannes,c404f58a,Chennai Super Kings,5,0,0,0,,,0,0,119,19.83,158,4,29.75,7.97,50,42.02,18,12,6,0,66.67,24,c404f58a,https://a.espncdn.com/i/headshots/cricket/players/full/c404f58a.png,https://www.espncricinfo.com/cricketers/dp-nannes-c404f58a
2013,DPMD Jayawardene,d18f9182,Delhi Daredevils,15,331,312,14,23.64,106.09,39,6,0,,0,0,,,0,,16,3,12,1,20.0,7,d18f9182,https://a.espncdn.com/i/headshots/cricket/players/full/d18f9182.png,https://www.espncricinfo.com/cricketers/dpmd-jayawardene-d18f9182
2013,DR Smith,35205dfc,Mumbai Indians,13,418,340,13,32.15,122.94,40,19,30,5.0,59,2,15.0,11.8,7,23.33,19,13,6,0,68.42,26,35205dfc,https://a.espncdn.com/i/headshots/cricket/players/full/35205dfc.png,https://www.espncricinfo.com/cricketers/dr-smith-35205dfc
2013,DS Kulkarni,d2a989fc,Mumbai Indians,6,0,0,0,,,0,0,112,18.67,151,8,14.0,8.09,53,47.32,19,13,6,0,68.42,26,d2a989fc,https://a.espncdn.com/i/headshots/cricket/players/full/d2a989fc.png,https://www.espncricinfo.com/cricketers/ds-kulkarni-d2a989fc
2013,DT Christian,2a2e6343,Royal Challengers Bangalore,2,6,15,2,3.0,40.0,0,0,36,6.0,55,0,,9.17,14,38.89,16,8,6,2,57.14,18,2a2e6343,https://a.espncdn.com/i/headshots/cricket/players/full/2a2e6343.png,https://www.espncricinfo.com/cricketers/dt-christian-2a2e6343
2013,DW Steyn,8fd1a8f5,Sunrisers Hyderabad,17,53,36,2,26.5,147.22,5,2,413,68.83,399,19,21.74,5.8,211,51.09,17,9,7,1,56.25,19,8fd1a8f5,https://a.espncdn.com/i/headshots/cricket/players/full/8fd1a8f5.png,https://www.espncricinfo.com/cricketers/dw-steyn-8fd1a8f5
2013,EJG Morgan,d2a6c0e6,Kolkata Knight Riders,14,307,240,10,30.7,127.92,28,13,0,,0,0,,,0,,16,6,10,0,37.5,12,d2a6c0e6,https://a.espncdn.com/i/headshots/cricket/players/full/d2a6c0e6.png,https://www.espncricinfo.com/cricketers/ejg-morgan-d2a6c0e6
2013,G Gambhir,bb345e0b,Kolkata Knight Riders,16,406,342,15,27.07,118.71,51,5,0,,0,0,,,0,,16,6,10,0,37.5,12,bb345e0b,https://a.espncdn.com/i/headshots/cricket/players/full/bb345e0b.png,https://www.espncricinfo.com/cricketers/g-gambhir-bb345e0b
2013,GB Hogg,f708a0bc,Rajasthan Royals,1,0,0,0,,,0,0,20,3.33,31,0,,9.3,5,25.0,18,11,7,0,61.11,22,f708a0bc,https://a.espncdn.com/i/headshots/cricket/players/full/f708a0bc.png,https://www.espncricinfo.com/cricketers/gb-hogg-f708a0bc
2013,GH Vihari,94253925,Sunrisers Hyderabad,17,241,277,14,17.21,87.0,17,1,36,6.0,38,1,36.0,6.33,17,47.22,17,9,7,1,56.25,19,94253925,https://a.espncdn.com/i/headshots/cricket/players/full/94253925.png,https://www.espncricinfo.com/cricketers/gh-vihari-94253925
2013,GJ Maxwell,b681e71e,Mumbai Indians,3,36,27,2,18.0,133.33,1,4,12,2.0,23,0,,11.5,2,16.67,19,13,6,0,68.42,26,b681e71e,https://a.espncdn.com/i/headshots/cricket/players/full/b681e71e.png,https://www.espncricinfo.com/cricketers/gj-maxwell-b681e71e
2013,Gurkeerat Singh,6eb146d2,Kings XI Punjab,11,108,95,9,12.0,113.68,10,3,0,,0,0,,,0,,16,8,8,0,50.0,16,6eb146d2,https://a.espncdn.com/i/headshots/cricket/players/full/6eb146d2.png,https://www.espncricinfo.com/cricketers/gurkeerat-singh-6eb146d2
2013,Harbhajan Singh,8b5b6769,Mumbai Indians,19,116,79,5,23.2,146.84,12,5,420,70.0,456,24,17.5,6.51,163,38.81,19,13,6,0,68.42,26,8b5b6769,https://a.espncdn.com/i/headshots/cricket/players/full/8b5b6769.png,https://www.espncricinfo.com/cricketers/harbhajan-singh-8b5b6769
2013,Harmeet Singh,2a72fd4f,Kings XI Punjab,3,3,4,0,,75.0,0,0,68,11.33,87,5,13.6,7.68,27,39.71,16,8,8,0,50.0,16,0bf15e52,https://a.espncdn.com/i/headshots/cricket/players/full/0bf15e52.png,https://www.espncricinfo.com/cricketers/harmeet-singh-0bf15e52
2013,Harmeet Singh,0bf15e52,Rajasthan Royals,1,0,0,0,,,0,0,24,4.0,34,1,24.0,8.5,12,50.0,18,11,7,0,61.11,22,0bf15e52,https://a.espncdn.com/i/headshots/cricket/players/full/0bf15e52.png,https://www.espncricinfo.com/cricketers/harmeet-singh-0bf15e52
2013,I Sharma,5bb1a1c4,Sunrisers Hyderabad,16,0,0,0,,,0,0,358,59.67,466,15,23.87,7.81,160,44.69,17,9,7,1,56.25,19,5bb1a1c4,https://a.espncdn.com/i/headshots/cricket/players/full/5bb1a1c4.png,https://www.espncricinfo.com/cricketers/i-sharma-5bb1a1c4
2013,IC Pandey,e0407c01,Pune Warriors,2,0,2,1,0.0,0.0,0,0,24,4.0,50,1,24.0,12.5,7,29.17,16,4,12,0,25.0,8,e0407c01,https://a.espncdn.com/i/headshots/cricket/players/full/e0407c01.png,https://www.espncricinfo.com/cricketers/ic-pandey-e0407c01
2013,IK Pathan,5fa06777,Delhi Daredevils,15,153,155,8,19.12,98.71,10,4,308,51.33,382,10,30.8,7.44,134,43.51,16,3,12,1,20.0,7,5fa06777,https://a.espncdn.com/i/headshots/cricket/players/full/5fa06777.png,https://www.espncricinfo.com/cricketers/ik-pathan-5fa06777
2013,Iqbal Abdulla,85aae393,Kolkata Knight Riders,5,8,14,0,,57.14,0,0,113,18.83,142,7,16.14,7.54,41,36.28,16,6,10,0,37.5,12,85aae393,https://a.espncdn.com/i/headshots/cricket/players/full/85aae393.png,https://www.espncricinfo.com/cricketers/iqbal-abdulla-85aae393
2013,J Botha,7c503806,Delhi Daredevils,6,43,52,6,7.17,82.69,5,1,100,16.67,109,5,20.0,6.54,37,37.0,16,3,12,1,20.0,7,7c503806,https://a.espncdn.com/i/headshots/cricket/players/full/7c503806.png,https://www.espncricinfo.com/cricketers/j-botha-7c503806
2013,J Syed Mohammad,c64c2443,Royal Challengers Bangalore,4,10,13,2,5.0,76.92,1,0,60,10.0,91,3,20.0,9.1,10,16.67,16,8,6,2,57.14,18,c64c2443,https://a.espncdn.com/i/headshots/cricket/players/full/c64c2443.png,https://www.espncricinfo.com/cricketers/j-syed-mohammad-c64c2443
2013,JA Morkel,c3d35165,Chennai Super Kings,8,46,37,3,15.33,124.32,2,3,144,24.0,159,7,20.57,6.62,59,40.97,18,12,6,0,66.67,24,c3d35165,https://a.espncdn.com/i/headshots/cricket/players/full/c3d35165.png,https://www.espncricinfo.com/cricketers/ja-morkel-c3d35165
2013,JD Unadkat,1e66c162,Royal Challengers Bangalore,13,2,2,0,,100.0,0,0,294,49.0,370,13,22.62,7.55,102,34.69,16,8,6,2,57.14,18,1e66c162,https://a.espncdn.com/i/headshots/cricket/players/full/1e66c162.png,https://www.espncricinfo.com/cricketers/jd-unadkat-1e66c162
2013,JDP Oram,3eac9d95,Mumbai Indians,1,0,0,0,,,0,0,24,4.0,22,0,,5.5,11,45.83,19,13,6,0,68.42,26,3eac9d95,https://a.espncdn.com/i/headshots/cricket/players/full/3eac9d95.png,https://www.espncricinfo.com/cricketers/jdp-oram-3eac9d95
2013,JH Kallis,86dc8f2e,Kolkata Knight Riders,16,311,322,15,20.73,96.58,35,3,318,53.0,394,16,19.88,7.43,112,35.22,16,6,10,0,37.5,12,86dc8f2e,https://a.espncdn.com/i/headshots/cricket/players/full/86dc8f2e.png,https://www.espncricinfo.com/cricketers/jh-kallis-86dc8f2e
2013,JJ Bumrah,462411b3,Mumbai Indians,2,0,0,0,,,0,0,42,7.0,70,3,14.0,10.0,16,38.1,19,13,6,0,68.42,26,462411b3,https://a.espncdn.com/i/headshots/cricket/players/full/462411b3.png,https://www.espncricinfo.com/cricketers/jj-bumrah-462411b3
2013,JO Holder,0f721006,Chennai Super Kings,6,0,0,0,,,0,0,120,20.0,168,2,60.0,8.4,47,39.17,18,12,6,0,66.67,24,0f721006,https://a.espncdn.com/i/headshots/cricket/players/full/0f721006.png,https://www.espncricinfo.com/cricketers/jo-holder-0f721006
2013,JP Faulkner,808f425a,Rajasthan Royals,16,57,57,5,11.4,100.0,5,2,379,63.17,427,28,13.54,6.76,161,42.48,18,11,7,0,61.11,22,808f425a,https://a.espncdn.com/i/headshots/cricket/players/full/808f425a.png,https://www.espncricinfo.com/cricketers/jp-faulkner-808f425a
2013,K Upadhyay,27e71d47,Pune Warriors,2,1,1,0,,100.0,0,0,30,5.0,48,0,,9.6,10,33.33,16,4,12,0,25.0,8,27e71d47,https://a.espncdn.com/i/headshots/cricket/players/full/27e71d47.png,https://www.espncricinfo.com/cricketers/k-upadhyay-27e71d47
2013,KA Pollard,a757b0d8,Mumbai Indians,18,420,278,11,38.18,151.08,27,29,186,31.0,292,10,18.6,9.42,60,32.26,19,13,6,0,68.42,26,a757b0d8,https://a.espncdn.com/i/headshots/cricket/players/full/a757b0d8.png,https://www.espncricinfo.com/cricketers/ka-pollard-a757b0d8
2013,KB Arun Karthik,7daedf2f,Royal Challengers Bangalore,12,41,38,3,13.67,107.89,3,1,0,,0,0,,,0,,16,8,6,2,57.14,18,7daedf2f,https://a.espncdn.com/i/headshots/cricket/players/full/7daedf2f.png,https://www.espncricinfo.com/cricketers/kb-arun-karthik-7daedf2f
2013,KC Sangakkara,6b71e6cf,Sunrisers Hyderabad,9,120,136,9,13.33,88.24,13,0,0,,0,0,,,0,,17,9,7,1,56.25,19,6b71e6cf,https://a.espncdn.com/i/headshots/cricket/players/full/6b71e6cf.png,https://www.espncricinfo.com/cricketers/kc-sangakkara-6b71e6cf
2013,KD Karthik,c03f1114,Mumbai Indians,19,510,409,20,25.5,124.69,54,14,0,,0,0,,,0,,19,13,6,0,68.42,26,c03f1114,https://a.espncdn.com/i/headshots/cricket/players/full/c03f1114.png,https://www.espncricinfo.com/cricketers/kd-karthik-c03f1114
2013,KK Cooper,557153ca,Rajasthan Royals,14,39,22,4,9.75,177.27,4,2,324,54.0,449,19,17.05,8.31,98,30.25,18,11,7,0,61.11,22,557153ca,https://a.espncdn.com/i/headshots/cricket/players/full/557153ca.png,https://www.espncricinfo.com/cricketers/kk-cooper-557153ca
2013,KK Nair,944533a5,Royal Challengers Bangalore,2,9,12,2,4.5,75.0,0,0,0,,0,0,,,0,,16,8,6,2,57.14,18,944533a5,https://a.espncdn.com/i/headshots/cricket/players/full/944533a5.png,https://www.espncricinfo.com/cricketers/kk-nair-944533a5
2013,KL Rahul,b17e2f24,Royal Challengers Bangalore,5,20,16,2,10.0,125.0,4,0,0,,0,0,,,0,,16,8,6,2,57.14,18,b17e2f24,https://a.espncdn.com/i/headshots/cricket/players/full/b17e2f24.png,https://www.espncricinfo.com/cricketers/kl-rahul-b17e2f24
2013,KM Jadhav,99d63244,Delhi Daredevils,12,152,123,8,19.0,123.58,8,5,0,,0,0,,,0,,16,3,12,1,20.0,7,99d63244,https://a.espncdn.com/i/headshots/cricket/players/full/99d63244.png,https://www.espncricinfo.com/cricketers/km-jadhav-99d63244
2013,KV Sharma,119678fd,Sunrisers Hyderabad,13,85,86,5,17.0,98.84,6,2,209,34.83,230,11,19.0,6.6,88,42.11,17,9,7,1,56.25,19,119678fd,https://a.espncdn.com/i/headshots/cricket/players/full/119678fd.png,https://www.espncricinfo.com/cricketers/kv-sharma-119678fd
2013,KW Richardson,dfc4d8b5,Pune Warriors,3,34,36,2,17.0,94.44,2,1,71,11.83,101,2,35.5,8.54,28,39.44,16,4,12,0,25.0,8,dfc4d8b5,https://a.espncdn.com/i/headshots/cricket/players/full/dfc4d8b5.png,https://www.espncricinfo.com/cricketers/kw-richardson-dfc4d8b5
2013,L Balaji,b2b50355,Kolkata Knight Riders,13,9,10,1,9.0,90.0,1,0,300,50.0,387,12,25.0,7.74,113,37.67,16,6,10,0,37.5,12,b2b50355,https://a.espncdn.com/i/headshots/cricket/players/full/b2b50355.png,https://www.espncricinfo.com/cricketers/l-balaji-b2b50355
2013,LA Pomersbach,b63ab531,Kings XI Punjab,3,58,59,3,19.33,98.31,5,1,0,,0,0,,,0,,16,8,8,0,50.0,16,b63ab531,https://a.espncdn.com/i/headshots/cricket/players/full/b63ab531.png,https://www.espncricinfo.com/cricketers/la-pomersbach-b63ab531
2013,LJ Wright,cca50cd6,Pune Warriors,6,106,59,4,26.5,179.66,16,3,59,9.83,100,2,29.5,10.17,12,20.34,16,4,12,0,25.0,8,cca50cd6,https://a.espncdn.com/i/headshots/cricket/players/full/cca50cd6.png,https://www.espncricinfo.com/cricketers/lj-wright-cca50cd6
2013,LR Shukla,b1451597,Kolkata Knight Riders,4,3,12,2,1.5,25.0,0,0,18,3.0,22,1,18.0,7.33,7,38.89,16,6,10,0,37.5,12,b1451597,https://a.espncdn.com/i/headshots/cricket/players/full/b1451597.png,https://www.espncricinfo.com/cricketers/lr-shukla-b1451597
2013,LRPL Taylor,b61a3e1a,Pune Warriors,5,63,76,4,15.75,82.89,2,1,0,,0,0,,,0,,16,4,12,0,25.0,8,b61a3e1a,https://a.espncdn.com/i/headshots/cricket/players/full/b61a3e1a.png,https://www.espncricinfo.com/cricketers/lrpl-taylor-b61a3e1a
2013,M Kartik,abfeb126,Royal Challengers Bangalore,11,2,3,1,2.0,66.67,0,0,234,39.0,284,9,26.0,7.28,71,30.34,16,8,6,2,57.14,18,abfeb126,https://a.espncdn.com/i/headshots/cricket/players/full/abfeb126.png,https://www.espncricinfo.com/cricketers/m-kartik-abfeb126
2013,M Manhas,c42aaf71,Pune Warriors,3,13,17,0,,76.47,1,0,0,,0,0,,,0,,16,4,12,0,25.0,8,c42aaf71,https://a.espncdn.com/i/headshots/cricket/players/full/c42aaf71.png,https://www.espncricinfo.com/cricketers/m-manhas-c42aaf71
2013,M Morkel,5bb5a915,Delhi Daredevils,10,57,29,5,11.4,196.55,6,3,240,40.0,335,7,34.29,8.38,91,37.92,16,3,12,1,20.0,7,5bb5a915,https://a.espncdn.com/i/headshots/cricket/players/full/5bb5a915.png,https://www.espncricinfo.com/cricketers/m-morkel-5bb5a915
2013,M Muralitharan,4ba44e19,Royal Challengers Bangalore,6,0,0,0,,,0,0,138,23.0,177,3,46.0,7.7,42,30.43,16,8,6,2,57.14,18,4ba44e19,https://a.espncdn.com/i/headshots/cricket/players/full/4ba44e19.png,https://www.espncricinfo.com/cricketers/m-muralitharan-4ba44e19
2013,M Rawat,de8d3876,Pune Warriors,2,5,11,1,5.0,45.45,0,0,0,,0,0,,,0,,16,4,12,0,25.0,8,de8d3876,https://a.espncdn.com/i/headshots/cricket/players/full/de8d3876.png,https://www.espncricinfo.com/cricketers/m-rawat-de8d3876
2013,M Vijay,4b57e452,Chennai Super Kings,15,312,286,12,26.0,109.09,27,8,0,,0,0,,,0,,18,12,6,0,66.67,24,4b57e452,https://a.espncdn.com/i/headshots/cricket/players/full/4b57e452.png,https://www.espncricinfo.com/cricketers/m-vijay-4b57e452
2013,M Vohra,c03e2850,Kings XI Punjab,12,161,117,7,23.0,137.61,22,2,0,,0,0,,,0,,16,8,8,0,50.0,16,c03e2850,https://a.espncdn.com/i/headshots/cricket/players/full/c03e2850.png,https://www.espncricinfo.com/cricketers/m-vohra-c03e2850
2013,MA Agarwal,00ea847a,Royal Challengers Bangalore,5,67,62,5,13.4,108.06,6,3,0,,0,0,,,0,,16,8,6,2,57.14,18,00ea847a,https://a.espncdn.com/i/headshots/cricket/players/full/00ea847a.png,https://www.espncricinfo.com/cricketers/ma-agarwal-00ea847a
2013,MC Henriques,32198ae0,Royal Challengers Bangalore,10,165,124,4,41.25,133.06,20,3,127,21.17,185,7,18.14,8.74,50,39.37,16,8,6,2,57.14,18,32198ae0,https://a.espncdn.com/i/headshots/cricket/players/full/32198ae0.png,https://www.espncricinfo.com/cricketers/mc-henriques-32198ae0
2013,MC Juneja,605b7efa,Delhi Daredevils,7,125,128,7,17.86,97.66,11,1,0,,0,0,,,0,,16,3,12,1,20.0,7,605b7efa,https://a.espncdn.com/i/headshots/cricket/players/full/605b7efa.png,https://www.espncricinfo.com/cricketers/mc-juneja-605b7efa
2013,MDKJ Perera,f21043a5,Rajasthan Royals,2,14,13,2,7.0,107.69,3,0,0,,0,0,,,0,,18,11,7,0,61.11,22,f21043a5,https://a.espncdn.com/i/headshots/cricket/players/full/f21043a5.png,https://www.espncricinfo.com/cricketers/mdkj-perera-f21043a5
2013,MEK Hussey,48fd7349,Chennai Super Kings,17,733,565,15,48.87,129.73,81,17,0,,0,0,,,0,,18,12,6,0,66.67,24,48fd7349,https://a.espncdn.com/i/headshots/cricket/players/full/48fd7349.png,https://www.espncricinfo.com/cricketers/mek-hussey-48fd7349
2013,MG Johnson,f5180fe6,Mumbai Indians,17,39,36,4,9.75,108.33,2,2,384,64.0,459,24,16.0,7.17,188,48.96,19,13,6,0,68.42,26,f5180fe6,https://a.espncdn.com/i/headshots/cricket/players/full/f5180fe6.png,https://www.espncricinfo.com/cricketers/mg-johnson-f5180fe6
2013,MG Neser,0164b064,Kings XI Punjab,1,0,0,0,,,0,0,24,4.0,62,0,,15.5,5,20.83,16,8,8,0,50.0,16,0164b064,https://a.espncdn.com/i/headshots/cricket/players/full/0164b064.png,https://www.espncricinfo.com/cricketers/mg-neser-0164b064
2013,MK Pandey,93b4fc78,Pune Warriors,7,136,137,6,22.67,99.27,11,3,0,,0,0,,,0,,16,4,12,0,25.0,8,93b4fc78,https://a.espncdn.com/i/headshots/cricket/players/full/93b4fc78.png,https://www.espncricinfo.com/cricketers/mk-pandey-93b4fc78
2013,MK Tiwary,26e5cabf,Kolkata Knight Riders,10,146,140,8,18.25,104.29,12,1,0,,0,0,,,0,,16,6,10,0,37.5,12,26e5cabf,https://a.espncdn.com/i/headshots/cricket/players/full/26e5cabf.png,https://www.espncricinfo.com/cricketers/mk-tiwary-26e5cabf
2013,MM Patel,f0f628c7,Mumbai Indians,4,0,0,0,,,0,0,90,15.0,137,3,30.0,9.13,32,35.56,19,13,6,0,68.42,26,f0f628c7,https://a.espncdn.com/i/headshots/cricket/players/full/f0f628c7.png,https://www.espncricinfo.com/cricketers/mm-patel-f0f628c7
2013,MM Sharma,759ac88f,Chennai Super Kings,15,0,5,1,0.0,0.0,0,0,304,50.67,326,20,15.2,6.43,161,52.96,18,12,6,0,66.67,24,759ac88f,https://a.espncdn.com/i/headshots/cricket/players/full/759ac88f.png,https://www.espncricinfo.com/cricketers/mm-sharma-759ac88f
2013,MN Samuels,f846de6a,Pune Warriors,2,8,18,2,4.0,44.44,1,0,24,4.0,34,1,24.0,8.5,8,33.33,16,4,12,0,25.0,8,f846de6a,https://a.espncdn.com/i/headshots/cricket/players/full/f846de6a.png,https://www.espncricinfo.com/cricketers/mn-samuels-f846de6a
2013,MR Marsh,3d8feaf8,Pune Warriors,9,140,106,7,20.0,132.08,6,10,116,19.33,182,7,16.57,9.41,35,30.17,16,4,12,0,25.0,8,3d8feaf8,https://a.espncdn.com/i/headshots/cricket/players/full/3d8feaf8.png,https://www.espncricinfo.com/cricketers/mr-marsh-3d8feaf8
2013,MS Bisla,5afd4539,Kolkata Knight Riders,14,255,235,14,18.21,108.51,36,6,0,,0,0,,,0,,16,6,10,0,37.5,12,5afd4539,https://a.espncdn.com/i/headshots/cricket/players/full/5afd4539.png,https://www.espncricinfo.com/cricketers/ms-bisla-5afd4539
2013,MS Dhoni,4a8a2e3b,Chennai Super Kings,18,461,280,12,38.42,164.64,32,25,0,,0,0,,,0,,18,12,6,0,66.67,24,4a8a2e3b,https://a.espncdn.com/i/headshots/cricket/players/full/4a8a2e3b.png,https://www.espncricinfo.com/cricketers/ms-dhoni-4a8a2e3b
2013,MS Gony,ae78bc32,Kings XI Punjab,8,45,25,3,15.0,180.0,4,3,168,28.0,256,7,24.0,9.14,62,36.9,16,8,8,0,50.0,16,ae78bc32,https://a.espncdn.com/i/headshots/cricket/players/full/ae78bc32.png,https://www.espncricinfo.com/cricketers/ms-gony-ae78bc32
2013,Mandeep Singh,c3a96caf,Kings XI Punjab,16,260,223,12,21.67,116.59,36,0,0,,0,0,,,0,,16,8,8,0,50.0,16,c3a96caf,https://a.espncdn.com/i/headshots/cricket/players/full/c3a96caf.png,https://www.espncricinfo.com/cricketers/mandeep-singh-c3a96caf
2013,Mohammed Shami,8cf9814c,Kolkata Knight Riders,3,5,10,1,5.0,50.0,0,0,54,9.0,78,1,54.0,8.67,21,38.89,16,6,10,0,37.5,12,8cf9814c,https://a.espncdn.com/i/headshots/cricket/players/full/8cf9814c.png,https://www.espncricinfo.com/cricketers/mohammed-shami-8cf9814c
2013,NLTC Perera,0f12f9df,Sunrisers Hyderabad,16,235,163,12,19.58,144.17,12,14,358,59.67,478,19,18.84,8.01,136,37.99,17,9,7,1,56.25,19,0f12f9df,https://a.espncdn.com/i/headshots/cricket/players/full/0f12f9df.png,https://www.espncricinfo.com/cricketers/nltc-perera-0f12f9df
2013,NM Coulter-Nile,56ab442f,Mumbai Indians,1,9,6,1,9.0,150.0,0,1,24,4.0,29,1,24.0,7.25,11,45.83,19,13,6,0,68.42,26,56ab442f,https://a.espncdn.com/i/headshots/cricket/players/full/56ab442f.png,https://www.espncricinfo.com/cricketers/nm-coulter-nile-56ab442f
2013,NV Ojha,890946a0,Delhi Daredevils,2,9,10,1,9.0,90.0,1,0,0,,0,0,,,0,,16,3,12,1,20.0,7,890946a0,https://a.espncdn.com/i/headshots/cricket/players/full/890946a0.png,https://www.espncricinfo.com/cricketers/nv-ojha-890946a0
2013,OA Shah,7bf96684,Rajasthan Royals,2,25,23,2,12.5,108.7,2,0,0,,0,0,,,0,,18,11,7,0,61.11,22,7bf96684,https://a.espncdn.com/i/headshots/cricket/players/full/7bf96684.png,https://www.espncricinfo.com/cricketers/oa-shah-7bf96684
2013,P Awana,1a0c3177,Kings XI Punjab,14,1,9,3,0.33,11.11,0,0,324,54.0,412,15,21.6,7.63,133,41.05,16,8,8,0,50.0,16,1a0c3177,https://a.espncdn.com/i/headshots/cricket/players/full/1a0c3177.png,https://www.espncricinfo.com/cricketers/p-awana-1a0c3177
2013,P Dogra,2728e7e9,Kolkata Knight Riders,1,5,8,1,5.0,62.5,0,0,0,,0,0,,,0,,16,6,10,0,37.5,12,2728e7e9,https://a.espncdn.com/i/headshots/cricket/players/full/2728e7e9.png,https://www.espncricinfo.com/cricketers/p-dogra-2728e7e9
2013,P Kumar,e938e1bc,Kings XI Punjab,15,47,38,5,9.4,123.68,3,3,338,56.33,373,12,28.17,6.62,155,45.86,16,8,8,0,50.0,16,e938e1bc,https://a.espncdn.com/i/headshots/cricket/players/full/e938e1bc.png,https://www.espncricinfo.com/cricketers/p-kumar-e938e1bc
2013,P Negi,f62772e5,Delhi Daredevils,1,0,0,0,,,0,0,24,4.0,28,0,,7.0,3,12.5,16,3,12,1,20.0,7,f62772e5,https://a.espncdn.com/i/headshots/cricket/players/full/f62772e5.png,https://www.espncricinfo.com/cricketers/p-negi-f62772e5
2013,P Suyal,cedc1d9a,Mumbai Indians,1,0,0,0,,,0,0,18,3.0,21,1,18.0,7.0,9,50.0,19,13,6,0,68.42,26,cedc1d9a,https://a.espncdn.com/i/headshots/cricket/players/full/cedc1d9a.png,https://www.espncricinfo.com/cricketers/p-suyal-cedc1d9a
2013,PA Patel,b5da6c24,Sunrisers Hyderabad,13,294,255,13,22.62,115.29,37,4,0,,0,0,,,0,,17,9,7,1,56.25,19,b5da6c24,https://a.espncdn.com/i/headshots/cricket/players/full/b5da6c24.png,https://www.espncricinfo.com/cricketers/pa-patel-b5da6c24
2013,PA Reddy,2461eef2,Sunrisers Hyderabad,7,91,101,7,13.0,90.1,9,0,0,,0,0,,,0,,17,9,7,1,56.25,19,2461eef2,https://a.espncdn.com/i/headshots/cricket/players/full/2461eef2.png,https://www.espncricinfo.com/cricketers/pa-reddy-2461eef2
2013,PC Valthaty,25eeb281,Kings XI Punjab,1,6,17,1,6.0,35.29,0,0,0,,0,0,,,0,,16,8,8,0,50.0,16,25eeb281,https://a.espncdn.com/i/headshots/cricket/players/full/25eeb281.png,https://www.espncricinfo.com/cricketers/pc-valthaty-25eeb281
2013,PJ Sangwan,9fc0ef64,Kolkata Knight Riders,2,4,2,0,,200.0,1,0,24,4.0,51,0,,12.75,7,29.17,16,6,10,0,37.5,12,9fc0ef64,https://a.espncdn.com/i/headshots/cricket/players/full/9fc0ef64.png,https://www.espncricinfo.com/cricketers/pj-sangwan-9fc0ef64
2013,PP Chawla,98ae73b1,Kings XI Punjab,16,64,57,6,10.67,112.28,5,3,350,58.33,418,11,31.82,7.17,117,33.43,16,8,8,0,50.0,16,98ae73b1,https://a.espncdn.com/i/headshots/cricket/players/full/98ae73b1.png,https://www.espncricinfo.com/cricketers/pp-chawla-98ae73b1
2013,PP Ojha,6c6591ab,Mumbai Indians,16,2,4,1,2.0,50.0,0,0,314,52.33,381,16,19.62,7.28,108,34.39,19,13,6,0,68.42,26,6c6591ab,https://a.espncdn.com/i/headshots/cricket/players/full/6c6591ab.png,https://www.espncricinfo.com/cricketers/pp-ojha-6c6591ab
2013,PV Tambe,6aed7e79,Rajasthan Royals,3,3,6,0,,50.0,0,0,66,11.0,88,1,66.0,8.0,20,30.3,18,11,7,0,61.11,22,6aed7e79,https://a.espncdn.com/i/headshots/cricket/players/full/6aed7e79.png,https://www.espncricinfo.com/cricketers/pv-tambe-6aed7e79
2013,Parvez Rasool,9170ff49,Pune Warriors,2,5,9,1,5.0,55.56,0,0,30,5.0,28,1,30.0,5.6,12,40.0,16,4,12,0,25.0,8,9170ff49,https://a.espncdn.com/i/headshots/cricket/players/full/9170ff49.png,https://www.espncricinfo.com/cricketers/parvez-rasool-9170ff49
2013,Q de Kock,372455c4,Sunrisers Hyderabad,3,6,15,3,2.0,40.0,1,0,0,,0,0,,,0,,17,9,7,1,56.25,19,372455c4,https://a.espncdn.com/i/headshots/cricket/players/full/372455c4.png,https://www.espncricinfo.com/cricketers/q-de-kock-372455c4
2013,R Ashwin,495d42a5,Chennai Super Kings,18,35,49,4,8.75,71.43,4,0,348,58.0,390,15,23.2,6.72,121,34.77,18,12,6,0,66.67,24,495d42a5,https://a.espncdn.com/i/headshots/cricket/players/full/495d42a5.png,https://www.espncricinfo.com/cricketers/r-ashwin-495d42a5
2013,R Bhatia,33a364a6,Kolkata Knight Riders,15,99,80,6,16.5,123.75,8,3,263,43.83,332,11,23.91,7.57,59,22.43,16,6,10,0,37.5,12,33a364a6,https://a.espncdn.com/i/headshots/cricket/players/full/33a364a6.png,https://www.espncricinfo.com/cricketers/r-bhatia-33a364a6
2013,R Dhawan,26a85969,Mumbai Indians,6,21,21,3,7.0,100.0,3,0,90,15.0,109,2,45.0,7.27,34,37.78,19,13,6,0,68.42,26,26a85969,https://a.espncdn.com/i/headshots/cricket/players/full/26a85969.png,https://www.espncricinfo.com/cricketers/r-dhawan-26a85969
2013,R Dravid,0184dc35,Rajasthan Royals,18,471,424,16,29.44,111.08,64,5,0,,0,0,,,0,,18,11,7,0,61.11,22,0184dc35,https://a.espncdn.com/i/headshots/cricket/players/full/0184dc35.png,https://www.espncricinfo.com/cricketers/r-dravid-0184dc35
2013,R McLaren,c654af19,Kolkata Knight Riders,2,3,6,2,1.5,50.0,0,0,42,7.0,94,3,14.0,13.43,17,40.48,16,6,10,0,37.5,12,c654af19,https://a.espncdn.com/i/headshots/cricket/players/full/c654af19.png,https://www.espncricinfo.com/cricketers/r-mclaren-c654af19
2013,R Rampaul,d68e7f48,Royal Challengers Bangalore,10,38,36,4,9.5,105.56,3,1,232,38.67,272,15,15.47,7.03,112,48.28,16,8,6,2,57.14,18,d68e7f48,https://a.espncdn.com/i/headshots/cricket/players/full/d68e7f48.png,https://www.espncricinfo.com/cricketers/r-rampaul-d68e7f48
2013,R Sathish,626c5379,Kings XI Punjab,9,109,76,5,21.8,143.42,9,5,24,4.0,51,0,,12.75,1,4.17,16,8,8,0,50.0,16,626c5379,https://a.espncdn.com/i/headshots/cricket/players/full/626c5379.png,https://www.espncricinfo.com/cricketers/r-sathish-626c5379
2013,R Sharma,5d9a1a73,Pune Warriors,11,11,17,3,3.67,64.71,1,0,246,41.0,281,9,27.33,6.85,85,34.55,16,4,12,0,25.0,8,5d9a1a73,https://a.espncdn.com/i/headshots/cricket/players/full/5d9a1a73.png,https://www.espncricinfo.com/cricketers/r-sharma-5d9a1a73
2013,R Shukla,de4b0555,Rajasthan Royals,3,1,2,0,,50.0,0,0,48,8.0,79,3,16.0,9.88,15,31.25,18,11,7,0,61.11,22,de4b0555,https://a.espncdn.com/i/headshots/cricket/players/full/de4b0555.png,https://www.espncricinfo.com/cricketers/r-shukla-de4b0555
2013,R Vinay Kumar,41eb4a4f,Royal Challengers Bangalore,16,70,44,1,70.0,159.09,6,3,367,61.17,513,23,15.96,8.39,124,33.79,16,8,6,2,57.14,18,41eb4a4f,https://a.espncdn.com/i/headshots/cricket/players/full/41eb4a4f.png,https://www.espncricinfo.com/cricketers/r-vinay-kumar-41eb4a4f
2013,RA Jadeja,fe93fd9d,Chennai Super Kings,18,201,134,9,22.33,150.0,17,6,259,43.17,323,13,19.92,7.48,95,36.68,18,12,6,0,66.67,24,fe93fd9d,https://a.espncdn.com/i/headshots/cricket/players/full/fe93fd9d.png,https://www.espncricinfo.com/cricketers/ra-jadeja-fe93fd9d
2013,RE van der Merwe,05c2ca46,Delhi Daredevils,3,22,25,2,11.0,88.0,2,0,66,11.0,71,3,22.0,6.45,25,37.88,16,3,12,1,20.0,7,05c2ca46,https://a.espncdn.com/i/headshots/cricket/players/full/05c2ca46.png,https://www.espncricinfo.com/cricketers/re-van-der-merwe-05c2ca46
2013,RG Sharma,740742ef,Mumbai Indians,19,538,408,14,38.43,131.86,35,28,8,1.33,6,0,,4.5,3,37.5,19,13,6,0,68.42,26,740742ef,https://a.espncdn.com/i/headshots/cricket/players/full/740742ef.png,https://www.espncricinfo.com/cricketers/rg-sharma-740742ef
2013,RJ Harris,12eddf28,Kings XI Punjab,3,2,5,1,2.0,40.0,0,0,72,12.0,72,1,72.0,6.0,40,55.56,16,8,8,0,50.0,16,12eddf28,https://a.espncdn.com/i/headshots/cricket/players/full/12eddf28.png,https://www.espncricinfo.com/cricketers/rj-harris-12eddf28
2013,RN ten Doeschate,4ec07775,Kolkata Knight Riders,4,85,63,3,28.33,134.92,9,2,18,3.0,24,0,,8.0,4,22.22,16,6,10,0,37.5,12,4ec07775,https://a.espncdn.com/i/headshots/cricket/players/full/4ec07775.png,https://www.espncricinfo.com/cricketers/rn-ten-doeschate-4ec07775
2013,RP Singh,c3d1402f,Royal Challengers Bangalore,11,0,0,0,,,0,0,239,39.83,335,13,18.38,8.41,88,36.82,16,8,6,2,57.14,18,c3d1402f,https://a.espncdn.com/i/headshots/cricket/players/full/c3d1402f.png,https://www.espncricinfo.com/cricketers/rp-singh-c3d1402f
2013,RT Ponting,7d415ea5,Mumbai Indians,6,52,75,5,10.4,69.33,3,1,0,,0,0,,,0,,19,13,6,0,68.42,26,7d415ea5,https://a.espncdn.com/i/headshots/cricket/players/full/7d415ea5.png,https://www.espncricinfo.com/cricketers/rt-ponting-7d415ea5
2013,RV Gomez,b2570b38,Pune Warriors,2,4,1,0,,400.0,1,0,6,1.0,5,0,,5.0,4,66.67,16,4,12,0,25.0,8,b2570b38,https://a.espncdn.com/i/headshots/cricket/players/full/b2570b38.png,https://www.espncricinfo.com/cricketers/rv-gomez-b2570b38
2013,RV Uthappa,1c17e270,Pune Warriors,16,434,368,16,27.12,117.93,42,12,0,,0,0,,,0,,16,4,12,0,25.0,8,1c17e270,https://a.espncdn.com/i/headshots/cricket/players/full/1c17e270.png,https://www.espncricinfo.com/cricketers/rv-uthappa-1c17e270
2013,S Anirudha,95a2ea61,Chennai Super Kings,1,0,2,1,0.0,0.0,0,0,0,,0,0,,,0,,18,12,6,0,66.67,24,95a2ea61,https://a.espncdn.com/i/headshots/cricket/players/full/95a2ea61.png,https://www.espncricinfo.com/cricketers/s-anirudha-95a2ea61
2013,S Badree,76388dc8,Rajasthan Royals,1,0,0,0,,,0,0,24,4.0,34,0,,8.5,7,29.17,18,11,7,0,61.11,22,76388dc8,https://a.espncdn.com/i/headshots/cricket/players/full/76388dc8.png,https://www.espncricinfo.com/cricketers/s-badree-76388dc8
2013,S Badrinath,3576e47e,Chennai Super Kings,18,124,120,7,17.71,103.33,11,0,0,,0,0,,,0,,18,12,6,0,66.67,24,3576e47e,https://a.espncdn.com/i/headshots/cricket/players/full/3576e47e.png,https://www.espncricinfo.com/cricketers/s-badrinath-3576e47e
2013,S Dhawan,0a476045,Sunrisers Hyderabad,10,311,253,8,38.88,122.92,37,5,0,,0,0,,,0,,17,9,7,1,56.25,19,0a476045,https://a.espncdn.com/i/headshots/cricket/players/full/0a476045.png,https://www.espncricinfo.com/cricketers/s-dhawan-0a476045
2013,S Kaul,dcf81436,Delhi Daredevils,6,7,9,0,,77.78,0,0,131,21.83,170,4,32.75,7.79,44,33.59,16,3,12,1,20.0,7,dcf81436,https://a.espncdn.com/i/headshots/cricket/players/full/dcf81436.png,https://www.espncricinfo.com/cricketers/s-kaul-dcf81436
2013,S Ladda,fb693839,Kolkata Knight Riders,1,0,0,0,,,0,0,12,2.0,18,1,12.0,9.0,3,25.0,16,6,10,0,37.5,12,fb693839,https://a.espncdn.com/i/headshots/cricket/players/full/fb693839.png,https://www.espncricinfo.com/cricketers/s-ladda-fb693839
2013,S Nadeem,9d80c5e1,Delhi Daredevils,12,14,27,5,2.8,51.85,1,0,264,44.0,259,9,29.33,5.89,95,35.98,16,3,12,1,20.0,7,9d80c5e1,https://a.espncdn.com/i/headshots/cricket/players/full/9d80c5e1.png,https://www.espncricinfo.com/cricketers/s-nadeem-9d80c5e1
2013,S Narwal,287686fd,Kolkata Knight Riders,2,23,15,1,23.0,153.33,4,0,12,2.0,17,0,,8.5,6,50.0,16,6,10,0,37.5,12,287686fd,https://a.espncdn.com/i/headshots/cricket/players/full/287686fd.png,https://www.espncricinfo.com/cricketers/s-narwal-287686fd
2013,S Sreesanth,6b8eb6e5,Rajasthan Royals,7,1,4,1,1.0,25.0,0,0,130,21.67,163,5,26.0,7.52,67,51.54,18,11,7,0,61.11,22,6b8eb6e5,https://a.espncdn.com/i/headshots/cricket/players/full/6b8eb6e5.png,https://www.espncricinfo.com/cricketers/s-sreesanth-6b8eb6e5
2013,SE Marsh,508a1ea7,Kings XI Punjab,8,300,249,8,37.5,120.48,39,4,0,,0,0,,,0,,16,8,8,0,50.0,16,508a1ea7,https://a.espncdn.com/i/headshots/cricket/players/full/508a1ea7.png,https://www.espncricinfo.com/cricketers/se-marsh-508a1ea7
2013,SK Raina,1dc12ab9,Chennai Super Kings,18,548,364,12,45.67,150.55,50,18,12,2.0,23,1,12.0,11.5,2,16.67,18,12,6,0,66.67,24,1dc12ab9,https://a.espncdn.com/i/headshots/cricket/players/full/1dc12ab9.png,https://www.espncricinfo.com/cricketers/sk-raina-1dc12ab9
2013,SK Trivedi,3d7e087f,Rajasthan Royals,17,3,7,1,3.0,42.86,0,0,359,59.83,410,12,29.92,6.85,122,33.98,18,11,7,0,61.11,22,3d7e087f,https://a.espncdn.com/i/headshots/cricket/players/full/3d7e087f.png,https://www.espncricinfo.com/cricketers/sk-trivedi-3d7e087f
2013,SL Malinga,a12e1d51,Mumbai Indians,17,9,18,3,3.0,50.0,1,0,392,65.33,468,20,19.6,7.16,147,37.5,19,13,6,0,68.42,26,a12e1d51,https://a.espncdn.com/i/headshots/cricket/players/full/a12e1d51.png,https://www.espncricinfo.com/cricketers/sl-malinga-a12e1d51
2013,SMSM Senanayake,4c4fa80b,Kolkata Knight Riders,8,10,16,1,10.0,62.5,0,0,192,32.0,209,9,21.33,6.53,73,38.02,16,6,10,0,37.5,12,4c4fa80b,https://a.espncdn.com/i/headshots/cricket/players/full/4c4fa80b.png,https://www.espncricinfo.com/cricketers/smsm-senanayake-4c4fa80b
2013,SP Narine,9d430b40,Kolkata Knight Riders,16,21,19,3,7.0,110.53,0,2,384,64.0,350,22,17.45,5.47,180,46.88,16,6,10,0,37.5,12,9d430b40,https://a.espncdn.com/i/headshots/cricket/players/full/9d430b40.png,https://www.espncricinfo.com/cricketers/sp-narine-9d430b40
2013,SPD Smith,30a45b23,Pune Warriors,7,159,132,5,31.8,120.45,15,4,0,,0,0,,,0,,16,4,12,0,25.0,8,30a45b23,https://a.espncdn.com/i/headshots/cricket/players/full/30a45b23.png,https://www.espncricinfo.com/cricketers/spd-smith-30a45b23
2013,SR Tendulkar,d2c2b2d5,Mumbai Indians,14,287,231,14,20.5,124.24,39,5,0,,0,0,,,0,,19,13,6,0,68.42,26,d2c2b2d5,https://a.espncdn.com/i/headshots/cricket/players/full/d2c2b2d5.png,https://www.espncricinfo.com/cricketers/sr-tendulkar-d2c2b2d5
2013,SR Watson,4329fbb5,Rajasthan Royals,16,543,378,14,38.79,143.65,59,22,250,41.67,298,13,19.23,7.15,101,40.4,18,11,7,0,61.11,22,4329fbb5,https://a.espncdn.com/i/headshots/cricket/players/full/4329fbb5.png,https://www.espncricinfo.com/cricketers/sr-watson-4329fbb5
2013,SS Tiwary,709b0bac,Royal Challengers Bangalore,9,109,106,4,27.25,102.83,4,4,0,,0,0,,,0,,16,8,6,2,57.14,18,709b0bac,https://a.espncdn.com/i/headshots/cricket/players/full/709b0bac.png,https://www.espncricinfo.com/cricketers/ss-tiwary-709b0bac
2013,STR Binny,bd17b45f,Rajasthan Royals,17,293,199,8,36.62,147.24,25,12,144,24.0,162,6,24.0,6.75,57,39.58,18,11,7,0,61.11,22,bd17b45f,https://a.espncdn.com/i/headshots/cricket/players/full/bd17b45f.png,https://www.espncricinfo.com/cricketers/str-binny-bd17b45f
2013,SV Samson,a4cc73aa,Rajasthan Royals,11,206,178,8,25.75,115.73,19,5,0,,0,0,,,0,,18,11,7,0,61.11,22,a4cc73aa,https://a.espncdn.com/i/headshots/cricket/players/full/a4cc73aa.png,https://www.espncricinfo.com/cricketers/sv-samson-a4cc73aa
2013,SW Tait,addfb70e,Rajasthan Royals,3,1,3,1,1.0,33.33,0,0,60,10.0,98,1,60.0,9.8,23,38.33,18,11,7,0,61.11,22,addfb70e,https://a.espncdn.com/i/headshots/cricket/players/full/addfb70e.png,https://www.espncricinfo.com/cricketers/sw-tait-addfb70e
2013,Sachin Baby,dc9dd038,Rajasthan Royals,4,3,7,1,3.0,42.86,0,0,0,,0,0,,,0,,18,11,7,0,61.11,22,dc9dd038,https://a.espncdn.com/i/headshots/cricket/players/full/dc9dd038.png,https://www.espncricinfo.com/cricketers/sachin-baby-dc9dd038
2013,Sandeep Sharma,ce820073,Kings XI Punjab,4,0,1,0,,0.0,0,0,96,16.0,119,8,12.0,7.44,41,42.71,16,8,8,0,50.0,16,ce820073,https://a.espncdn.com/i/headshots/cricket/players/full/ce820073.png,https://www.espncricinfo.com/cricketers/sandeep-sharma-ce820073
2013,TL Suman,aaa1b522,Pune Warriors,7,52,58,5,10.4,89.66,8,0,12,2.0,15,1,12.0,7.5,3,25.0,16,4,12,0,25.0,8,aaa1b522,https://a.espncdn.com/i/headshots/cricket/players/full/aaa1b522.png,https://www.espncricinfo.com/cricketers/tl-suman-aaa1b522
2013,TM Dilshan,5bdcdb72,Royal Challengers Bangalore,5,76,92,5,15.2,82.61,12,0,6,1.0,10,0,,10.0,0,0.0,16,8,6,2,57.14,18,5bdcdb72,https://a.espncdn.com/i/headshots/cricket/players/full/5bdcdb72.png,https://www.espncricinfo.com/cricketers/tm-dilshan-5bdcdb72
2013,UA Birla,91b9300b,Pune Warriors,2,7,14,1,7.0,50.0,1,0,0,,0,0,,,0,,16,4,12,0,25.0,8,91b9300b,https://a.espncdn.com/i/headshots/cricket/players/full/91b9300b.png,https://www.espncricinfo.com/cricketers/ua-birla-91b9300b
2013,UBT Chand,0c94f480,Delhi Daredevils,9,158,157,9,17.56,100.64,17,4,0,,0,0,,,0,,16,3,12,1,20.0,7,0c94f480,https://a.espncdn.com/i/headshots/cricket/players/full/0c94f480.png,https://www.espncricinfo.com/cricketers/ubt-chand-0c94f480
2013,UT Yadav,cc1e8c68,Delhi Daredevils,16,38,38,1,38.0,100.0,3,1,353,58.83,523,16,22.06,8.89,127,35.98,16,3,12,1,20.0,7,cc1e8c68,https://a.espncdn.com/i/headshots/cricket/players/full/cc1e8c68.png,https://www.espncricinfo.com/cricketers/ut-yadav-cc1e8c68
2013,V Kohli,ba607b88,Royal Challengers Bangalore,16,639,454,14,45.64,140.75,65,22,0,,0,0,,,0,,16,8,6,2,57.14,18,ba607b88,https://a.espncdn.com/i/headshots/cricket/players/full/ba607b88.png,https://www.espncricinfo.com/cricketers/v-kohli-ba607b88
2013,V Sehwag,8ba8195d,Delhi Daredevils,13,295,229,12,24.58,128.82,41,6,6,1.0,9,0,,9.0,0,0.0,16,3,12,1,20.0,7,8ba8195d,https://a.espncdn.com/i/headshots/cricket/players/full/8ba8195d.png,https://www.espncricinfo.com/cricketers/v-sehwag-8ba8195d
2013,VS Malik,5f26df4f,Rajasthan Royals,3,0,0,0,,,0,0,60,10.0,59,2,30.0,5.9,30,50.0,18,11,7,0,61.11,22,5f26df4f,https://a.espncdn.com/i/headshots/cricket/players/full/5f26df4f.png,https://www.espncricinfo.com/cricketers/vs-malik-5f26df4f
2013,WD Parnell,3a60e0b5,Pune Warriors,4,5,7,1,5.0,71.43,0,0,89,14.83,137,6,14.83,9.24,33,37.08,16,4,12,0,25.0,8,3a60e0b5,https://a.espncdn.com/i/headshots/cricket/players/full/3a60e0b5.png,https://www.espncricinfo.com/cricketers/wd-parnell-3a60e0b5
2013,WP Saha,fe11caa6,Chennai Super Kings,3,70,56,3,23.33,125.0,6,4,0,,0,0,,,0,,18,12,6,0,66.67,24,fe11caa6,https://a.espncdn.com/i/headshots/cricket/players/full/fe11caa6.png,https://www.espncricinfo.com/cricketers/wp-saha-fe11caa6
2013,X Thalaivan Sargunam,1763bc6c,Sunrisers Hyderabad,1,10,17,1,10.0,58.82,0,0,0,,0,0,,,0,,17,9,7,1,56.25,19,1763bc6c,https://a.espncdn.com/i/headshots/cricket/players/full/1763bc6c.png,https://www.espncricinfo.com/cricketers/x-thalaivan-sargunam-1763bc6c
2013,Y Venugopal Rao,fe763256,Delhi Daredevils,1,0,0,0,,,0,0,0,,0,0,,,0,,16,3,12,1,20.0,7,fe763256,https://a.espncdn.com/i/headshots/cricket/players/full/fe763256.png,https://www.espncricinfo.com/cricketers/y-venugopal-rao-fe763256
2013,YK Pathan,3c6ffae8,Kolkata Knight Riders,16,332,239,12,27.67,138.91,30,15,54,9.0,73,1,54.0,8.11,14,25.93,16,6,10,0,37.5,12,3c6ffae8,https://a.espncdn.com/i/headshots/cricket/players/full/3c6ffae8.png,https://www.espncricinfo.com/cricketers/yk-pathan-3c6ffae8
2013,YS Chahal,57ee1fde,Mumbai Indians,1,0,0,0,,,0,0,24,4.0,34,0,,8.5,8,33.33,19,13,6,0,68.42,26,57ee1fde,https://a.espncdn.com/i/headshots/cricket/players/full/57ee1fde.png,https://www.espncricinfo.com/cricketers/ys-chahal-57ee1fde
2013,Yuvraj Singh,1c914163,Pune Warriors,13,238,190,12,19.83,125.26,14,15,132,22.0,152,6,22.0,6.91,39,29.55,16,4,12,0,25.0,8,1c914163,https://a.espncdn.com/i/headshots/cricket/players/full/1c914163.png,https://www.espncricinfo.com/cricketers/yuvraj-singh-1c914163
2013,Z Khan,91a4a398,Royal Challengers Bangalore,2,0,0,0,,,0,0,36,6.0,47,5,7.2,7.83,18,50.0,16,8,6,2,57.14,18,91a4a398,https://a.espncdn.com/i/headshots/cricket/players/full/91a4a398.png,https://www.espncricinfo.com/cricketers/z-khan-91a4a398
2014,A Mishra,6b19d823,Sunrisers Hyderabad,10,4,7,1,4.0,57.14,0,0,225,37.5,340,7,32.14,9.07,66,29.33,14,6,8,0,42.86,12,6b19d823,https://a.espncdn.com/i/headshots/cricket/players/full/6b19d823.png,https://www.espncricinfo.com/cricketers/a-mishra-6b19d823
2014,A Nehra,96fd40ae,Chennai Super Kings,4,0,0,0,,,0,0,90,15.0,142,8,11.25,9.47,30,33.33,16,10,6,0,62.5,20,96fd40ae,https://a.espncdn.com/i/headshots/cricket/players/full/96fd40ae.png,https://www.espncricinfo.com/cricketers/a-nehra-96fd40ae
2014,AB Dinda,66b30f71,Royal Challengers Bangalore,9,4,12,1,4.0,33.33,0,0,186,31.0,270,5,37.2,8.71,64,34.41,14,5,9,0,35.71,10,66b30f71,https://a.espncdn.com/i/headshots/cricket/players/full/66b30f71.png,https://www.espncricinfo.com/cricketers/ab-dinda-66b30f71
2014,AB de Villiers,c4487b84,Royal Challengers Bangalore,14,395,248,11,35.91,159.27,26,24,0,,0,0,,,0,,14,5,9,0,35.71,10,c4487b84,https://a.espncdn.com/i/headshots/cricket/players/full/c4487b84.png,https://www.espncricinfo.com/cricketers/ab-de-villiers-c4487b84
2014,AD Russell,bbd41817,Kolkata Knight Riders,2,2,8,2,1.0,25.0,0,0,30,5.0,52,1,30.0,10.4,6,20.0,16,11,4,1,73.33,23,bbd41817,https://a.espncdn.com/i/headshots/cricket/players/full/bbd41817.png,https://www.espncricinfo.com/cricketers/ad-russell-bbd41817
2014,AJ Finch,b8d490fd,Sunrisers Hyderabad,13,309,261,11,28.09,118.39,31,9,0,,0,0,,,0,,14,6,8,0,42.86,12,b8d490fd,https://a.espncdn.com/i/headshots/cricket/players/full/b8d490fd.png,https://www.espncricinfo.com/cricketers/aj-finch-b8d490fd
2014,AM Nayar,a45a5e8d,Rajasthan Royals,5,43,46,4,10.75,93.48,5,1,0,,0,0,,,0,,14,6,7,1,46.15,13,a45a5e8d,https://a.espncdn.com/i/headshots/cricket/players/full/a45a5e8d.png,https://www.espncricinfo.com/cricketers/am-nayar-a45a5e8d
2014,AM Rahane,29e95537,Rajasthan Royals,13,339,291,10,33.9,116.49,38,3,0,,0,0,,,0,,14,6,7,1,46.15,13,29e95537,https://a.espncdn.com/i/headshots/cricket/players/full/29e95537.png,https://www.espncricinfo.com/cricketers/am-rahane-29e95537
2014,AN Ahmed,2af1b6d2,Royal Challengers Bangalore,4,4,1,0,,400.0,1,0,86,14.33,113,3,28.67,7.88,25,29.07,14,5,9,0,35.71,10,2af1b6d2,https://a.espncdn.com/i/headshots/cricket/players/full/2af1b6d2.png,https://www.espncricinfo.com/cricketers/an-ahmed-2af1b6d2
2014,AP Tare,855a210c,Mumbai Indians,15,126,97,8,15.75,129.9,16,3,0,,0,0,,,0,,15,7,8,0,46.67,14,855a210c,https://a.espncdn.com/i/headshots/cricket/players/full/855a210c.png,https://www.espncricinfo.com/cricketers/ap-tare-855a210c
2014,AR Patel,2e171977,Kings XI Punjab,17,62,60,5,12.4,103.33,6,1,396,66.0,405,17,23.29,6.14,157,39.65,17,12,5,0,70.59,24,2e171977,https://a.espncdn.com/i/headshots/cricket/players/full/2e171977.png,https://www.espncricinfo.com/cricketers/ar-patel-2e171977
2014,AT Rayudu,70d205c9,Mumbai Indians,15,361,286,14,25.79,126.22,31,8,0,,0,0,,,0,,15,7,8,0,46.67,14,70d205c9,https://a.espncdn.com/i/headshots/cricket/players/full/70d205c9.png,https://www.espncricinfo.com/cricketers/at-rayudu-70d205c9
2014,Ankit Sharma,24d94623,Rajasthan Royals,3,34,30,2,17.0,113.33,4,1,48,8.0,43,4,12.0,5.38,22,45.83,14,6,7,1,46.15,13,24d94623,https://a.espncdn.com/i/headshots/cricket/players/full/24d94623.png,https://www.espncricinfo.com/cricketers/ankit-sharma-24d94623
2014,B Kumar,2e81a32d,Sunrisers Hyderabad,14,1,4,1,1.0,25.0,0,0,319,53.17,354,20,15.95,6.66,152,47.65,14,6,8,0,42.86,12,2e81a32d,https://a.espncdn.com/i/headshots/cricket/players/full/2e81a32d.png,https://www.espncricinfo.com/cricketers/b-kumar-2e81a32d
2014,BB McCullum,b8a55852,Chennai Super Kings,14,405,333,13,31.15,121.62,32,19,0,,0,0,,,0,,16,10,6,0,62.5,20,b8a55852,https://a.espncdn.com/i/headshots/cricket/players/full/b8a55852.png,https://www.espncricinfo.com/cricketers/bb-mccullum-b8a55852
2014,BCJ Cutting,2e11c706,Rajasthan Royals,1,8,6,0,,133.33,0,1,24,4.0,31,1,24.0,7.75,9,37.5,14,6,7,1,46.15,13,2e11c706,https://a.espncdn.com/i/headshots/cricket/players/full/2e11c706.png,https://www.espncricinfo.com/cricketers/bcj-cutting-2e11c706
2014,BE Hendricks,b56dc5f7,Kings XI Punjab,3,0,1,1,0.0,0.0,0,0,72,12.0,126,4,18.0,10.5,25,34.72,17,12,5,0,70.59,24,b56dc5f7,https://a.espncdn.com/i/headshots/cricket/players/full/b56dc5f7.png,https://www.espncricinfo.com/cricketers/be-hendricks-b56dc5f7
2014,BJ Hodge,b57f8a9a,Rajasthan Royals,4,101,72,3,33.67,140.28,4,6,0,,0,0,,,0,,14,6,7,1,46.15,13,b57f8a9a,https://a.espncdn.com/i/headshots/cricket/players/full/b57f8a9a.png,https://www.espncricinfo.com/cricketers/bj-hodge-b57f8a9a
2014,BR Dunk,272d796e,Mumbai Indians,3,40,35,3,13.33,114.29,7,0,0,,0,0,,,0,,15,7,8,0,46.67,14,272d796e,https://a.espncdn.com/i/headshots/cricket/players/full/272d796e.png,https://www.espncricinfo.com/cricketers/br-dunk-272d796e
2014,BW Hilfenhaus,f3171936,Chennai Super Kings,8,0,0,0,,,0,0,168,28.0,246,8,21.0,8.79,70,41.67,16,10,6,0,62.5,20,f3171936,https://a.espncdn.com/i/headshots/cricket/players/full/f3171936.png,https://www.espncricinfo.com/cricketers/bw-hilfenhaus-f3171936
2014,CA Lynn,45eda7c8,Kolkata Knight Riders,2,58,49,2,29.0,118.37,5,3,0,,0,0,,,0,,16,11,4,1,73.33,23,45eda7c8,https://a.espncdn.com/i/headshots/cricket/players/full/45eda7c8.png,https://www.espncricinfo.com/cricketers/ca-lynn-45eda7c8
2014,CA Pujara,d4f9dbd4,Kings XI Punjab,6,125,123,4,31.25,101.63,17,0,0,,0,0,,,0,,17,12,5,0,70.59,24,d4f9dbd4,https://a.espncdn.com/i/headshots/cricket/players/full/d4f9dbd4.png,https://www.espncricinfo.com/cricketers/ca-pujara-d4f9dbd4
2014,CH Gayle,db584dad,Royal Challengers Bangalore,9,196,184,9,21.78,106.52,18,12,0,,0,0,,,0,,14,5,9,0,35.71,10,db584dad,https://a.espncdn.com/i/headshots/cricket/players/full/db584dad.png,https://www.espncricinfo.com/cricketers/ch-gayle-db584dad
2014,CJ Anderson,8abdf100,Mumbai Indians,12,265,181,9,29.44,146.41,21,15,108,18.0,184,4,27.0,10.22,35,32.41,15,7,8,0,46.67,14,8abdf100,https://a.espncdn.com/i/headshots/cricket/players/full/8abdf100.png,https://www.espncricinfo.com/cricketers/cj-anderson-8abdf100
2014,CM Gautam,30a2649b,Mumbai Indians,9,121,110,6,20.17,110.0,13,5,0,,0,0,,,0,,15,7,8,0,46.67,14,30a2649b,https://a.espncdn.com/i/headshots/cricket/players/full/30a2649b.png,https://www.espncricinfo.com/cricketers/cm-gautam-30a2649b
2014,DA Miller,d67d5f00,Kings XI Punjab,16,446,299,9,49.56,149.16,34,21,0,,0,0,,,0,,17,12,5,0,70.59,24,d67d5f00,https://a.espncdn.com/i/headshots/cricket/players/full/d67d5f00.png,https://www.espncricinfo.com/cricketers/da-miller-d67d5f00
2014,DA Warner,dcce6f09,Sunrisers Hyderabad,14,528,371,12,44.0,142.32,39,24,0,,0,0,,,0,,14,6,8,0,42.86,12,dcce6f09,https://a.espncdn.com/i/headshots/cricket/players/full/dcce6f09.png,https://www.espncricinfo.com/cricketers/da-warner-dcce6f09
2014,DH Yagnik,063b3673,Rajasthan Royals,1,4,6,0,,66.67,0,0,0,,0,0,,,0,,14,6,7,1,46.15,13,063b3673,https://a.espncdn.com/i/headshots/cricket/players/full/063b3673.png,https://www.espncricinfo.com/cricketers/dh-yagnik-063b3673
2014,DJ Bravo,87e562a9,Chennai Super Kings,1,8,3,0,,266.67,0,1,0,,0,0,,,0,,16,10,6,0,62.5,20,87e562a9,https://a.espncdn.com/i/headshots/cricket/players/full/87e562a9.png,https://www.espncricinfo.com/cricketers/dj-bravo-87e562a9
2014,DJ Hussey,fd835ab3,Chennai Super Kings,5,116,94,2,58.0,123.4,8,6,17,2.83,38,2,8.5,13.41,5,29.41,16,10,6,0,62.5,20,fd835ab3,https://a.espncdn.com/i/headshots/cricket/players/full/fd835ab3.png,https://www.espncricinfo.com/cricketers/dj-hussey-fd835ab3
2014,DJG Sammy,c03c6200,Sunrisers Hyderabad,10,108,91,7,15.43,118.68,4,8,84,14.0,157,3,28.0,11.21,20,23.81,14,6,8,0,42.86,12,c03c6200,https://a.espncdn.com/i/headshots/cricket/players/full/c03c6200.png,https://www.espncricinfo.com/cricketers/djg-sammy-c03c6200
2014,DR Smith,35205dfc,Chennai Super Kings,16,566,415,17,33.29,136.39,50,34,60,10.0,95,4,15.0,9.5,15,25.0,16,10,6,0,62.5,20,35205dfc,https://a.espncdn.com/i/headshots/cricket/players/full/35205dfc.png,https://www.espncricinfo.com/cricketers/dr-smith-35205dfc
2014,DS Kulkarni,d2a989fc,Rajasthan Royals,8,35,25,1,35.0,140.0,1,2,162,27.0,221,6,27.0,8.19,70,43.21,14,6,7,1,46.15,13,d2a989fc,https://a.espncdn.com/i/headshots/cricket/players/full/d2a989fc.png,https://www.espncricinfo.com/cricketers/ds-kulkarni-d2a989fc
2014,DW Steyn,8fd1a8f5,Sunrisers Hyderabad,14,22,26,2,11.0,84.62,1,0,336,56.0,431,11,30.55,7.7,145,43.15,14,6,8,0,42.86,12,8fd1a8f5,https://a.espncdn.com/i/headshots/cricket/players/full/8fd1a8f5.png,https://www.espncricinfo.com/cricketers/dw-steyn-8fd1a8f5
2014,F du Plessis,3355b542,Chennai Super Kings,15,303,235,10,30.3,128.94,26,7,0,,0,0,,,0,,16,10,6,0,62.5,20,3355b542,https://a.espncdn.com/i/headshots/cricket/players/full/3355b542.png,https://www.espncricinfo.com/cricketers/f-du-plessis-3355b542
2014,G Gambhir,bb345e0b,Kolkata Knight Riders,16,335,290,14,23.93,115.52,36,4,0,,0,0,,,0,,16,11,4,1,73.33,23,bb345e0b,https://a.espncdn.com/i/headshots/cricket/players/full/bb345e0b.png,https://www.espncricinfo.com/cricketers/g-gambhir-bb345e0b
2014,GJ Bailey,5056011d,Kings XI Punjab,17,257,188,10,25.7,136.7,19,10,0,,0,0,,,0,,17,12,5,0,70.59,24,5056011d,https://a.espncdn.com/i/headshots/cricket/players/full/5056011d.png,https://www.espncricinfo.com/cricketers/gj-bailey-5056011d
2014,GJ Maxwell,b681e71e,Kings XI Punjab,16,552,291,17,32.47,189.69,48,36,66,11.0,132,1,66.0,12.0,14,21.21,17,12,5,0,70.59,24,b681e71e,https://a.espncdn.com/i/headshots/cricket/players/full/b681e71e.png,https://www.espncricinfo.com/cricketers/gj-maxwell-b681e71e
2014,HV Patel,f986ca1a,Royal Challengers Bangalore,3,13,7,2,6.5,185.71,1,1,66,11.0,113,4,16.5,10.27,22,33.33,14,5,9,0,35.71,10,f986ca1a,https://a.espncdn.com/i/headshots/cricket/players/full/f986ca1a.png,https://www.espncricinfo.com/cricketers/hv-patel-f986ca1a
2014,Harbhajan Singh,8b5b6769,Mumbai Indians,14,28,25,6,4.67,112.0,2,2,330,55.0,356,14,23.57,6.47,138,41.82,15,7,8,0,46.67,14,8b5b6769,https://a.espncdn.com/i/headshots/cricket/players/full/8b5b6769.png,https://www.espncricinfo.com/cricketers/harbhajan-singh-8b5b6769
2014,I Sharma,5bb1a1c4,Sunrisers Hyderabad,3,0,0,0,,,0,0,66,11.0,101,3,22.0,9.18,26,39.39,14,6,8,0,42.86,12,5bb1a1c4,https://a.espncdn.com/i/headshots/cricket/players/full/5bb1a1c4.png,https://www.espncricinfo.com/cricketers/i-sharma-5bb1a1c4
2014,IC Pandey,e0407c01,Chennai Super Kings,13,0,0,0,,,0,0,252,42.0,318,6,42.0,7.57,112,44.44,16,10,6,0,62.5,20,e0407c01,https://a.espncdn.com/i/headshots/cricket/players/full/e0407c01.png,https://www.espncricinfo.com/cricketers/ic-pandey-e0407c01
2014,IK Pathan,5fa06777,Sunrisers Hyderabad,10,55,54,4,13.75,101.85,5,0,142,23.67,205,4,35.5,8.66,41,28.87,14,6,8,0,42.86,12,5fa06777,https://a.espncdn.com/i/headshots/cricket/players/full/5fa06777.png,https://www.espncricinfo.com/cricketers/ik-pathan-5fa06777
2014,Imran Tahir,acee4cc4,Delhi Daredevils,6,8,10,2,4.0,80.0,2,0,125,20.83,171,9,13.89,8.21,38,30.4,14,2,12,0,14.29,4,acee4cc4,https://a.espncdn.com/i/headshots/cricket/players/full/acee4cc4.png,https://www.espncricinfo.com/cricketers/imran-tahir-acee4cc4
2014,Iqbal Abdulla,85aae393,Rajasthan Royals,1,0,0,0,,,0,0,12,2.0,17,0,,8.5,2,16.67,14,6,7,1,46.15,13,85aae393,https://a.espncdn.com/i/headshots/cricket/players/full/85aae393.png,https://www.espncricinfo.com/cricketers/iqbal-abdulla-85aae393
2014,JA Morkel,c3d35165,Royal Challengers Bangalore,7,45,41,3,15.0,109.76,1,3,96,16.0,126,4,24.0,7.88,40,41.67,14,5,9,0,35.71,10,c3d35165,https://a.espncdn.com/i/headshots/cricket/players/full/c3d35165.png,https://www.espncricinfo.com/cricketers/ja-morkel-c3d35165
2014,JD Unadkat,1e66c162,Delhi Daredevils,9,1,6,1,1.0,16.67,0,0,187,31.17,270,9,20.78,8.66,59,31.55,14,2,12,0,14.29,4,1e66c162,https://a.espncdn.com/i/headshots/cricket/players/full/1e66c162.png,https://www.espncricinfo.com/cricketers/jd-unadkat-1e66c162
2014,JDS Neesham,9219eff0,Delhi Daredevils,4,42,46,3,14.0,91.3,3,1,54,9.0,91,1,54.0,10.11,14,25.93,14,2,12,0,14.29,4,9219eff0,https://a.espncdn.com/i/headshots/cricket/players/full/9219eff0.png,https://www.espncricinfo.com/cricketers/jds-neesham-9219eff0
2014,JH Kallis,86dc8f2e,Kolkata Knight Riders,8,151,128,6,25.17,117.97,13,4,132,22.0,186,4,33.0,8.45,39,29.55,16,11,4,1,73.33,23,86dc8f2e,https://a.espncdn.com/i/headshots/cricket/players/full/86dc8f2e.png,https://www.espncricinfo.com/cricketers/jh-kallis-86dc8f2e
2014,JJ Bumrah,462411b3,Mumbai Indians,11,1,3,1,1.0,33.33,0,0,238,39.67,301,5,47.6,7.59,92,38.66,15,7,8,0,46.67,14,462411b3,https://a.espncdn.com/i/headshots/cricket/players/full/462411b3.png,https://www.espncricinfo.com/cricketers/jj-bumrah-462411b3
2014,JO Holder,0f721006,Sunrisers Hyderabad,1,16,12,1,16.0,133.33,2,1,18,3.0,35,1,18.0,11.67,6,33.33,14,6,8,0,42.86,12,0f721006,https://a.espncdn.com/i/headshots/cricket/players/full/0f721006.png,https://www.espncricinfo.com/cricketers/jo-holder-0f721006
2014,JP Duminy,2e8994e7,Delhi Daredevils,14,410,302,8,51.25,135.76,22,20,198,33.0,240,3,66.0,7.27,60,30.3,14,2,12,0,14.29,4,2e8994e7,https://a.espncdn.com/i/headshots/cricket/players/full/2e8994e7.png,https://www.espncricinfo.com/cricketers/jp-duminy-2e8994e7
2014,JP Faulkner,808f425a,Rajasthan Royals,13,181,93,5,36.2,194.62,8,16,264,44.0,429,11,24.0,9.75,72,27.27,14,6,7,1,46.15,13,808f425a,https://a.espncdn.com/i/headshots/cricket/players/full/808f425a.png,https://www.espncricinfo.com/cricketers/jp-faulkner-808f425a
2014,JW Hastings,012829ff,Chennai Super Kings,1,0,0,0,,,0,0,18,3.0,29,1,18.0,9.67,9,50.0,16,10,6,0,62.5,20,012829ff,https://a.espncdn.com/i/headshots/cricket/players/full/012829ff.png,https://www.espncricinfo.com/cricketers/jw-hastings-012829ff
2014,K Santokie,531f0278,Mumbai Indians,2,0,0,0,,,0,0,48,8.0,90,3,16.0,11.25,15,31.25,15,7,8,0,46.67,14,531f0278,https://a.espncdn.com/i/headshots/cricket/players/full/531f0278.png,https://www.espncricinfo.com/cricketers/k-santokie-531f0278
2014,KA Pollard,a757b0d8,Mumbai Indians,15,273,202,9,30.33,135.15,15,15,150,25.0,262,2,75.0,10.48,33,22.0,15,7,8,0,46.67,14,a757b0d8,https://a.espncdn.com/i/headshots/cricket/players/full/a757b0d8.png,https://www.espncricinfo.com/cricketers/ka-pollard-a757b0d8
2014,KD Karthik,c03f1114,Delhi Daredevils,14,325,258,14,23.21,125.97,28,11,0,,0,0,,,0,,14,2,12,0,14.29,4,c03f1114,https://a.espncdn.com/i/headshots/cricket/players/full/c03f1114.png,https://www.espncricinfo.com/cricketers/kd-karthik-c03f1114
2014,KK Cooper,557153ca,Rajasthan Royals,5,39,26,3,13.0,150.0,2,3,108,18.0,134,4,27.0,7.44,34,31.48,14,6,7,1,46.15,13,557153ca,https://a.espncdn.com/i/headshots/cricket/players/full/557153ca.png,https://www.espncricinfo.com/cricketers/kk-cooper-557153ca
2014,KK Nair,944533a5,Rajasthan Royals,11,330,232,11,30.0,142.24,38,9,0,,0,0,,,0,,14,6,7,1,46.15,13,944533a5,https://a.espncdn.com/i/headshots/cricket/players/full/944533a5.png,https://www.espncricinfo.com/cricketers/kk-nair-944533a5
2014,KL Rahul,b17e2f24,Sunrisers Hyderabad,11,166,164,8,20.75,101.22,12,3,0,,0,0,,,0,,14,6,8,0,42.86,12,b17e2f24,https://a.espncdn.com/i/headshots/cricket/players/full/b17e2f24.png,https://www.espncricinfo.com/cricketers/kl-rahul-b17e2f24
2014,KM Jadhav,99d63244,Delhi Daredevils,10,149,99,3,49.67,150.51,13,7,0,,0,0,,,0,,14,2,12,0,14.29,4,99d63244,https://a.espncdn.com/i/headshots/cricket/players/full/99d63244.png,https://www.espncricinfo.com/cricketers/km-jadhav-99d63244
2014,KP Pietersen,39f01cdb,Delhi Daredevils,11,294,233,10,29.4,126.18,34,7,0,,0,0,,,0,,14,2,12,0,14.29,4,39f01cdb,https://a.espncdn.com/i/headshots/cricket/players/full/39f01cdb.png,https://www.espncricinfo.com/cricketers/kp-pietersen-39f01cdb
2014,KV Sharma,119678fd,Sunrisers Hyderabad,14,42,29,3,14.0,144.83,1,3,304,50.67,376,15,20.27,7.42,114,37.5,14,6,8,0,42.86,12,119678fd,https://a.espncdn.com/i/headshots/cricket/players/full/119678fd.png,https://www.espncricinfo.com/cricketers/kv-sharma-119678fd
2014,KW Richardson,dfc4d8b5,Rajasthan Royals,7,1,2,1,1.0,50.0,0,0,162,27.0,206,9,18.0,7.63,62,38.27,14,6,7,1,46.15,13,dfc4d8b5,https://a.espncdn.com/i/headshots/cricket/players/full/dfc4d8b5.png,https://www.espncricinfo.com/cricketers/kw-richardson-dfc4d8b5
2014,Karanveer Singh,1647bd37,Kings XI Punjab,5,1,1,0,,100.0,0,0,120,20.0,164,11,10.91,8.2,42,35.0,17,12,5,0,70.59,24,1647bd37,https://a.espncdn.com/i/headshots/cricket/players/full/1647bd37.png,https://www.espncricinfo.com/cricketers/karanveer-singh-1647bd37
2014,L Balaji,b2b50355,Kings XI Punjab,9,1,3,1,1.0,33.33,0,0,204,34.0,299,12,17.0,8.79,72,35.29,17,12,5,0,70.59,24,b2b50355,https://a.espncdn.com/i/headshots/cricket/players/full/b2b50355.png,https://www.espncricinfo.com/cricketers/l-balaji-b2b50355
2014,LMP Simmons,89f64c19,Mumbai Indians,8,394,290,7,56.29,135.86,43,14,18,3.0,34,1,18.0,11.33,2,11.11,15,7,8,0,46.67,14,89f64c19,https://a.espncdn.com/i/headshots/cricket/players/full/89f64c19.png,https://www.espncricinfo.com/cricketers/lmp-simmons-89f64c19
2014,LR Shukla,b1451597,Delhi Daredevils,5,31,38,3,10.33,81.58,2,1,56,9.33,83,1,56.0,8.89,22,39.29,14,2,12,0,14.29,4,b1451597,https://a.espncdn.com/i/headshots/cricket/players/full/b1451597.png,https://www.espncricinfo.com/cricketers/lr-shukla-b1451597
2014,LRPL Taylor,b61a3e1a,Delhi Daredevils,4,59,59,3,19.67,100.0,6,0,0,,0,0,,,0,,14,2,12,0,14.29,4,b61a3e1a,https://a.espncdn.com/i/headshots/cricket/players/full/b61a3e1a.png,https://www.espncricinfo.com/cricketers/lrpl-taylor-b61a3e1a
2014,M Kartik,abfeb126,Kings XI Punjab,2,0,0,0,,,0,0,48,8.0,91,1,48.0,11.38,10,20.83,17,12,5,0,70.59,24,abfeb126,https://a.espncdn.com/i/headshots/cricket/players/full/abfeb126.png,https://www.espncricinfo.com/cricketers/m-kartik-abfeb126
2014,M Manhas,c42aaf71,Chennai Super Kings,12,35,23,3,11.67,152.17,3,1,0,,0,0,,,0,,16,10,6,0,62.5,20,c42aaf71,https://a.espncdn.com/i/headshots/cricket/players/full/c42aaf71.png,https://www.espncricinfo.com/cricketers/m-manhas-c42aaf71
2014,M Morkel,5bb5a915,Kolkata Knight Riders,12,4,3,0,,133.33,0,0,288,48.0,367,12,24.0,7.65,148,51.39,16,11,4,1,73.33,23,5bb5a915,https://a.espncdn.com/i/headshots/cricket/players/full/5bb5a915.png,https://www.espncricinfo.com/cricketers/m-morkel-5bb5a915
2014,M Muralitharan,4ba44e19,Royal Challengers Bangalore,5,0,0,0,,,0,0,96,16.0,124,3,32.0,7.75,36,37.5,14,5,9,0,35.71,10,4ba44e19,https://a.espncdn.com/i/headshots/cricket/players/full/4ba44e19.png,https://www.espncricinfo.com/cricketers/m-muralitharan-4ba44e19
2014,M Vijay,4b57e452,Delhi Daredevils,11,207,192,12,17.25,107.81,20,5,6,1.0,13,0,,13.0,2,33.33,14,2,12,0,14.29,4,4b57e452,https://a.espncdn.com/i/headshots/cricket/players/full/4b57e452.png,https://www.espncricinfo.com/cricketers/m-vijay-4b57e452
2014,M Vohra,c03e2850,Kings XI Punjab,8,324,232,7,46.29,139.66,27,16,0,,0,0,,,0,,17,12,5,0,70.59,24,c03e2850,https://a.espncdn.com/i/headshots/cricket/players/full/c03e2850.png,https://www.espncricinfo.com/cricketers/m-vohra-c03e2850
2014,M de Lange,d4eef961,Mumbai Indians,1,1,2,1,1.0,50.0,0,0,24,4.0,32,2,12.0,8.0,7,29.17,15,7,8,0,46.67,14,d4eef961,https://a.espncdn.com/i/headshots/cricket/players/full/d4eef961.png,https://www.espncricinfo.com/cricketers/m-de-lange-d4eef961
2014,MA Agarwal,00ea847a,Delhi Daredevils,8,115,91,8,14.38,126.37,12,3,0,,0,0,,,0,,14,2,12,0,14.29,4,00ea847a,https://a.espncdn.com/i/headshots/cricket/players/full/00ea847a.png,https://www.espncricinfo.com/cricketers/ma-agarwal-00ea847a
2014,MA Starc,3fb19989,Royal Challengers Bangalore,14,85,84,5,17.0,101.19,9,0,322,53.67,402,14,23.0,7.49,127,39.44,14,5,9,0,35.71,10,3fb19989,https://a.espncdn.com/i/headshots/cricket/players/full/3fb19989.png,https://www.espncricinfo.com/cricketers/ma-starc-3fb19989
2014,MC Henriques,32198ae0,Sunrisers Hyderabad,4,9,14,2,4.5,64.29,1,0,60,10.0,96,4,15.0,9.6,20,33.33,14,6,8,0,42.86,12,32198ae0,https://a.espncdn.com/i/headshots/cricket/players/full/32198ae0.png,https://www.espncricinfo.com/cricketers/mc-henriques-32198ae0
2014,MEK Hussey,48fd7349,Mumbai Indians,9,209,182,8,26.12,114.84,17,7,0,,0,0,,,0,,15,7,8,0,46.67,14,48fd7349,https://a.espncdn.com/i/headshots/cricket/players/full/48fd7349.png,https://www.espncricinfo.com/cricketers/mek-hussey-48fd7349
2014,MG Johnson,f5180fe6,Kings XI Punjab,14,56,50,3,18.67,112.0,4,3,321,53.5,444,17,18.88,8.3,135,42.06,17,12,5,0,70.59,24,f5180fe6,https://a.espncdn.com/i/headshots/cricket/players/full/f5180fe6.png,https://www.espncricinfo.com/cricketers/mg-johnson-f5180fe6
2014,MK Pandey,93b4fc78,Kolkata Knight Riders,16,409,343,13,31.46,119.24,35,11,0,,0,0,,,0,,16,11,4,1,73.33,23,93b4fc78,https://a.espncdn.com/i/headshots/cricket/players/full/93b4fc78.png,https://www.espncricinfo.com/cricketers/mk-pandey-93b4fc78
2014,MK Tiwary,26e5cabf,Delhi Daredevils,8,152,118,6,25.33,128.81,14,4,12,2.0,28,0,,14.0,3,25.0,14,2,12,0,14.29,4,26e5cabf,https://a.espncdn.com/i/headshots/cricket/players/full/26e5cabf.png,https://www.espncricinfo.com/cricketers/mk-tiwary-26e5cabf
2014,MM Sharma,759ac88f,Chennai Super Kings,16,1,3,0,,33.33,0,0,323,53.83,452,23,14.04,8.4,118,36.53,16,10,6,0,62.5,20,759ac88f,https://a.espncdn.com/i/headshots/cricket/players/full/759ac88f.png,https://www.espncricinfo.com/cricketers/mm-sharma-759ac88f
2014,MS Bisla,5afd4539,Kolkata Knight Riders,1,3,9,1,3.0,33.33,0,0,0,,0,0,,,0,,16,11,4,1,73.33,23,5afd4539,https://a.espncdn.com/i/headshots/cricket/players/full/5afd4539.png,https://www.espncricinfo.com/cricketers/ms-bisla-5afd4539
2014,MS Dhoni,4a8a2e3b,Chennai Super Kings,16,371,247,6,61.83,150.2,22,20,0,,0,0,,,0,,16,10,6,0,62.5,20,4a8a2e3b,https://a.espncdn.com/i/headshots/cricket/players/full/4a8a2e3b.png,https://www.espncricinfo.com/cricketers/ms-dhoni-4a8a2e3b
2014,Mandeep Singh,c3a96caf,Kings XI Punjab,3,24,25,3,8.0,96.0,2,0,0,,0,0,,,0,,17,12,5,0,70.59,24,c3a96caf,https://a.espncdn.com/i/headshots/cricket/players/full/c3a96caf.png,https://www.espncricinfo.com/cricketers/mandeep-singh-c3a96caf
2014,Mohammed Shami,8cf9814c,Delhi Daredevils,12,3,7,2,1.5,42.86,0,0,264,44.0,369,7,37.71,8.39,102,38.64,14,2,12,0,14.29,4,8cf9814c,https://a.espncdn.com/i/headshots/cricket/players/full/8cf9814c.png,https://www.espncricinfo.com/cricketers/mohammed-shami-8cf9814c
2014,NJ Maddinson,44afbf2d,Royal Challengers Bangalore,2,16,14,2,8.0,114.29,3,0,0,,0,0,,,0,,14,5,9,0,35.71,10,44afbf2d,https://a.espncdn.com/i/headshots/cricket/players/full/44afbf2d.png,https://www.espncricinfo.com/cricketers/nj-maddinson-44afbf2d
2014,NM Coulter-Nile,56ab442f,Delhi Daredevils,2,0,0,0,,,0,0,24,4.0,27,2,12.0,6.75,12,50.0,14,2,12,0,14.29,4,56ab442f,https://a.espncdn.com/i/headshots/cricket/players/full/56ab442f.png,https://www.espncricinfo.com/cricketers/nm-coulter-nile-56ab442f
2014,NV Ojha,890946a0,Sunrisers Hyderabad,11,232,160,6,38.67,145.0,14,17,0,,0,0,,,0,,14,6,8,0,42.86,12,890946a0,https://a.espncdn.com/i/headshots/cricket/players/full/890946a0.png,https://www.espncricinfo.com/cricketers/nv-ojha-890946a0
2014,P Awana,1a0c3177,Kings XI Punjab,7,0,0,0,,,0,0,141,23.5,245,7,20.14,10.43,48,34.04,17,12,5,0,70.59,24,1a0c3177,https://a.espncdn.com/i/headshots/cricket/players/full/1a0c3177.png,https://www.espncricinfo.com/cricketers/p-awana-1a0c3177
2014,P Kumar,e938e1bc,Mumbai Indians,3,1,2,1,1.0,50.0,0,0,72,12.0,78,3,24.0,6.5,33,45.83,15,7,8,0,46.67,14,e938e1bc,https://a.espncdn.com/i/headshots/cricket/players/full/e938e1bc.png,https://www.espncricinfo.com/cricketers/p-kumar-e938e1bc
2014,P Negi,f62772e5,Chennai Super Kings,2,0,0,0,,,0,0,42,7.0,75,0,,10.71,8,19.05,16,10,6,0,62.5,20,f62772e5,https://a.espncdn.com/i/headshots/cricket/players/full/f62772e5.png,https://www.espncricinfo.com/cricketers/p-negi-f62772e5
2014,P Suyal,cedc1d9a,Mumbai Indians,1,0,0,0,,,0,0,18,3.0,35,1,18.0,11.67,8,44.44,15,7,8,0,46.67,14,cedc1d9a,https://a.espncdn.com/i/headshots/cricket/players/full/cedc1d9a.png,https://www.espncricinfo.com/cricketers/p-suyal-cedc1d9a
2014,PA Patel,b5da6c24,Royal Challengers Bangalore,12,205,185,9,22.78,110.81,30,1,0,,0,0,,,0,,14,5,9,0,35.71,10,b5da6c24,https://a.espncdn.com/i/headshots/cricket/players/full/b5da6c24.png,https://www.espncricinfo.com/cricketers/pa-patel-b5da6c24
2014,PJ Cummins,ded9240e,Kolkata Knight Riders,1,0,0,0,,,0,0,24,4.0,29,1,24.0,7.25,12,50.0,16,11,4,1,73.33,23,ded9240e,https://a.espncdn.com/i/headshots/cricket/players/full/ded9240e.png,https://www.espncricinfo.com/cricketers/pj-cummins-ded9240e
2014,PP Chawla,98ae73b1,Kolkata Knight Riders,11,31,19,3,10.33,163.16,4,1,237,39.5,303,14,16.93,7.67,79,33.33,16,11,4,1,73.33,23,98ae73b1,https://a.espncdn.com/i/headshots/cricket/players/full/98ae73b1.png,https://www.espncricinfo.com/cricketers/pp-chawla-98ae73b1
2014,PP Ojha,6c6591ab,Mumbai Indians,12,4,8,1,4.0,50.0,0,0,276,46.0,380,4,69.0,8.26,100,36.23,15,7,8,0,46.67,14,6c6591ab,https://a.espncdn.com/i/headshots/cricket/players/full/6c6591ab.png,https://www.espncricinfo.com/cricketers/pp-ojha-6c6591ab
2014,PV Tambe,6aed7e79,Rajasthan Royals,13,5,9,1,5.0,55.56,0,0,294,49.0,356,15,19.6,7.27,89,30.27,14,6,7,1,46.15,13,6aed7e79,https://a.espncdn.com/i/headshots/cricket/players/full/6aed7e79.png,https://www.espncricinfo.com/cricketers/pv-tambe-6aed7e79
2014,Parvez Rasool,9170ff49,Sunrisers Hyderabad,3,0,0,0,,,0,0,54,9.0,83,1,54.0,9.22,14,25.93,14,6,8,0,42.86,12,9170ff49,https://a.espncdn.com/i/headshots/cricket/players/full/9170ff49.png,https://www.espncricinfo.com/cricketers/parvez-rasool-9170ff49
2014,Q de Kock,372455c4,Delhi Daredevils,7,153,130,6,25.5,117.69,19,4,0,,0,0,,,0,,14,2,12,0,14.29,4,372455c4,https://a.espncdn.com/i/headshots/cricket/players/full/372455c4.png,https://www.espncricinfo.com/cricketers/q-de-kock-372455c4
2014,R Ashwin,495d42a5,Chennai Super Kings,16,45,45,2,22.5,100.0,4,0,359,59.83,437,16,22.44,7.3,130,36.21,16,10,6,0,62.5,20,495d42a5,https://a.espncdn.com/i/headshots/cricket/players/full/495d42a5.png,https://www.espncricinfo.com/cricketers/r-ashwin-495d42a5
2014,R Bhatia,33a364a6,Rajasthan Royals,12,67,53,5,13.4,126.42,4,3,228,38.0,283,12,19.0,7.45,56,24.56,14,6,7,1,46.15,13,33a364a6,https://a.espncdn.com/i/headshots/cricket/players/full/33a364a6.png,https://www.espncricinfo.com/cricketers/r-bhatia-33a364a6
2014,R Dhawan,26a85969,Kings XI Punjab,13,82,75,2,41.0,109.33,8,1,284,47.33,365,13,21.85,7.71,85,29.93,17,12,5,0,70.59,24,26a85969,https://a.espncdn.com/i/headshots/cricket/players/full/26a85969.png,https://www.espncricinfo.com/cricketers/r-dhawan-26a85969
2014,R Rampaul,d68e7f48,Royal Challengers Bangalore,2,13,13,1,13.0,100.0,0,1,36,6.0,37,1,36.0,6.17,18,50.0,14,5,9,0,35.71,10,d68e7f48,https://a.espncdn.com/i/headshots/cricket/players/full/d68e7f48.png,https://www.espncricinfo.com/cricketers/r-rampaul-d68e7f48
2014,R Sharma,5d9a1a73,Delhi Daredevils,2,0,0,0,,,0,0,36,6.0,65,1,36.0,10.83,9,25.0,14,2,12,0,14.29,4,5d9a1a73,https://a.espncdn.com/i/headshots/cricket/players/full/5d9a1a73.png,https://www.espncricinfo.com/cricketers/r-sharma-5d9a1a73
2014,R Shukla,de4b0555,Delhi Daredevils,3,18,21,2,9.0,85.71,2,0,54,9.0,98,2,27.0,10.89,18,33.33,14,2,12,0,14.29,4,de4b0555,https://a.espncdn.com/i/headshots/cricket/players/full/de4b0555.png,https://www.espncricinfo.com/cricketers/r-shukla-de4b0555
2014,R Tewatia,39a2dfa8,Rajasthan Royals,3,16,13,1,16.0,123.08,0,1,54,9.0,59,2,27.0,6.56,21,38.89,14,6,7,1,46.15,13,39a2dfa8,https://a.espncdn.com/i/headshots/cricket/players/full/39a2dfa8.png,https://www.espncricinfo.com/cricketers/r-tewatia-39a2dfa8
2014,R Vinay Kumar,41eb4a4f,Kolkata Knight Riders,9,4,6,2,2.0,66.67,0,0,192,32.0,281,7,27.43,8.78,56,29.17,16,11,4,1,73.33,23,41eb4a4f,https://a.espncdn.com/i/headshots/cricket/players/full/41eb4a4f.png,https://www.espncricinfo.com/cricketers/r-vinay-kumar-41eb4a4f
2014,RA Jadeja,fe93fd9d,Chennai Super Kings,16,146,109,5,29.2,133.94,9,5,326,54.33,443,19,17.16,8.15,102,31.29,16,10,6,0,62.5,20,fe93fd9d,https://a.espncdn.com/i/headshots/cricket/players/full/fe93fd9d.png,https://www.espncricinfo.com/cricketers/ra-jadeja-fe93fd9d
2014,RG Sharma,740742ef,Mumbai Indians,15,390,302,14,27.86,129.14,31,16,18,3.0,26,1,18.0,8.67,4,22.22,15,7,8,0,46.67,14,740742ef,https://a.espncdn.com/i/headshots/cricket/players/full/740742ef.png,https://www.espncricinfo.com/cricketers/rg-sharma-740742ef
2014,RN ten Doeschate,4ec07775,Kolkata Knight Riders,10,52,33,4,13.0,157.58,3,4,30,5.0,35,1,30.0,7.0,13,43.33,16,11,4,1,73.33,23,4ec07775,https://a.espncdn.com/i/headshots/cricket/players/full/4ec07775.png,https://www.espncricinfo.com/cricketers/rn-ten-doeschate-4ec07775
2014,RR Rossouw,cad00a4d,Royal Challengers Bangalore,3,39,41,4,9.75,95.12,2,2,0,,0,0,,,0,,14,5,9,0,35.71,10,cad00a4d,https://a.espncdn.com/i/headshots/cricket/players/full/cad00a4d.png,https://www.espncricinfo.com/cricketers/rr-rossouw-cad00a4d
2014,RV Uthappa,1c17e270,Kolkata Knight Riders,16,660,478,16,41.25,138.08,74,18,0,,0,0,,,0,,16,11,4,1,73.33,23,1c17e270,https://a.espncdn.com/i/headshots/cricket/players/full/1c17e270.png,https://www.espncricinfo.com/cricketers/rv-uthappa-1c17e270
2014,S Anirudha,95a2ea61,Sunrisers Hyderabad,1,3,5,1,3.0,60.0,0,0,0,,0,0,,,0,,14,6,8,0,42.86,12,95a2ea61,https://a.espncdn.com/i/headshots/cricket/players/full/95a2ea61.png,https://www.espncricinfo.com/cricketers/s-anirudha-95a2ea61
2014,S Badree,76388dc8,Chennai Super Kings,4,0,0,0,,,0,0,84,14.0,97,2,42.0,6.93,40,47.62,16,10,6,0,62.5,20,76388dc8,https://a.espncdn.com/i/headshots/cricket/players/full/76388dc8.png,https://www.espncricinfo.com/cricketers/s-badree-76388dc8
2014,S Dhawan,0a476045,Sunrisers Hyderabad,14,377,317,12,31.42,118.93,49,7,0,,0,0,,,0,,14,6,8,0,42.86,12,0a476045,https://a.espncdn.com/i/headshots/cricket/players/full/0a476045.png,https://www.espncricinfo.com/cricketers/s-dhawan-0a476045
2014,S Gopal,7a8bd078,Mumbai Indians,4,11,10,1,11.0,110.0,1,0,84,14.0,113,6,14.0,8.07,30,35.71,15,7,8,0,46.67,14,7a8bd078,https://a.espncdn.com/i/headshots/cricket/players/full/7a8bd078.png,https://www.espncricinfo.com/cricketers/s-gopal-7a8bd078
2014,S Kaul,dcf81436,Delhi Daredevils,5,2,2,0,,100.0,0,0,78,13.0,126,2,39.0,9.69,24,30.77,14,2,12,0,14.29,4,dcf81436,https://a.espncdn.com/i/headshots/cricket/players/full/dcf81436.png,https://www.espncricinfo.com/cricketers/s-kaul-dcf81436
2014,S Nadeem,9d80c5e1,Delhi Daredevils,11,7,19,2,3.5,36.84,0,0,228,38.0,311,8,28.5,8.18,66,28.95,14,2,12,0,14.29,4,9d80c5e1,https://a.espncdn.com/i/headshots/cricket/players/full/9d80c5e1.png,https://www.espncricinfo.com/cricketers/s-nadeem-9d80c5e1
2014,S Rana,90edaaa9,Royal Challengers Bangalore,9,73,64,4,18.25,114.06,7,1,12,2.0,16,0,,8.0,3,25.0,14,5,9,0,35.71,10,90edaaa9,https://a.espncdn.com/i/headshots/cricket/players/full/90edaaa9.png,https://www.espncricinfo.com/cricketers/s-rana-90edaaa9
2014,SA Yadav,271f83cd,Kolkata Knight Riders,16,164,115,6,27.33,142.61,16,5,6,1.0,8,0,,8.0,2,33.33,16,11,4,1,73.33,23,271f83cd,https://a.espncdn.com/i/headshots/cricket/players/full/271f83cd.png,https://www.espncricinfo.com/cricketers/sa-yadav-271f83cd
2014,SB Jakati,c8179c68,Royal Challengers Bangalore,1,0,0,0,,,0,0,22,3.67,41,0,,11.18,4,18.18,14,5,9,0,35.71,10,c8179c68,https://a.espncdn.com/i/headshots/cricket/players/full/c8179c68.png,https://www.espncricinfo.com/cricketers/sb-jakati-c8179c68
2014,SE Marsh,508a1ea7,Kings XI Punjab,2,70,52,2,35.0,134.62,7,3,0,,0,0,,,0,,17,12,5,0,70.59,24,508a1ea7,https://a.espncdn.com/i/headshots/cricket/players/full/508a1ea7.png,https://www.espncricinfo.com/cricketers/se-marsh-508a1ea7
2014,SK Raina,1dc12ab9,Chennai Super Kings,16,523,357,12,43.58,146.5,51,19,108,18.0,134,1,108.0,7.44,34,31.48,16,10,6,0,62.5,20,1dc12ab9,https://a.espncdn.com/i/headshots/cricket/players/full/1dc12ab9.png,https://www.espncricinfo.com/cricketers/sk-raina-1dc12ab9
2014,SL Malinga,a12e1d51,Mumbai Indians,10,2,4,0,,50.0,0,0,235,39.17,253,16,14.69,6.46,99,42.13,15,7,8,0,46.67,14,a12e1d51,https://a.espncdn.com/i/headshots/cricket/players/full/a12e1d51.png,https://www.espncricinfo.com/cricketers/sl-malinga-a12e1d51
2014,SP Narine,9d430b40,Kolkata Knight Riders,16,10,14,1,10.0,71.43,0,0,390,65.0,418,21,18.57,6.43,157,40.26,16,11,4,1,73.33,23,9d430b40,https://a.espncdn.com/i/headshots/cricket/players/full/9d430b40.png,https://www.espncricinfo.com/cricketers/sp-narine-9d430b40
2014,SPD Smith,30a45b23,Rajasthan Royals,10,152,112,5,30.4,135.71,13,4,0,,0,0,,,0,,14,6,7,1,46.15,13,30a45b23,https://a.espncdn.com/i/headshots/cricket/players/full/30a45b23.png,https://www.espncricinfo.com/cricketers/spd-smith-30a45b23
2014,SR Watson,4329fbb5,Rajasthan Royals,13,246,198,12,20.5,124.24,20,14,126,21.0,165,7,18.0,7.86,57,45.24,14,6,7,1,46.15,13,4329fbb5,https://a.espncdn.com/i/headshots/cricket/players/full/4329fbb5.png,https://www.espncricinfo.com/cricketers/sr-watson-4329fbb5
2014,STR Binny,bd17b45f,Rajasthan Royals,13,123,121,9,13.67,101.65,4,5,54,9.0,64,3,18.0,7.11,18,33.33,14,6,7,1,46.15,13,bd17b45f,https://a.espncdn.com/i/headshots/cricket/players/full/bd17b45f.png,https://www.espncricinfo.com/cricketers/str-binny-bd17b45f
2014,SV Samson,a4cc73aa,Rajasthan Royals,13,339,273,13,26.08,124.18,25,17,0,,0,0,,,0,,14,6,7,1,46.15,13,a4cc73aa,https://a.espncdn.com/i/headshots/cricket/players/full/a4cc73aa.png,https://www.espncricinfo.com/cricketers/sv-samson-a4cc73aa
2014,Sandeep Sharma,ce820073,Kings XI Punjab,11,2,5,0,,40.0,0,0,241,40.17,354,18,13.39,8.81,109,45.23,17,12,5,0,70.59,24,ce820073,https://a.espncdn.com/i/headshots/cricket/players/full/ce820073.png,https://www.espncricinfo.com/cricketers/sandeep-sharma-ce820073
2014,Shakib Al Hasan,7dc35884,Kolkata Knight Riders,13,229,153,9,25.44,149.67,22,7,300,50.0,334,11,27.27,6.68,113,37.67,16,11,4,1,73.33,23,7dc35884,https://a.espncdn.com/i/headshots/cricket/players/full/7dc35884.png,https://www.espncricinfo.com/cricketers/shakib-al-hasan-7dc35884
2014,Shivam Sharma,6f49cc6e,Kings XI Punjab,4,5,3,1,5.0,166.67,1,0,96,16.0,121,3,32.0,7.56,34,35.42,17,12,5,0,70.59,24,6f49cc6e,https://a.espncdn.com/i/headshots/cricket/players/full/6f49cc6e.png,https://www.espncricinfo.com/cricketers/shivam-sharma-6f49cc6e
2014,TG Southee,13c35c9e,Rajasthan Royals,3,4,4,1,4.0,100.0,1,0,60,10.0,76,0,,7.6,25,41.67,14,6,7,1,46.15,13,13c35c9e,https://a.espncdn.com/i/headshots/cricket/players/full/13c35c9e.png,https://www.espncricinfo.com/cricketers/tg-southee-13c35c9e
2014,UBT Chand,0c94f480,Rajasthan Royals,1,2,9,1,2.0,22.22,0,0,0,,0,0,,,0,,14,6,7,1,46.15,13,0c94f480,https://a.espncdn.com/i/headshots/cricket/players/full/0c94f480.png,https://www.espncricinfo.com/cricketers/ubt-chand-0c94f480
2014,UT Yadav,cc1e8c68,Kolkata Knight Riders,12,2,4,1,2.0,50.0,0,0,270,45.0,367,11,24.55,8.16,95,35.19,16,11,4,1,73.33,23,cc1e8c68,https://a.espncdn.com/i/headshots/cricket/players/full/cc1e8c68.png,https://www.espncricinfo.com/cricketers/ut-yadav-cc1e8c68
2014,V Kohli,ba607b88,Royal Challengers Bangalore,14,359,294,14,25.64,122.11,23,16,0,,0,0,,,0,,14,5,9,0,35.71,10,ba607b88,https://a.espncdn.com/i/headshots/cricket/players/full/ba607b88.png,https://www.espncricinfo.com/cricketers/v-kohli-ba607b88
2014,V Sehwag,8ba8195d,Kings XI Punjab,17,455,314,18,25.28,144.9,56,18,0,,0,0,,,0,,17,12,5,0,70.59,24,8ba8195d,https://a.espncdn.com/i/headshots/cricket/players/full/8ba8195d.png,https://www.espncricinfo.com/cricketers/v-sehwag-8ba8195d
2014,V Shankar,0994d0ae,Chennai Super Kings,1,0,0,0,,,0,0,6,1.0,19,0,,19.0,1,16.67,16,10,6,0,62.5,20,0994d0ae,https://a.espncdn.com/i/headshots/cricket/players/full/0994d0ae.png,https://www.espncricinfo.com/cricketers/v-shankar-0994d0ae
2014,VH Zol,6dbcf855,Royal Challengers Bangalore,3,29,26,2,14.5,111.54,3,1,0,,0,0,,,0,,14,5,9,0,35.71,10,6dbcf855,https://a.espncdn.com/i/headshots/cricket/players/full/6dbcf855.png,https://www.espncricinfo.com/cricketers/vh-zol-6dbcf855
2014,VR Aaron,0a3d54b9,Royal Challengers Bangalore,10,35,33,0,,106.06,2,1,220,36.67,299,16,13.75,8.15,90,40.91,14,5,9,0,35.71,10,0a3d54b9,https://a.espncdn.com/i/headshots/cricket/players/full/0a3d54b9.png,https://www.espncricinfo.com/cricketers/vr-aaron-0a3d54b9
2014,VS Malik,5f26df4f,Rajasthan Royals,1,1,2,0,,50.0,0,0,18,3.0,29,1,18.0,9.67,7,38.89,14,6,7,1,46.15,13,5f26df4f,https://a.espncdn.com/i/headshots/cricket/players/full/5f26df4f.png,https://www.espncricinfo.com/cricketers/vs-malik-5f26df4f
2014,WD Parnell,3a60e0b5,Delhi Daredevils,8,2,2,1,2.0,100.0,0,0,181,30.17,223,6,30.17,7.39,82,45.3,14,2,12,0,14.29,4,3a60e0b5,https://a.espncdn.com/i/headshots/cricket/players/full/3a60e0b5.png,https://www.espncricinfo.com/cricketers/wd-parnell-3a60e0b5
2014,WP Saha,fe11caa6,Kings XI Punjab,17,362,249,12,30.17,145.38,33,18,0,,0,0,,,0,,17,12,5,0,70.59,24,fe11caa6,https://a.espncdn.com/i/headshots/cricket/players/full/fe11caa6.png,https://www.espncricinfo.com/cricketers/wp-saha-fe11caa6
2014,Y Venugopal Rao,fe763256,Sunrisers Hyderabad,7,71,63,3,23.67,112.7,8,0,12,2.0,16,0,,8.0,3,25.0,14,6,8,0,42.86,12,fe763256,https://a.espncdn.com/i/headshots/cricket/players/full/fe763256.png,https://www.espncricinfo.com/cricketers/y-venugopal-rao-fe763256
2014,YK Pathan,3c6ffae8,Kolkata Knight Riders,15,268,165,9,29.78,162.42,15,20,6,1.0,10,0,,10.0,1,16.67,16,11,4,1,73.33,23,3c6ffae8,https://a.espncdn.com/i/headshots/cricket/players/full/3c6ffae8.png,https://www.espncricinfo.com/cricketers/yk-pathan-3c6ffae8
2014,YS Chahal,57ee1fde,Royal Challengers Bangalore,14,1,1,0,,100.0,0,0,330,55.0,386,12,27.5,7.02,115,34.85,14,5,9,0,35.71,10,57ee1fde,https://a.espncdn.com/i/headshots/cricket/players/full/57ee1fde.png,https://www.espncricinfo.com/cricketers/ys-chahal-57ee1fde
2014,YV Takawale,4e04666c,Royal Challengers Bangalore,5,104,91,5,20.8,114.29,17,1,0,,0,0,,,0,,14,5,9,0,35.71,10,4e04666c,https://a.espncdn.com/i/headshots/cricket/players/full/4e04666c.png,https://www.espncricinfo.com/cricketers/yv-takawale-4e04666c
2014,Yuvraj Singh,1c914163,Royal Challengers Bangalore,14,376,274,10,37.6,137.23,22,28,136,22.67,187,5,27.2,8.25,33,24.26,14,5,9,0,35.71,10,1c914163,https://a.espncdn.com/i/headshots/cricket/players/full/1c914163.png,https://www.espncricinfo.com/cricketers/yuvraj-singh-1c914163
2014,Z Khan,91a4a398,Mumbai Indians,6,8,7,1,8.0,114.29,0,1,134,22.33,146,5,26.8,6.54,56,41.79,15,7,8,0,46.67,14,91a4a398,https://a.espncdn.com/i/headshots/cricket/players/full/91a4a398.png,https://www.espncricinfo.com/cricketers/z-khan-91a4a398
2015,A Ashish Reddy,1c2a64cd,Sunrisers Hyderabad,6,73,46,3,24.33,158.7,3,5,36,6.0,50,3,12.0,8.33,9,25.0,14,7,7,0,50.0,14,1c2a64cd,https://a.espncdn.com/i/headshots/cricket/players/full/1c2a64cd.png,https://www.espncricinfo.com/cricketers/a-ashish-reddy-1c2a64cd
2015,A Mishra,6b19d823,Delhi Daredevils,12,8,12,2,4.0,66.67,0,0,241,40.17,310,9,26.78,7.72,75,31.12,14,5,8,1,38.46,11,6b19d823,https://a.espncdn.com/i/headshots/cricket/players/full/6b19d823.png,https://www.espncricinfo.com/cricketers/a-mishra-6b19d823
2015,A Nehra,96fd40ae,Chennai Super Kings,16,1,7,2,0.5,14.29,0,0,372,62.0,449,22,16.91,7.24,170,45.7,17,10,7,0,58.82,20,96fd40ae,https://a.espncdn.com/i/headshots/cricket/players/full/96fd40ae.png,https://www.espncricinfo.com/cricketers/a-nehra-96fd40ae
2015,AB Dinda,66b30f71,Royal Challengers Bangalore,2,0,0,0,,,0,0,30,5.0,62,0,,12.4,4,13.33,16,8,6,2,57.14,18,66b30f71,https://a.espncdn.com/i/headshots/cricket/players/full/66b30f71.png,https://www.espncricinfo.com/cricketers/ab-dinda-66b30f71
2015,AB de Villiers,c4487b84,Royal Challengers Bangalore,16,513,291,8,64.12,176.29,60,22,0,,0,0,,,0,,16,8,6,2,57.14,18,c4487b84,https://a.espncdn.com/i/headshots/cricket/players/full/c4487b84.png,https://www.espncricinfo.com/cricketers/ab-de-villiers-c4487b84
2015,AD Mathews,896d78ad,Delhi Daredevils,11,144,103,7,20.57,139.81,12,6,180,30.0,246,7,25.71,8.2,61,33.89,14,5,8,1,38.46,11,896d78ad,https://a.espncdn.com/i/headshots/cricket/players/full/896d78ad.png,https://www.espncricinfo.com/cricketers/ad-mathews-896d78ad
2015,AD Russell,bbd41817,Kolkata Knight Riders,13,326,169,7,46.57,192.9,35,19,244,40.67,324,14,17.43,7.97,94,38.52,13,7,6,0,53.85,14,bbd41817,https://a.espncdn.com/i/headshots/cricket/players/full/bbd41817.png,https://www.espncricinfo.com/cricketers/ad-russell-bbd41817
2015,AJ Finch,b8d490fd,Mumbai Indians,3,23,33,3,7.67,69.7,4,0,0,,0,0,,,0,,16,10,6,0,62.5,20,b8d490fd,https://a.espncdn.com/i/headshots/cricket/players/full/b8d490fd.png,https://www.espncricinfo.com/cricketers/aj-finch-b8d490fd
2015,AM Rahane,29e95537,Rajasthan Royals,14,540,412,11,49.09,131.07,53,13,0,,0,0,,,0,,14,7,5,2,58.33,16,29e95537,https://a.espncdn.com/i/headshots/cricket/players/full/29e95537.png,https://www.espncricinfo.com/cricketers/am-rahane-29e95537
2015,AN Ahmed,2af1b6d2,Royal Challengers Bangalore,3,10,5,1,10.0,200.0,2,0,72,12.0,128,1,72.0,10.67,26,36.11,16,8,6,2,57.14,18,2af1b6d2,https://a.espncdn.com/i/headshots/cricket/players/full/2af1b6d2.png,https://www.espncricinfo.com/cricketers/an-ahmed-2af1b6d2
2015,AP Tare,855a210c,Mumbai Indians,2,14,17,2,7.0,82.35,1,0,0,,0,0,,,0,,16,10,6,0,62.5,20,855a210c,https://a.espncdn.com/i/headshots/cricket/players/full/855a210c.png,https://www.espncricinfo.com/cricketers/ap-tare-855a210c
2015,AR Patel,2e171977,Kings XI Punjab,14,206,174,10,20.6,118.39,13,8,280,46.67,392,13,21.54,8.4,83,29.64,14,2,11,1,15.38,5,2e171977,https://a.espncdn.com/i/headshots/cricket/players/full/2e171977.png,https://www.espncricinfo.com/cricketers/ar-patel-2e171977
2015,AT Rayudu,70d205c9,Mumbai Indians,15,281,192,9,31.22,146.35,18,16,0,,0,0,,,0,,16,10,6,0,62.5,20,70d205c9,https://a.espncdn.com/i/headshots/cricket/players/full/70d205c9.png,https://www.espncricinfo.com/cricketers/at-rayudu-70d205c9
2015,Ankit Sharma,24d94623,Rajasthan Royals,4,7,6,1,7.0,116.67,1,0,84,14.0,114,3,28.0,8.14,29,34.52,14,7,5,2,58.33,16,24d94623,https://a.espncdn.com/i/headshots/cricket/players/full/24d94623.png,https://www.espncricinfo.com/cricketers/ankit-sharma-24d94623
2015,Anureet Singh,69be866a,Kings XI Punjab,14,18,31,3,6.0,58.06,0,1,310,51.67,465,15,20.67,9.0,105,33.87,14,2,11,1,15.38,5,69be866a,https://a.espncdn.com/i/headshots/cricket/players/full/69be866a.png,https://www.espncricinfo.com/cricketers/anureet-singh-69be866a
2015,Azhar Mahmood,9a158001,Kolkata Knight Riders,1,6,7,1,6.0,85.71,1,0,18,3.0,41,0,,13.67,5,27.78,13,7,6,0,53.85,14,9a158001,https://a.espncdn.com/i/headshots/cricket/players/full/9a158001.png,https://www.espncricinfo.com/cricketers/azhar-mahmood-9a158001
2015,B Kumar,2e81a32d,Sunrisers Hyderabad,14,17,10,1,17.0,170.0,2,1,310,51.67,407,18,17.22,7.88,126,40.65,14,7,7,0,50.0,14,2e81a32d,https://a.espncdn.com/i/headshots/cricket/players/full/2e81a32d.png,https://www.espncricinfo.com/cricketers/b-kumar-2e81a32d
2015,BB McCullum,b8a55852,Chennai Super Kings,14,436,276,15,29.07,157.97,51,23,0,,0,0,,,0,,17,10,7,0,58.82,20,b8a55852,https://a.espncdn.com/i/headshots/cricket/players/full/b8a55852.png,https://www.espncricinfo.com/cricketers/bb-mccullum-b8a55852
2015,BB Sran,d8b2f218,Rajasthan Royals,1,0,0,0,,,0,0,18,3.0,35,0,,11.67,5,27.78,14,7,5,2,58.33,16,d8b2f218,https://a.espncdn.com/i/headshots/cricket/players/full/d8b2f218.png,https://www.espncricinfo.com/cricketers/bb-sran-d8b2f218
2015,BE Hendricks,b56dc5f7,Kings XI Punjab,4,1,2,0,,50.0,0,0,78,13.0,109,5,15.6,8.38,27,34.62,14,2,11,1,15.38,5,b56dc5f7,https://a.espncdn.com/i/headshots/cricket/players/full/b56dc5f7.png,https://www.espncricinfo.com/cricketers/be-hendricks-b56dc5f7
2015,Bipul Sharma,c18496e1,Sunrisers Hyderabad,4,1,2,1,1.0,50.0,0,0,42,7.0,50,3,14.0,7.14,17,40.48,14,7,7,0,50.0,14,c18496e1,https://a.espncdn.com/i/headshots/cricket/players/full/c18496e1.png,https://www.espncricinfo.com/cricketers/bipul-sharma-c18496e1
2015,CH Gayle,db584dad,Royal Challengers Bangalore,14,491,331,13,37.77,148.34,39,38,12,2.0,15,0,,7.5,3,25.0,16,8,6,2,57.14,18,db584dad,https://a.espncdn.com/i/headshots/cricket/players/full/db584dad.png,https://www.espncricinfo.com/cricketers/ch-gayle-db584dad
2015,CH Morris,fb66ce1f,Rajasthan Royals,11,76,45,2,38.0,168.89,3,5,258,43.0,325,14,18.43,7.56,115,44.57,14,7,5,2,58.33,16,fb66ce1f,https://a.espncdn.com/i/headshots/cricket/players/full/fb66ce1f.png,https://www.espncricinfo.com/cricketers/ch-morris-fb66ce1f
2015,CJ Anderson,8abdf100,Mumbai Indians,4,114,96,3,38.0,118.75,11,6,24,4.0,33,1,24.0,8.25,10,41.67,16,10,6,0,62.5,20,8abdf100,https://a.espncdn.com/i/headshots/cricket/players/full/8abdf100.png,https://www.espncricinfo.com/cricketers/cj-anderson-8abdf100
2015,CM Gautam,30a2649b,Delhi Daredevils,1,4,5,1,4.0,80.0,0,0,0,,0,0,,,0,,14,5,8,1,38.46,11,30a2649b,https://a.espncdn.com/i/headshots/cricket/players/full/30a2649b.png,https://www.espncricinfo.com/cricketers/cm-gautam-30a2649b
2015,D Wiese,aa8d28ae,Royal Challengers Bangalore,14,122,85,5,24.4,143.53,12,4,254,42.33,353,16,15.88,8.34,73,28.74,16,8,6,2,57.14,18,aa8d28ae,https://a.espncdn.com/i/headshots/cricket/players/full/aa8d28ae.png,https://www.espncricinfo.com/cricketers/d-wiese-aa8d28ae
2015,DA Miller,d67d5f00,Kings XI Punjab,13,357,267,13,27.46,133.71,21,21,0,,0,0,,,0,,14,2,11,1,15.38,5,d67d5f00,https://a.espncdn.com/i/headshots/cricket/players/full/d67d5f00.png,https://www.espncricinfo.com/cricketers/da-miller-d67d5f00
2015,DA Warner,dcce6f09,Sunrisers Hyderabad,14,562,356,12,46.83,157.87,65,21,0,,0,0,,,0,,14,7,7,0,50.0,14,dcce6f09,https://a.espncdn.com/i/headshots/cricket/players/full/dcce6f09.png,https://www.espncricinfo.com/cricketers/da-warner-dcce6f09
2015,DJ Bravo,87e562a9,Chennai Super Kings,17,195,148,8,24.38,131.76,22,5,314,52.33,426,26,12.08,8.14,88,28.03,17,10,7,0,58.82,20,87e562a9,https://a.espncdn.com/i/headshots/cricket/players/full/87e562a9.png,https://www.espncricinfo.com/cricketers/dj-bravo-87e562a9
2015,DJ Hooda,73ad96ed,Rajasthan Royals,14,151,95,9,16.78,158.95,6,11,91,15.17,129,1,91.0,8.51,25,27.47,14,7,5,2,58.33,16,73ad96ed,https://a.espncdn.com/i/headshots/cricket/players/full/73ad96ed.png,https://www.espncricinfo.com/cricketers/dj-hooda-73ad96ed
2015,DJ Muthuswami,2c76b512,Delhi Daredevils,6,1,3,1,1.0,33.33,0,0,84,14.0,101,4,21.0,7.21,44,52.38,14,5,8,1,38.46,11,2c76b512,https://a.espncdn.com/i/headshots/cricket/players/full/2c76b512.png,https://www.espncricinfo.com/cricketers/dj-muthuswami-2c76b512
2015,DJG Sammy,c03c6200,Royal Challengers Bangalore,2,13,18,2,6.5,72.22,0,0,18,3.0,25,0,,8.33,2,11.11,16,8,6,2,57.14,18,c03c6200,https://a.espncdn.com/i/headshots/cricket/players/full/c03c6200.png,https://www.espncricinfo.com/cricketers/djg-sammy-c03c6200
2015,DR Smith,35205dfc,Chennai Super Kings,16,399,331,14,28.5,120.54,52,16,12,2.0,17,1,12.0,8.5,4,33.33,17,10,7,0,58.82,20,35205dfc,https://a.espncdn.com/i/headshots/cricket/players/full/35205dfc.png,https://www.espncricinfo.com/cricketers/dr-smith-35205dfc
2015,DS Kulkarni,d2a989fc,Rajasthan Royals,11,4,11,2,2.0,36.36,0,0,210,35.0,277,13,16.15,7.91,95,45.24,14,7,5,2,58.33,16,d2a989fc,https://a.espncdn.com/i/headshots/cricket/players/full/d2a989fc.png,https://www.espncricinfo.com/cricketers/ds-kulkarni-d2a989fc
2015,DW Steyn,8fd1a8f5,Sunrisers Hyderabad,6,20,13,2,10.0,153.85,3,0,114,19.0,170,3,38.0,8.95,38,33.33,14,7,7,0,50.0,14,8fd1a8f5,https://a.espncdn.com/i/headshots/cricket/players/full/8fd1a8f5.png,https://www.espncricinfo.com/cricketers/dw-steyn-8fd1a8f5
2015,EJG Morgan,d2a6c0e6,Sunrisers Hyderabad,9,187,151,8,23.38,123.84,11,11,0,,0,0,,,0,,14,7,7,0,50.0,14,d2a6c0e6,https://a.espncdn.com/i/headshots/cricket/players/full/d2a6c0e6.png,https://www.espncricinfo.com/cricketers/ejg-morgan-d2a6c0e6
2015,F du Plessis,3355b542,Chennai Super Kings,17,380,304,11,34.55,125.0,37,5,0,,0,0,,,0,,17,10,7,0,58.82,20,3355b542,https://a.espncdn.com/i/headshots/cricket/players/full/3355b542.png,https://www.espncricinfo.com/cricketers/f-du-plessis-3355b542
2015,G Gambhir,bb345e0b,Kolkata Knight Riders,13,327,278,14,23.36,117.63,41,4,0,,0,0,,,0,,13,7,6,0,53.85,14,bb345e0b,https://a.espncdn.com/i/headshots/cricket/players/full/bb345e0b.png,https://www.espncricinfo.com/cricketers/g-gambhir-bb345e0b
2015,GB Hogg,f708a0bc,Kolkata Knight Riders,6,7,6,0,,116.67,0,0,126,21.0,144,9,14.0,6.86,50,39.68,13,7,6,0,53.85,14,f708a0bc,https://a.espncdn.com/i/headshots/cricket/players/full/f708a0bc.png,https://www.espncricinfo.com/cricketers/gb-hogg-f708a0bc
2015,GH Vihari,94253925,Sunrisers Hyderabad,5,39,34,4,9.75,114.71,6,0,0,,0,0,,,0,,14,7,7,0,50.0,14,94253925,https://a.espncdn.com/i/headshots/cricket/players/full/94253925.png,https://www.espncricinfo.com/cricketers/gh-vihari-94253925
2015,GJ Bailey,5056011d,Kings XI Punjab,13,259,190,10,25.9,136.32,22,7,0,,0,0,,,0,,14,2,11,1,15.38,5,5056011d,https://a.espncdn.com/i/headshots/cricket/players/full/5056011d.png,https://www.espncricinfo.com/cricketers/gj-bailey-5056011d
2015,GJ Maxwell,b681e71e,Kings XI Punjab,11,146,113,11,13.27,129.2,13,8,60,10.0,97,2,30.0,9.7,19,31.67,14,2,11,1,15.38,5,b681e71e,https://a.espncdn.com/i/headshots/cricket/players/full/b681e71e.png,https://www.espncricinfo.com/cricketers/gj-maxwell-b681e71e
2015,GS Sandhu,1558d83b,Delhi Daredevils,3,0,0,0,,,0,0,48,8.0,82,1,48.0,10.25,9,18.75,14,5,8,1,38.46,11,1558d83b,https://a.espncdn.com/i/headshots/cricket/players/full/1558d83b.png,https://www.espncricinfo.com/cricketers/gs-sandhu-1558d83b
2015,Gurkeerat Singh,6eb146d2,Kings XI Punjab,5,35,39,5,7.0,89.74,3,1,54,9.0,66,3,18.0,7.33,19,35.19,14,2,11,1,15.38,5,6eb146d2,https://a.espncdn.com/i/headshots/cricket/players/full/6eb146d2.png,https://www.espncricinfo.com/cricketers/gurkeerat-singh-6eb146d2
2015,HH Pandya,dbe50b21,Mumbai Indians,9,112,60,5,22.4,186.67,9,8,102,17.0,176,1,102.0,10.35,29,28.43,16,10,6,0,62.5,20,dbe50b21,https://a.espncdn.com/i/headshots/cricket/players/full/dbe50b21.png,https://www.espncricinfo.com/cricketers/hh-pandya-dbe50b21
2015,HV Patel,f986ca1a,Royal Challengers Bangalore,15,19,12,4,4.75,158.33,0,2,263,43.83,328,17,15.47,7.48,103,39.16,16,8,6,2,57.14,18,f986ca1a,https://a.espncdn.com/i/headshots/cricket/players/full/f986ca1a.png,https://www.espncricinfo.com/cricketers/hv-patel-f986ca1a
2015,Harbhajan Singh,8b5b6769,Mumbai Indians,15,117,72,7,16.71,162.5,9,9,342,57.0,446,18,19.0,7.82,117,34.21,16,10,6,0,62.5,20,8b5b6769,https://a.espncdn.com/i/headshots/cricket/players/full/8b5b6769.png,https://www.espncricinfo.com/cricketers/harbhajan-singh-8b5b6769
2015,I Sharma,5bb1a1c4,Sunrisers Hyderabad,4,0,0,0,,,0,0,84,14.0,159,1,84.0,11.36,30,35.71,14,7,7,0,50.0,14,5bb1a1c4,https://a.espncdn.com/i/headshots/cricket/players/full/5bb1a1c4.png,https://www.espncricinfo.com/cricketers/i-sharma-5bb1a1c4
2015,IC Pandey,e0407c01,Chennai Super Kings,10,0,0,0,,,0,0,186,31.0,223,11,16.91,7.19,93,50.0,17,10,7,0,58.82,20,e0407c01,https://a.espncdn.com/i/headshots/cricket/players/full/e0407c01.png,https://www.espncricinfo.com/cricketers/ic-pandey-e0407c01
2015,Imran Tahir,acee4cc4,Delhi Daredevils,10,5,6,1,5.0,83.33,0,0,213,35.5,314,15,14.2,8.85,64,30.05,14,5,8,1,38.46,11,acee4cc4,https://a.espncdn.com/i/headshots/cricket/players/full/acee4cc4.png,https://www.espncricinfo.com/cricketers/imran-tahir-acee4cc4
2015,Iqbal Abdulla,85aae393,Royal Challengers Bangalore,5,20,17,1,20.0,117.65,4,0,114,19.0,150,4,28.5,7.89,46,40.35,16,8,6,2,57.14,18,85aae393,https://a.espncdn.com/i/headshots/cricket/players/full/85aae393.png,https://www.espncricinfo.com/cricketers/iqbal-abdulla-85aae393
2015,J Botha,7c503806,Kolkata Knight Riders,4,31,15,3,10.33,206.67,5,1,60,10.0,81,1,60.0,8.1,19,31.67,13,7,6,0,53.85,14,7c503806,https://a.espncdn.com/i/headshots/cricket/players/full/7c503806.png,https://www.espncricinfo.com/cricketers/j-botha-7c503806
2015,J Suchith,4125d931,Mumbai Indians,13,48,32,1,48.0,150.0,4,2,234,39.0,337,10,23.4,8.64,70,29.91,16,10,6,0,62.5,20,4125d931,https://a.espncdn.com/i/headshots/cricket/players/full/4125d931.png,https://www.espncricinfo.com/cricketers/j-suchith-4125d931
2015,J Theron,dec8e038,Rajasthan Royals,1,1,1,0,,100.0,0,0,24,4.0,40,1,24.0,10.0,4,16.67,14,7,5,2,58.33,16,dec8e038,https://a.espncdn.com/i/headshots/cricket/players/full/dec8e038.png,https://www.espncricinfo.com/cricketers/j-theron-dec8e038
2015,J Yadav,81049310,Delhi Daredevils,3,0,0,0,,,0,0,42,7.0,29,2,21.0,4.14,21,50.0,14,5,8,1,38.46,11,81049310,https://a.espncdn.com/i/headshots/cricket/players/full/81049310.png,https://www.espncricinfo.com/cricketers/j-yadav-81049310
2015,JA Morkel,c3d35165,Delhi Daredevils,4,86,65,1,86.0,132.31,9,2,72,12.0,109,3,24.0,9.08,22,30.56,14,5,8,1,38.46,11,c3d35165,https://a.espncdn.com/i/headshots/cricket/players/full/c3d35165.png,https://www.espncricinfo.com/cricketers/ja-morkel-c3d35165
2015,JD Unadkat,1e66c162,Delhi Daredevils,1,0,0,0,,,0,0,18,3.0,30,0,,10.0,7,38.89,14,5,8,1,38.46,11,1e66c162,https://a.espncdn.com/i/headshots/cricket/players/full/1e66c162.png,https://www.espncricinfo.com/cricketers/jd-unadkat-1e66c162
2015,JJ Bumrah,462411b3,Mumbai Indians,4,0,0,0,,,0,0,90,15.0,184,3,30.0,12.27,24,26.67,16,10,6,0,62.5,20,462411b3,https://a.espncdn.com/i/headshots/cricket/players/full/462411b3.png,https://www.espncricinfo.com/cricketers/jj-bumrah-462411b3
2015,JP Duminy,2e8994e7,Delhi Daredevils,14,414,315,10,41.4,131.43,27,20,102,17.0,126,8,12.75,7.41,33,32.35,14,5,8,1,38.46,11,2e8994e7,https://a.espncdn.com/i/headshots/cricket/players/full/2e8994e7.png,https://www.espncricinfo.com/cricketers/jp-duminy-2e8994e7
2015,JP Faulkner,808f425a,Rajasthan Royals,13,144,108,9,16.0,133.33,12,5,270,45.0,426,8,33.75,9.47,88,32.59,14,7,5,2,58.33,16,808f425a,https://a.espncdn.com/i/headshots/cricket/players/full/808f425a.png,https://www.espncricinfo.com/cricketers/jp-faulkner-808f425a
2015,KA Pollard,a757b0d8,Mumbai Indians,16,419,255,10,41.9,164.31,28,28,76,12.67,120,3,25.33,9.47,14,18.42,16,10,6,0,62.5,20,a757b0d8,https://a.espncdn.com/i/headshots/cricket/players/full/a757b0d8.png,https://www.espncricinfo.com/cricketers/ka-pollard-a757b0d8
2015,KC Cariappa,edb3d4f8,Kolkata Knight Riders,1,0,0,0,,,0,0,12,2.0,28,1,12.0,14.0,3,25.0,13,7,6,0,53.85,14,edb3d4f8,https://a.espncdn.com/i/headshots/cricket/players/full/edb3d4f8.png,https://www.espncricinfo.com/cricketers/kc-cariappa-edb3d4f8
2015,KD Karthik,c03f1114,Royal Challengers Bangalore,16,141,117,10,14.1,120.51,15,4,0,,0,0,,,0,,16,8,6,2,57.14,18,c03f1114,https://a.espncdn.com/i/headshots/cricket/players/full/c03f1114.png,https://www.espncricinfo.com/cricketers/kd-karthik-c03f1114
2015,KK Nair,944533a5,Rajasthan Royals,14,181,145,10,18.1,124.83,18,5,0,,0,0,,,0,,14,7,5,2,58.33,16,944533a5,https://a.espncdn.com/i/headshots/cricket/players/full/944533a5.png,https://www.espncricinfo.com/cricketers/kk-nair-944533a5
2015,KL Rahul,b17e2f24,Sunrisers Hyderabad,9,142,124,7,20.29,114.52,8,5,0,,0,0,,,0,,14,7,7,0,50.0,14,b17e2f24,https://a.espncdn.com/i/headshots/cricket/players/full/b17e2f24.png,https://www.espncricinfo.com/cricketers/kl-rahul-b17e2f24
2015,KM Jadhav,99d63244,Delhi Daredevils,14,189,140,8,23.62,135.0,16,7,0,,0,0,,,0,,14,5,8,1,38.46,11,99d63244,https://a.espncdn.com/i/headshots/cricket/players/full/99d63244.png,https://www.espncricinfo.com/cricketers/km-jadhav-99d63244
2015,KS Williamson,d027ba9f,Sunrisers Hyderabad,2,31,27,1,31.0,114.81,1,1,0,,0,0,,,0,,14,7,7,0,50.0,14,d027ba9f,https://a.espncdn.com/i/headshots/cricket/players/full/d027ba9f.png,https://www.espncricinfo.com/cricketers/ks-williamson-d027ba9f
2015,KV Sharma,119678fd,Sunrisers Hyderabad,14,104,85,6,17.33,122.35,3,6,239,39.83,332,10,23.9,8.33,65,27.2,14,7,7,0,50.0,14,119678fd,https://a.espncdn.com/i/headshots/cricket/players/full/119678fd.png,https://www.espncricinfo.com/cricketers/kv-sharma-119678fd
2015,Karanveer Singh,1647bd37,Kings XI Punjab,4,11,16,1,11.0,68.75,1,0,84,14.0,157,1,84.0,11.21,22,26.19,14,2,11,1,15.38,5,1647bd37,https://a.espncdn.com/i/headshots/cricket/players/full/1647bd37.png,https://www.espncricinfo.com/cricketers/karanveer-singh-1647bd37
2015,LMP Simmons,89f64c19,Mumbai Indians,13,540,438,13,41.54,123.29,56,21,0,,0,0,,,0,,16,10,6,0,62.5,20,89f64c19,https://a.espncdn.com/i/headshots/cricket/players/full/89f64c19.png,https://www.espncricinfo.com/cricketers/lmp-simmons-89f64c19
2015,M Morkel,5bb5a915,Kolkata Knight Riders,7,4,3,0,,133.33,0,0,168,28.0,206,10,16.8,7.36,76,45.24,13,7,6,0,53.85,14,5bb5a915,https://a.espncdn.com/i/headshots/cricket/players/full/5bb5a915.png,https://www.espncricinfo.com/cricketers/m-morkel-5bb5a915
2015,M Vijay,4b57e452,Kings XI Punjab,11,251,228,9,27.89,110.09,27,8,24,4.0,28,0,,7.0,4,16.67,14,2,11,1,15.38,5,4b57e452,https://a.espncdn.com/i/headshots/cricket/players/full/4b57e452.png,https://www.espncricinfo.com/cricketers/m-vijay-4b57e452
2015,M Vohra,c03e2850,Kings XI Punjab,7,82,81,7,11.71,101.23,4,5,0,,0,0,,,0,,14,2,11,1,15.38,5,c03e2850,https://a.espncdn.com/i/headshots/cricket/players/full/c03e2850.png,https://www.espncricinfo.com/cricketers/m-vohra-c03e2850
2015,M de Lange,d4eef961,Mumbai Indians,1,0,0,0,,,0,0,24,4.0,30,0,,7.5,15,62.5,16,10,6,0,62.5,20,d4eef961,https://a.espncdn.com/i/headshots/cricket/players/full/d4eef961.png,https://www.espncricinfo.com/cricketers/m-de-lange-d4eef961
2015,MA Agarwal,00ea847a,Delhi Daredevils,10,213,176,10,21.3,121.02,23,7,0,,0,0,,,0,,14,5,8,1,38.46,11,00ea847a,https://a.espncdn.com/i/headshots/cricket/players/full/00ea847a.png,https://www.espncricinfo.com/cricketers/ma-agarwal-00ea847a
2015,MA Starc,3fb19989,Royal Challengers Bangalore,13,11,14,1,11.0,78.57,1,0,258,43.0,291,20,12.9,6.77,105,40.7,16,8,6,2,57.14,18,3fb19989,https://a.espncdn.com/i/headshots/cricket/players/full/3fb19989.png,https://www.espncricinfo.com/cricketers/ma-starc-3fb19989
2015,MC Henriques,32198ae0,Sunrisers Hyderabad,9,287,210,7,41.0,136.67,19,13,150,25.0,158,11,13.64,6.32,57,38.0,14,7,7,0,50.0,14,32198ae0,https://a.espncdn.com/i/headshots/cricket/players/full/32198ae0.png,https://www.espncricinfo.com/cricketers/mc-henriques-32198ae0
2015,MEK Hussey,48fd7349,Chennai Super Kings,4,77,70,4,19.25,110.0,5,3,0,,0,0,,,0,,17,10,7,0,58.82,20,48fd7349,https://a.espncdn.com/i/headshots/cricket/players/full/48fd7349.png,https://www.espncricinfo.com/cricketers/mek-hussey-48fd7349
2015,MG Johnson,f5180fe6,Kings XI Punjab,9,31,36,5,6.2,86.11,1,1,218,36.33,342,10,21.8,9.41,92,42.2,14,2,11,1,15.38,5,f5180fe6,https://a.espncdn.com/i/headshots/cricket/players/full/f5180fe6.png,https://www.espncricinfo.com/cricketers/mg-johnson-f5180fe6
2015,MJ McClenaghan,51a3c5ef,Mumbai Indians,12,13,6,1,13.0,216.67,0,2,282,47.0,386,18,15.67,8.21,118,41.84,16,10,6,0,62.5,20,51a3c5ef,https://a.espncdn.com/i/headshots/cricket/players/full/51a3c5ef.png,https://www.espncricinfo.com/cricketers/mj-mcclenaghan-51a3c5ef
2015,MK Pandey,93b4fc78,Kolkata Knight Riders,13,225,184,10,22.5,122.28,22,7,0,,0,0,,,0,,13,7,6,0,53.85,14,93b4fc78,https://a.espncdn.com/i/headshots/cricket/players/full/93b4fc78.png,https://www.espncricinfo.com/cricketers/mk-pandey-93b4fc78
2015,MK Tiwary,26e5cabf,Delhi Daredevils,5,57,56,2,28.5,101.79,8,1,0,,0,0,,,0,,14,5,8,1,38.46,11,26e5cabf,https://a.espncdn.com/i/headshots/cricket/players/full/26e5cabf.png,https://www.espncricinfo.com/cricketers/mk-tiwary-26e5cabf
2015,MM Sharma,759ac88f,Chennai Super Kings,16,28,18,2,14.0,155.56,1,2,342,57.0,481,14,24.43,8.44,121,35.38,17,10,7,0,58.82,20,759ac88f,https://a.espncdn.com/i/headshots/cricket/players/full/759ac88f.png,https://www.espncricinfo.com/cricketers/mm-sharma-759ac88f
2015,MS Bisla,5afd4539,Royal Challengers Bangalore,2,37,30,2,18.5,123.33,6,1,0,,0,0,,,0,,16,8,6,2,57.14,18,5afd4539,https://a.espncdn.com/i/headshots/cricket/players/full/5afd4539.png,https://www.espncricinfo.com/cricketers/ms-bisla-5afd4539
2015,MS Dhoni,4a8a2e3b,Chennai Super Kings,17,372,305,16,23.25,121.97,27,17,0,,0,0,,,0,,17,10,7,0,58.82,20,4a8a2e3b,https://a.espncdn.com/i/headshots/cricket/players/full/4a8a2e3b.png,https://www.espncricinfo.com/cricketers/ms-dhoni-4a8a2e3b
2015,Mandeep Singh,c3a96caf,Royal Challengers Bangalore,14,157,100,7,22.43,157.0,17,6,0,,0,0,,,0,,16,8,6,2,57.14,18,c3a96caf,https://a.espncdn.com/i/headshots/cricket/players/full/c3a96caf.png,https://www.espncricinfo.com/cricketers/mandeep-singh-c3a96caf
2015,NJ Maddinson,44afbf2d,Royal Challengers Bangalore,1,4,7,1,4.0,57.14,1,0,0,,0,0,,,0,,16,8,6,2,57.14,18,44afbf2d,https://a.espncdn.com/i/headshots/cricket/players/full/44afbf2d.png,https://www.espncricinfo.com/cricketers/nj-maddinson-44afbf2d
2015,NLTC Perera,0f12f9df,Kings XI Punjab,2,12,15,2,6.0,80.0,0,1,36,6.0,55,1,36.0,9.17,9,25.0,14,2,11,1,15.38,5,0f12f9df,https://a.espncdn.com/i/headshots/cricket/players/full/0f12f9df.png,https://www.espncricinfo.com/cricketers/nltc-perera-0f12f9df
2015,NM Coulter-Nile,56ab442f,Delhi Daredevils,11,20,18,3,6.67,111.11,2,1,255,42.5,321,15,17.0,7.55,117,45.88,14,5,8,1,38.46,11,56ab442f,https://a.espncdn.com/i/headshots/cricket/players/full/56ab442f.png,https://www.espncricinfo.com/cricketers/nm-coulter-nile-56ab442f
2015,NV Ojha,890946a0,Sunrisers Hyderabad,14,137,120,9,15.22,114.17,12,4,0,,0,0,,,0,,14,7,7,0,50.0,14,890946a0,https://a.espncdn.com/i/headshots/cricket/players/full/890946a0.png,https://www.espncricinfo.com/cricketers/nv-ojha-890946a0
2015,P Kumar,e938e1bc,Sunrisers Hyderabad,12,17,25,2,8.5,68.0,1,0,216,36.0,329,7,30.86,9.14,71,32.87,14,7,7,0,50.0,14,e938e1bc,https://a.espncdn.com/i/headshots/cricket/players/full/e938e1bc.png,https://www.espncricinfo.com/cricketers/p-kumar-e938e1bc
2015,P Negi,f62772e5,Chennai Super Kings,10,116,72,6,19.33,161.11,10,5,180,30.0,252,6,30.0,8.4,53,29.44,17,10,7,0,58.82,20,f62772e5,https://a.espncdn.com/i/headshots/cricket/players/full/f62772e5.png,https://www.espncricinfo.com/cricketers/p-negi-f62772e5
2015,P Suyal,cedc1d9a,Mumbai Indians,3,0,0,0,,,0,0,60,10.0,95,0,,9.5,19,31.67,16,10,6,0,62.5,20,cedc1d9a,https://a.espncdn.com/i/headshots/cricket/players/full/cedc1d9a.png,https://www.espncricinfo.com/cricketers/p-suyal-cedc1d9a
2015,PA Patel,b5da6c24,Mumbai Indians,14,339,246,12,28.25,137.8,47,5,0,,0,0,,,0,,16,10,6,0,62.5,20,b5da6c24,https://a.espncdn.com/i/headshots/cricket/players/full/b5da6c24.png,https://www.espncricinfo.com/cricketers/pa-patel-b5da6c24
2015,PJ Cummins,ded9240e,Kolkata Knight Riders,3,0,2,1,0.0,0.0,0,0,60,10.0,97,1,60.0,9.7,22,36.67,13,7,6,0,53.85,14,ded9240e,https://a.espncdn.com/i/headshots/cricket/players/full/ded9240e.png,https://www.espncricinfo.com/cricketers/pj-cummins-ded9240e
2015,PP Chawla,98ae73b1,Kolkata Knight Riders,13,54,47,5,10.8,114.89,5,2,210,35.0,269,11,19.09,7.69,65,30.95,13,7,6,0,53.85,14,98ae73b1,https://a.espncdn.com/i/headshots/cricket/players/full/98ae73b1.png,https://www.espncricinfo.com/cricketers/pp-chawla-98ae73b1
2015,PP Ojha,6c6591ab,Mumbai Indians,1,0,0,0,,,0,0,12,2.0,23,0,,11.5,1,8.33,16,10,6,0,62.5,20,6c6591ab,https://a.espncdn.com/i/headshots/cricket/players/full/6c6591ab.png,https://www.espncricinfo.com/cricketers/pp-ojha-6c6591ab
2015,PV Tambe,6aed7e79,Rajasthan Royals,10,3,5,0,,60.0,0,0,204,34.0,266,7,29.14,7.82,69,33.82,14,7,5,2,58.33,16,6aed7e79,https://a.espncdn.com/i/headshots/cricket/players/full/6aed7e79.png,https://www.espncricinfo.com/cricketers/pv-tambe-6aed7e79
2015,Parvez Rasool,9170ff49,Sunrisers Hyderabad,2,2,2,0,,100.0,0,0,30,5.0,31,1,30.0,6.2,12,40.0,14,7,7,0,50.0,14,9170ff49,https://a.espncdn.com/i/headshots/cricket/players/full/9170ff49.png,https://www.espncricinfo.com/cricketers/parvez-rasool-9170ff49
2015,Q de Kock,372455c4,Delhi Daredevils,3,122,77,3,40.67,158.44,18,4,0,,0,0,,,0,,14,5,8,1,38.46,11,372455c4,https://a.espncdn.com/i/headshots/cricket/players/full/372455c4.png,https://www.espncricinfo.com/cricketers/q-de-kock-372455c4
2015,R Ashwin,495d42a5,Chennai Super Kings,14,52,32,3,17.33,162.5,6,1,234,39.0,228,10,23.4,5.85,114,48.72,17,10,7,0,58.82,20,495d42a5,https://a.espncdn.com/i/headshots/cricket/players/full/495d42a5.png,https://www.espncricinfo.com/cricketers/r-ashwin-495d42a5
2015,R Bhatia,33a364a6,Rajasthan Royals,2,0,1,1,0.0,0.0,0,0,30,5.0,46,0,,9.2,7,23.33,14,7,5,2,58.33,16,33a364a6,https://a.espncdn.com/i/headshots/cricket/players/full/33a364a6.png,https://www.espncricinfo.com/cricketers/r-bhatia-33a364a6
2015,R Dhawan,26a85969,Kings XI Punjab,5,36,33,2,18.0,109.09,2,2,72,12.0,110,1,72.0,9.17,20,27.78,14,2,11,1,15.38,5,26a85969,https://a.espncdn.com/i/headshots/cricket/players/full/26a85969.png,https://www.espncricinfo.com/cricketers/r-dhawan-26a85969
2015,R Tewatia,39a2dfa8,Rajasthan Royals,1,0,0,0,,,0,0,18,3.0,31,1,18.0,10.33,6,33.33,14,7,5,2,58.33,16,39a2dfa8,https://a.espncdn.com/i/headshots/cricket/players/full/39a2dfa8.png,https://www.espncricinfo.com/cricketers/r-tewatia-39a2dfa8
2015,R Vinay Kumar,41eb4a4f,Mumbai Indians,13,0,2,1,0.0,0.0,0,0,261,43.5,368,7,37.29,8.46,93,35.63,16,10,6,0,62.5,20,41eb4a4f,https://a.espncdn.com/i/headshots/cricket/players/full/41eb4a4f.png,https://www.espncricinfo.com/cricketers/r-vinay-kumar-41eb4a4f
2015,RA Jadeja,fe93fd9d,Chennai Super Kings,17,132,126,8,16.5,104.76,7,3,256,42.67,330,11,23.27,7.73,84,32.81,17,10,7,0,58.82,20,fe93fd9d,https://a.espncdn.com/i/headshots/cricket/players/full/fe93fd9d.png,https://www.espncricinfo.com/cricketers/ra-jadeja-fe93fd9d
2015,RG More,b2b23612,Chennai Super Kings,2,2,2,0,,100.0,0,0,35,5.83,59,1,35.0,10.11,4,11.43,17,10,7,0,58.82,20,b2b23612,https://a.espncdn.com/i/headshots/cricket/players/full/b2b23612.png,https://www.espncricinfo.com/cricketers/rg-more-b2b23612
2015,RG Sharma,740742ef,Mumbai Indians,16,482,333,15,32.13,144.74,41,21,0,,0,0,,,0,,16,10,6,0,62.5,20,740742ef,https://a.espncdn.com/i/headshots/cricket/players/full/740742ef.png,https://www.espncricinfo.com/cricketers/rg-sharma-740742ef
2015,RN ten Doeschate,4ec07775,Kolkata Knight Riders,6,61,45,5,12.2,135.56,4,3,6,1.0,4,0,,4.0,3,50.0,13,7,6,0,53.85,14,4ec07775,https://a.espncdn.com/i/headshots/cricket/players/full/4ec07775.png,https://www.espncricinfo.com/cricketers/rn-ten-doeschate-4ec07775
2015,RR Rossouw,cad00a4d,Royal Challengers Bangalore,2,14,10,2,7.0,140.0,1,1,0,,0,0,,,0,,16,8,6,2,57.14,18,cad00a4d,https://a.espncdn.com/i/headshots/cricket/players/full/cad00a4d.png,https://www.espncricinfo.com/cricketers/rr-rossouw-cad00a4d
2015,RS Bopara,7ca5e05d,Sunrisers Hyderabad,9,145,120,5,29.0,120.83,6,6,120,20.0,160,6,20.0,8.0,37,30.83,14,7,7,0,50.0,14,7ca5e05d,https://a.espncdn.com/i/headshots/cricket/players/full/7ca5e05d.png,https://www.espncricinfo.com/cricketers/rs-bopara-7ca5e05d
2015,RV Uthappa,1c17e270,Kolkata Knight Riders,13,364,277,12,30.33,131.41,42,7,0,,0,0,,,0,,13,7,6,0,53.85,14,1c17e270,https://a.espncdn.com/i/headshots/cricket/players/full/1c17e270.png,https://www.espncricinfo.com/cricketers/rv-uthappa-1c17e270
2015,S Aravind,957532de,Royal Challengers Bangalore,5,0,1,0,,0.0,0,0,108,18.0,132,8,13.5,7.33,47,43.52,16,8,6,2,57.14,18,957532de,https://a.espncdn.com/i/headshots/cricket/players/full/957532de.png,https://www.espncricinfo.com/cricketers/s-aravind-957532de
2015,S Dhawan,0a476045,Sunrisers Hyderabad,14,353,285,13,27.15,123.86,45,6,0,,0,0,,,0,,14,7,7,0,50.0,14,0a476045,https://a.espncdn.com/i/headshots/cricket/players/full/0a476045.png,https://www.espncricinfo.com/cricketers/s-dhawan-0a476045
2015,S Gopal,7a8bd078,Mumbai Indians,1,1,1,0,,100.0,0,0,13,2.17,23,1,13.0,10.62,2,15.38,16,10,6,0,62.5,20,7a8bd078,https://a.espncdn.com/i/headshots/cricket/players/full/7a8bd078.png,https://www.espncricinfo.com/cricketers/s-gopal-7a8bd078
2015,S Nadeem,9d80c5e1,Delhi Daredevils,4,2,7,1,2.0,28.57,0,0,42,7.0,43,0,,6.14,21,50.0,14,5,8,1,38.46,11,9d80c5e1,https://a.espncdn.com/i/headshots/cricket/players/full/9d80c5e1.png,https://www.espncricinfo.com/cricketers/s-nadeem-9d80c5e1
2015,SA Abbott,1a2676c5,Royal Challengers Bangalore,2,15,13,1,15.0,115.38,1,1,30,5.0,57,0,,11.4,6,20.0,16,8,6,2,57.14,18,1a2676c5,https://a.espncdn.com/i/headshots/cricket/players/full/1a2676c5.png,https://www.espncricinfo.com/cricketers/sa-abbott-1a2676c5
2015,SA Yadav,271f83cd,Kolkata Knight Riders,13,157,113,9,17.44,138.94,12,8,0,,0,0,,,0,,13,7,6,0,53.85,14,271f83cd,https://a.espncdn.com/i/headshots/cricket/players/full/271f83cd.png,https://www.espncricinfo.com/cricketers/sa-yadav-271f83cd
2015,SE Marsh,508a1ea7,Kings XI Punjab,4,93,62,6,15.5,150.0,10,3,0,,0,0,,,0,,14,2,11,1,15.38,5,508a1ea7,https://a.espncdn.com/i/headshots/cricket/players/full/508a1ea7.png,https://www.espncricinfo.com/cricketers/se-marsh-508a1ea7
2015,SK Raina,1dc12ab9,Chennai Super Kings,17,374,303,15,24.93,123.43,31,16,72,12.0,93,2,36.0,7.75,24,33.33,17,10,7,0,58.82,20,1dc12ab9,https://a.espncdn.com/i/headshots/cricket/players/full/1dc12ab9.png,https://www.espncricinfo.com/cricketers/sk-raina-1dc12ab9
2015,SL Malinga,a12e1d51,Mumbai Indians,15,6,10,0,,60.0,1,0,360,60.0,444,24,15.0,7.4,140,38.89,16,10,6,0,62.5,20,a12e1d51,https://a.espncdn.com/i/headshots/cricket/players/full/a12e1d51.png,https://www.espncricinfo.com/cricketers/sl-malinga-a12e1d51
2015,SN Khan,f088b960,Royal Challengers Bangalore,13,111,70,6,18.5,158.57,12,2,0,,0,0,,,0,,16,8,6,2,57.14,18,f088b960,https://a.espncdn.com/i/headshots/cricket/players/full/f088b960.png,https://www.espncricinfo.com/cricketers/sn-khan-f088b960
2015,SN Thakur,1abb78f8,Kings XI Punjab,1,7,6,0,,116.67,1,0,18,3.0,38,1,18.0,12.67,5,27.78,14,2,11,1,15.38,5,1abb78f8,https://a.espncdn.com/i/headshots/cricket/players/full/1abb78f8.png,https://www.espncricinfo.com/cricketers/sn-thakur-1abb78f8
2015,SP Narine,9d430b40,Kolkata Knight Riders,8,0,1,0,,0.0,0,0,192,32.0,234,7,27.43,7.31,74,38.54,13,7,6,0,53.85,14,9d430b40,https://a.espncdn.com/i/headshots/cricket/players/full/9d430b40.png,https://www.espncricinfo.com/cricketers/sp-narine-9d430b40
2015,SPD Smith,30a45b23,Rajasthan Royals,14,298,220,12,24.83,135.45,34,3,0,,0,0,,,0,,14,7,5,2,58.33,16,30a45b23,https://a.espncdn.com/i/headshots/cricket/players/full/30a45b23.png,https://www.espncricinfo.com/cricketers/spd-smith-30a45b23
2015,SR Watson,4329fbb5,Rajasthan Royals,10,347,257,9,38.56,135.02,37,14,174,29.0,269,6,29.0,9.28,62,35.63,14,7,5,2,58.33,16,4329fbb5,https://a.espncdn.com/i/headshots/cricket/players/full/4329fbb5.png,https://www.espncricinfo.com/cricketers/sr-watson-4329fbb5
2015,SS Iyer,85ec8e33,Delhi Daredevils,14,439,342,13,33.77,128.36,41,21,0,,0,0,,,0,,14,5,8,1,38.46,11,85ec8e33,https://a.espncdn.com/i/headshots/cricket/players/full/85ec8e33.png,https://www.espncricinfo.com/cricketers/ss-iyer-85ec8e33
2015,SS Tiwary,709b0bac,Delhi Daredevils,7,109,78,0,,139.74,9,5,0,,0,0,,,0,,14,5,8,1,38.46,11,709b0bac,https://a.espncdn.com/i/headshots/cricket/players/full/709b0bac.png,https://www.espncricinfo.com/cricketers/ss-tiwary-709b0bac
2015,STR Binny,bd17b45f,Rajasthan Royals,13,74,65,5,14.8,113.85,7,1,114,19.0,140,4,28.5,7.37,56,49.12,14,7,5,2,58.33,16,bd17b45f,https://a.espncdn.com/i/headshots/cricket/players/full/bd17b45f.png,https://www.espncricinfo.com/cricketers/str-binny-bd17b45f
2015,SV Samson,a4cc73aa,Rajasthan Royals,14,204,162,10,20.4,125.93,16,8,0,,0,0,,,0,,14,7,5,2,58.33,16,a4cc73aa,https://a.espncdn.com/i/headshots/cricket/players/full/a4cc73aa.png,https://www.espncricinfo.com/cricketers/sv-samson-a4cc73aa
2015,Sandeep Sharma,ce820073,Kings XI Punjab,14,9,14,1,9.0,64.29,1,0,300,50.0,350,13,23.08,7.0,142,47.33,14,2,11,1,15.38,5,ce820073,https://a.espncdn.com/i/headshots/cricket/players/full/ce820073.png,https://www.espncricinfo.com/cricketers/sandeep-sharma-ce820073
2015,Shakib Al Hasan,7dc35884,Kolkata Knight Riders,4,36,27,3,12.0,133.33,5,0,84,14.0,123,4,21.0,8.79,34,40.48,13,7,6,0,53.85,14,7dc35884,https://a.espncdn.com/i/headshots/cricket/players/full/7dc35884.png,https://www.espncricinfo.com/cricketers/shakib-al-hasan-7dc35884
2015,Shivam Sharma,6f49cc6e,Kings XI Punjab,1,0,0,0,,,0,0,18,3.0,44,1,18.0,14.67,3,16.67,14,2,11,1,15.38,5,6f49cc6e,https://a.espncdn.com/i/headshots/cricket/players/full/6f49cc6e.png,https://www.espncricinfo.com/cricketers/shivam-sharma-6f49cc6e
2015,TA Boult,a818c1be,Sunrisers Hyderabad,7,0,0,0,,,0,0,168,28.0,236,9,18.67,8.43,71,42.26,14,7,7,0,50.0,14,a818c1be,https://a.espncdn.com/i/headshots/cricket/players/full/a818c1be.png,https://www.espncricinfo.com/cricketers/ta-boult-a818c1be
2015,TG Southee,13c35c9e,Rajasthan Royals,7,13,9,0,,144.44,1,0,168,28.0,247,6,28.0,8.82,66,39.29,14,7,5,2,58.33,16,13c35c9e,https://a.espncdn.com/i/headshots/cricket/players/full/13c35c9e.png,https://www.espncricinfo.com/cricketers/tg-southee-13c35c9e
2015,UBT Chand,0c94f480,Mumbai Indians,6,102,83,5,20.4,122.89,13,2,0,,0,0,,,0,,16,10,6,0,62.5,20,0c94f480,https://a.espncdn.com/i/headshots/cricket/players/full/0c94f480.png,https://www.espncricinfo.com/cricketers/ubt-chand-0c94f480
2015,UT Yadav,cc1e8c68,Kolkata Knight Riders,12,29,14,1,29.0,207.14,5,1,252,42.0,382,10,25.2,9.1,92,36.51,13,7,6,0,53.85,14,cc1e8c68,https://a.espncdn.com/i/headshots/cricket/players/full/cc1e8c68.png,https://www.espncricinfo.com/cricketers/ut-yadav-cc1e8c68
2015,V Kohli,ba607b88,Royal Challengers Bangalore,16,505,386,14,36.07,130.83,35,23,11,1.83,10,0,,5.45,2,18.18,16,8,6,2,57.14,18,ba607b88,https://a.espncdn.com/i/headshots/cricket/players/full/ba607b88.png,https://www.espncricinfo.com/cricketers/v-kohli-ba607b88
2015,V Sehwag,8ba8195d,Kings XI Punjab,8,99,84,7,14.14,117.86,12,3,0,,0,0,,,0,,14,2,11,1,15.38,5,8ba8195d,https://a.espncdn.com/i/headshots/cricket/players/full/8ba8195d.png,https://www.espncricinfo.com/cricketers/v-sehwag-8ba8195d
2015,VR Aaron,0a3d54b9,Royal Challengers Bangalore,6,6,3,1,6.0,200.0,0,1,104,17.33,177,3,34.67,10.21,44,42.31,16,8,6,2,57.14,18,0a3d54b9,https://a.espncdn.com/i/headshots/cricket/players/full/0a3d54b9.png,https://www.espncricinfo.com/cricketers/vr-aaron-0a3d54b9
2015,WP Saha,fe11caa6,Kings XI Punjab,14,249,197,13,19.15,126.4,16,10,0,,0,0,,,0,,14,2,11,1,15.38,5,fe11caa6,https://a.espncdn.com/i/headshots/cricket/players/full/fe11caa6.png,https://www.espncricinfo.com/cricketers/wp-saha-fe11caa6
2015,YK Pathan,3c6ffae8,Kolkata Knight Riders,13,312,229,7,44.57,136.24,29,12,60,10.0,97,2,30.0,9.7,12,20.0,13,7,6,0,53.85,14,3c6ffae8,https://a.espncdn.com/i/headshots/cricket/players/full/3c6ffae8.png,https://www.espncricinfo.com/cricketers/yk-pathan-3c6ffae8
2015,YS Chahal,57ee1fde,Royal Challengers Bangalore,15,1,1,0,,100.0,0,0,281,46.83,415,23,12.22,8.86,90,32.03,16,8,6,2,57.14,18,57ee1fde,https://a.espncdn.com/i/headshots/cricket/players/full/57ee1fde.png,https://www.espncricinfo.com/cricketers/ys-chahal-57ee1fde
2015,Yuvraj Singh,1c914163,Delhi Daredevils,14,248,209,13,19.08,118.66,23,10,54,9.0,72,1,54.0,8.0,11,20.37,14,5,8,1,38.46,11,1c914163,https://a.espncdn.com/i/headshots/cricket/players/full/1c914163.png,https://www.espncricinfo.com/cricketers/yuvraj-singh-1c914163
2015,Z Khan,91a4a398,Delhi Daredevils,7,0,0,0,,,0,0,145,24.17,156,7,20.71,6.46,73,50.34,14,5,8,1,38.46,11,91a4a398,https://a.espncdn.com/i/headshots/cricket/players/full/91a4a398.png,https://www.espncricinfo.com/cricketers/z-khan-91a4a398
2016,A Ashish Reddy,1c2a64cd,Sunrisers Hyderabad,4,47,29,2,23.5,162.07,2,4,23,3.83,39,1,23.0,10.17,5,21.74,17,11,6,0,64.71,22,1c2a64cd,https://a.espncdn.com/i/headshots/cricket/players/full/1c2a64cd.png,https://www.espncricinfo.com/cricketers/a-ashish-reddy-1c2a64cd
2016,A Mishra,6b19d823,Delhi Daredevils,14,4,14,2,2.0,28.57,0,0,276,46.0,344,13,21.23,7.48,93,33.7,14,7,7,0,50.0,14,6b19d823,https://a.espncdn.com/i/headshots/cricket/players/full/6b19d823.png,https://www.espncricinfo.com/cricketers/a-mishra-6b19d823
2016,A Nehra,96fd40ae,Sunrisers Hyderabad,8,1,1,0,,100.0,0,0,156,26.0,199,9,17.33,7.65,72,46.15,17,11,6,0,64.71,22,96fd40ae,https://a.espncdn.com/i/headshots/cricket/players/full/96fd40ae.png,https://www.espncricinfo.com/cricketers/a-nehra-96fd40ae
2016,A Zampa,14f96089,Rising Pune Supergiants,5,0,1,1,0.0,0.0,0,0,102,17.0,115,12,8.5,6.76,32,31.37,14,5,9,0,35.71,10,14f96089,https://a.espncdn.com/i/headshots/cricket/players/full/14f96089.png,https://www.espncricinfo.com/cricketers/a-zampa-14f96089
2016,AB Dinda,66b30f71,Rising Pune Supergiants,9,0,0,0,,,0,0,183,30.5,231,11,16.64,7.57,84,45.9,14,5,9,0,35.71,10,66b30f71,https://a.espncdn.com/i/headshots/cricket/players/full/66b30f71.png,https://www.espncricinfo.com/cricketers/ab-dinda-66b30f71
2016,AB de Villiers,c4487b84,Royal Challengers Bangalore,16,687,405,13,52.85,169.63,57,37,0,,0,0,,,0,,16,9,7,0,56.25,18,c4487b84,https://a.espncdn.com/i/headshots/cricket/players/full/c4487b84.png,https://www.espncricinfo.com/cricketers/ab-de-villiers-c4487b84
2016,AD Nath,f10e94c4,Gujarat Lions,4,20,27,3,6.67,74.07,1,0,0,,0,0,,,0,,16,9,7,0,56.25,18,f10e94c4,https://a.espncdn.com/i/headshots/cricket/players/full/f10e94c4.png,https://www.espncricinfo.com/cricketers/ad-nath-f10e94c4
2016,AD Russell,bbd41817,Kolkata Knight Riders,12,188,114,7,26.86,164.91,10,15,219,36.5,291,15,14.6,7.97,90,41.1,15,8,7,0,53.33,16,bbd41817,https://a.espncdn.com/i/headshots/cricket/players/full/bbd41817.png,https://www.espncricinfo.com/cricketers/ad-russell-bbd41817
2016,AF Milne,350bb1b1,Royal Challengers Bangalore,1,0,0,0,,,0,0,24,4.0,43,1,24.0,10.75,7,29.17,16,9,7,0,56.25,18,350bb1b1,https://a.espncdn.com/i/headshots/cricket/players/full/350bb1b1.png,https://www.espncricinfo.com/cricketers/af-milne-350bb1b1
2016,AJ Finch,b8d490fd,Gujarat Lions,13,393,297,8,49.12,132.32,45,11,0,,0,0,,,0,,16,9,7,0,56.25,18,b8d490fd,https://a.espncdn.com/i/headshots/cricket/players/full/b8d490fd.png,https://www.espncricinfo.com/cricketers/aj-finch-b8d490fd
2016,AM Rahane,29e95537,Rising Pune Supergiants,14,480,378,13,36.92,126.98,54,9,0,,0,0,,,0,,14,5,9,0,35.71,10,29e95537,https://a.espncdn.com/i/headshots/cricket/players/full/29e95537.png,https://www.espncricinfo.com/cricketers/am-rahane-29e95537
2016,AP Tare,855a210c,Sunrisers Hyderabad,3,8,15,2,4.0,53.33,1,0,0,,0,0,,,0,,17,11,6,0,64.71,22,855a210c,https://a.espncdn.com/i/headshots/cricket/players/full/855a210c.png,https://www.espncricinfo.com/cricketers/ap-tare-855a210c
2016,AR Patel,2e171977,Kings XI Punjab,14,111,77,6,18.5,144.16,4,8,287,47.83,388,13,22.08,8.11,91,31.71,14,4,10,0,28.57,8,2e171977,https://a.espncdn.com/i/headshots/cricket/players/full/2e171977.png,https://www.espncricinfo.com/cricketers/ar-patel-2e171977
2016,AS Rajpoot,db31895a,Kolkata Knight Riders,4,0,0,0,,,0,0,66,11.0,98,3,22.0,8.91,18,27.27,15,8,7,0,53.33,16,db31895a,https://a.espncdn.com/i/headshots/cricket/players/full/db31895a.png,https://www.espncricinfo.com/cricketers/as-rajpoot-db31895a
2016,AT Rayudu,70d205c9,Mumbai Indians,13,334,277,11,30.36,120.58,28,12,0,,0,0,,,0,,14,7,7,0,50.0,14,70d205c9,https://a.espncdn.com/i/headshots/cricket/players/full/70d205c9.png,https://www.espncricinfo.com/cricketers/at-rayudu-70d205c9
2016,Ankit Sharma,24d94623,Rising Pune Supergiants,3,3,3,0,,100.0,0,0,66,11.0,84,1,66.0,7.64,17,25.76,14,5,9,0,35.71,10,24d94623,https://a.espncdn.com/i/headshots/cricket/players/full/24d94623.png,https://www.espncricinfo.com/cricketers/ankit-sharma-24d94623
2016,Anureet Singh,69be866a,Kings XI Punjab,2,0,0,0,,,0,0,36,6.0,43,0,,7.17,12,33.33,14,4,10,0,28.57,8,69be866a,https://a.espncdn.com/i/headshots/cricket/players/full/69be866a.png,https://www.espncricinfo.com/cricketers/anureet-singh-69be866a
2016,B Kumar,2e81a32d,Sunrisers Hyderabad,17,43,27,5,8.6,159.26,6,1,396,66.0,490,23,17.22,7.42,156,39.39,17,11,6,0,64.71,22,2e81a32d,https://a.espncdn.com/i/headshots/cricket/players/full/2e81a32d.png,https://www.espncricinfo.com/cricketers/b-kumar-2e81a32d
2016,BB McCullum,b8a55852,Gujarat Lions,16,354,262,16,22.12,135.11,38,16,0,,0,0,,,0,,16,9,7,0,56.25,18,b8a55852,https://a.espncdn.com/i/headshots/cricket/players/full/b8a55852.png,https://www.espncricinfo.com/cricketers/bb-mccullum-b8a55852
2016,BB Sran,d8b2f218,Sunrisers Hyderabad,14,4,3,0,,133.33,0,0,297,49.5,413,14,21.21,8.34,107,36.03,17,11,6,0,64.71,22,d8b2f218,https://a.espncdn.com/i/headshots/cricket/players/full/d8b2f218.png,https://www.espncricinfo.com/cricketers/bb-sran-d8b2f218
2016,BCJ Cutting,2e11c706,Sunrisers Hyderabad,4,65,34,3,21.67,191.18,4,6,67,11.17,80,5,13.4,7.16,23,34.33,17,11,6,0,64.71,22,2e11c706,https://a.espncdn.com/i/headshots/cricket/players/full/2e11c706.png,https://www.espncricinfo.com/cricketers/bcj-cutting-2e11c706
2016,Bipul Sharma,c18496e1,Sunrisers Hyderabad,7,51,25,1,51.0,204.0,1,5,84,14.0,121,3,28.0,8.64,21,25.0,17,11,6,0,64.71,22,c18496e1,https://a.espncdn.com/i/headshots/cricket/players/full/c18496e1.png,https://www.espncricinfo.com/cricketers/bipul-sharma-c18496e1
2016,C Munro,af2c687b,Kolkata Knight Riders,4,30,30,1,30.0,100.0,3,0,12,2.0,15,0,,7.5,5,41.67,15,8,7,0,53.33,16,af2c687b,https://a.espncdn.com/i/headshots/cricket/players/full/af2c687b.png,https://www.espncricinfo.com/cricketers/c-munro-af2c687b
2016,CA Lynn,45eda7c8,Kolkata Knight Riders,2,25,22,1,25.0,113.64,0,1,0,,0,0,,,0,,15,8,7,0,53.33,16,45eda7c8,https://a.espncdn.com/i/headshots/cricket/players/full/45eda7c8.png,https://www.espncricinfo.com/cricketers/ca-lynn-45eda7c8
2016,CH Gayle,db584dad,Royal Challengers Bangalore,10,227,150,10,22.7,151.33,17,21,60,10.0,63,2,30.0,6.3,21,35.0,16,9,7,0,56.25,18,db584dad,https://a.espncdn.com/i/headshots/cricket/players/full/db584dad.png,https://www.espncricinfo.com/cricketers/ch-gayle-db584dad
2016,CH Morris,fb66ce1f,Delhi Daredevils,12,195,109,4,48.75,178.9,15,12,264,44.0,308,13,20.31,7.0,102,38.64,14,7,7,0,50.0,14,fb66ce1f,https://a.espncdn.com/i/headshots/cricket/players/full/fb66ce1f.png,https://www.espncricinfo.com/cricketers/ch-morris-fb66ce1f
2016,CJ Jordan,ffe699c0,Royal Challengers Bangalore,9,3,4,0,,75.0,0,0,168,28.0,258,11,15.27,9.21,49,29.17,16,9,7,0,56.25,18,ffe699c0,https://a.espncdn.com/i/headshots/cricket/players/full/ffe699c0.png,https://www.espncricinfo.com/cricketers/cj-jordan-ffe699c0
2016,CR Brathwaite,e342e5fb,Delhi Daredevils,8,83,38,6,13.83,218.42,6,8,139,23.17,189,7,19.86,8.16,41,29.5,14,7,7,0,50.0,14,e342e5fb,https://a.espncdn.com/i/headshots/cricket/players/full/e342e5fb.png,https://www.espncricinfo.com/cricketers/cr-brathwaite-e342e5fb
2016,D Wiese,aa8d28ae,Royal Challengers Bangalore,1,5,4,0,,125.0,0,0,24,4.0,49,0,,12.25,6,25.0,16,9,7,0,56.25,18,aa8d28ae,https://a.espncdn.com/i/headshots/cricket/players/full/aa8d28ae.png,https://www.espncricinfo.com/cricketers/d-wiese-aa8d28ae
2016,DA Miller,d67d5f00,Kings XI Punjab,14,161,130,10,16.1,123.85,11,4,0,,0,0,,,0,,14,4,10,0,28.57,8,d67d5f00,https://a.espncdn.com/i/headshots/cricket/players/full/d67d5f00.png,https://www.espncricinfo.com/cricketers/da-miller-d67d5f00
2016,DA Warner,dcce6f09,Sunrisers Hyderabad,17,848,558,16,53.0,151.97,88,31,0,,0,0,,,0,,17,11,6,0,64.71,22,dcce6f09,https://a.espncdn.com/i/headshots/cricket/players/full/dcce6f09.png,https://www.espncricinfo.com/cricketers/da-warner-dcce6f09
2016,DJ Bravo,87e562a9,Gujarat Lions,15,99,82,8,12.38,120.73,11,1,336,56.0,494,17,19.76,8.82,93,27.68,16,9,7,0,56.25,18,87e562a9,https://a.espncdn.com/i/headshots/cricket/players/full/87e562a9.png,https://www.espncricinfo.com/cricketers/dj-bravo-87e562a9
2016,DJ Hooda,73ad96ed,Sunrisers Hyderabad,17,144,119,11,13.09,121.01,9,5,78,13.0,97,3,26.0,7.46,21,26.92,17,11,6,0,64.71,22,73ad96ed,https://a.espncdn.com/i/headshots/cricket/players/full/73ad96ed.png,https://www.espncricinfo.com/cricketers/dj-hooda-73ad96ed
2016,DL Chahar,23eeb873,Rising Pune Supergiants,2,0,0,0,,,0,0,30,5.0,41,0,,8.2,13,43.33,14,5,9,0,35.71,10,23eeb873,https://a.espncdn.com/i/headshots/cricket/players/full/23eeb873.png,https://www.espncricinfo.com/cricketers/dl-chahar-23eeb873
2016,DR Smith,35205dfc,Gujarat Lions,12,324,220,11,29.45,147.27,35,16,108,18.0,153,8,13.5,8.5,40,37.04,16,9,7,0,56.25,18,35205dfc,https://a.espncdn.com/i/headshots/cricket/players/full/35205dfc.png,https://www.espncricinfo.com/cricketers/dr-smith-35205dfc
2016,DS Kulkarni,d2a989fc,Gujarat Lions,14,27,16,2,13.5,168.75,3,0,294,49.0,364,18,16.33,7.43,130,44.22,16,9,7,0,56.25,18,d2a989fc,https://a.espncdn.com/i/headshots/cricket/players/full/d2a989fc.png,https://www.espncricinfo.com/cricketers/ds-kulkarni-d2a989fc
2016,DW Steyn,8fd1a8f5,Gujarat Lions,1,1,2,1,1.0,50.0,0,0,12,2.0,17,0,,8.5,5,41.67,16,9,7,0,56.25,18,8fd1a8f5,https://a.espncdn.com/i/headshots/cricket/players/full/8fd1a8f5.png,https://www.espncricinfo.com/cricketers/dw-steyn-8fd1a8f5
2016,EJG Morgan,d2a6c0e6,Sunrisers Hyderabad,7,123,105,5,24.6,117.14,8,4,0,,0,0,,,0,,17,11,6,0,64.71,22,d2a6c0e6,https://a.espncdn.com/i/headshots/cricket/players/full/d2a6c0e6.png,https://www.espncricinfo.com/cricketers/ejg-morgan-d2a6c0e6
2016,ER Dwivedi,b274dbbd,Gujarat Lions,4,24,14,2,12.0,171.43,2,2,0,,0,0,,,0,,16,9,7,0,56.25,18,b274dbbd,https://a.espncdn.com/i/headshots/cricket/players/full/b274dbbd.png,https://www.espncricinfo.com/cricketers/er-dwivedi-b274dbbd
2016,F Behardien,dce2019b,Kings XI Punjab,3,14,13,2,7.0,107.69,2,0,0,,0,0,,,0,,14,4,10,0,28.57,8,dce2019b,https://a.espncdn.com/i/headshots/cricket/players/full/dce2019b.png,https://www.espncricinfo.com/cricketers/f-behardien-dce2019b
2016,F du Plessis,3355b542,Rising Pune Supergiants,6,206,162,6,34.33,127.16,17,9,0,,0,0,,,0,,14,5,9,0,35.71,10,3355b542,https://a.espncdn.com/i/headshots/cricket/players/full/3355b542.png,https://www.espncricinfo.com/cricketers/f-du-plessis-3355b542
2016,G Gambhir,bb345e0b,Kolkata Knight Riders,15,501,411,12,41.75,121.9,54,6,0,,0,0,,,0,,15,8,7,0,53.33,16,bb345e0b,https://a.espncdn.com/i/headshots/cricket/players/full/bb345e0b.png,https://www.espncricinfo.com/cricketers/g-gambhir-bb345e0b
2016,GB Hogg,f708a0bc,Kolkata Knight Riders,5,0,0,0,,,0,0,96,16.0,142,4,24.0,8.88,31,32.29,15,8,7,0,53.33,16,f708a0bc,https://a.espncdn.com/i/headshots/cricket/players/full/f708a0bc.png,https://www.espncricinfo.com/cricketers/gb-hogg-f708a0bc
2016,GJ Bailey,5056011d,Rising Pune Supergiants,6,84,97,4,21.0,86.6,9,2,0,,0,0,,,0,,14,5,9,0,35.71,10,5056011d,https://a.espncdn.com/i/headshots/cricket/players/full/5056011d.png,https://www.espncricinfo.com/cricketers/gj-bailey-5056011d
2016,GJ Maxwell,b681e71e,Kings XI Punjab,11,179,124,9,19.89,144.35,14,8,54,9.0,80,0,,8.89,16,29.63,14,4,10,0,28.57,8,b681e71e,https://a.espncdn.com/i/headshots/cricket/players/full/b681e71e.png,https://www.espncricinfo.com/cricketers/gj-maxwell-b681e71e
2016,Gurkeerat Singh,6eb146d2,Kings XI Punjab,7,113,86,6,18.83,131.4,11,3,24,4.0,31,2,12.0,7.75,7,29.17,14,4,10,0,28.57,8,6eb146d2,https://a.espncdn.com/i/headshots/cricket/players/full/6eb146d2.png,https://www.espncricinfo.com/cricketers/gurkeerat-singh-6eb146d2
2016,HH Pandya,dbe50b21,Mumbai Indians,11,44,63,7,6.29,69.84,4,0,100,16.67,153,3,33.33,9.18,29,29.0,14,7,7,0,50.0,14,dbe50b21,https://a.espncdn.com/i/headshots/cricket/players/full/dbe50b21.png,https://www.espncricinfo.com/cricketers/hh-pandya-dbe50b21
2016,HM Amla,e798611a,Kings XI Punjab,6,157,119,6,26.17,131.93,20,4,0,,0,0,,,0,,14,4,10,0,28.57,8,e798611a,https://a.espncdn.com/i/headshots/cricket/players/full/e798611a.png,https://www.espncricinfo.com/cricketers/hm-amla-e798611a
2016,HV Patel,f986ca1a,Royal Challengers Bangalore,5,0,0,0,,,0,0,84,14.0,147,1,84.0,10.5,28,33.33,16,9,7,0,56.25,18,f986ca1a,https://a.espncdn.com/i/headshots/cricket/players/full/f986ca1a.png,https://www.espncricinfo.com/cricketers/hv-patel-f986ca1a
2016,Harbhajan Singh,8b5b6769,Mumbai Indians,14,92,84,3,30.67,109.52,11,2,294,49.0,392,9,32.67,8.0,83,28.23,14,7,7,0,50.0,14,8b5b6769,https://a.espncdn.com/i/headshots/cricket/players/full/8b5b6769.png,https://www.espncricinfo.com/cricketers/harbhajan-singh-8b5b6769
2016,I Sharma,5bb1a1c4,Rising Pune Supergiants,4,0,0,0,,,0,0,90,15.0,148,3,30.0,9.87,37,41.11,14,5,9,0,35.71,10,5bb1a1c4,https://a.espncdn.com/i/headshots/cricket/players/full/5bb1a1c4.png,https://www.espncricinfo.com/cricketers/i-sharma-5bb1a1c4
2016,IK Pathan,5fa06777,Rising Pune Supergiants,4,11,13,2,5.5,84.62,0,0,48,8.0,61,0,,7.62,18,37.5,14,5,9,0,35.71,10,5fa06777,https://a.espncdn.com/i/headshots/cricket/players/full/5fa06777.png,https://www.espncricinfo.com/cricketers/ik-pathan-5fa06777
2016,Imran Tahir,acee4cc4,Delhi Daredevils,4,5,7,1,5.0,71.43,1,0,96,16.0,138,5,19.2,8.62,25,26.04,14,7,7,0,50.0,14,acee4cc4,https://a.espncdn.com/i/headshots/cricket/players/full/acee4cc4.png,https://www.espncricinfo.com/cricketers/imran-tahir-acee4cc4
2016,Iqbal Abdulla,85aae393,Royal Challengers Bangalore,8,37,26,0,,142.31,4,1,150,25.0,213,6,25.0,8.52,35,23.33,16,9,7,0,56.25,18,85aae393,https://a.espncdn.com/i/headshots/cricket/players/full/85aae393.png,https://www.espncricinfo.com/cricketers/iqbal-abdulla-85aae393
2016,Ishan Kishan,752f7486,Gujarat Lions,5,42,41,4,10.5,102.44,5,0,0,,0,0,,,0,,16,9,7,0,56.25,18,752f7486,https://a.espncdn.com/i/headshots/cricket/players/full/752f7486.png,https://www.espncricinfo.com/cricketers/ishan-kishan-752f7486
2016,J Suchith,4125d931,Mumbai Indians,1,0,0,0,,,0,0,12,2.0,31,0,,15.5,0,0.0,14,7,7,0,50.0,14,4125d931,https://a.espncdn.com/i/headshots/cricket/players/full/4125d931.png,https://www.espncricinfo.com/cricketers/j-suchith-4125d931
2016,J Yadav,81049310,Delhi Daredevils,5,6,10,0,,60.0,0,0,102,17.0,125,2,51.0,7.35,38,37.25,14,7,7,0,50.0,14,81049310,https://a.espncdn.com/i/headshots/cricket/players/full/81049310.png,https://www.espncricinfo.com/cricketers/j-yadav-81049310
2016,JA Morkel,c3d35165,Rising Pune Supergiants,2,16,9,1,16.0,177.78,0,2,30,5.0,66,2,15.0,13.2,9,30.0,14,5,9,0,35.71,10,c3d35165,https://a.espncdn.com/i/headshots/cricket/players/full/c3d35165.png,https://www.espncricinfo.com/cricketers/ja-morkel-c3d35165
2016,JC Buttler,99b75528,Mumbai Indians,14,255,183,11,23.18,139.34,23,11,0,,0,0,,,0,,14,7,7,0,50.0,14,99b75528,https://a.espncdn.com/i/headshots/cricket/players/full/99b75528.png,https://www.espncricinfo.com/cricketers/jc-buttler-99b75528
2016,JD Unadkat,1e66c162,Kolkata Knight Riders,1,0,0,0,,,0,0,18,3.0,49,0,,16.33,5,27.78,15,8,7,0,53.33,16,1e66c162,https://a.espncdn.com/i/headshots/cricket/players/full/1e66c162.png,https://www.espncricinfo.com/cricketers/jd-unadkat-1e66c162
2016,JJ Bumrah,462411b3,Mumbai Indians,14,8,11,1,8.0,72.73,1,0,312,52.0,406,15,20.8,7.81,108,34.62,14,7,7,0,50.0,14,462411b3,https://a.espncdn.com/i/headshots/cricket/players/full/462411b3.png,https://www.espncricinfo.com/cricketers/jj-bumrah-462411b3
2016,JO Holder,0f721006,Kolkata Knight Riders,4,22,19,4,5.5,115.79,2,1,78,13.0,103,2,39.0,7.92,27,34.62,15,8,7,0,53.33,16,0f721006,https://a.espncdn.com/i/headshots/cricket/players/full/0f721006.png,https://www.espncricinfo.com/cricketers/jo-holder-0f721006
2016,JP Duminy,2e8994e7,Delhi Daredevils,10,191,155,5,38.2,123.23,13,3,42,7.0,55,2,21.0,7.86,12,28.57,14,7,7,0,50.0,14,2e8994e7,https://a.espncdn.com/i/headshots/cricket/players/full/2e8994e7.png,https://www.espncricinfo.com/cricketers/jp-duminy-2e8994e7
2016,JP Faulkner,808f425a,Gujarat Lions,7,77,58,3,25.67,132.76,7,0,102,17.0,167,2,51.0,9.82,21,20.59,16,9,7,0,56.25,18,808f425a,https://a.espncdn.com/i/headshots/cricket/players/full/808f425a.png,https://www.espncricinfo.com/cricketers/jp-faulkner-808f425a
2016,JW Hastings,012829ff,Kolkata Knight Riders,2,0,0,0,,,0,0,40,6.67,37,2,20.0,5.55,22,55.0,15,8,7,0,53.33,16,012829ff,https://a.espncdn.com/i/headshots/cricket/players/full/012829ff.png,https://www.espncricinfo.com/cricketers/jw-hastings-012829ff
2016,KA Pollard,a757b0d8,Mumbai Indians,13,207,144,8,25.88,143.75,11,16,36,6.0,81,0,,13.5,4,11.11,14,7,7,0,50.0,14,a757b0d8,https://a.espncdn.com/i/headshots/cricket/players/full/a757b0d8.png,https://www.espncricinfo.com/cricketers/ka-pollard-a757b0d8
2016,KC Cariappa,edb3d4f8,Kings XI Punjab,5,13,11,1,13.0,118.18,0,1,102,17.0,159,3,34.0,9.35,35,34.31,14,4,10,0,28.57,8,edb3d4f8,https://a.espncdn.com/i/headshots/cricket/players/full/edb3d4f8.png,https://www.espncricinfo.com/cricketers/kc-cariappa-edb3d4f8
2016,KD Karthik,c03f1114,Gujarat Lions,16,335,266,14,23.93,125.94,38,3,0,,0,0,,,0,,16,9,7,0,56.25,18,c03f1114,https://a.espncdn.com/i/headshots/cricket/players/full/c03f1114.png,https://www.espncricinfo.com/cricketers/kd-karthik-c03f1114
2016,KH Pandya,5b8c830e,Mumbai Indians,12,237,124,5,47.4,191.13,22,13,187,31.17,236,6,31.17,7.57,53,28.34,14,7,7,0,50.0,14,5b8c830e,https://a.espncdn.com/i/headshots/cricket/players/full/5b8c830e.png,https://www.espncricinfo.com/cricketers/kh-pandya-5b8c830e
2016,KJ Abbott,a9da7784,Kings XI Punjab,5,13,8,1,13.0,162.5,0,1,96,16.0,177,2,48.0,11.06,28,29.17,14,4,10,0,28.57,8,a9da7784,https://a.espncdn.com/i/headshots/cricket/players/full/a9da7784.png,https://www.espncricinfo.com/cricketers/kj-abbott-a9da7784
2016,KK Nair,944533a5,Delhi Daredevils,14,357,295,11,32.45,121.02,40,6,0,,0,0,,,0,,14,7,7,0,50.0,14,944533a5,https://a.espncdn.com/i/headshots/cricket/players/full/944533a5.png,https://www.espncricinfo.com/cricketers/kk-nair-944533a5
2016,KL Rahul,b17e2f24,Royal Challengers Bangalore,14,397,271,9,44.11,146.49,37,16,0,,0,0,,,0,,16,9,7,0,56.25,18,b17e2f24,https://a.espncdn.com/i/headshots/cricket/players/full/b17e2f24.png,https://www.espncricinfo.com/cricketers/kl-rahul-b17e2f24
2016,KM Jadhav,99d63244,Royal Challengers Bangalore,4,42,31,0,,135.48,2,2,0,,0,0,,,0,,16,9,7,0,56.25,18,99d63244,https://a.espncdn.com/i/headshots/cricket/players/full/99d63244.png,https://www.espncricinfo.com/cricketers/km-jadhav-99d63244
2016,KP Pietersen,39f01cdb,Rising Pune Supergiants,4,73,61,3,24.33,119.67,4,3,0,,0,0,,,0,,14,5,9,0,35.71,10,39f01cdb,https://a.espncdn.com/i/headshots/cricket/players/full/39f01cdb.png,https://www.espncricinfo.com/cricketers/kp-pietersen-39f01cdb
2016,KS Williamson,d027ba9f,Sunrisers Hyderabad,6,124,122,6,20.67,101.64,14,0,6,1.0,7,0,,7.0,2,33.33,17,11,6,0,64.71,22,d027ba9f,https://a.espncdn.com/i/headshots/cricket/players/full/d027ba9f.png,https://www.espncricinfo.com/cricketers/ks-williamson-d027ba9f
2016,KV Sharma,119678fd,Sunrisers Hyderabad,5,36,30,0,,120.0,3,1,98,16.33,171,0,,10.47,19,19.39,17,11,6,0,64.71,22,119678fd,https://a.espncdn.com/i/headshots/cricket/players/full/119678fd.png,https://www.espncricinfo.com/cricketers/kv-sharma-119678fd
2016,KW Richardson,dfc4d8b5,Royal Challengers Bangalore,4,1,1,0,,100.0,0,0,84,14.0,136,7,12.0,9.71,34,40.48,16,9,7,0,56.25,18,dfc4d8b5,https://a.espncdn.com/i/headshots/cricket/players/full/dfc4d8b5.png,https://www.espncricinfo.com/cricketers/kw-richardson-dfc4d8b5
2016,Kuldeep Yadav,8d2c70ad,Kolkata Knight Riders,3,0,0,0,,,0,0,72,12.0,100,6,12.0,8.33,28,38.89,15,8,7,0,53.33,16,8d2c70ad,https://a.espncdn.com/i/headshots/cricket/players/full/8d2c70ad.png,https://www.espncricinfo.com/cricketers/kuldeep-yadav-8d2c70ad
2016,LMP Simmons,89f64c19,Mumbai Indians,1,8,8,1,8.0,100.0,0,1,0,,0,0,,,0,,14,7,7,0,50.0,14,89f64c19,https://a.espncdn.com/i/headshots/cricket/players/full/89f64c19.png,https://www.espncricinfo.com/cricketers/lmp-simmons-89f64c19
2016,M Ashwin,e2db2409,Rising Pune Supergiants,10,0,1,1,0.0,0.0,0,0,171,28.5,241,7,24.43,8.46,55,32.16,14,5,9,0,35.71,10,e2db2409,https://a.espncdn.com/i/headshots/cricket/players/full/e2db2409.png,https://www.espncricinfo.com/cricketers/m-ashwin-e2db2409
2016,M Morkel,5bb5a915,Kolkata Knight Riders,10,1,1,0,,100.0,0,0,213,35.5,297,10,21.3,8.37,89,41.78,15,8,7,0,53.33,16,5bb5a915,https://a.espncdn.com/i/headshots/cricket/players/full/5bb5a915.png,https://www.espncricinfo.com/cricketers/m-morkel-5bb5a915
2016,M Vijay,4b57e452,Kings XI Punjab,14,453,364,12,37.75,124.45,50,10,6,1.0,8,0,,8.0,2,33.33,14,4,10,0,28.57,8,4b57e452,https://a.espncdn.com/i/headshots/cricket/players/full/4b57e452.png,https://www.espncricinfo.com/cricketers/m-vijay-4b57e452
2016,M Vohra,c03e2850,Kings XI Punjab,7,161,131,8,20.12,122.9,19,3,0,,0,0,,,0,,14,4,10,0,28.57,8,c03e2850,https://a.espncdn.com/i/headshots/cricket/players/full/c03e2850.png,https://www.espncricinfo.com/cricketers/m-vohra-c03e2850
2016,MA Agarwal,00ea847a,Delhi Daredevils,3,27,25,3,9.0,108.0,3,1,0,,0,0,,,0,,14,7,7,0,50.0,14,00ea847a,https://a.espncdn.com/i/headshots/cricket/players/full/00ea847a.png,https://www.espncricinfo.com/cricketers/ma-agarwal-00ea847a
2016,MC Henriques,32198ae0,Sunrisers Hyderabad,17,182,157,13,14.0,115.92,15,6,312,52.0,415,12,26.0,7.98,89,28.53,17,11,6,0,64.71,22,32198ae0,https://a.espncdn.com/i/headshots/cricket/players/full/32198ae0.png,https://www.espncricinfo.com/cricketers/mc-henriques-32198ae0
2016,MG Johnson,f5180fe6,Kings XI Punjab,3,5,14,2,2.5,35.71,0,0,66,11.0,106,2,33.0,9.64,21,31.82,14,4,10,0,28.57,8,f5180fe6,https://a.espncdn.com/i/headshots/cricket/players/full/f5180fe6.png,https://www.espncricinfo.com/cricketers/mg-johnson-f5180fe6
2016,MJ Guptill,2be41edb,Mumbai Indians,3,57,55,3,19.0,103.64,3,3,0,,0,0,,,0,,14,7,7,0,50.0,14,2be41edb,https://a.espncdn.com/i/headshots/cricket/players/full/2be41edb.png,https://www.espncricinfo.com/cricketers/mj-guptill-2be41edb
2016,MJ McClenaghan,51a3c5ef,Mumbai Indians,14,34,23,3,11.33,147.83,2,3,320,53.33,436,17,18.82,8.18,128,40.0,14,7,7,0,50.0,14,51a3c5ef,https://a.espncdn.com/i/headshots/cricket/players/full/51a3c5ef.png,https://www.espncricinfo.com/cricketers/mj-mcclenaghan-51a3c5ef
2016,MK Pandey,93b4fc78,Kolkata Knight Riders,12,248,183,8,31.0,135.52,17,9,0,,0,0,,,0,,15,8,7,0,53.33,16,93b4fc78,https://a.espncdn.com/i/headshots/cricket/players/full/93b4fc78.png,https://www.espncricinfo.com/cricketers/mk-pandey-93b4fc78
2016,MM Sharma,759ac88f,Kings XI Punjab,14,32,26,4,8.0,123.08,3,1,291,48.5,407,13,22.38,8.39,97,33.33,14,4,10,0,28.57,8,759ac88f,https://a.espncdn.com/i/headshots/cricket/players/full/759ac88f.png,https://www.espncricinfo.com/cricketers/mm-sharma-759ac88f
2016,MP Stoinis,d9273ee7,Kings XI Punjab,7,146,108,4,36.5,135.19,13,4,138,23.0,194,8,17.25,8.43,39,28.26,14,4,10,0,28.57,8,d9273ee7,https://a.espncdn.com/i/headshots/cricket/players/full/d9273ee7.png,https://www.espncricinfo.com/cricketers/mp-stoinis-d9273ee7
2016,MR Marsh,3d8feaf8,Rising Pune Supergiants,3,7,11,1,7.0,63.64,0,0,54,9.0,45,4,13.5,5.0,28,51.85,14,5,9,0,35.71,10,3d8feaf8,https://a.espncdn.com/i/headshots/cricket/players/full/3d8feaf8.png,https://www.espncricinfo.com/cricketers/mr-marsh-3d8feaf8
2016,MS Dhoni,4a8a2e3b,Rising Pune Supergiants,14,284,210,8,35.5,135.24,18,14,0,,0,0,,,0,,14,5,9,0,35.71,10,4a8a2e3b,https://a.espncdn.com/i/headshots/cricket/players/full/4a8a2e3b.png,https://www.espncricinfo.com/cricketers/ms-dhoni-4a8a2e3b
2016,Mandeep Singh,c3a96caf,Royal Challengers Bangalore,1,0,0,0,,,0,0,0,,0,0,,,0,,16,9,7,0,56.25,18,c3a96caf,https://a.espncdn.com/i/headshots/cricket/players/full/c3a96caf.png,https://www.espncricinfo.com/cricketers/mandeep-singh-c3a96caf
2016,Mohammed Shami,8cf9814c,Delhi Daredevils,8,2,4,0,,50.0,0,0,151,25.17,244,5,30.2,9.7,39,25.83,14,7,7,0,50.0,14,8cf9814c,https://a.espncdn.com/i/headshots/cricket/players/full/8cf9814c.png,https://www.espncricinfo.com/cricketers/mohammed-shami-8cf9814c
2016,Mustafizur Rahman,0a8fce53,Sunrisers Hyderabad,16,0,0,0,,,0,0,366,61.0,421,17,21.53,6.9,137,37.43,17,11,6,0,64.71,22,0a8fce53,https://a.espncdn.com/i/headshots/cricket/players/full/0a8fce53.png,https://www.espncricinfo.com/cricketers/mustafizur-rahman-0a8fce53
2016,N Rana,fb2d1dda,Mumbai Indians,4,104,74,3,34.67,140.54,7,8,6,1.0,3,0,,3.0,3,50.0,14,7,7,0,50.0,14,fb2d1dda,https://a.espncdn.com/i/headshots/cricket/players/full/fb2d1dda.png,https://www.espncricinfo.com/cricketers/n-rana-fb2d1dda
2016,NLTC Perera,0f12f9df,Rising Pune Supergiants,12,150,92,7,21.43,163.04,7,11,199,33.17,326,9,22.11,9.83,56,28.14,14,5,9,0,35.71,10,0f12f9df,https://a.espncdn.com/i/headshots/cricket/players/full/0f12f9df.png,https://www.espncricinfo.com/cricketers/nltc-perera-0f12f9df
2016,NM Coulter-Nile,56ab442f,Delhi Daredevils,4,9,14,0,,64.29,1,0,90,15.0,114,3,30.0,7.6,37,41.11,14,7,7,0,50.0,14,56ab442f,https://a.espncdn.com/i/headshots/cricket/players/full/56ab442f.png,https://www.espncricinfo.com/cricketers/nm-coulter-nile-56ab442f
2016,NS Naik,aedc3b7c,Kings XI Punjab,2,23,31,2,11.5,74.19,1,0,0,,0,0,,,0,,14,4,10,0,28.57,8,aedc3b7c,https://a.espncdn.com/i/headshots/cricket/players/full/aedc3b7c.png,https://www.espncricinfo.com/cricketers/ns-naik-aedc3b7c
2016,NV Ojha,890946a0,Sunrisers Hyderabad,17,136,138,10,13.6,98.55,7,5,0,,0,0,,,0,,17,11,6,0,64.71,22,890946a0,https://a.espncdn.com/i/headshots/cricket/players/full/890946a0.png,https://www.espncricinfo.com/cricketers/nv-ojha-890946a0
2016,P Kumar,e938e1bc,Gujarat Lions,16,24,26,4,6.0,92.31,3,0,309,51.5,401,9,34.33,7.79,132,42.72,16,9,7,0,56.25,18,e938e1bc,https://a.espncdn.com/i/headshots/cricket/players/full/e938e1bc.png,https://www.espncricinfo.com/cricketers/p-kumar-e938e1bc
2016,P Negi,f62772e5,Delhi Daredevils,8,57,59,3,19.0,96.61,2,3,54,9.0,84,1,54.0,9.33,11,20.37,14,7,7,0,50.0,14,f62772e5,https://a.espncdn.com/i/headshots/cricket/players/full/f62772e5.png,https://www.espncricinfo.com/cricketers/p-negi-f62772e5
2016,P Sahu,9a0146b3,Kings XI Punjab,5,19,13,0,,146.15,1,1,105,17.5,146,3,35.0,8.34,24,22.86,14,4,10,0,28.57,8,9a0146b3,https://a.espncdn.com/i/headshots/cricket/players/full/9a0146b3.png,https://www.espncricinfo.com/cricketers/p-sahu-9a0146b3
2016,PA Patel,b5da6c24,Mumbai Indians,10,177,151,10,17.7,117.22,23,4,0,,0,0,,,0,,14,7,7,0,50.0,14,b5da6c24,https://a.espncdn.com/i/headshots/cricket/players/full/b5da6c24.png,https://www.espncricinfo.com/cricketers/pa-patel-b5da6c24
2016,PJ Sangwan,9fc0ef64,Gujarat Lions,2,0,0,0,,,0,0,24,4.0,49,0,,12.25,9,37.5,16,9,7,0,56.25,18,9fc0ef64,https://a.espncdn.com/i/headshots/cricket/players/full/9fc0ef64.png,https://www.espncricinfo.com/cricketers/pj-sangwan-9fc0ef64
2016,PP Chawla,98ae73b1,Kolkata Knight Riders,12,27,26,3,9.0,103.85,4,0,212,35.33,273,11,19.27,7.73,81,38.21,15,8,7,0,53.33,16,98ae73b1,https://a.espncdn.com/i/headshots/cricket/players/full/98ae73b1.png,https://www.espncricinfo.com/cricketers/pp-chawla-98ae73b1
2016,PSP Handscomb,ada15e88,Rising Pune Supergiants,2,6,12,1,6.0,50.0,0,0,0,,0,0,,,0,,14,5,9,0,35.71,10,ada15e88,https://a.espncdn.com/i/headshots/cricket/players/full/ada15e88.png,https://www.espncricinfo.com/cricketers/psp-handscomb-ada15e88
2016,PV Tambe,6aed7e79,Gujarat Lions,7,7,18,0,,38.89,1,0,96,16.0,143,5,19.2,8.94,26,27.08,16,9,7,0,56.25,18,6aed7e79,https://a.espncdn.com/i/headshots/cricket/players/full/6aed7e79.png,https://www.espncricinfo.com/cricketers/pv-tambe-6aed7e79
2016,Parvez Rasool,9170ff49,Royal Challengers Bangalore,4,10,9,1,10.0,111.11,1,0,84,14.0,129,1,84.0,9.21,22,26.19,16,9,7,0,56.25,18,9170ff49,https://a.espncdn.com/i/headshots/cricket/players/full/9170ff49.png,https://www.espncricinfo.com/cricketers/parvez-rasool-9170ff49
2016,Q de Kock,372455c4,Delhi Daredevils,13,445,326,13,34.23,136.5,52,13,0,,0,0,,,0,,14,7,7,0,50.0,14,372455c4,https://a.espncdn.com/i/headshots/cricket/players/full/372455c4.png,https://www.espncricinfo.com/cricketers/q-de-kock-372455c4
2016,R Ashwin,495d42a5,Rising Pune Supergiants,14,41,38,2,20.5,107.89,3,1,264,44.0,319,10,26.4,7.25,93,35.23,14,5,9,0,35.71,10,495d42a5,https://a.espncdn.com/i/headshots/cricket/players/full/495d42a5.png,https://www.espncricinfo.com/cricketers/r-ashwin-495d42a5
2016,R Bhatia,33a364a6,Rising Pune Supergiants,10,34,20,1,34.0,170.0,1,2,204,34.0,244,6,34.0,7.18,54,26.47,14,5,9,0,35.71,10,33a364a6,https://a.espncdn.com/i/headshots/cricket/players/full/33a364a6.png,https://www.espncricinfo.com/cricketers/r-bhatia-33a364a6
2016,R Dhawan,26a85969,Kings XI Punjab,2,14,6,0,,233.33,0,1,42,7.0,56,2,21.0,8.0,12,28.57,14,4,10,0,28.57,8,26a85969,https://a.espncdn.com/i/headshots/cricket/players/full/26a85969.png,https://www.espncricinfo.com/cricketers/r-dhawan-26a85969
2016,R Sathish,626c5379,Kolkata Knight Riders,4,24,24,3,8.0,100.0,1,1,36,6.0,59,1,36.0,9.83,8,22.22,15,8,7,0,53.33,16,626c5379,https://a.espncdn.com/i/headshots/cricket/players/full/626c5379.png,https://www.espncricinfo.com/cricketers/r-sathish-626c5379
2016,R Vinay Kumar,41eb4a4f,Mumbai Indians,3,13,12,1,13.0,108.33,0,1,54,9.0,64,3,18.0,7.11,25,46.3,14,7,7,0,50.0,14,41eb4a4f,https://a.espncdn.com/i/headshots/cricket/players/full/41eb4a4f.png,https://www.espncricinfo.com/cricketers/r-vinay-kumar-41eb4a4f
2016,RA Jadeja,fe93fd9d,Gujarat Lions,15,191,175,10,19.1,109.14,14,4,241,40.17,311,8,30.12,7.74,71,29.46,16,9,7,0,56.25,18,fe93fd9d,https://a.espncdn.com/i/headshots/cricket/players/full/fe93fd9d.png,https://www.espncricinfo.com/cricketers/ra-jadeja-fe93fd9d
2016,RG Sharma,740742ef,Mumbai Indians,14,489,366,12,40.75,133.61,49,17,0,,0,0,,,0,,14,7,7,0,50.0,14,740742ef,https://a.espncdn.com/i/headshots/cricket/players/full/740742ef.png,https://www.espncricinfo.com/cricketers/rg-sharma-740742ef
2016,RP Singh,c3d1402f,Rising Pune Supergiants,4,0,0,0,,,0,0,72,12.0,111,3,24.0,9.25,29,40.28,14,5,9,0,35.71,10,c3d1402f,https://a.espncdn.com/i/headshots/cricket/players/full/c3d1402f.png,https://www.espncricinfo.com/cricketers/rp-singh-c3d1402f
2016,RR Pant,919a3be2,Delhi Daredevils,10,198,152,7,28.29,130.26,19,6,0,,0,0,,,0,,14,7,7,0,50.0,14,919a3be2,https://a.espncdn.com/i/headshots/cricket/players/full/919a3be2.png,https://www.espncricinfo.com/cricketers/rr-pant-919a3be2
2016,RV Uthappa,1c17e270,Kolkata Knight Riders,15,394,288,16,24.62,136.81,45,8,0,,0,0,,,0,,15,8,7,0,53.33,16,1c17e270,https://a.espncdn.com/i/headshots/cricket/players/full/1c17e270.png,https://www.espncricinfo.com/cricketers/rv-uthappa-1c17e270
2016,S Aravind,957532de,Royal Challengers Bangalore,9,0,0,0,,,0,0,175,29.17,216,11,15.91,7.41,65,37.14,16,9,7,0,56.25,18,957532de,https://a.espncdn.com/i/headshots/cricket/players/full/957532de.png,https://www.espncricinfo.com/cricketers/s-aravind-957532de
2016,S Dhawan,0a476045,Sunrisers Hyderabad,17,501,427,13,38.54,117.33,51,8,0,,0,0,,,0,,17,11,6,0,64.71,22,0a476045,https://a.espncdn.com/i/headshots/cricket/players/full/0a476045.png,https://www.espncricinfo.com/cricketers/s-dhawan-0a476045
2016,S Gopal,7a8bd078,Mumbai Indians,1,2,16,1,2.0,12.5,0,0,18,3.0,18,0,,6.0,4,22.22,14,7,7,0,50.0,14,7a8bd078,https://a.espncdn.com/i/headshots/cricket/players/full/7a8bd078.png,https://www.espncricinfo.com/cricketers/s-gopal-7a8bd078
2016,S Kaushik,1da489ff,Gujarat Lions,7,0,1,1,0.0,0.0,0,0,138,23.0,192,6,23.0,8.35,48,34.78,16,9,7,0,56.25,18,1da489ff,https://a.espncdn.com/i/headshots/cricket/players/full/1da489ff.png,https://www.espncricinfo.com/cricketers/s-kaushik-1da489ff
2016,S Ladda,fb693839,Gujarat Lions,1,0,0,0,,,0,0,12,2.0,21,0,,10.5,3,25.0,16,9,7,0,56.25,18,fb693839,https://a.espncdn.com/i/headshots/cricket/players/full/fb693839.png,https://www.espncricinfo.com/cricketers/s-ladda-fb693839
2016,S Nadeem,9d80c5e1,Delhi Daredevils,4,1,5,0,,20.0,0,0,90,15.0,127,2,45.0,8.47,31,34.44,14,7,7,0,50.0,14,9d80c5e1,https://a.espncdn.com/i/headshots/cricket/players/full/9d80c5e1.png,https://www.espncricinfo.com/cricketers/s-nadeem-9d80c5e1
2016,SA Yadav,271f83cd,Kolkata Knight Riders,15,182,141,7,26.0,129.08,18,5,0,,0,0,,,0,,15,8,7,0,53.33,16,271f83cd,https://a.espncdn.com/i/headshots/cricket/players/full/271f83cd.png,https://www.espncricinfo.com/cricketers/sa-yadav-271f83cd
2016,SB Jakati,c8179c68,Gujarat Lions,6,1,2,0,,50.0,0,0,120,20.0,178,2,60.0,8.9,30,25.0,16,9,7,0,56.25,18,c8179c68,https://a.espncdn.com/i/headshots/cricket/players/full/c8179c68.png,https://www.espncricinfo.com/cricketers/sb-jakati-c8179c68
2016,SE Marsh,508a1ea7,Kings XI Punjab,6,159,134,6,26.5,118.66,13,4,0,,0,0,,,0,,14,4,10,0,28.57,8,508a1ea7,https://a.espncdn.com/i/headshots/cricket/players/full/508a1ea7.png,https://www.espncricinfo.com/cricketers/se-marsh-508a1ea7
2016,SK Raina,1dc12ab9,Gujarat Lions,15,399,312,15,26.6,127.88,39,10,60,10.0,82,0,,8.2,15,25.0,16,9,7,0,56.25,18,1dc12ab9,https://a.espncdn.com/i/headshots/cricket/players/full/1dc12ab9.png,https://www.espncricinfo.com/cricketers/sk-raina-1dc12ab9
2016,SM Boland,d167edd3,Rising Pune Supergiants,2,0,0,0,,,0,0,42,7.0,54,2,21.0,7.71,14,33.33,14,5,9,0,35.71,10,d167edd3,https://a.espncdn.com/i/headshots/cricket/players/full/d167edd3.png,https://www.espncricinfo.com/cricketers/sm-boland-d167edd3
2016,SN Khan,f088b960,Royal Challengers Bangalore,5,66,31,2,33.0,212.9,7,4,0,,0,0,,,0,,16,9,7,0,56.25,18,f088b960,https://a.espncdn.com/i/headshots/cricket/players/full/f088b960.png,https://www.espncricinfo.com/cricketers/sn-khan-f088b960
2016,SP Narine,9d430b40,Kolkata Knight Riders,11,7,13,0,,53.85,0,0,256,42.67,304,11,23.27,7.12,109,42.58,15,8,7,0,53.33,16,9d430b40,https://a.espncdn.com/i/headshots/cricket/players/full/9d430b40.png,https://www.espncricinfo.com/cricketers/sp-narine-9d430b40
2016,SPD Smith,30a45b23,Rising Pune Supergiants,8,270,175,6,45.0,154.29,27,8,0,,0,0,,,0,,14,5,9,0,35.71,10,30a45b23,https://a.espncdn.com/i/headshots/cricket/players/full/30a45b23.png,https://www.espncricinfo.com/cricketers/spd-smith-30a45b23
2016,SR Watson,4329fbb5,Royal Challengers Bangalore,16,179,134,13,13.77,133.58,14,12,339,56.5,485,20,16.95,8.58,121,35.69,16,9,7,0,56.25,18,4329fbb5,https://a.espncdn.com/i/headshots/cricket/players/full/4329fbb5.png,https://www.espncricinfo.com/cricketers/sr-watson-4329fbb5
2016,SS Iyer,85ec8e33,Delhi Daredevils,6,30,43,6,5.0,69.77,2,1,0,,0,0,,,0,,14,7,7,0,50.0,14,85ec8e33,https://a.espncdn.com/i/headshots/cricket/players/full/85ec8e33.png,https://www.espncricinfo.com/cricketers/ss-iyer-85ec8e33
2016,SS Tiwary,709b0bac,Rising Pune Supergiants,10,170,139,6,28.33,122.3,17,4,0,,0,0,,,0,,14,5,9,0,35.71,10,709b0bac,https://a.espncdn.com/i/headshots/cricket/players/full/709b0bac.png,https://www.espncricinfo.com/cricketers/ss-tiwary-709b0bac
2016,STR Binny,bd17b45f,Royal Challengers Bangalore,14,63,39,4,15.75,161.54,5,4,102,17.0,134,1,102.0,7.88,28,27.45,16,9,7,0,56.25,18,bd17b45f,https://a.espncdn.com/i/headshots/cricket/players/full/bd17b45f.png,https://www.espncricinfo.com/cricketers/str-binny-bd17b45f
2016,SV Samson,a4cc73aa,Delhi Daredevils,14,291,258,10,29.1,112.79,20,8,0,,0,0,,,0,,14,7,7,0,50.0,14,a4cc73aa,https://a.espncdn.com/i/headshots/cricket/players/full/a4cc73aa.png,https://www.espncricinfo.com/cricketers/sv-samson-a4cc73aa
2016,SW Billings,c16d4035,Delhi Daredevils,5,88,63,4,22.0,139.68,4,4,0,,0,0,,,0,,14,7,7,0,50.0,14,c16d4035,https://a.espncdn.com/i/headshots/cricket/players/full/c16d4035.png,https://www.espncricinfo.com/cricketers/sw-billings-c16d4035
2016,Sachin Baby,dc9dd038,Royal Challengers Bangalore,11,119,77,5,23.8,154.55,9,5,10,1.67,8,2,5.0,4.8,5,50.0,16,9,7,0,56.25,18,dc9dd038,https://a.espncdn.com/i/headshots/cricket/players/full/dc9dd038.png,https://www.espncricinfo.com/cricketers/sachin-baby-dc9dd038
2016,Sandeep Sharma,ce820073,Kings XI Punjab,14,8,9,0,,88.89,0,0,300,50.0,366,15,20.0,7.32,127,42.33,14,4,10,0,28.57,8,ce820073,https://a.espncdn.com/i/headshots/cricket/players/full/ce820073.png,https://www.espncricinfo.com/cricketers/sandeep-sharma-ce820073
2016,Shakib Al Hasan,7dc35884,Kolkata Knight Riders,10,114,106,5,22.8,107.55,7,5,186,31.0,243,5,37.2,7.84,58,31.18,15,8,7,0,53.33,16,7dc35884,https://a.espncdn.com/i/headshots/cricket/players/full/7dc35884.png,https://www.espncricinfo.com/cricketers/shakib-al-hasan-7dc35884
2016,Swapnil Singh,983f2f61,Kings XI Punjab,1,0,1,1,0.0,0.0,0,0,18,3.0,29,0,,9.67,3,16.67,14,4,10,0,28.57,8,983f2f61,https://a.espncdn.com/i/headshots/cricket/players/full/983f2f61.png,https://www.espncricinfo.com/cricketers/swapnil-singh-983f2f61
2016,T Shamsi,a03bba42,Royal Challengers Bangalore,4,0,0,0,,,0,0,96,16.0,147,3,32.0,9.19,26,27.08,16,9,7,0,56.25,18,a03bba42,https://a.espncdn.com/i/headshots/cricket/players/full/a03bba42.png,https://www.espncricinfo.com/cricketers/t-shamsi-a03bba42
2016,TA Boult,a818c1be,Sunrisers Hyderabad,1,0,0,0,,,0,0,24,4.0,39,1,24.0,9.75,11,45.83,17,11,6,0,64.71,22,a818c1be,https://a.espncdn.com/i/headshots/cricket/players/full/a818c1be.png,https://www.espncricinfo.com/cricketers/ta-boult-a818c1be
2016,TG Southee,13c35c9e,Mumbai Indians,11,30,18,3,10.0,166.67,1,2,258,43.0,329,9,28.67,7.65,99,38.37,14,7,7,0,50.0,14,13c35c9e,https://a.espncdn.com/i/headshots/cricket/players/full/13c35c9e.png,https://www.espncricinfo.com/cricketers/tg-southee-13c35c9e
2016,TM Head,12b610c2,Royal Challengers Bangalore,3,54,39,2,27.0,138.46,3,2,0,,0,0,,,0,,16,9,7,0,56.25,18,12b610c2,https://a.espncdn.com/i/headshots/cricket/players/full/12b610c2.png,https://www.espncricinfo.com/cricketers/tm-head-12b610c2
2016,UBT Chand,0c94f480,Mumbai Indians,1,0,4,1,0.0,0.0,0,0,0,,0,0,,,0,,14,7,7,0,50.0,14,0c94f480,https://a.espncdn.com/i/headshots/cricket/players/full/0c94f480.png,https://www.espncricinfo.com/cricketers/ubt-chand-0c94f480
2016,UT Khawaja,331ea488,Rising Pune Supergiants,6,127,99,5,25.4,128.28,14,3,0,,0,0,,,0,,14,5,9,0,35.71,10,331ea488,https://a.espncdn.com/i/headshots/cricket/players/full/331ea488.png,https://www.espncricinfo.com/cricketers/ut-khawaja-331ea488
2016,UT Yadav,cc1e8c68,Kolkata Knight Riders,9,9,5,2,4.5,180.0,0,1,156,26.0,234,10,15.6,9.0,46,29.49,15,8,7,0,53.33,16,cc1e8c68,https://a.espncdn.com/i/headshots/cricket/players/full/cc1e8c68.png,https://www.espncricinfo.com/cricketers/ut-yadav-cc1e8c68
2016,V Kohli,ba607b88,Royal Challengers Bangalore,16,973,637,12,81.08,152.75,84,38,6,1.0,13,0,,13.0,1,16.67,16,9,7,0,56.25,18,ba607b88,https://a.espncdn.com/i/headshots/cricket/players/full/ba607b88.png,https://www.espncricinfo.com/cricketers/v-kohli-ba607b88
2016,VR Aaron,0a3d54b9,Royal Challengers Bangalore,8,0,0,0,,,0,0,142,23.67,227,2,71.0,9.59,48,33.8,16,9,7,0,56.25,18,0a3d54b9,https://a.espncdn.com/i/headshots/cricket/players/full/0a3d54b9.png,https://www.espncricinfo.com/cricketers/vr-aaron-0a3d54b9
2016,WP Saha,fe11caa6,Kings XI Punjab,12,270,212,11,24.55,127.36,29,1,0,,0,0,,,0,,14,4,10,0,28.57,8,fe11caa6,https://a.espncdn.com/i/headshots/cricket/players/full/fe11caa6.png,https://www.espncricinfo.com/cricketers/wp-saha-fe11caa6
2016,YK Pathan,3c6ffae8,Kolkata Knight Riders,15,361,248,7,51.57,145.56,33,13,36,6.0,33,1,36.0,5.5,14,38.89,15,8,7,0,53.33,16,3c6ffae8,https://a.espncdn.com/i/headshots/cricket/players/full/3c6ffae8.png,https://www.espncricinfo.com/cricketers/yk-pathan-3c6ffae8
2016,YS Chahal,57ee1fde,Royal Challengers Bangalore,13,0,0,0,,,0,0,295,49.17,401,21,14.05,8.16,100,33.9,16,9,7,0,56.25,18,57ee1fde,https://a.espncdn.com/i/headshots/cricket/players/full/57ee1fde.png,https://www.espncricinfo.com/cricketers/ys-chahal-57ee1fde
2016,Yuvraj Singh,1c914163,Sunrisers Hyderabad,10,236,179,10,23.6,131.84,22,13,37,6.17,52,0,,8.43,7,18.92,17,11,6,0,64.71,22,1c914163,https://a.espncdn.com/i/headshots/cricket/players/full/1c914163.png,https://www.espncricinfo.com/cricketers/yuvraj-singh-1c914163
2016,Z Khan,91a4a398,Delhi Daredevils,12,6,13,2,3.0,46.15,1,0,262,43.67,337,10,26.2,7.72,111,42.37,14,7,7,0,50.0,14,91a4a398,https://a.espncdn.com/i/headshots/cricket/players/full/91a4a398.png,https://www.espncricinfo.com/cricketers/z-khan-91a4a398
2017,A Choudhary,18e6906e,Royal Challengers Bangalore,5,25,20,2,12.5,125.0,1,1,101,16.83,144,5,20.2,8.55,42,41.58,13,3,10,0,23.08,6,18e6906e,https://a.espncdn.com/i/headshots/cricket/players/full/18e6906e.png,https://www.espncricinfo.com/cricketers/a-choudhary-18e6906e
2017,A Mishra,6b19d823,Delhi Daredevils,14,49,52,1,49.0,94.23,2,2,233,38.83,343,10,23.3,8.83,78,33.48,14,6,8,0,42.86,12,6b19d823,https://a.espncdn.com/i/headshots/cricket/players/full/6b19d823.png,https://www.espncricinfo.com/cricketers/a-mishra-6b19d823
2017,A Nehra,96fd40ae,Sunrisers Hyderabad,6,0,0,0,,,0,0,127,21.17,197,8,15.88,9.31,47,37.01,14,8,6,0,57.14,16,96fd40ae,https://a.espncdn.com/i/headshots/cricket/players/full/96fd40ae.png,https://www.espncricinfo.com/cricketers/a-nehra-96fd40ae
2017,A Zampa,14f96089,Rising Pune Supergiant,6,5,7,1,5.0,71.43,1,0,119,19.83,163,7,17.0,8.22,38,31.93,16,10,6,0,62.5,20,14f96089,https://a.espncdn.com/i/headshots/cricket/players/full/14f96089.png,https://www.espncricinfo.com/cricketers/a-zampa-14f96089
2017,AB Dinda,66b30f71,Rising Pune Supergiant,3,7,7,1,7.0,100.0,1,0,60,10.0,119,1,60.0,11.9,21,35.0,16,10,6,0,62.5,20,66b30f71,https://a.espncdn.com/i/headshots/cricket/players/full/66b30f71.png,https://www.espncricinfo.com/cricketers/ab-dinda-66b30f71
2017,AB de Villiers,c4487b84,Royal Challengers Bangalore,9,216,163,7,30.86,132.52,12,16,0,,0,0,,,0,,13,3,10,0,23.08,6,c4487b84,https://a.espncdn.com/i/headshots/cricket/players/full/c4487b84.png,https://www.espncricinfo.com/cricketers/ab-de-villiers-c4487b84
2017,AD Mathews,896d78ad,Delhi Daredevils,3,32,27,2,16.0,118.52,2,1,30,5.0,56,0,,11.2,3,10.0,14,6,8,0,42.86,12,896d78ad,https://a.espncdn.com/i/headshots/cricket/players/full/896d78ad.png,https://www.espncricinfo.com/cricketers/ad-mathews-896d78ad
2017,AD Nath,f10e94c4,Gujarat Lions,1,0,1,1,0.0,0.0,0,0,0,,0,0,,,0,,14,4,9,1,30.77,9,f10e94c4,https://a.espncdn.com/i/headshots/cricket/players/full/f10e94c4.png,https://www.espncricinfo.com/cricketers/ad-nath-f10e94c4
2017,AF Milne,350bb1b1,Royal Challengers Bangalore,4,7,12,3,2.33,58.33,0,0,84,14.0,134,3,28.0,9.57,25,29.76,13,3,10,0,23.08,6,350bb1b1,https://a.espncdn.com/i/headshots/cricket/players/full/350bb1b1.png,https://www.espncricinfo.com/cricketers/af-milne-350bb1b1
2017,AJ Finch,b8d490fd,Gujarat Lions,13,300,182,12,25.0,164.84,25,19,0,,0,0,,,0,,14,4,9,1,30.77,9,b8d490fd,https://a.espncdn.com/i/headshots/cricket/players/full/b8d490fd.png,https://www.espncricinfo.com/cricketers/aj-finch-b8d490fd
2017,AJ Tye,7c7d63a2,Gujarat Lions,6,53,29,1,53.0,182.76,4,3,126,21.0,141,12,10.5,6.71,44,34.92,14,4,9,1,30.77,9,7c7d63a2,https://a.espncdn.com/i/headshots/cricket/players/full/7c7d63a2.png,https://www.espncricinfo.com/cricketers/aj-tye-7c7d63a2
2017,AM Rahane,29e95537,Rising Pune Supergiant,16,382,323,15,25.47,118.27,35,9,0,,0,0,,,0,,16,10,6,0,62.5,20,29e95537,https://a.espncdn.com/i/headshots/cricket/players/full/29e95537.png,https://www.espncricinfo.com/cricketers/am-rahane-29e95537
2017,AP Tare,855a210c,Delhi Daredevils,3,18,23,3,6.0,78.26,3,0,0,,0,0,,,0,,14,6,8,0,42.86,12,855a210c,https://a.espncdn.com/i/headshots/cricket/players/full/855a210c.png,https://www.espncricinfo.com/cricketers/ap-tare-855a210c
2017,AR Bawne,afe3355a,Delhi Daredevils,1,12,12,0,,100.0,1,0,0,,0,0,,,0,,14,6,8,0,42.86,12,afe3355a,https://a.espncdn.com/i/headshots/cricket/players/full/afe3355a.png,https://www.espncricinfo.com/cricketers/ar-bawne-afe3355a
2017,AR Patel,2e171977,Kings XI Punjab,14,227,162,8,28.38,140.12,11,11,288,48.0,362,15,19.2,7.54,82,28.47,14,7,7,0,50.0,14,2e171977,https://a.espncdn.com/i/headshots/cricket/players/full/2e171977.png,https://www.espncricinfo.com/cricketers/ar-patel-2e171977
2017,AS Rajpoot,db31895a,Kolkata Knight Riders,5,4,7,1,4.0,57.14,1,0,84,14.0,107,4,21.0,7.64,27,32.14,16,9,7,0,56.25,18,db31895a,https://a.espncdn.com/i/headshots/cricket/players/full/db31895a.png,https://www.espncricinfo.com/cricketers/as-rajpoot-db31895a
2017,AT Rayudu,70d205c9,Mumbai Indians,5,91,78,6,15.17,116.67,7,3,0,,0,0,,,0,,17,11,5,1,68.75,23,70d205c9,https://a.espncdn.com/i/headshots/cricket/players/full/70d205c9.png,https://www.espncricinfo.com/cricketers/at-rayudu-70d205c9
2017,Ankit Sharma,24d94623,Rising Pune Supergiant,1,25,15,1,25.0,166.67,2,1,6,1.0,16,0,,16.0,1,16.67,16,10,6,0,62.5,20,24d94623,https://a.espncdn.com/i/headshots/cricket/players/full/24d94623.png,https://www.espncricinfo.com/cricketers/ankit-sharma-24d94623
2017,Ankit Soni,f18ba07f,Gujarat Lions,7,7,9,2,3.5,77.78,0,1,109,18.17,144,2,54.5,7.93,37,33.94,14,4,9,1,30.77,9,f18ba07f,https://a.espncdn.com/i/headshots/cricket/players/full/f18ba07f.png,https://www.espncricinfo.com/cricketers/ankit-soni-f18ba07f
2017,Anureet Singh,69be866a,Kings XI Punjab,1,15,12,1,15.0,125.0,2,0,12,2.0,26,0,,13.0,2,16.67,14,7,7,0,50.0,14,69be866a,https://a.espncdn.com/i/headshots/cricket/players/full/69be866a.png,https://www.espncricinfo.com/cricketers/anureet-singh-69be866a
2017,Avesh Khan,eef2536f,Royal Challengers Bangalore,1,0,0,0,,,0,0,24,4.0,23,1,24.0,5.75,11,45.83,13,3,10,0,23.08,6,eef2536f,https://a.espncdn.com/i/headshots/cricket/players/full/eef2536f.png,https://www.espncricinfo.com/cricketers/avesh-khan-eef2536f
2017,B Kumar,2e81a32d,Sunrisers Hyderabad,14,4,4,1,4.0,100.0,0,0,314,52.33,369,26,12.08,7.05,117,37.26,14,8,6,0,57.14,16,2e81a32d,https://a.espncdn.com/i/headshots/cricket/players/full/2e81a32d.png,https://www.espncricinfo.com/cricketers/b-kumar-2e81a32d
2017,B Stanlake,6834d1f2,Royal Challengers Bangalore,2,0,0,0,,,0,0,48,8.0,70,2,24.0,8.75,17,35.42,13,3,10,0,23.08,6,6834d1f2,https://a.espncdn.com/i/headshots/cricket/players/full/6834d1f2.png,https://www.espncricinfo.com/cricketers/b-stanlake-6834d1f2
2017,BA Stokes,e087956b,Rising Pune Supergiant,12,316,221,11,28.73,142.99,22,15,264,44.0,316,12,22.0,7.18,108,40.91,16,10,6,0,62.5,20,e087956b,https://a.espncdn.com/i/headshots/cricket/players/full/e087956b.png,https://www.espncricinfo.com/cricketers/ba-stokes-e087956b
2017,BB McCullum,b8a55852,Gujarat Lions,11,320,220,11,29.09,145.45,29,18,0,,0,0,,,0,,14,4,9,1,30.77,9,b8a55852,https://a.espncdn.com/i/headshots/cricket/players/full/b8a55852.png,https://www.espncricinfo.com/cricketers/bb-mccullum-b8a55852
2017,BB Sran,d8b2f218,Sunrisers Hyderabad,1,0,0,0,,,0,0,12,2.0,29,0,,14.5,4,33.33,14,8,6,0,57.14,16,d8b2f218,https://a.espncdn.com/i/headshots/cricket/players/full/d8b2f218.png,https://www.espncricinfo.com/cricketers/bb-sran-d8b2f218
2017,BCJ Cutting,2e11c706,Sunrisers Hyderabad,4,51,26,2,25.5,196.15,5,3,76,12.67,123,1,76.0,9.71,20,26.32,14,8,6,0,57.14,16,2e11c706,https://a.espncdn.com/i/headshots/cricket/players/full/2e11c706.png,https://www.espncricinfo.com/cricketers/bcj-cutting-2e11c706
2017,Basil Thampi,871e9faf,Gujarat Lions,12,28,28,1,28.0,100.0,1,1,268,44.67,424,11,24.36,9.49,76,28.36,14,4,9,1,30.77,9,871e9faf,https://a.espncdn.com/i/headshots/cricket/players/full/871e9faf.png,https://www.espncricinfo.com/cricketers/basil-thampi-871e9faf
2017,Bipul Sharma,c18496e1,Sunrisers Hyderabad,7,31,24,1,31.0,129.17,2,1,98,16.33,129,3,32.67,7.9,28,28.57,14,8,6,0,57.14,16,c18496e1,https://a.espncdn.com/i/headshots/cricket/players/full/c18496e1.png,https://www.espncricinfo.com/cricketers/bipul-sharma-c18496e1
2017,C de Grandhomme,94d7f855,Kolkata Knight Riders,12,126,92,8,15.75,136.96,10,6,96,16.0,135,4,24.0,8.44,33,34.38,16,9,7,0,56.25,18,94d7f855,https://a.espncdn.com/i/headshots/cricket/players/full/94d7f855.png,https://www.espncricinfo.com/cricketers/c-de-grandhomme-94d7f855
2017,CA Lynn,45eda7c8,Kolkata Knight Riders,7,295,161,6,49.17,183.23,25,19,0,,0,0,,,0,,16,9,7,0,56.25,18,45eda7c8,https://a.espncdn.com/i/headshots/cricket/players/full/45eda7c8.png,https://www.espncricinfo.com/cricketers/ca-lynn-45eda7c8
2017,CH Gayle,db584dad,Royal Challengers Bangalore,9,200,162,9,22.22,123.46,15,14,0,,0,0,,,0,,13,3,10,0,23.08,6,db584dad,https://a.espncdn.com/i/headshots/cricket/players/full/db584dad.png,https://www.espncricinfo.com/cricketers/ch-gayle-db584dad
2017,CH Morris,fb66ce1f,Delhi Daredevils,9,154,94,5,30.8,163.83,15,6,186,31.0,240,12,15.5,7.74,71,38.17,14,6,8,0,42.86,12,fb66ce1f,https://a.espncdn.com/i/headshots/cricket/players/full/fb66ce1f.png,https://www.espncricinfo.com/cricketers/ch-morris-fb66ce1f
2017,CJ Anderson,8abdf100,Delhi Daredevils,11,142,122,7,20.29,116.39,8,9,113,18.83,186,3,37.67,9.88,20,17.7,14,6,8,0,42.86,12,8abdf100,https://a.espncdn.com/i/headshots/cricket/players/full/8abdf100.png,https://www.espncricinfo.com/cricketers/cj-anderson-8abdf100
2017,CJ Jordan,ffe699c0,Sunrisers Hyderabad,1,0,1,1,0.0,0.0,0,0,6,1.0,9,1,6.0,9.0,2,33.33,14,8,6,0,57.14,16,ffe699c0,https://a.espncdn.com/i/headshots/cricket/players/full/ffe699c0.png,https://www.espncricinfo.com/cricketers/cj-jordan-ffe699c0
2017,CR Brathwaite,e342e5fb,Delhi Daredevils,2,12,15,2,6.0,80.0,2,0,36,6.0,67,1,36.0,11.17,6,16.67,14,6,8,0,42.86,12,e342e5fb,https://a.espncdn.com/i/headshots/cricket/players/full/e342e5fb.png,https://www.espncricinfo.com/cricketers/cr-brathwaite-e342e5fb
2017,CR Woakes,4c5d73db,Kolkata Knight Riders,13,46,47,3,15.33,97.87,4,1,264,44.0,386,17,15.53,8.77,87,32.95,16,9,7,0,56.25,18,4c5d73db,https://a.espncdn.com/i/headshots/cricket/players/full/4c5d73db.png,https://www.espncricinfo.com/cricketers/cr-woakes-4c5d73db
2017,DA Miller,d67d5f00,Kings XI Punjab,5,83,78,3,27.67,106.41,4,4,0,,0,0,,,0,,14,7,7,0,50.0,14,d67d5f00,https://a.espncdn.com/i/headshots/cricket/players/full/d67d5f00.png,https://www.espncricinfo.com/cricketers/da-miller-d67d5f00
2017,DA Warner,dcce6f09,Sunrisers Hyderabad,14,641,449,11,58.27,142.76,63,26,0,,0,0,,,0,,14,8,6,0,57.14,16,dcce6f09,https://a.espncdn.com/i/headshots/cricket/players/full/dcce6f09.png,https://www.espncricinfo.com/cricketers/da-warner-dcce6f09
2017,DJ Hooda,73ad96ed,Sunrisers Hyderabad,10,78,52,3,26.0,150.0,5,4,24,4.0,42,2,12.0,10.5,7,29.17,14,8,6,0,57.14,16,73ad96ed,https://a.espncdn.com/i/headshots/cricket/players/full/73ad96ed.png,https://www.espncricinfo.com/cricketers/dj-hooda-73ad96ed
2017,DL Chahar,23eeb873,Rising Pune Supergiant,3,14,6,1,14.0,233.33,0,2,42,7.0,74,1,42.0,10.57,12,28.57,16,10,6,0,62.5,20,23eeb873,https://a.espncdn.com/i/headshots/cricket/players/full/23eeb873.png,https://www.espncricinfo.com/cricketers/dl-chahar-23eeb873
2017,DM Bravo,14b14cd8,Kolkata Knight Riders,1,6,5,0,,120.0,1,0,0,,0,0,,,0,,16,9,7,0,56.25,18,14b14cd8,https://a.espncdn.com/i/headshots/cricket/players/full/14b14cd8.png,https://www.espncricinfo.com/cricketers/dm-bravo-14b14cd8
2017,DR Smith,35205dfc,Gujarat Lions,12,239,156,10,23.9,153.21,32,8,78,13.0,148,2,39.0,11.38,17,21.79,14,4,9,1,30.77,9,35205dfc,https://a.espncdn.com/i/headshots/cricket/players/full/35205dfc.png,https://www.espncricinfo.com/cricketers/dr-smith-35205dfc
2017,DS Kulkarni,d2a989fc,Gujarat Lions,6,1,2,1,1.0,50.0,0,0,113,18.83,173,3,37.67,9.19,35,30.97,14,4,9,1,30.77,9,d2a989fc,https://a.espncdn.com/i/headshots/cricket/players/full/d2a989fc.png,https://www.espncricinfo.com/cricketers/ds-kulkarni-d2a989fc
2017,DT Christian,2a2e6343,Rising Pune Supergiant,13,79,49,6,13.17,161.22,5,5,240,40.0,298,11,21.82,7.45,74,30.83,16,10,6,0,62.5,20,2a2e6343,https://a.espncdn.com/i/headshots/cricket/players/full/2a2e6343.png,https://www.espncricinfo.com/cricketers/dt-christian-2a2e6343
2017,EJG Morgan,d2a6c0e6,Kings XI Punjab,4,65,62,4,16.25,104.84,6,2,0,,0,0,,,0,,14,7,7,0,50.0,14,d2a6c0e6,https://a.espncdn.com/i/headshots/cricket/players/full/d2a6c0e6.png,https://www.espncricinfo.com/cricketers/ejg-morgan-d2a6c0e6
2017,F du Plessis,3355b542,Rising Pune Supergiant,2,8,7,1,8.0,114.29,1,0,0,,0,0,,,0,,16,10,6,0,62.5,20,3355b542,https://a.espncdn.com/i/headshots/cricket/players/full/3355b542.png,https://www.espncricinfo.com/cricketers/f-du-plessis-3355b542
2017,G Gambhir,bb345e0b,Kolkata Knight Riders,16,498,389,14,35.57,128.02,62,7,0,,0,0,,,0,,16,9,7,0,56.25,18,bb345e0b,https://a.espncdn.com/i/headshots/cricket/players/full/bb345e0b.png,https://www.espncricinfo.com/cricketers/g-gambhir-bb345e0b
2017,GJ Maxwell,b681e71e,Kings XI Punjab,14,310,178,10,31.0,174.16,20,26,114,19.0,125,7,16.29,6.58,38,33.33,14,7,7,0,50.0,14,b681e71e,https://a.espncdn.com/i/headshots/cricket/players/full/b681e71e.png,https://www.espncricinfo.com/cricketers/gj-maxwell-b681e71e
2017,Gurkeerat Singh,6eb146d2,Kings XI Punjab,2,0,0,0,,,0,0,0,,0,0,,,0,,14,7,7,0,50.0,14,6eb146d2,https://a.espncdn.com/i/headshots/cricket/players/full/6eb146d2.png,https://www.espncricinfo.com/cricketers/gurkeerat-singh-6eb146d2
2017,HH Pandya,dbe50b21,Mumbai Indians,17,250,159,9,27.78,157.23,11,20,156,26.0,213,6,26.0,8.19,45,28.85,17,11,5,1,68.75,23,dbe50b21,https://a.espncdn.com/i/headshots/cricket/players/full/dbe50b21.png,https://www.espncricinfo.com/cricketers/hh-pandya-dbe50b21
2017,HM Amla,e798611a,Kings XI Punjab,10,420,287,7,60.0,146.34,40,17,0,,0,0,,,0,,14,7,7,0,50.0,14,e798611a,https://a.espncdn.com/i/headshots/cricket/players/full/e798611a.png,https://www.espncricinfo.com/cricketers/hm-amla-e798611a
2017,HV Patel,f986ca1a,Royal Challengers Bangalore,1,0,0,0,,,0,0,24,4.0,43,3,8.0,10.75,8,33.33,13,3,10,0,23.08,6,f986ca1a,https://a.espncdn.com/i/headshots/cricket/players/full/f986ca1a.png,https://www.espncricinfo.com/cricketers/hv-patel-f986ca1a
2017,Harbhajan Singh,8b5b6769,Mumbai Indians,11,16,16,2,8.0,100.0,0,1,246,41.0,266,8,30.75,6.49,96,39.02,17,11,5,1,68.75,23,8b5b6769,https://a.espncdn.com/i/headshots/cricket/players/full/8b5b6769.png,https://www.espncricinfo.com/cricketers/harbhajan-singh-8b5b6769
2017,I Sharma,5bb1a1c4,Kings XI Punjab,6,8,12,2,4.0,66.67,1,0,108,18.0,179,0,,9.94,32,29.63,14,7,7,0,50.0,14,5bb1a1c4,https://a.espncdn.com/i/headshots/cricket/players/full/5bb1a1c4.png,https://www.espncricinfo.com/cricketers/i-sharma-5bb1a1c4
2017,IK Pathan,5fa06777,Gujarat Lions,1,2,3,1,2.0,66.67,0,0,12,2.0,26,0,,13.0,4,33.33,14,4,9,1,30.77,9,5fa06777,https://a.espncdn.com/i/headshots/cricket/players/full/5fa06777.png,https://www.espncricinfo.com/cricketers/ik-pathan-5fa06777
2017,IR Jaggi,dded65e7,Kolkata Knight Riders,2,33,39,1,33.0,84.62,3,0,0,,0,0,,,0,,16,9,7,0,56.25,18,dded65e7,https://a.espncdn.com/i/headshots/cricket/players/full/dded65e7.png,https://www.espncricinfo.com/cricketers/ir-jaggi-dded65e7
2017,Imran Tahir,acee4cc4,Rising Pune Supergiant,12,0,2,0,,0.0,0,0,282,47.0,369,18,15.67,7.85,94,33.33,16,10,6,0,62.5,20,acee4cc4,https://a.espncdn.com/i/headshots/cricket/players/full/acee4cc4.png,https://www.espncricinfo.com/cricketers/imran-tahir-acee4cc4
2017,Iqbal Abdulla,85aae393,Royal Challengers Bangalore,2,5,7,0,,71.43,0,0,30,5.0,55,2,15.0,11.0,6,20.0,13,3,10,0,23.08,6,85aae393,https://a.espncdn.com/i/headshots/cricket/players/full/85aae393.png,https://www.espncricinfo.com/cricketers/iqbal-abdulla-85aae393
2017,Ishan Kishan,752f7486,Gujarat Lions,11,277,205,10,27.7,135.12,29,13,0,,0,0,,,0,,14,4,9,1,30.77,9,752f7486,https://a.espncdn.com/i/headshots/cricket/players/full/752f7486.png,https://www.espncricinfo.com/cricketers/ishan-kishan-752f7486
2017,J Yadav,81049310,Delhi Daredevils,2,0,0,0,,,0,0,36,6.0,42,0,,7.0,13,36.11,14,6,8,0,42.86,12,81049310,https://a.espncdn.com/i/headshots/cricket/players/full/81049310.png,https://www.espncricinfo.com/cricketers/j-yadav-81049310
2017,JC Buttler,99b75528,Mumbai Indians,10,273,179,9,30.33,152.51,27,15,0,,0,0,,,0,,17,11,5,1,68.75,23,99b75528,https://a.espncdn.com/i/headshots/cricket/players/full/99b75528.png,https://www.espncricinfo.com/cricketers/jc-buttler-99b75528
2017,JD Unadkat,1e66c162,Rising Pune Supergiant,12,2,5,0,,40.0,0,0,275,45.83,322,24,11.46,7.03,119,43.27,16,10,6,0,62.5,20,1e66c162,https://a.espncdn.com/i/headshots/cricket/players/full/1e66c162.png,https://www.espncricinfo.com/cricketers/jd-unadkat-1e66c162
2017,JJ Bumrah,462411b3,Mumbai Indians,16,16,12,1,16.0,133.33,0,1,362,60.33,444,20,18.1,7.36,124,34.25,17,11,5,1,68.75,23,462411b3,https://a.espncdn.com/i/headshots/cricket/players/full/462411b3.png,https://www.espncricinfo.com/cricketers/jj-bumrah-462411b3
2017,JJ Roy,d1c36f5c,Gujarat Lions,3,59,40,2,29.5,147.5,9,1,0,,0,0,,,0,,14,4,9,1,30.77,9,d1c36f5c,https://a.espncdn.com/i/headshots/cricket/players/full/d1c36f5c.png,https://www.espncricinfo.com/cricketers/jj-roy-d1c36f5c
2017,JP Faulkner,808f425a,Gujarat Lions,8,54,56,5,10.8,96.43,4,0,163,27.17,269,8,20.38,9.9,36,22.09,14,4,9,1,30.77,9,808f425a,https://a.espncdn.com/i/headshots/cricket/players/full/808f425a.png,https://www.espncricinfo.com/cricketers/jp-faulkner-808f425a
2017,K Rabada,e62dd25d,Delhi Daredevils,6,55,64,3,18.33,85.94,5,1,128,21.33,188,6,21.33,8.81,48,37.5,14,6,8,0,42.86,12,e62dd25d,https://a.espncdn.com/i/headshots/cricket/players/full/e62dd25d.png,https://www.espncricinfo.com/cricketers/k-rabada-e62dd25d
2017,KA Pollard,a757b0d8,Mumbai Indians,17,395,279,14,28.21,141.58,27,23,11,1.83,30,0,,16.36,0,0.0,17,11,5,1,68.75,23,a757b0d8,https://a.espncdn.com/i/headshots/cricket/players/full/a757b0d8.png,https://www.espncricinfo.com/cricketers/ka-pollard-a757b0d8
2017,KC Cariappa,edb3d4f8,Kings XI Punjab,4,2,7,2,1.0,28.57,0,0,90,15.0,127,4,22.5,8.47,22,24.44,14,7,7,0,50.0,14,edb3d4f8,https://a.espncdn.com/i/headshots/cricket/players/full/edb3d4f8.png,https://www.espncricinfo.com/cricketers/kc-cariappa-edb3d4f8
2017,KD Karthik,c03f1114,Gujarat Lions,14,361,258,10,36.1,139.92,30,11,0,,0,0,,,0,,14,4,9,1,30.77,9,c03f1114,https://a.espncdn.com/i/headshots/cricket/players/full/c03f1114.png,https://www.espncricinfo.com/cricketers/kd-karthik-c03f1114
2017,KH Pandya,5b8c830e,Mumbai Indians,13,243,179,7,34.71,135.75,24,7,240,40.0,273,10,24.0,6.82,73,30.42,17,11,5,1,68.75,23,5b8c830e,https://a.espncdn.com/i/headshots/cricket/players/full/5b8c830e.png,https://www.espncricinfo.com/cricketers/kh-pandya-5b8c830e
2017,KK Nair,944533a5,Delhi Daredevils,14,281,226,13,21.62,124.34,39,6,0,,0,0,,,0,,14,6,8,0,42.86,12,944533a5,https://a.espncdn.com/i/headshots/cricket/players/full/944533a5.png,https://www.espncricinfo.com/cricketers/kk-nair-944533a5
2017,KM Jadhav,99d63244,Royal Challengers Bangalore,13,267,183,11,24.27,145.9,25,10,0,,0,0,,,0,,13,3,10,0,23.08,6,99d63244,https://a.espncdn.com/i/headshots/cricket/players/full/99d63244.png,https://www.espncricinfo.com/cricketers/km-jadhav-99d63244
2017,KS Williamson,d027ba9f,Sunrisers Hyderabad,7,256,168,5,51.2,152.38,20,10,0,,0,0,,,0,,14,8,6,0,57.14,16,d027ba9f,https://a.espncdn.com/i/headshots/cricket/players/full/d027ba9f.png,https://www.espncricinfo.com/cricketers/ks-williamson-d027ba9f
2017,KV Sharma,119678fd,Mumbai Indians,9,49,41,6,8.17,119.51,5,2,184,30.67,214,13,14.15,6.98,75,40.76,17,11,5,1,68.75,23,119678fd,https://a.espncdn.com/i/headshots/cricket/players/full/119678fd.png,https://www.espncricinfo.com/cricketers/kv-sharma-119678fd
2017,Kuldeep Yadav,8d2c70ad,Kolkata Knight Riders,12,20,22,2,10.0,90.91,2,0,246,41.0,340,12,20.5,8.29,74,30.08,16,9,7,0,56.25,18,8d2c70ad,https://a.espncdn.com/i/headshots/cricket/players/full/8d2c70ad.png,https://www.espncricinfo.com/cricketers/kuldeep-yadav-8d2c70ad
2017,LH Ferguson,2f9d0389,Rising Pune Supergiant,4,1,1,0,,100.0,0,0,78,13.0,93,3,26.0,7.15,40,51.28,16,10,6,0,62.5,20,2f9d0389,https://a.espncdn.com/i/headshots/cricket/players/full/2f9d0389.png,https://www.espncricinfo.com/cricketers/lh-ferguson-2f9d0389
2017,LMP Simmons,89f64c19,Mumbai Indians,7,137,112,6,22.83,122.32,10,8,0,,0,0,,,0,,17,11,5,1,68.75,23,89f64c19,https://a.espncdn.com/i/headshots/cricket/players/full/89f64c19.png,https://www.espncricinfo.com/cricketers/lmp-simmons-89f64c19
2017,M Vohra,c03e2850,Kings XI Punjab,11,229,159,9,25.44,144.03,23,9,0,,0,0,,,0,,14,7,7,0,50.0,14,c03e2850,https://a.espncdn.com/i/headshots/cricket/players/full/c03e2850.png,https://www.espncricinfo.com/cricketers/m-vohra-c03e2850
2017,MA Agarwal,00ea847a,Rising Pune Supergiant,3,26,27,3,8.67,96.3,3,0,0,,0,0,,,0,,16,10,6,0,62.5,20,00ea847a,https://a.espncdn.com/i/headshots/cricket/players/full/00ea847a.png,https://www.espncricinfo.com/cricketers/ma-agarwal-00ea847a
2017,MC Henriques,32198ae0,Sunrisers Hyderabad,12,277,203,6,46.17,136.45,28,4,144,24.0,248,1,144.0,10.33,27,18.75,14,8,6,0,57.14,16,32198ae0,https://a.espncdn.com/i/headshots/cricket/players/full/32198ae0.png,https://www.espncricinfo.com/cricketers/mc-henriques-32198ae0
2017,MG Johnson,f5180fe6,Mumbai Indians,5,20,17,0,,117.65,1,1,120,20.0,141,7,17.14,7.05,55,45.83,17,11,5,1,68.75,23,f5180fe6,https://a.espncdn.com/i/headshots/cricket/players/full/f5180fe6.png,https://www.espncricinfo.com/cricketers/mg-johnson-f5180fe6
2017,MJ Guptill,2be41edb,Kings XI Punjab,7,132,87,6,22.0,151.72,17,5,0,,0,0,,,0,,14,7,7,0,50.0,14,2be41edb,https://a.espncdn.com/i/headshots/cricket/players/full/2be41edb.png,https://www.espncricinfo.com/cricketers/mj-guptill-2be41edb
2017,MJ Henry,e84ac20c,Kings XI Punjab,2,0,0,0,,,0,0,30,5.0,71,1,30.0,14.2,7,23.33,14,7,7,0,50.0,14,e84ac20c,https://a.espncdn.com/i/headshots/cricket/players/full/e84ac20c.png,https://www.espncricinfo.com/cricketers/mj-henry-e84ac20c
2017,MJ McClenaghan,51a3c5ef,Mumbai Indians,14,16,15,3,5.33,106.67,0,1,324,54.0,507,19,17.05,9.39,119,36.73,17,11,5,1,68.75,23,51a3c5ef,https://a.espncdn.com/i/headshots/cricket/players/full/51a3c5ef.png,https://www.espncricinfo.com/cricketers/mj-mcclenaghan-51a3c5ef
2017,MK Pandey,93b4fc78,Kolkata Knight Riders,14,396,306,8,49.5,129.41,28,12,0,,0,0,,,0,,16,9,7,0,56.25,18,93b4fc78,https://a.espncdn.com/i/headshots/cricket/players/full/93b4fc78.png,https://www.espncricinfo.com/cricketers/mk-pandey-93b4fc78
2017,MK Tiwary,26e5cabf,Rising Pune Supergiant,15,324,235,9,36.0,137.87,31,11,0,,0,0,,,0,,16,10,6,0,62.5,20,26e5cabf,https://a.espncdn.com/i/headshots/cricket/players/full/26e5cabf.png,https://www.espncricinfo.com/cricketers/mk-tiwary-26e5cabf
2017,MM Patel,f0f628c7,Gujarat Lions,2,0,1,1,0.0,0.0,0,0,42,7.0,57,1,42.0,8.14,10,23.81,14,4,9,1,30.77,9,f0f628c7,https://a.espncdn.com/i/headshots/cricket/players/full/f0f628c7.png,https://www.espncricinfo.com/cricketers/mm-patel-f0f628c7
2017,MM Sharma,759ac88f,Kings XI Punjab,14,51,50,6,8.5,102.0,4,1,274,45.67,410,13,21.08,8.98,87,31.75,14,7,7,0,50.0,14,759ac88f,https://a.espncdn.com/i/headshots/cricket/players/full/759ac88f.png,https://www.espncricinfo.com/cricketers/mm-sharma-759ac88f
2017,MN Samuels,f846de6a,Delhi Daredevils,5,29,31,3,9.67,93.55,1,2,18,3.0,34,0,,11.33,5,27.78,14,6,8,0,42.86,12,f846de6a,https://a.espncdn.com/i/headshots/cricket/players/full/f846de6a.png,https://www.espncricinfo.com/cricketers/mn-samuels-f846de6a
2017,MP Stoinis,d9273ee7,Kings XI Punjab,5,17,24,3,5.67,70.83,1,0,63,10.5,110,2,31.5,10.48,10,15.87,14,7,7,0,50.0,14,d9273ee7,https://a.espncdn.com/i/headshots/cricket/players/full/d9273ee7.png,https://www.espncricinfo.com/cricketers/mp-stoinis-d9273ee7
2017,MS Dhoni,4a8a2e3b,Rising Pune Supergiant,16,290,250,13,22.31,116.0,15,16,0,,0,0,,,0,,16,10,6,0,62.5,20,4a8a2e3b,https://a.espncdn.com/i/headshots/cricket/players/full/4a8a2e3b.png,https://www.espncricinfo.com/cricketers/ms-dhoni-4a8a2e3b
2017,MS Gony,ae78bc32,Gujarat Lions,1,0,0,0,,,0,0,12,2.0,32,0,,16.0,4,33.33,14,4,9,1,30.77,9,ae78bc32,https://a.espncdn.com/i/headshots/cricket/players/full/ae78bc32.png,https://www.espncricinfo.com/cricketers/ms-gony-ae78bc32
2017,Mandeep Singh,c3a96caf,Royal Challengers Bangalore,11,188,177,11,17.09,106.21,21,4,0,,0,0,,,0,,13,3,10,0,23.08,6,c3a96caf,https://a.espncdn.com/i/headshots/cricket/players/full/c3a96caf.png,https://www.espncricinfo.com/cricketers/mandeep-singh-c3a96caf
2017,Mohammad Nabi,62af8546,Sunrisers Hyderabad,3,2,3,1,2.0,66.67,0,0,66,11.0,58,2,33.0,5.27,34,51.52,14,8,6,0,57.14,16,62af8546,https://a.espncdn.com/i/headshots/cricket/players/full/62af8546.png,https://www.espncricinfo.com/cricketers/mohammad-nabi-62af8546
2017,Mohammed Shami,8cf9814c,Delhi Daredevils,8,36,24,4,9.0,150.0,4,2,156,26.0,243,5,31.2,9.35,55,35.26,14,6,8,0,42.86,12,8cf9814c,https://a.espncdn.com/i/headshots/cricket/players/full/8cf9814c.png,https://www.espncricinfo.com/cricketers/mohammed-shami-8cf9814c
2017,Mohammed Siraj,2f49c897,Sunrisers Hyderabad,6,0,0,0,,,0,0,138,23.0,212,10,13.8,9.22,48,34.78,14,8,6,0,57.14,16,2f49c897,https://a.espncdn.com/i/headshots/cricket/players/full/2f49c897.png,https://www.espncricinfo.com/cricketers/mohammed-siraj-2f49c897
2017,Mustafizur Rahman,0a8fce53,Sunrisers Hyderabad,1,0,0,0,,,0,0,16,2.67,34,0,,12.75,3,18.75,14,8,6,0,57.14,16,0a8fce53,https://a.espncdn.com/i/headshots/cricket/players/full/0a8fce53.png,https://www.espncricinfo.com/cricketers/mustafizur-rahman-0a8fce53
2017,N Rana,fb2d1dda,Mumbai Indians,13,333,263,12,27.75,126.62,24,17,0,,0,0,,,0,,17,11,5,1,68.75,23,fb2d1dda,https://a.espncdn.com/i/headshots/cricket/players/full/fb2d1dda.png,https://www.espncricinfo.com/cricketers/n-rana-fb2d1dda
2017,NB Singh,b822e99c,Gujarat Lions,2,0,0,0,,,0,0,24,4.0,15,1,24.0,3.75,13,54.17,14,4,9,1,30.77,9,b822e99c,https://a.espncdn.com/i/headshots/cricket/players/full/b822e99c.png,https://www.espncricinfo.com/cricketers/nb-singh-b822e99c
2017,NM Coulter-Nile,56ab442f,Kolkata Knight Riders,8,14,12,3,4.67,116.67,0,2,170,28.33,228,15,11.33,8.05,70,41.18,16,9,7,0,56.25,18,56ab442f,https://a.espncdn.com/i/headshots/cricket/players/full/56ab442f.png,https://www.espncricinfo.com/cricketers/nm-coulter-nile-56ab442f
2017,NV Ojha,890946a0,Sunrisers Hyderabad,14,79,65,4,19.75,121.54,2,3,0,,0,0,,,0,,14,8,6,0,57.14,16,890946a0,https://a.espncdn.com/i/headshots/cricket/players/full/890946a0.png,https://www.espncricinfo.com/cricketers/nv-ojha-890946a0
2017,P Kumar,e938e1bc,Gujarat Lions,6,8,9,1,8.0,88.89,0,0,99,16.5,151,6,16.5,9.15,40,40.4,14,4,9,1,30.77,9,e938e1bc,https://a.espncdn.com/i/headshots/cricket/players/full/e938e1bc.png,https://www.espncricinfo.com/cricketers/p-kumar-e938e1bc
2017,P Negi,f62772e5,Royal Challengers Bangalore,12,144,111,9,16.0,129.73,10,7,193,32.17,197,16,12.06,6.12,80,41.45,13,3,10,0,23.08,6,f62772e5,https://a.espncdn.com/i/headshots/cricket/players/full/f62772e5.png,https://www.espncricinfo.com/cricketers/p-negi-f62772e5
2017,PA Patel,b5da6c24,Mumbai Indians,16,395,293,18,21.94,134.81,49,8,0,,0,0,,,0,,17,11,5,1,68.75,23,b5da6c24,https://a.espncdn.com/i/headshots/cricket/players/full/b5da6c24.png,https://www.espncricinfo.com/cricketers/pa-patel-b5da6c24
2017,PJ Cummins,ded9240e,Delhi Daredevils,12,77,53,5,15.4,145.28,5,4,277,46.17,373,15,18.47,8.08,84,30.32,14,6,8,0,42.86,12,ded9240e,https://a.espncdn.com/i/headshots/cricket/players/full/ded9240e.png,https://www.espncricinfo.com/cricketers/pj-cummins-ded9240e
2017,PJ Sangwan,9fc0ef64,Gujarat Lions,5,2,4,2,1.0,50.0,0,0,108,18.0,181,5,21.6,10.06,44,40.74,14,4,9,1,30.77,9,9fc0ef64,https://a.espncdn.com/i/headshots/cricket/players/full/9fc0ef64.png,https://www.espncricinfo.com/cricketers/pj-sangwan-9fc0ef64
2017,PP Chawla,98ae73b1,Kolkata Knight Riders,6,2,6,1,2.0,33.33,0,0,120,20.0,179,6,20.0,8.95,36,30.0,16,9,7,0,56.25,18,98ae73b1,https://a.espncdn.com/i/headshots/cricket/players/full/98ae73b1.png,https://www.espncricinfo.com/cricketers/pp-chawla-98ae73b1
2017,R Bhatia,33a364a6,Rising Pune Supergiant,3,16,17,1,16.0,94.12,0,1,42,7.0,55,2,21.0,7.86,9,21.43,16,10,6,0,62.5,20,33a364a6,https://a.espncdn.com/i/headshots/cricket/players/full/33a364a6.png,https://www.espncricinfo.com/cricketers/r-bhatia-33a364a6
2017,R Tewatia,39a2dfa8,Kings XI Punjab,3,19,11,1,19.0,172.73,4,0,54,9.0,49,3,18.0,5.44,23,42.59,14,7,7,0,50.0,14,39a2dfa8,https://a.espncdn.com/i/headshots/cricket/players/full/39a2dfa8.png,https://www.espncricinfo.com/cricketers/r-tewatia-39a2dfa8
2017,R Vinay Kumar,41eb4a4f,Mumbai Indians,1,0,0,0,,,0,0,18,3.0,31,2,9.0,10.33,6,33.33,17,11,5,1,68.75,23,41eb4a4f,https://a.espncdn.com/i/headshots/cricket/players/full/41eb4a4f.png,https://www.espncricinfo.com/cricketers/r-vinay-kumar-41eb4a4f
2017,RA Jadeja,fe93fd9d,Gujarat Lions,12,158,113,4,39.5,139.82,13,4,228,38.0,349,5,45.6,9.18,57,25.0,14,4,9,1,30.77,9,fe93fd9d,https://a.espncdn.com/i/headshots/cricket/players/full/fe93fd9d.png,https://www.espncricinfo.com/cricketers/ra-jadeja-fe93fd9d
2017,RA Tripathi,77255a9e,Rising Pune Supergiant,14,391,267,12,32.58,146.44,43,17,6,1.0,12,0,,12.0,0,0.0,16,10,6,0,62.5,20,77255a9e,https://a.espncdn.com/i/headshots/cricket/players/full/77255a9e.png,https://www.espncricinfo.com/cricketers/ra-tripathi-77255a9e
2017,RD Chahar,2ed569a0,Rising Pune Supergiant,3,3,2,0,,150.0,0,0,42,7.0,58,2,21.0,8.29,16,38.1,16,10,6,0,62.5,20,2ed569a0,https://a.espncdn.com/i/headshots/cricket/players/full/2ed569a0.png,https://www.espncricinfo.com/cricketers/rd-chahar-2ed569a0
2017,RG Sharma,740742ef,Mumbai Indians,17,333,273,14,23.79,121.98,31,9,0,,0,0,,,0,,17,11,5,1,68.75,23,740742ef,https://a.espncdn.com/i/headshots/cricket/players/full/740742ef.png,https://www.espncricinfo.com/cricketers/rg-sharma-740742ef
2017,RR Pant,919a3be2,Delhi Daredevils,14,366,220,14,26.14,166.36,28,24,0,,0,0,,,0,,14,6,8,0,42.86,12,919a3be2,https://a.espncdn.com/i/headshots/cricket/players/full/919a3be2.png,https://www.espncricinfo.com/cricketers/rr-pant-919a3be2
2017,RV Uthappa,1c17e270,Kolkata Knight Riders,14,388,235,12,32.33,165.11,36,21,0,,0,0,,,0,,16,9,7,0,56.25,18,1c17e270,https://a.espncdn.com/i/headshots/cricket/players/full/1c17e270.png,https://www.espncricinfo.com/cricketers/rv-uthappa-1c17e270
2017,Rashid Khan,5f547c8b,Sunrisers Hyderabad,14,11,9,2,5.5,122.22,0,1,324,54.0,358,17,19.06,6.63,121,37.35,14,8,6,0,57.14,16,5f547c8b,https://a.espncdn.com/i/headshots/cricket/players/full/5f547c8b.png,https://www.espncricinfo.com/cricketers/rashid-khan-5f547c8b
2017,S Aravind,957532de,Royal Challengers Bangalore,10,32,40,3,10.67,80.0,2,0,183,30.5,275,5,36.6,9.02,58,31.69,13,3,10,0,23.08,6,957532de,https://a.espncdn.com/i/headshots/cricket/players/full/957532de.png,https://www.espncricinfo.com/cricketers/s-aravind-957532de
2017,S Badree,76388dc8,Royal Challengers Bangalore,7,13,23,5,2.6,56.52,0,0,150,25.0,188,9,16.67,7.52,62,41.33,13,3,10,0,23.08,6,76388dc8,https://a.espncdn.com/i/headshots/cricket/players/full/76388dc8.png,https://www.espncricinfo.com/cricketers/s-badree-76388dc8
2017,S Dhawan,0a476045,Sunrisers Hyderabad,14,479,375,13,36.85,127.73,53,9,0,,0,0,,,0,,14,8,6,0,57.14,16,0a476045,https://a.espncdn.com/i/headshots/cricket/players/full/0a476045.png,https://www.espncricinfo.com/cricketers/s-dhawan-0a476045
2017,S Kaul,dcf81436,Sunrisers Hyderabad,10,0,2,0,,0.0,0,0,214,35.67,300,16,13.38,8.41,65,30.37,14,8,6,0,57.14,16,dcf81436,https://a.espncdn.com/i/headshots/cricket/players/full/dcf81436.png,https://www.espncricinfo.com/cricketers/s-kaul-dcf81436
2017,S Kaushik,1da489ff,Gujarat Lions,3,0,0,0,,,0,0,66,11.0,105,0,,9.55,20,30.3,14,4,9,1,30.77,9,1da489ff,https://a.espncdn.com/i/headshots/cricket/players/full/1da489ff.png,https://www.espncricinfo.com/cricketers/s-kaushik-1da489ff
2017,S Nadeem,9d80c5e1,Delhi Daredevils,7,2,9,3,0.67,22.22,0,0,107,17.83,119,6,17.83,6.67,47,43.93,14,6,8,0,42.86,12,9d80c5e1,https://a.espncdn.com/i/headshots/cricket/players/full/9d80c5e1.png,https://www.espncricinfo.com/cricketers/s-nadeem-9d80c5e1
2017,SA Yadav,271f83cd,Kolkata Knight Riders,10,105,88,6,17.5,119.32,8,3,0,,0,0,,,0,,16,9,7,0,56.25,18,271f83cd,https://a.espncdn.com/i/headshots/cricket/players/full/271f83cd.png,https://www.espncricinfo.com/cricketers/sa-yadav-271f83cd
2017,SB Jakati,c8179c68,Gujarat Lions,2,0,0,0,,,0,0,30,5.0,52,0,,10.4,4,13.33,14,4,9,1,30.77,9,c8179c68,https://a.espncdn.com/i/headshots/cricket/players/full/c8179c68.png,https://www.espncricinfo.com/cricketers/sb-jakati-c8179c68
2017,SE Marsh,508a1ea7,Kings XI Punjab,9,264,192,8,33.0,137.5,36,5,0,,0,0,,,0,,14,7,7,0,50.0,14,508a1ea7,https://a.espncdn.com/i/headshots/cricket/players/full/508a1ea7.png,https://www.espncricinfo.com/cricketers/se-marsh-508a1ea7
2017,SK Raina,1dc12ab9,Gujarat Lions,14,442,304,11,40.18,145.39,42,13,72,12.0,102,1,72.0,8.5,20,27.78,14,4,9,1,30.77,9,1dc12ab9,https://a.espncdn.com/i/headshots/cricket/players/full/1dc12ab9.png,https://www.espncricinfo.com/cricketers/sk-raina-1dc12ab9
2017,SL Malinga,a12e1d51,Mumbai Indians,12,7,3,1,7.0,233.33,0,1,269,44.83,382,11,24.45,8.52,90,33.46,17,11,5,1,68.75,23,a12e1d51,https://a.espncdn.com/i/headshots/cricket/players/full/a12e1d51.png,https://www.espncricinfo.com/cricketers/sl-malinga-a12e1d51
2017,SN Thakur,1abb78f8,Rising Pune Supergiant,12,0,3,3,0.0,0.0,0,0,229,38.17,315,11,20.82,8.25,85,37.12,16,10,6,0,62.5,20,1abb78f8,https://a.espncdn.com/i/headshots/cricket/players/full/1abb78f8.png,https://www.espncricinfo.com/cricketers/sn-thakur-1abb78f8
2017,SP Jackson,acc1aeda,Kolkata Knight Riders,4,38,31,2,19.0,122.58,5,0,0,,0,0,,,0,,16,9,7,0,56.25,18,acc1aeda,https://a.espncdn.com/i/headshots/cricket/players/full/acc1aeda.png,https://www.espncricinfo.com/cricketers/sp-jackson-acc1aeda
2017,SP Narine,9d430b40,Kolkata Knight Riders,16,224,130,12,18.67,172.31,34,10,354,59.0,412,10,35.4,6.98,133,37.57,16,9,7,0,56.25,18,9d430b40,https://a.espncdn.com/i/headshots/cricket/players/full/9d430b40.png,https://www.espncricinfo.com/cricketers/sp-narine-9d430b40
2017,SPD Smith,30a45b23,Rising Pune Supergiant,15,472,387,12,39.33,121.96,38,12,0,,0,0,,,0,,16,10,6,0,62.5,20,30a45b23,https://a.espncdn.com/i/headshots/cricket/players/full/30a45b23.png,https://www.espncricinfo.com/cricketers/spd-smith-30a45b23
2017,SR Watson,4329fbb5,Royal Challengers Bangalore,8,71,78,6,11.83,91.03,6,1,161,26.83,245,5,32.2,9.13,47,29.19,13,3,10,0,23.08,6,4329fbb5,https://a.espncdn.com/i/headshots/cricket/players/full/4329fbb5.png,https://www.espncricinfo.com/cricketers/sr-watson-4329fbb5
2017,SS Agarwal,b51f72a5,Gujarat Lions,1,0,0,0,,,0,0,24,4.0,42,1,24.0,10.5,7,29.17,14,4,9,1,30.77,9,b51f72a5,https://a.espncdn.com/i/headshots/cricket/players/full/b51f72a5.png,https://www.espncricinfo.com/cricketers/ss-agarwal-b51f72a5
2017,SS Iyer,85ec8e33,Delhi Daredevils,12,338,242,11,30.73,139.67,36,10,0,,0,0,,,0,,14,6,8,0,42.86,12,85ec8e33,https://a.espncdn.com/i/headshots/cricket/players/full/85ec8e33.png,https://www.espncricinfo.com/cricketers/ss-iyer-85ec8e33
2017,SS Tiwary,709b0bac,Mumbai Indians,1,52,43,0,,120.93,9,0,0,,0,0,,,0,,17,11,5,1,68.75,23,709b0bac,https://a.espncdn.com/i/headshots/cricket/players/full/709b0bac.png,https://www.espncricinfo.com/cricketers/ss-tiwary-709b0bac
2017,STR Binny,bd17b45f,Royal Challengers Bangalore,8,78,76,5,15.6,102.63,6,3,36,6.0,50,4,9.0,8.33,9,25.0,13,3,10,0,23.08,6,bd17b45f,https://a.espncdn.com/i/headshots/cricket/players/full/bd17b45f.png,https://www.espncricinfo.com/cricketers/str-binny-bd17b45f
2017,SV Samson,a4cc73aa,Delhi Daredevils,14,386,273,14,27.57,141.39,32,19,0,,0,0,,,0,,14,6,8,0,42.86,12,a4cc73aa,https://a.espncdn.com/i/headshots/cricket/players/full/a4cc73aa.png,https://www.espncricinfo.com/cricketers/sv-samson-a4cc73aa
2017,SW Billings,c16d4035,Delhi Daredevils,6,138,103,6,23.0,133.98,19,1,0,,0,0,,,0,,14,6,8,0,42.86,12,c16d4035,https://a.espncdn.com/i/headshots/cricket/players/full/c16d4035.png,https://www.espncricinfo.com/cricketers/sw-billings-c16d4035
2017,Sachin Baby,dc9dd038,Royal Challengers Bangalore,3,15,15,3,5.0,100.0,2,0,0,,0,0,,,0,,13,3,10,0,23.08,6,dc9dd038,https://a.espncdn.com/i/headshots/cricket/players/full/dc9dd038.png,https://www.espncricinfo.com/cricketers/sachin-baby-dc9dd038
2017,Sandeep Sharma,ce820073,Kings XI Punjab,13,7,5,0,,140.0,0,0,288,48.0,398,17,16.94,8.29,115,39.93,14,7,7,0,50.0,14,ce820073,https://a.espncdn.com/i/headshots/cricket/players/full/ce820073.png,https://www.espncricinfo.com/cricketers/sandeep-sharma-ce820073
2017,Shakib Al Hasan,7dc35884,Kolkata Knight Riders,1,1,1,0,,100.0,0,0,18,3.0,31,0,,10.33,5,27.78,16,9,7,0,56.25,18,7dc35884,https://a.espncdn.com/i/headshots/cricket/players/full/7dc35884.png,https://www.espncricinfo.com/cricketers/shakib-al-hasan-7dc35884
2017,Swapnil Singh,983f2f61,Kings XI Punjab,4,12,19,2,6.0,63.16,0,0,42,7.0,61,1,42.0,8.71,7,16.67,14,7,7,0,50.0,14,983f2f61,https://a.espncdn.com/i/headshots/cricket/players/full/983f2f61.png,https://www.espncricinfo.com/cricketers/swapnil-singh-983f2f61
2017,T Natarajan,ce794613,Kings XI Punjab,6,0,0,0,,,0,0,76,12.67,115,2,38.0,9.08,24,31.58,14,7,7,0,50.0,14,ce794613,https://a.espncdn.com/i/headshots/cricket/players/full/ce794613.png,https://www.espncricinfo.com/cricketers/t-natarajan-ce794613
2017,TA Boult,a818c1be,Kolkata Knight Riders,6,5,8,0,,62.5,0,0,143,23.83,216,5,28.6,9.06,53,37.06,16,9,7,0,56.25,18,a818c1be,https://a.espncdn.com/i/headshots/cricket/players/full/a818c1be.png,https://www.espncricinfo.com/cricketers/ta-boult-a818c1be
2017,TG Southee,13c35c9e,Mumbai Indians,3,7,3,0,,233.33,0,1,60,10.0,96,3,20.0,9.6,21,35.0,17,11,5,1,68.75,23,13c35c9e,https://a.espncdn.com/i/headshots/cricket/players/full/13c35c9e.png,https://www.espncricinfo.com/cricketers/tg-southee-13c35c9e
2017,TM Head,12b610c2,Royal Challengers Bangalore,7,151,108,4,37.75,139.81,9,6,48,8.0,81,2,24.0,10.12,7,14.58,13,3,10,0,23.08,6,12b610c2,https://a.espncdn.com/i/headshots/cricket/players/full/12b610c2.png,https://www.espncricinfo.com/cricketers/tm-head-12b610c2
2017,TS Mills,245c97cb,Royal Challengers Bangalore,5,8,11,3,2.67,72.73,0,1,107,17.83,153,5,21.4,8.58,41,38.32,13,3,10,0,23.08,6,245c97cb,https://a.espncdn.com/i/headshots/cricket/players/full/245c97cb.png,https://www.espncricinfo.com/cricketers/ts-mills-245c97cb
2017,Tejas Baroka,c28e9f12,Gujarat Lions,1,0,0,0,,,0,0,21,3.5,33,0,,9.43,6,28.57,14,4,9,1,30.77,9,c28e9f12,https://a.espncdn.com/i/headshots/cricket/players/full/c28e9f12.png,https://www.espncricinfo.com/cricketers/tejas-baroka-c28e9f12
2017,UT Yadav,cc1e8c68,Kolkata Knight Riders,14,10,13,0,,76.92,0,0,291,48.5,410,17,17.12,8.45,117,40.21,16,9,7,0,56.25,18,cc1e8c68,https://a.espncdn.com/i/headshots/cricket/players/full/cc1e8c68.png,https://www.espncricinfo.com/cricketers/ut-yadav-cc1e8c68
2017,V Kohli,ba607b88,Royal Challengers Bangalore,10,308,252,11,28.0,122.22,23,11,0,,0,0,,,0,,13,3,10,0,23.08,6,ba607b88,https://a.espncdn.com/i/headshots/cricket/players/full/ba607b88.png,https://www.espncricinfo.com/cricketers/v-kohli-ba607b88
2017,V Shankar,0994d0ae,Sunrisers Hyderabad,4,101,75,2,50.5,134.67,12,1,0,,0,0,,,0,,14,8,6,0,57.14,16,0994d0ae,https://a.espncdn.com/i/headshots/cricket/players/full/0994d0ae.png,https://www.espncricinfo.com/cricketers/v-shankar-0994d0ae
2017,VR Aaron,0a3d54b9,Kings XI Punjab,6,4,10,1,4.0,40.0,0,0,120,20.0,163,7,17.14,8.15,51,42.5,14,7,7,0,50.0,14,0a3d54b9,https://a.espncdn.com/i/headshots/cricket/players/full/0a3d54b9.png,https://www.espncricinfo.com/cricketers/vr-aaron-0a3d54b9
2017,Vishnu Vinod,0494fa6e,Royal Challengers Bangalore,3,19,26,3,6.33,73.08,1,1,0,,0,0,,,0,,13,3,10,0,23.08,6,0494fa6e,https://a.espncdn.com/i/headshots/cricket/players/full/0494fa6e.png,https://www.espncricinfo.com/cricketers/vishnu-vinod-0494fa6e
2017,WP Saha,fe11caa6,Kings XI Punjab,14,234,186,10,23.4,125.81,20,8,0,,0,0,,,0,,14,7,7,0,50.0,14,fe11caa6,https://a.espncdn.com/i/headshots/cricket/players/full/fe11caa6.png,https://www.espncricinfo.com/cricketers/wp-saha-fe11caa6
2017,Washington Sundar,f19ccfad,Rising Pune Supergiant,11,9,12,0,,75.0,0,0,180,30.0,185,8,22.5,6.17,81,45.0,16,10,6,0,62.5,20,f19ccfad,https://a.espncdn.com/i/headshots/cricket/players/full/f19ccfad.png,https://www.espncricinfo.com/cricketers/washington-sundar-f19ccfad
2017,YK Pathan,3c6ffae8,Kolkata Knight Riders,15,143,115,9,15.89,124.35,9,6,24,4.0,41,1,24.0,10.25,8,33.33,16,9,7,0,56.25,18,3c6ffae8,https://a.espncdn.com/i/headshots/cricket/players/full/3c6ffae8.png,https://www.espncricinfo.com/cricketers/yk-pathan-3c6ffae8
2017,YS Chahal,57ee1fde,Royal Challengers Bangalore,13,13,26,2,6.5,50.0,0,0,261,43.5,333,14,18.64,7.66,92,35.25,13,3,10,0,23.08,6,57ee1fde,https://a.espncdn.com/i/headshots/cricket/players/full/57ee1fde.png,https://www.espncricinfo.com/cricketers/ys-chahal-57ee1fde
2017,Yuvraj Singh,1c914163,Sunrisers Hyderabad,12,252,176,10,25.2,143.18,30,8,12,2.0,22,1,12.0,11.0,2,16.67,14,8,6,0,57.14,16,1c914163,https://a.espncdn.com/i/headshots/cricket/players/full/1c914163.png,https://www.espncricinfo.com/cricketers/yuvraj-singh-1c914163
2017,Z Khan,91a4a398,Delhi Daredevils,11,4,13,1,4.0,30.77,0,0,241,40.17,313,10,24.1,7.79,72,29.88,14,6,8,0,42.86,12,91a4a398,https://a.espncdn.com/i/headshots/cricket/players/full/91a4a398.png,https://www.espncricinfo.com/cricketers/z-khan-91a4a398
2018,A Dananjaya,5b16a806,Mumbai Indians,1,4,5,0,,80.0,0,0,24,4.0,47,0,,11.75,6,25.0,14,6,8,0,42.86,12,5b16a806,https://a.espncdn.com/i/headshots/cricket/players/full/5b16a806.png,https://www.espncricinfo.com/cricketers/a-dananjaya-5b16a806
2018,A Mishra,6b19d823,Delhi Daredevils,10,1,2,0,,50.0,0,0,222,37.0,264,12,18.5,7.14,73,32.88,14,5,9,0,35.71,10,6b19d823,https://a.espncdn.com/i/headshots/cricket/players/full/6b19d823.png,https://www.espncricinfo.com/cricketers/a-mishra-6b19d823
2018,AB de Villiers,c4487b84,Royal Challengers Bangalore,12,480,275,9,53.33,174.55,39,30,0,,0,0,,,0,,14,6,8,0,42.86,12,c4487b84,https://a.espncdn.com/i/headshots/cricket/players/full/c4487b84.png,https://www.espncricinfo.com/cricketers/ab-de-villiers-c4487b84
2018,AD Hales,92aeac25,Sunrisers Hyderabad,6,148,117,6,24.67,126.5,13,6,0,,0,0,,,0,,17,10,7,0,58.82,20,92aeac25,https://a.espncdn.com/i/headshots/cricket/players/full/92aeac25.png,https://www.espncricinfo.com/cricketers/ad-hales-92aeac25
2018,AD Nath,f10e94c4,Kings XI Punjab,1,9,13,1,9.0,69.23,1,0,0,,0,0,,,0,,14,6,8,0,42.86,12,f10e94c4,https://a.espncdn.com/i/headshots/cricket/players/full/f10e94c4.png,https://www.espncricinfo.com/cricketers/ad-nath-f10e94c4
2018,AD Russell,bbd41817,Kolkata Knight Riders,16,316,170,12,26.33,185.88,17,31,227,37.83,355,13,17.46,9.38,74,32.6,16,9,7,0,56.25,18,bbd41817,https://a.espncdn.com/i/headshots/cricket/players/full/bbd41817.png,https://www.espncricinfo.com/cricketers/ad-russell-bbd41817
2018,AJ Finch,b8d490fd,Kings XI Punjab,10,134,100,8,16.75,134.0,6,8,0,,0,0,,,0,,14,6,8,0,42.86,12,b8d490fd,https://a.espncdn.com/i/headshots/cricket/players/full/b8d490fd.png,https://www.espncricinfo.com/cricketers/aj-finch-b8d490fd
2018,AJ Tye,7c7d63a2,Kings XI Punjab,14,32,38,6,5.33,84.21,2,1,336,56.0,448,24,14.0,8.0,108,32.14,14,6,8,0,42.86,12,7c7d63a2,https://a.espncdn.com/i/headshots/cricket/players/full/7c7d63a2.png,https://www.espncricinfo.com/cricketers/aj-tye-7c7d63a2
2018,AM Rahane,29e95537,Rajasthan Royals,15,370,313,13,28.46,118.21,39,5,0,,0,0,,,0,,15,7,8,0,46.67,14,29e95537,https://a.espncdn.com/i/headshots/cricket/players/full/29e95537.png,https://www.espncricinfo.com/cricketers/am-rahane-29e95537
2018,AR Patel,2e171977,Kings XI Punjab,9,80,69,7,11.43,115.94,3,4,156,26.0,218,3,52.0,8.38,38,24.36,14,6,8,0,42.86,12,2e171977,https://a.espncdn.com/i/headshots/cricket/players/full/2e171977.png,https://www.espncricinfo.com/cricketers/ar-patel-2e171977
2018,AS Rajpoot,db31895a,Kings XI Punjab,8,11,18,2,5.5,61.11,1,0,157,26.17,223,11,14.27,8.52,76,48.41,14,6,8,0,42.86,12,db31895a,https://a.espncdn.com/i/headshots/cricket/players/full/db31895a.png,https://www.espncricinfo.com/cricketers/as-rajpoot-db31895a
2018,AT Rayudu,70d205c9,Chennai Super Kings,16,602,401,14,43.0,150.12,53,34,0,,0,0,,,0,,16,11,5,0,68.75,22,70d205c9,https://a.espncdn.com/i/headshots/cricket/players/full/70d205c9.png,https://www.espncricinfo.com/cricketers/at-rayudu-70d205c9
2018,Abhishek Sharma,f29185a1,Delhi Daredevils,3,63,33,1,63.0,190.91,3,5,0,,0,0,,,0,,14,5,9,0,35.71,10,f29185a1,https://a.espncdn.com/i/headshots/cricket/players/full/f29185a1.png,https://www.espncricinfo.com/cricketers/abhishek-sharma-f29185a1
2018,Ankit Sharma,24d94623,Rajasthan Royals,1,0,0,0,,,0,0,6,1.0,11,0,,11.0,1,16.67,15,7,8,0,46.67,14,24d94623,https://a.espncdn.com/i/headshots/cricket/players/full/24d94623.png,https://www.espncricinfo.com/cricketers/ankit-sharma-24d94623
2018,Anureet Singh,69be866a,Rajasthan Royals,3,3,4,0,,75.0,0,0,24,4.0,42,1,24.0,10.5,4,16.67,15,7,8,0,46.67,14,69be866a,https://a.espncdn.com/i/headshots/cricket/players/full/69be866a.png,https://www.espncricinfo.com/cricketers/anureet-singh-69be866a
2018,Avesh Khan,eef2536f,Delhi Daredevils,6,0,0,0,,,0,0,114,19.0,204,4,28.5,10.74,43,37.72,14,5,9,0,35.71,10,eef2536f,https://a.espncdn.com/i/headshots/cricket/players/full/eef2536f.png,https://www.espncricinfo.com/cricketers/avesh-khan-eef2536f
2018,B Kumar,2e81a32d,Sunrisers Hyderabad,12,13,16,2,6.5,81.25,1,0,277,46.17,354,9,30.78,7.67,121,43.68,17,10,7,0,58.82,20,2e81a32d,https://a.espncdn.com/i/headshots/cricket/players/full/2e81a32d.png,https://www.espncricinfo.com/cricketers/b-kumar-2e81a32d
2018,B Laughlin,b2a79f17,Rajasthan Royals,7,1,4,1,1.0,25.0,0,0,126,21.0,211,9,14.0,10.05,33,26.19,15,7,8,0,46.67,14,b2a79f17,https://a.espncdn.com/i/headshots/cricket/players/full/b2a79f17.png,https://www.espncricinfo.com/cricketers/b-laughlin-b2a79f17
2018,B Stanlake,6834d1f2,Sunrisers Hyderabad,4,5,2,0,,250.0,1,0,96,16.0,130,5,19.2,8.12,47,48.96,17,10,7,0,58.82,20,6834d1f2,https://a.espncdn.com/i/headshots/cricket/players/full/6834d1f2.png,https://www.espncricinfo.com/cricketers/b-stanlake-6834d1f2
2018,BA Stokes,e087956b,Rajasthan Royals,13,196,160,13,15.08,122.5,13,6,222,37.0,303,8,27.75,8.19,73,32.88,15,7,8,0,46.67,14,e087956b,https://a.espncdn.com/i/headshots/cricket/players/full/e087956b.png,https://www.espncricinfo.com/cricketers/ba-stokes-e087956b
2018,BB McCullum,b8a55852,Royal Challengers Bangalore,6,127,87,6,21.17,145.98,16,6,0,,0,0,,,0,,14,6,8,0,42.86,12,b8a55852,https://a.espncdn.com/i/headshots/cricket/players/full/b8a55852.png,https://www.espncricinfo.com/cricketers/bb-mccullum-b8a55852
2018,BB Sran,d8b2f218,Kings XI Punjab,6,3,7,1,3.0,42.86,0,0,132,22.0,229,4,33.0,10.41,45,34.09,14,6,8,0,42.86,12,d8b2f218,https://a.espncdn.com/i/headshots/cricket/players/full/d8b2f218.png,https://www.espncricinfo.com/cricketers/bb-sran-d8b2f218
2018,BCJ Cutting,2e11c706,Mumbai Indians,9,96,58,4,24.0,165.52,5,8,102,17.0,168,2,51.0,9.88,23,22.55,14,6,8,0,42.86,12,2e11c706,https://a.espncdn.com/i/headshots/cricket/players/full/2e11c706.png,https://www.espncricinfo.com/cricketers/bcj-cutting-2e11c706
2018,Basil Thampi,871e9faf,Sunrisers Hyderabad,4,3,6,1,3.0,50.0,0,0,61,10.17,114,5,12.2,11.21,16,26.23,17,10,7,0,58.82,20,871e9faf,https://a.espncdn.com/i/headshots/cricket/players/full/871e9faf.png,https://www.espncricinfo.com/cricketers/basil-thampi-871e9faf
2018,C Munro,af2c687b,Delhi Daredevils,5,63,41,4,15.75,153.66,7,4,0,,0,0,,,0,,14,5,9,0,35.71,10,af2c687b,https://a.espncdn.com/i/headshots/cricket/players/full/af2c687b.png,https://www.espncricinfo.com/cricketers/c-munro-af2c687b
2018,C de Grandhomme,94d7f855,Royal Challengers Bangalore,9,131,83,4,32.75,157.83,4,10,90,15.0,129,2,45.0,8.6,23,25.56,14,6,8,0,42.86,12,94d7f855,https://a.espncdn.com/i/headshots/cricket/players/full/94d7f855.png,https://www.espncricinfo.com/cricketers/c-de-grandhomme-94d7f855
2018,CA Lynn,45eda7c8,Kolkata Knight Riders,16,491,377,14,35.07,130.24,56,18,0,,0,0,,,0,,16,9,7,0,56.25,18,45eda7c8,https://a.espncdn.com/i/headshots/cricket/players/full/45eda7c8.png,https://www.espncricinfo.com/cricketers/ca-lynn-45eda7c8
2018,CH Gayle,db584dad,Kings XI Punjab,11,368,252,9,40.89,146.03,30,27,0,,0,0,,,0,,14,6,8,0,42.86,12,db584dad,https://a.espncdn.com/i/headshots/cricket/players/full/db584dad.png,https://www.espncricinfo.com/cricketers/ch-gayle-db584dad
2018,CH Morris,fb66ce1f,Delhi Daredevils,4,46,26,1,46.0,176.92,3,2,84,14.0,143,3,28.0,10.21,29,34.52,14,5,9,0,35.71,10,fb66ce1f,https://a.espncdn.com/i/headshots/cricket/players/full/fb66ce1f.png,https://www.espncricinfo.com/cricketers/ch-morris-fb66ce1f
2018,CJ Anderson,8abdf100,Royal Challengers Bangalore,3,17,22,3,5.67,77.27,0,1,52,8.67,115,3,17.33,13.27,14,26.92,14,6,8,0,42.86,12,8abdf100,https://a.espncdn.com/i/headshots/cricket/players/full/8abdf100.png,https://www.espncricinfo.com/cricketers/cj-anderson-8abdf100
2018,CJ Dala,1cb14aa4,Delhi Daredevils,1,0,0,0,,,0,0,18,3.0,34,0,,11.33,7,38.89,14,5,9,0,35.71,10,1cb14aa4,https://a.espncdn.com/i/headshots/cricket/players/full/1cb14aa4.png,https://www.espncricinfo.com/cricketers/cj-dala-1cb14aa4
2018,CJ Jordan,ffe699c0,Sunrisers Hyderabad,1,0,0,0,,,0,0,24,4.0,31,0,,7.75,10,41.67,17,10,7,0,58.82,20,ffe699c0,https://a.espncdn.com/i/headshots/cricket/players/full/ffe699c0.png,https://www.espncricinfo.com/cricketers/cj-jordan-ffe699c0
2018,CR Brathwaite,e342e5fb,Sunrisers Hyderabad,4,75,48,4,18.75,156.25,1,8,61,10.17,94,5,12.2,9.25,21,34.43,17,10,7,0,58.82,20,e342e5fb,https://a.espncdn.com/i/headshots/cricket/players/full/e342e5fb.png,https://www.espncricinfo.com/cricketers/cr-brathwaite-e342e5fb
2018,CR Woakes,4c5d73db,Royal Challengers Bangalore,5,17,19,2,8.5,89.47,1,1,110,18.33,190,8,13.75,10.36,44,40.0,14,6,8,0,42.86,12,4c5d73db,https://a.espncdn.com/i/headshots/cricket/players/full/4c5d73db.png,https://www.espncricinfo.com/cricketers/cr-woakes-4c5d73db
2018,DA Miller,d67d5f00,Kings XI Punjab,3,74,63,2,37.0,117.46,3,2,0,,0,0,,,0,,14,6,8,0,42.86,12,d67d5f00,https://a.espncdn.com/i/headshots/cricket/players/full/d67d5f00.png,https://www.espncricinfo.com/cricketers/da-miller-d67d5f00
2018,DJ Bravo,87e562a9,Chennai Super Kings,16,141,90,4,35.25,156.67,8,10,321,53.5,533,14,22.93,9.96,85,26.48,16,11,5,0,68.75,22,87e562a9,https://a.espncdn.com/i/headshots/cricket/players/full/87e562a9.png,https://www.espncricinfo.com/cricketers/dj-bravo-87e562a9
2018,DJ Hooda,73ad96ed,Sunrisers Hyderabad,9,87,81,5,17.4,107.41,2,3,18,3.0,24,0,,8.0,5,27.78,17,10,7,0,58.82,20,73ad96ed,https://a.espncdn.com/i/headshots/cricket/players/full/73ad96ed.png,https://www.espncricinfo.com/cricketers/dj-hooda-73ad96ed
2018,DJ Willey,7f048519,Chennai Super Kings,3,0,0,0,,,0,0,60,10.0,95,2,30.0,9.5,19,31.67,16,11,5,0,68.75,22,7f048519,https://a.espncdn.com/i/headshots/cricket/players/full/7f048519.png,https://www.espncricinfo.com/cricketers/dj-willey-7f048519
2018,DJM Short,1a156c88,Rajasthan Royals,7,115,99,7,16.43,116.16,11,5,18,3.0,19,1,18.0,6.33,7,38.89,15,7,8,0,46.67,14,1a156c88,https://a.espncdn.com/i/headshots/cricket/players/full/1a156c88.png,https://www.espncricinfo.com/cricketers/djm-short-1a156c88
2018,DL Chahar,23eeb873,Chennai Super Kings,12,50,29,3,16.67,172.41,1,4,229,38.17,278,10,22.9,7.28,114,49.78,16,11,5,0,68.75,22,23eeb873,https://a.espncdn.com/i/headshots/cricket/players/full/23eeb873.png,https://www.espncricinfo.com/cricketers/dl-chahar-23eeb873
2018,DR Shorey,faa7365d,Chennai Super Kings,1,8,9,1,8.0,88.89,0,1,0,,0,0,,,0,,16,11,5,0,68.75,22,faa7365d,https://a.espncdn.com/i/headshots/cricket/players/full/faa7365d.png,https://www.espncricinfo.com/cricketers/dr-shorey-faa7365d
2018,DS Kulkarni,d2a989fc,Rajasthan Royals,8,6,7,0,,85.71,0,0,119,19.83,188,4,29.75,9.48,53,44.54,15,7,8,0,46.67,14,d2a989fc,https://a.espncdn.com/i/headshots/cricket/players/full/d2a989fc.png,https://www.espncricinfo.com/cricketers/ds-kulkarni-d2a989fc
2018,DT Christian,2a2e6343,Delhi Daredevils,4,26,32,1,26.0,81.25,0,1,71,11.83,101,4,17.75,8.54,20,28.17,14,5,9,0,35.71,10,2a2e6343,https://a.espncdn.com/i/headshots/cricket/players/full/2a2e6343.png,https://www.espncricinfo.com/cricketers/dt-christian-2a2e6343
2018,E Lewis,0ebfb1ad,Mumbai Indians,13,382,276,13,29.38,138.41,32,24,0,,0,0,,,0,,14,6,8,0,42.86,12,0ebfb1ad,https://a.espncdn.com/i/headshots/cricket/players/full/0ebfb1ad.png,https://www.espncricinfo.com/cricketers/e-lewis-0ebfb1ad
2018,F du Plessis,3355b542,Chennai Super Kings,6,162,128,6,27.0,126.56,17,6,0,,0,0,,,0,,16,11,5,0,68.75,22,3355b542,https://a.espncdn.com/i/headshots/cricket/players/full/3355b542.png,https://www.espncricinfo.com/cricketers/f-du-plessis-3355b542
2018,G Gambhir,bb345e0b,Delhi Daredevils,6,85,88,4,21.25,96.59,8,1,0,,0,0,,,0,,14,5,9,0,35.71,10,bb345e0b,https://a.espncdn.com/i/headshots/cricket/players/full/bb345e0b.png,https://www.espncricinfo.com/cricketers/g-gambhir-bb345e0b
2018,GJ Maxwell,b681e71e,Delhi Daredevils,12,169,120,12,14.08,140.83,14,9,96,16.0,132,5,19.2,8.25,32,33.33,14,5,9,0,35.71,10,b681e71e,https://a.espncdn.com/i/headshots/cricket/players/full/b681e71e.png,https://www.espncricinfo.com/cricketers/gj-maxwell-b681e71e
2018,H Klaasen,235c2bb6,Rajasthan Royals,4,57,47,3,19.0,121.28,5,1,0,,0,0,,,0,,15,7,8,0,46.67,14,235c2bb6,https://a.espncdn.com/i/headshots/cricket/players/full/235c2bb6.png,https://www.espncricinfo.com/cricketers/h-klaasen-235c2bb6
2018,HH Pandya,dbe50b21,Mumbai Indians,13,260,195,9,28.89,133.33,20,11,256,42.67,381,18,14.22,8.93,94,36.72,14,6,8,0,42.86,12,dbe50b21,https://a.espncdn.com/i/headshots/cricket/players/full/dbe50b21.png,https://www.espncricinfo.com/cricketers/hh-pandya-dbe50b21
2018,HV Patel,f986ca1a,Delhi Daredevils,5,60,33,0,,181.82,1,6,105,17.5,167,7,15.0,9.54,34,32.38,14,5,9,0,35.71,10,f986ca1a,https://a.espncdn.com/i/headshots/cricket/players/full/f986ca1a.png,https://www.espncricinfo.com/cricketers/hv-patel-f986ca1a
2018,Harbhajan Singh,8b5b6769,Chennai Super Kings,13,29,35,2,14.5,82.86,3,1,191,31.83,270,7,27.29,8.48,68,35.6,16,11,5,0,68.75,22,8b5b6769,https://a.espncdn.com/i/headshots/cricket/players/full/8b5b6769.png,https://www.espncricinfo.com/cricketers/harbhajan-singh-8b5b6769
2018,IS Sodhi,641ac5ff,Rajasthan Royals,6,1,6,1,1.0,16.67,0,0,138,23.0,135,5,27.6,5.87,49,35.51,15,7,8,0,46.67,14,641ac5ff,https://a.espncdn.com/i/headshots/cricket/players/full/641ac5ff.png,https://www.espncricinfo.com/cricketers/is-sodhi-641ac5ff
2018,Imran Tahir,acee4cc4,Chennai Super Kings,6,2,2,0,,100.0,0,0,124,20.67,188,6,20.67,9.1,38,30.65,16,11,5,0,68.75,22,acee4cc4,https://a.espncdn.com/i/headshots/cricket/players/full/acee4cc4.png,https://www.espncricinfo.com/cricketers/imran-tahir-acee4cc4
2018,Ishan Kishan,752f7486,Mumbai Indians,14,275,184,12,22.92,149.46,22,17,0,,0,0,,,0,,14,6,8,0,42.86,12,752f7486,https://a.espncdn.com/i/headshots/cricket/players/full/752f7486.png,https://www.espncricinfo.com/cricketers/ishan-kishan-752f7486
2018,JC Archer,5574750c,Rajasthan Royals,10,15,19,5,3.0,78.95,2,0,233,38.83,325,15,15.53,8.37,93,39.91,15,7,8,0,46.67,14,5574750c,https://a.espncdn.com/i/headshots/cricket/players/full/5574750c.png,https://www.espncricinfo.com/cricketers/jc-archer-5574750c
2018,JC Buttler,99b75528,Rajasthan Royals,13,548,352,11,49.82,155.68,52,21,0,,0,0,,,0,,15,7,8,0,46.67,14,99b75528,https://a.espncdn.com/i/headshots/cricket/players/full/99b75528.png,https://www.espncricinfo.com/cricketers/jc-buttler-99b75528
2018,JD Unadkat,1e66c162,Rajasthan Royals,15,49,38,5,9.8,128.95,6,1,302,50.33,486,11,27.45,9.66,97,32.12,15,7,8,0,46.67,14,1e66c162,https://a.espncdn.com/i/headshots/cricket/players/full/1e66c162.png,https://www.espncricinfo.com/cricketers/jd-unadkat-1e66c162
2018,JJ Bumrah,462411b3,Mumbai Indians,14,10,10,1,10.0,100.0,1,0,324,54.0,372,17,19.06,6.89,128,39.51,14,6,8,0,42.86,12,462411b3,https://a.espncdn.com/i/headshots/cricket/players/full/462411b3.png,https://www.espncricinfo.com/cricketers/jj-bumrah-462411b3
2018,JJ Roy,d1c36f5c,Delhi Daredevils,5,120,94,4,30.0,127.66,9,7,0,,0,0,,,0,,14,5,9,0,35.71,10,d1c36f5c,https://a.espncdn.com/i/headshots/cricket/players/full/d1c36f5c.png,https://www.espncricinfo.com/cricketers/jj-roy-d1c36f5c
2018,JP Duminy,2e8994e7,Mumbai Indians,6,36,40,1,36.0,90.0,3,1,18,3.0,36,0,,12.0,6,33.33,14,6,8,0,42.86,12,2e8994e7,https://a.espncdn.com/i/headshots/cricket/players/full/2e8994e7.png,https://www.espncricinfo.com/cricketers/jp-duminy-2e8994e7
2018,JPR Scantlebury-Searles,99ed60f8,Kolkata Knight Riders,4,8,6,1,8.0,133.33,0,1,42,7.0,89,2,21.0,12.71,7,16.67,16,9,7,0,56.25,18,99ed60f8,https://a.espncdn.com/i/headshots/cricket/players/full/99ed60f8.png,https://www.espncricinfo.com/cricketers/jpr-scantlebury-searles-99ed60f8
2018,K Gowtham,90de905a,Rajasthan Royals,15,126,64,9,14.0,196.88,9,9,240,40.0,312,11,21.82,7.8,87,36.25,15,7,8,0,46.67,14,90de905a,https://a.espncdn.com/i/headshots/cricket/players/full/90de905a.png,https://www.espncricinfo.com/cricketers/k-gowtham-90de905a
2018,K Khejroliya,fa2f1dde,Royal Challengers Bangalore,3,0,0,0,,,0,0,65,10.83,107,2,32.5,9.88,15,23.08,14,6,8,0,42.86,12,fa2f1dde,https://a.espncdn.com/i/headshots/cricket/players/full/fa2f1dde.png,https://www.espncricinfo.com/cricketers/k-khejroliya-fa2f1dde
2018,KA Pollard,a757b0d8,Mumbai Indians,9,133,99,7,19.0,134.34,10,7,0,,0,0,,,0,,14,6,8,0,42.86,12,a757b0d8,https://a.espncdn.com/i/headshots/cricket/players/full/a757b0d8.png,https://www.espncricinfo.com/cricketers/ka-pollard-a757b0d8
2018,KD Karthik,c03f1114,Kolkata Knight Riders,16,498,336,9,55.33,148.21,49,16,0,,0,0,,,0,,16,9,7,0,56.25,18,c03f1114,https://a.espncdn.com/i/headshots/cricket/players/full/c03f1114.png,https://www.espncricinfo.com/cricketers/kd-karthik-c03f1114
2018,KH Pandya,5b8c830e,Mumbai Indians,14,228,157,9,25.33,145.22,22,10,241,40.17,284,12,20.08,7.07,82,34.02,14,6,8,0,42.86,12,5b8c830e,https://a.espncdn.com/i/headshots/cricket/players/full/5b8c830e.png,https://www.espncricinfo.com/cricketers/kh-pandya-5b8c830e
2018,KK Ahmed,a2f46292,Sunrisers Hyderabad,1,0,0,0,,,0,0,18,3.0,38,0,,12.67,6,33.33,17,10,7,0,58.82,20,a2f46292,https://a.espncdn.com/i/headshots/cricket/players/full/a2f46292.png,https://www.espncricinfo.com/cricketers/kk-ahmed-a2f46292
2018,KK Nair,944533a5,Kings XI Punjab,13,301,221,13,23.15,136.2,23,13,0,,0,0,,,0,,14,6,8,0,42.86,12,944533a5,https://a.espncdn.com/i/headshots/cricket/players/full/944533a5.png,https://www.espncricinfo.com/cricketers/kk-nair-944533a5
2018,KL Rahul,b17e2f24,Kings XI Punjab,14,659,415,12,54.92,158.8,66,32,0,,0,0,,,0,,14,6,8,0,42.86,12,b17e2f24,https://a.espncdn.com/i/headshots/cricket/players/full/b17e2f24.png,https://www.espncricinfo.com/cricketers/kl-rahul-b17e2f24
2018,KM Asif,798cc28e,Chennai Super Kings,2,0,0,0,,,0,0,36,6.0,75,3,12.0,12.5,16,44.44,16,11,5,0,68.75,22,798cc28e,https://a.espncdn.com/i/headshots/cricket/players/full/798cc28e.png,https://www.espncricinfo.com/cricketers/km-asif-798cc28e
2018,KM Jadhav,99d63244,Chennai Super Kings,1,24,21,0,,114.29,1,2,0,,0,0,,,0,,16,11,5,0,68.75,22,99d63244,https://a.espncdn.com/i/headshots/cricket/players/full/99d63244.png,https://www.espncricinfo.com/cricketers/km-jadhav-99d63244
2018,KS Williamson,d027ba9f,Sunrisers Hyderabad,17,735,515,15,49.0,142.72,64,28,0,,0,0,,,0,,17,10,7,0,58.82,20,d027ba9f,https://a.espncdn.com/i/headshots/cricket/players/full/d027ba9f.png,https://www.espncricinfo.com/cricketers/ks-williamson-d027ba9f
2018,KV Sharma,119678fd,Chennai Super Kings,6,0,0,0,,,0,0,57,9.5,89,4,14.25,9.37,15,26.32,16,11,5,0,68.75,22,119678fd,https://a.espncdn.com/i/headshots/cricket/players/full/119678fd.png,https://www.espncricinfo.com/cricketers/kv-sharma-119678fd
2018,Kuldeep Yadav,8d2c70ad,Kolkata Knight Riders,16,12,24,1,12.0,50.0,1,0,308,51.33,418,17,18.12,8.14,90,29.22,16,9,7,0,56.25,18,8d2c70ad,https://a.espncdn.com/i/headshots/cricket/players/full/8d2c70ad.png,https://www.espncricinfo.com/cricketers/kuldeep-yadav-8d2c70ad
2018,L Ngidi,f834dcfc,Chennai Super Kings,7,0,0,0,,,0,0,156,26.0,156,11,14.18,6.0,74,47.44,16,11,5,0,68.75,22,f834dcfc,https://a.espncdn.com/i/headshots/cricket/players/full/f834dcfc.png,https://www.espncricinfo.com/cricketers/l-ngidi-f834dcfc
2018,LE Plunkett,9a963804,Delhi Daredevils,7,1,3,1,1.0,33.33,0,0,150,25.0,225,4,37.5,9.0,39,26.0,14,5,9,0,35.71,10,9a963804,https://a.espncdn.com/i/headshots/cricket/players/full/9a963804.png,https://www.espncricinfo.com/cricketers/le-plunkett-9a963804
2018,M Ashwin,e2db2409,Royal Challengers Bangalore,2,1,2,1,1.0,50.0,0,0,42,7.0,53,3,14.0,7.57,19,45.24,14,6,8,0,42.86,12,e2db2409,https://a.espncdn.com/i/headshots/cricket/players/full/e2db2409.png,https://www.espncricinfo.com/cricketers/m-ashwin-e2db2409
2018,M Markande,a9fd84fb,Mumbai Indians,14,21,24,2,10.5,87.5,2,0,264,44.0,368,15,17.6,8.36,80,30.3,14,6,8,0,42.86,12,a9fd84fb,https://a.espncdn.com/i/headshots/cricket/players/full/a9fd84fb.png,https://www.espncricinfo.com/cricketers/m-markande-a9fd84fb
2018,M Prasidh Krishna,85e0cf10,Kolkata Knight Riders,7,1,5,0,,20.0,0,0,168,28.0,260,10,16.8,9.29,59,35.12,16,9,7,0,56.25,18,85e0cf10,https://a.espncdn.com/i/headshots/cricket/players/full/85e0cf10.png,https://www.espncricinfo.com/cricketers/m-prasidh-krishna-85e0cf10
2018,M Vijay,4b57e452,Chennai Super Kings,1,12,10,1,12.0,120.0,0,1,0,,0,0,,,0,,16,11,5,0,68.75,22,4b57e452,https://a.espncdn.com/i/headshots/cricket/players/full/4b57e452.png,https://www.espncricinfo.com/cricketers/m-vijay-4b57e452
2018,M Vohra,c03e2850,Royal Challengers Bangalore,4,55,47,4,13.75,117.02,2,4,0,,0,0,,,0,,14,6,8,0,42.86,12,c03e2850,https://a.espncdn.com/i/headshots/cricket/players/full/c03e2850.png,https://www.espncricinfo.com/cricketers/m-vohra-c03e2850
2018,MA Agarwal,00ea847a,Kings XI Punjab,11,120,94,10,12.0,127.66,9,5,0,,0,0,,,0,,14,6,8,0,42.86,12,00ea847a,https://a.espncdn.com/i/headshots/cricket/players/full/00ea847a.png,https://www.espncricinfo.com/cricketers/ma-agarwal-00ea847a
2018,MA Wood,8d92a2c3,Chennai Super Kings,1,1,3,1,1.0,33.33,0,0,24,4.0,49,0,,12.25,5,20.83,16,11,5,0,68.75,22,8d92a2c3,https://a.espncdn.com/i/headshots/cricket/players/full/8d92a2c3.png,https://www.espncricinfo.com/cricketers/ma-wood-8d92a2c3
2018,MG Johnson,f5180fe6,Kolkata Knight Riders,6,16,10,0,,160.0,2,0,126,21.0,216,2,63.0,10.29,44,34.92,16,9,7,0,56.25,18,f5180fe6,https://a.espncdn.com/i/headshots/cricket/players/full/f5180fe6.png,https://www.espncricinfo.com/cricketers/mg-johnson-f5180fe6
2018,MJ McClenaghan,51a3c5ef,Mumbai Indians,11,11,9,2,5.5,122.22,1,1,240,40.0,332,14,17.14,8.3,98,40.83,14,6,8,0,42.86,12,51a3c5ef,https://a.espncdn.com/i/headshots/cricket/players/full/51a3c5ef.png,https://www.espncricinfo.com/cricketers/mj-mcclenaghan-51a3c5ef
2018,MK Lomror,da934ee8,Rajasthan Royals,2,20,21,1,20.0,95.24,1,0,18,3.0,27,0,,9.0,2,11.11,15,7,8,0,46.67,14,da934ee8,https://a.espncdn.com/i/headshots/cricket/players/full/da934ee8.png,https://www.espncricinfo.com/cricketers/mk-lomror-da934ee8
2018,MK Pandey,93b4fc78,Sunrisers Hyderabad,15,284,246,11,25.82,115.45,22,5,0,,0,0,,,0,,17,10,7,0,58.82,20,93b4fc78,https://a.espncdn.com/i/headshots/cricket/players/full/93b4fc78.png,https://www.espncricinfo.com/cricketers/mk-pandey-93b4fc78
2018,MK Tiwary,26e5cabf,Kings XI Punjab,5,47,44,3,15.67,106.82,4,1,6,1.0,10,0,,10.0,0,0.0,14,6,8,0,42.86,12,26e5cabf,https://a.espncdn.com/i/headshots/cricket/players/full/26e5cabf.png,https://www.espncricinfo.com/cricketers/mk-tiwary-26e5cabf
2018,MM Ali,bb351c23,Royal Challengers Bangalore,5,77,46,4,19.25,167.39,4,6,79,13.17,97,3,26.33,7.37,26,32.91,14,6,8,0,42.86,12,bb351c23,https://a.espncdn.com/i/headshots/cricket/players/full/bb351c23.png,https://www.espncricinfo.com/cricketers/mm-ali-bb351c23
2018,MM Sharma,759ac88f,Kings XI Punjab,9,10,13,1,10.0,76.92,1,0,178,29.67,322,7,25.43,10.85,44,24.72,14,6,8,0,42.86,12,759ac88f,https://a.espncdn.com/i/headshots/cricket/players/full/759ac88f.png,https://www.espncricinfo.com/cricketers/mm-sharma-759ac88f
2018,MP Stoinis,d9273ee7,Kings XI Punjab,7,99,75,4,24.75,132.0,6,4,66,11.0,120,3,22.0,10.91,14,21.21,14,6,8,0,42.86,12,d9273ee7,https://a.espncdn.com/i/headshots/cricket/players/full/d9273ee7.png,https://www.espncricinfo.com/cricketers/mp-stoinis-d9273ee7
2018,MS Dhoni,4a8a2e3b,Chennai Super Kings,16,455,301,7,65.0,151.16,24,30,0,,0,0,,,0,,16,11,5,0,68.75,22,4a8a2e3b,https://a.espncdn.com/i/headshots/cricket/players/full/4a8a2e3b.png,https://www.espncricinfo.com/cricketers/ms-dhoni-4a8a2e3b
2018,Mandeep Singh,c3a96caf,Royal Challengers Bangalore,14,252,186,10,25.2,135.48,16,11,0,,0,0,,,0,,14,6,8,0,42.86,12,c3a96caf,https://a.espncdn.com/i/headshots/cricket/players/full/c3a96caf.png,https://www.espncricinfo.com/cricketers/mandeep-singh-c3a96caf
2018,Mohammad Nabi,62af8546,Sunrisers Hyderabad,2,18,12,2,9.0,150.0,3,0,30,5.0,47,1,30.0,9.4,12,40.0,17,10,7,0,58.82,20,62af8546,https://a.espncdn.com/i/headshots/cricket/players/full/62af8546.png,https://www.espncricinfo.com/cricketers/mohammad-nabi-62af8546
2018,Mohammed Shami,8cf9814c,Delhi Daredevils,4,7,6,1,7.0,116.67,1,0,83,13.83,144,3,27.67,10.41,28,33.73,14,5,9,0,35.71,10,8cf9814c,https://a.espncdn.com/i/headshots/cricket/players/full/8cf9814c.png,https://www.espncricinfo.com/cricketers/mohammed-shami-8cf9814c
2018,Mohammed Siraj,2f49c897,Royal Challengers Bangalore,11,25,22,2,12.5,113.64,2,1,246,41.0,367,11,22.36,8.95,85,34.55,14,6,8,0,42.86,12,2f49c897,https://a.espncdn.com/i/headshots/cricket/players/full/2f49c897.png,https://www.espncricinfo.com/cricketers/mohammed-siraj-2f49c897
2018,Mujeeb Ur Rahman,7d92277a,Kings XI Punjab,11,10,7,1,10.0,142.86,2,0,248,41.33,289,14,17.71,6.99,90,36.29,14,6,8,0,42.86,12,7d92277a,https://a.espncdn.com/i/headshots/cricket/players/full/7d92277a.png,https://www.espncricinfo.com/cricketers/mujeeb-ur-rahman-7d92277a
2018,Mustafizur Rahman,0a8fce53,Mumbai Indians,7,1,3,1,1.0,33.33,0,0,165,27.5,230,7,23.57,8.36,57,34.55,14,6,8,0,42.86,12,0a8fce53,https://a.espncdn.com/i/headshots/cricket/players/full/0a8fce53.png,https://www.espncricinfo.com/cricketers/mustafizur-rahman-0a8fce53
2018,N Rana,fb2d1dda,Kolkata Knight Riders,15,304,232,15,20.27,131.03,26,14,37,6.17,44,4,9.25,7.14,17,45.95,16,9,7,0,56.25,18,fb2d1dda,https://a.espncdn.com/i/headshots/cricket/players/full/fb2d1dda.png,https://www.espncricinfo.com/cricketers/n-rana-fb2d1dda
2018,NV Ojha,890946a0,Delhi Daredevils,1,1,4,1,1.0,25.0,0,0,0,,0,0,,,0,,14,5,9,0,35.71,10,890946a0,https://a.espncdn.com/i/headshots/cricket/players/full/890946a0.png,https://www.espncricinfo.com/cricketers/nv-ojha-890946a0
2018,P Chopra,8ac93ca2,Rajasthan Royals,1,8,6,1,8.0,133.33,2,0,0,,0,0,,,0,,15,7,8,0,46.67,14,8ac93ca2,https://a.espncdn.com/i/headshots/cricket/players/full/8ac93ca2.png,https://www.espncricinfo.com/cricketers/p-chopra-8ac93ca2
2018,P Negi,f62772e5,Royal Challengers Bangalore,2,3,5,2,1.5,60.0,0,0,24,4.0,49,1,24.0,12.25,9,37.5,14,6,8,0,42.86,12,f62772e5,https://a.espncdn.com/i/headshots/cricket/players/full/f62772e5.png,https://www.espncricinfo.com/cricketers/p-negi-f62772e5
2018,PA Patel,b5da6c24,Royal Challengers Bangalore,6,153,109,5,30.6,140.37,20,4,0,,0,0,,,0,,14,6,8,0,42.86,12,b5da6c24,https://a.espncdn.com/i/headshots/cricket/players/full/b5da6c24.png,https://www.espncricinfo.com/cricketers/pa-patel-b5da6c24
2018,PJ Sangwan,9fc0ef64,Mumbai Indians,1,0,4,1,0.0,0.0,0,0,12,2.0,19,0,,9.5,4,33.33,14,6,8,0,42.86,12,9fc0ef64,https://a.espncdn.com/i/headshots/cricket/players/full/9fc0ef64.png,https://www.espncricinfo.com/cricketers/pj-sangwan-9fc0ef64
2018,PP Chawla,98ae73b1,Kolkata Knight Riders,15,27,34,4,6.75,79.41,1,1,294,49.0,412,14,21.0,8.41,106,36.05,16,9,7,0,56.25,18,98ae73b1,https://a.espncdn.com/i/headshots/cricket/players/full/98ae73b1.png,https://www.espncricinfo.com/cricketers/pp-chawla-98ae73b1
2018,PP Shaw,8b3e9c7c,Delhi Daredevils,9,245,160,9,27.22,153.12,27,10,0,,0,0,,,0,,14,5,9,0,35.71,10,8b3e9c7c,https://a.espncdn.com/i/headshots/cricket/players/full/8b3e9c7c.png,https://www.espncricinfo.com/cricketers/pp-shaw-8b3e9c7c
2018,Q de Kock,372455c4,Royal Challengers Bangalore,8,201,162,7,28.71,124.07,20,8,0,,0,0,,,0,,14,6,8,0,42.86,12,372455c4,https://a.espncdn.com/i/headshots/cricket/players/full/372455c4.png,https://www.espncricinfo.com/cricketers/q-de-kock-372455c4
2018,R Ashwin,495d42a5,Kings XI Punjab,14,102,71,8,12.75,143.66,7,5,304,50.67,410,10,30.4,8.09,76,25.0,14,6,8,0,42.86,12,495d42a5,https://a.espncdn.com/i/headshots/cricket/players/full/495d42a5.png,https://www.espncricinfo.com/cricketers/r-ashwin-495d42a5
2018,R Tewatia,39a2dfa8,Delhi Daredevils,8,50,43,4,12.5,116.28,5,1,132,22.0,173,6,22.0,7.86,40,30.3,14,5,9,0,35.71,10,39a2dfa8,https://a.espncdn.com/i/headshots/cricket/players/full/39a2dfa8.png,https://www.espncricinfo.com/cricketers/r-tewatia-39a2dfa8
2018,R Vinay Kumar,41eb4a4f,Kolkata Knight Riders,2,6,3,0,,200.0,1,0,23,3.83,65,2,11.5,16.96,8,34.78,16,9,7,0,56.25,18,41eb4a4f,https://a.espncdn.com/i/headshots/cricket/players/full/41eb4a4f.png,https://www.espncricinfo.com/cricketers/r-vinay-kumar-41eb4a4f
2018,RA Jadeja,fe93fd9d,Chennai Super Kings,16,89,74,5,17.8,120.27,3,4,246,41.0,303,11,22.36,7.39,78,31.71,16,11,5,0,68.75,22,fe93fd9d,https://a.espncdn.com/i/headshots/cricket/players/full/fe93fd9d.png,https://www.espncricinfo.com/cricketers/ra-jadeja-fe93fd9d
2018,RA Tripathi,77255a9e,Rajasthan Royals,12,226,166,9,25.11,136.14,18,8,0,,0,0,,,0,,15,7,8,0,46.67,14,77255a9e,https://a.espncdn.com/i/headshots/cricket/players/full/77255a9e.png,https://www.espncricinfo.com/cricketers/ra-tripathi-77255a9e
2018,RG Sharma,740742ef,Mumbai Indians,14,286,214,13,22.0,133.64,25,12,0,,0,0,,,0,,14,6,8,0,42.86,12,740742ef,https://a.espncdn.com/i/headshots/cricket/players/full/740742ef.png,https://www.espncricinfo.com/cricketers/rg-sharma-740742ef
2018,RK Bhui,b63e358a,Sunrisers Hyderabad,1,0,5,1,0.0,0.0,0,0,0,,0,0,,,0,,17,10,7,0,58.82,20,b63e358a,https://a.espncdn.com/i/headshots/cricket/players/full/b63e358a.png,https://www.espncricinfo.com/cricketers/rk-bhui-b63e358a
2018,RK Singh,0a509d6b,Kolkata Knight Riders,4,29,31,4,7.25,93.55,4,0,0,,0,0,,,0,,16,9,7,0,56.25,18,0a509d6b,https://a.espncdn.com/i/headshots/cricket/players/full/0a509d6b.png,https://www.espncricinfo.com/cricketers/rk-singh-0a509d6b
2018,RR Pant,919a3be2,Delhi Daredevils,14,684,394,15,45.6,173.6,68,37,0,,0,0,,,0,,14,5,9,0,35.71,10,919a3be2,https://a.espncdn.com/i/headshots/cricket/players/full/919a3be2.png,https://www.espncricinfo.com/cricketers/rr-pant-919a3be2
2018,RV Uthappa,1c17e270,Kolkata Knight Riders,16,351,264,17,20.65,132.95,30,21,0,,0,0,,,0,,16,9,7,0,56.25,18,1c17e270,https://a.espncdn.com/i/headshots/cricket/players/full/1c17e270.png,https://www.espncricinfo.com/cricketers/rv-uthappa-1c17e270
2018,Rashid Khan,5f547c8b,Sunrisers Hyderabad,17,59,31,5,11.8,190.32,3,6,408,68.0,458,21,19.43,6.74,162,39.71,17,10,7,0,58.82,20,5f547c8b,https://a.espncdn.com/i/headshots/cricket/players/full/5f547c8b.png,https://www.espncricinfo.com/cricketers/rashid-khan-5f547c8b
2018,S Dhawan,0a476045,Sunrisers Hyderabad,16,497,362,14,35.5,137.29,59,14,0,,0,0,,,0,,17,10,7,0,58.82,20,0a476045,https://a.espncdn.com/i/headshots/cricket/players/full/0a476045.png,https://www.espncricinfo.com/cricketers/s-dhawan-0a476045
2018,S Gopal,7a8bd078,Rajasthan Royals,11,50,45,2,25.0,111.11,5,0,186,31.0,236,11,16.91,7.61,65,34.95,15,7,8,0,46.67,14,7a8bd078,https://a.espncdn.com/i/headshots/cricket/players/full/7a8bd078.png,https://www.espncricinfo.com/cricketers/s-gopal-7a8bd078
2018,S Kaul,dcf81436,Sunrisers Hyderabad,17,3,14,2,1.5,21.43,0,0,396,66.0,547,21,18.86,8.29,120,30.3,17,10,7,0,58.82,20,dcf81436,https://a.espncdn.com/i/headshots/cricket/players/full/dcf81436.png,https://www.espncricinfo.com/cricketers/s-kaul-dcf81436
2018,S Lamichhane,b410bd3d,Delhi Daredevils,3,0,0,0,,,0,0,72,12.0,82,5,14.4,6.83,29,40.28,14,5,9,0,35.71,10,b410bd3d,https://a.espncdn.com/i/headshots/cricket/players/full/b410bd3d.png,https://www.espncricinfo.com/cricketers/s-lamichhane-b410bd3d
2018,S Nadeem,9d80c5e1,Delhi Daredevils,6,6,8,0,,75.0,0,0,90,15.0,161,3,30.0,10.73,20,22.22,14,5,9,0,35.71,10,9d80c5e1,https://a.espncdn.com/i/headshots/cricket/players/full/9d80c5e1.png,https://www.espncricinfo.com/cricketers/s-nadeem-9d80c5e1
2018,SA Yadav,271f83cd,Mumbai Indians,14,512,384,14,36.57,133.33,61,16,0,,0,0,,,0,,14,6,8,0,42.86,12,271f83cd,https://a.espncdn.com/i/headshots/cricket/players/full/271f83cd.png,https://www.espncricinfo.com/cricketers/sa-yadav-271f83cd
2018,SK Raina,1dc12ab9,Chennai Super Kings,15,445,335,12,37.08,132.84,46,12,0,,0,0,,,0,,16,11,5,0,68.75,22,1dc12ab9,https://a.espncdn.com/i/headshots/cricket/players/full/1dc12ab9.png,https://www.espncricinfo.com/cricketers/sk-raina-1dc12ab9
2018,SN Khan,f088b960,Royal Challengers Bangalore,7,51,41,5,10.2,124.39,7,1,0,,0,0,,,0,,14,6,8,0,42.86,12,f088b960,https://a.espncdn.com/i/headshots/cricket/players/full/f088b960.png,https://www.espncricinfo.com/cricketers/sn-khan-f088b960
2018,SN Thakur,1abb78f8,Chennai Super Kings,13,15,5,0,,300.0,3,0,280,46.67,431,16,17.5,9.24,111,39.64,16,11,5,0,68.75,22,1abb78f8,https://a.espncdn.com/i/headshots/cricket/players/full/1abb78f8.png,https://www.espncricinfo.com/cricketers/sn-thakur-1abb78f8
2018,SP Goswami,541f85c9,Sunrisers Hyderabad,6,52,38,3,17.33,136.84,6,1,0,,0,0,,,0,,17,10,7,0,58.82,20,541f85c9,https://a.espncdn.com/i/headshots/cricket/players/full/541f85c9.png,https://www.espncricinfo.com/cricketers/sp-goswami-541f85c9
2018,SP Narine,9d430b40,Kolkata Knight Riders,16,357,188,16,22.31,189.89,40,23,366,61.0,467,17,21.53,7.66,131,35.79,16,9,7,0,56.25,18,9d430b40,https://a.espncdn.com/i/headshots/cricket/players/full/9d430b40.png,https://www.espncricinfo.com/cricketers/sp-narine-9d430b40
2018,SR Watson,4329fbb5,Chennai Super Kings,15,555,358,13,42.69,155.03,44,35,168,28.0,251,6,28.0,8.96,56,33.33,16,11,5,0,68.75,22,4329fbb5,https://a.espncdn.com/i/headshots/cricket/players/full/4329fbb5.png,https://www.espncricinfo.com/cricketers/sr-watson-4329fbb5
2018,SS Iyer,85ec8e33,Delhi Daredevils,14,411,309,12,34.25,133.01,29,21,0,,0,0,,,0,,14,5,9,0,35.71,10,85ec8e33,https://a.espncdn.com/i/headshots/cricket/players/full/85ec8e33.png,https://www.espncricinfo.com/cricketers/ss-iyer-85ec8e33
2018,STR Binny,bd17b45f,Rajasthan Royals,7,44,39,4,11.0,112.82,2,2,12,2.0,33,0,,16.5,2,16.67,15,7,8,0,46.67,14,bd17b45f,https://a.espncdn.com/i/headshots/cricket/players/full/bd17b45f.png,https://www.espncricinfo.com/cricketers/str-binny-bd17b45f
2018,SV Samson,a4cc73aa,Rajasthan Royals,15,441,319,14,31.5,138.24,30,19,0,,0,0,,,0,,15,7,8,0,46.67,14,a4cc73aa,https://a.espncdn.com/i/headshots/cricket/players/full/a4cc73aa.png,https://www.espncricinfo.com/cricketers/sv-samson-a4cc73aa
2018,SW Billings,c16d4035,Chennai Super Kings,10,108,78,8,13.5,138.46,8,5,0,,0,0,,,0,,16,11,5,0,68.75,22,c16d4035,https://a.espncdn.com/i/headshots/cricket/players/full/c16d4035.png,https://www.espncricinfo.com/cricketers/sw-billings-c16d4035
2018,Sandeep Sharma,ce820073,Sunrisers Hyderabad,12,0,4,2,0.0,0.0,0,0,264,44.0,333,12,22.0,7.57,115,43.56,17,10,7,0,58.82,20,ce820073,https://a.espncdn.com/i/headshots/cricket/players/full/ce820073.png,https://www.espncricinfo.com/cricketers/sandeep-sharma-ce820073
2018,Shakib Al Hasan,7dc35884,Sunrisers Hyderabad,17,239,195,9,26.56,122.56,26,5,342,57.0,456,14,24.43,8.0,96,28.07,17,10,7,0,58.82,20,7dc35884,https://a.espncdn.com/i/headshots/cricket/players/full/7dc35884.png,https://www.espncricinfo.com/cricketers/shakib-al-hasan-7dc35884
2018,Shivam Mavi,c38d3503,Kolkata Knight Riders,9,13,15,3,4.33,86.67,1,0,168,28.0,270,5,33.6,9.64,61,36.31,16,9,7,0,56.25,18,c38d3503,https://a.espncdn.com/i/headshots/cricket/players/full/c38d3503.png,https://www.espncricinfo.com/cricketers/shivam-mavi-c38d3503
2018,Shubman Gill,b4b99816,Kolkata Knight Riders,13,203,139,5,40.6,146.04,22,5,0,,0,0,,,0,,16,9,7,0,56.25,18,b4b99816,https://a.espncdn.com/i/headshots/cricket/players/full/b4b99816.png,https://www.espncricinfo.com/cricketers/shubman-gill-b4b99816
2018,TA Boult,a818c1be,Delhi Daredevils,14,0,2,1,0.0,0.0,0,0,316,52.67,466,18,17.56,8.85,111,35.13,14,5,9,0,35.71,10,a818c1be,https://a.espncdn.com/i/headshots/cricket/players/full/a818c1be.png,https://www.espncricinfo.com/cricketers/ta-boult-a818c1be
2018,TG Southee,13c35c9e,Royal Challengers Bangalore,8,52,46,2,26.0,113.04,5,1,174,29.0,261,5,34.8,9.0,57,32.76,14,6,8,0,42.86,12,13c35c9e,https://a.espncdn.com/i/headshots/cricket/players/full/13c35c9e.png,https://www.espncricinfo.com/cricketers/tg-southee-13c35c9e
2018,TK Curran,e86754b2,Kolkata Knight Riders,5,23,28,3,7.67,82.14,3,0,61,10.17,118,6,10.17,11.61,15,24.59,16,9,7,0,56.25,18,e86754b2,https://a.espncdn.com/i/headshots/cricket/players/full/e86754b2.png,https://www.espncricinfo.com/cricketers/tk-curran-e86754b2
2018,UT Yadav,cc1e8c68,Royal Challengers Bangalore,14,3,11,4,0.75,27.27,0,0,319,53.17,418,20,15.95,7.86,142,44.51,14,6,8,0,42.86,12,cc1e8c68,https://a.espncdn.com/i/headshots/cricket/players/full/cc1e8c68.png,https://www.espncricinfo.com/cricketers/ut-yadav-cc1e8c68
2018,V Kohli,ba607b88,Royal Challengers Bangalore,14,530,379,12,44.17,139.84,52,18,0,,0,0,,,0,,14,6,8,0,42.86,12,ba607b88,https://a.espncdn.com/i/headshots/cricket/players/full/ba607b88.png,https://www.espncricinfo.com/cricketers/v-kohli-ba607b88
2018,V Shankar,0994d0ae,Delhi Daredevils,13,212,147,4,53.0,144.22,11,11,30,5.0,58,1,30.0,11.6,8,26.67,14,5,9,0,35.71,10,0994d0ae,https://a.espncdn.com/i/headshots/cricket/players/full/0994d0ae.png,https://www.espncricinfo.com/cricketers/v-shankar-0994d0ae
2018,WP Saha,fe11caa6,Sunrisers Hyderabad,11,122,102,8,15.25,119.61,17,1,0,,0,0,,,0,,17,10,7,0,58.82,20,fe11caa6,https://a.espncdn.com/i/headshots/cricket/players/full/fe11caa6.png,https://www.espncricinfo.com/cricketers/wp-saha-fe11caa6
2018,Washington Sundar,f19ccfad,Royal Challengers Bangalore,7,65,38,4,16.25,171.05,5,4,120,20.0,192,4,30.0,9.6,27,22.5,14,6,8,0,42.86,12,f19ccfad,https://a.espncdn.com/i/headshots/cricket/players/full/f19ccfad.png,https://www.espncricinfo.com/cricketers/washington-sundar-f19ccfad
2018,YK Pathan,3c6ffae8,Sunrisers Hyderabad,15,260,200,9,28.89,130.0,22,11,12,2.0,14,1,12.0,7.0,2,16.67,17,10,7,0,58.82,20,3c6ffae8,https://a.espncdn.com/i/headshots/cricket/players/full/3c6ffae8.png,https://www.espncricinfo.com/cricketers/yk-pathan-3c6ffae8
2018,YS Chahal,57ee1fde,Royal Challengers Bangalore,14,0,4,0,,0.0,0,0,300,50.0,363,12,25.0,7.26,120,40.0,14,6,8,0,42.86,12,57ee1fde,https://a.espncdn.com/i/headshots/cricket/players/full/57ee1fde.png,https://www.espncricinfo.com/cricketers/ys-chahal-57ee1fde
2018,Yuvraj Singh,1c914163,Kings XI Punjab,8,65,73,5,13.0,89.04,6,2,12,2.0,23,0,,11.5,0,0.0,14,6,8,0,42.86,12,1c914163,https://a.espncdn.com/i/headshots/cricket/players/full/1c914163.png,https://www.espncricinfo.com/cricketers/yuvraj-singh-1c914163
2019,A Mishra,6b19d823,Delhi Capitals,11,21,24,2,10.5,87.5,2,0,240,40.0,270,11,21.82,6.75,82,34.17,16,9,6,1,60.0,19,6b19d823,https://a.espncdn.com/i/headshots/cricket/players/full/6b19d823.png,https://www.espncricinfo.com/cricketers/a-mishra-6b19d823
2019,AB de Villiers,c4487b84,Royal Challengers Bangalore,13,442,287,10,44.2,154.01,31,26,0,,0,0,,,0,,14,5,8,1,38.46,11,c4487b84,https://a.espncdn.com/i/headshots/cricket/players/full/c4487b84.png,https://www.espncricinfo.com/cricketers/ab-de-villiers-c4487b84
2019,AD Nath,f10e94c4,Royal Challengers Bangalore,8,61,57,5,12.2,107.02,5,2,0,,0,0,,,0,,14,5,8,1,38.46,11,f10e94c4,https://a.espncdn.com/i/headshots/cricket/players/full/f10e94c4.png,https://www.espncricinfo.com/cricketers/ad-nath-f10e94c4
2019,AD Russell,bbd41817,Kolkata Knight Riders,14,514,249,10,51.4,206.43,32,52,181,30.17,287,11,16.45,9.51,60,33.15,14,6,7,1,46.15,13,bbd41817,https://a.espncdn.com/i/headshots/cricket/players/full/bbd41817.png,https://www.espncricinfo.com/cricketers/ad-russell-bbd41817
2019,AJ Turner,ff1e12a0,Rajasthan Royals,4,3,10,3,1.0,30.0,0,0,0,,0,0,,,0,,14,5,8,1,38.46,11,ff1e12a0,https://a.espncdn.com/i/headshots/cricket/players/full/ff1e12a0.png,https://www.espncricinfo.com/cricketers/aj-turner-ff1e12a0
2019,AJ Tye,7c7d63a2,Kings XI Punjab,6,0,2,0,,0.0,0,0,132,22.0,233,3,44.0,10.59,30,22.73,14,6,8,0,42.86,12,7c7d63a2,https://a.espncdn.com/i/headshots/cricket/players/full/7c7d63a2.png,https://www.espncricinfo.com/cricketers/aj-tye-7c7d63a2
2019,AM Rahane,29e95537,Rajasthan Royals,14,393,285,13,30.23,137.89,45,9,0,,0,0,,,0,,14,5,8,1,38.46,11,29e95537,https://a.espncdn.com/i/headshots/cricket/players/full/29e95537.png,https://www.espncricinfo.com/cricketers/am-rahane-29e95537
2019,AR Patel,2e171977,Delhi Capitals,14,110,87,7,15.71,126.44,10,3,306,51.0,364,10,30.6,7.14,109,35.62,16,9,6,1,60.0,19,2e171977,https://a.espncdn.com/i/headshots/cricket/players/full/2e171977.png,https://www.espncricinfo.com/cricketers/ar-patel-2e171977
2019,AS Joseph,b0946605,Mumbai Indians,3,15,13,0,,115.38,2,0,52,8.67,87,6,8.67,10.04,23,44.23,16,10,5,1,66.67,21,b0946605,https://a.espncdn.com/i/headshots/cricket/players/full/b0946605.png,https://www.espncricinfo.com/cricketers/as-joseph-b0946605
2019,AS Rajpoot,db31895a,Kings XI Punjab,4,0,0,0,,,0,0,96,16.0,152,3,32.0,9.5,32,33.33,14,6,8,0,42.86,12,db31895a,https://a.espncdn.com/i/headshots/cricket/players/full/db31895a.png,https://www.espncricinfo.com/cricketers/as-rajpoot-db31895a
2019,AS Roy,e4cdf230,Mumbai Indians,1,0,0,0,,,0,0,12,2.0,11,1,12.0,5.5,4,33.33,16,10,5,1,66.67,21,e4cdf230,https://a.espncdn.com/i/headshots/cricket/players/full/e4cdf230.png,https://www.espncricinfo.com/cricketers/as-roy-e4cdf230
2019,AT Rayudu,70d205c9,Chennai Super Kings,17,282,301,12,23.5,93.69,20,7,0,,0,0,,,0,,17,10,7,0,58.82,20,70d205c9,https://a.espncdn.com/i/headshots/cricket/players/full/70d205c9.png,https://www.espncricinfo.com/cricketers/at-rayudu-70d205c9
2019,Abhishek Sharma,f29185a1,Sunrisers Hyderabad,3,9,9,2,4.5,100.0,1,0,12,2.0,21,1,12.0,10.5,1,8.33,15,6,8,1,42.86,13,f29185a1,https://a.espncdn.com/i/headshots/cricket/players/full/f29185a1.png,https://www.espncricinfo.com/cricketers/abhishek-sharma-f29185a1
2019,Arshdeep Singh,244048f6,Kings XI Punjab,3,0,0,0,,,0,0,60,10.0,109,3,20.0,10.9,15,25.0,14,6,8,0,42.86,12,244048f6,https://a.espncdn.com/i/headshots/cricket/players/full/244048f6.png,https://www.espncricinfo.com/cricketers/arshdeep-singh-244048f6
2019,Avesh Khan,eef2536f,Delhi Capitals,1,4,3,0,,133.33,1,0,18,3.0,30,0,,10.0,7,38.89,16,9,6,1,60.0,19,eef2536f,https://a.espncdn.com/i/headshots/cricket/players/full/eef2536f.png,https://www.espncricinfo.com/cricketers/avesh-khan-eef2536f
2019,B Kumar,2e81a32d,Sunrisers Hyderabad,15,12,19,3,4.0,63.16,1,0,354,59.0,461,13,27.23,7.81,163,46.05,15,6,8,1,42.86,13,2e81a32d,https://a.espncdn.com/i/headshots/cricket/players/full/2e81a32d.png,https://www.espncricinfo.com/cricketers/b-kumar-2e81a32d
2019,BA Stokes,e087956b,Rajasthan Royals,9,123,97,6,20.5,126.8,8,4,101,16.83,189,6,16.83,11.23,26,25.74,14,5,8,1,38.46,11,e087956b,https://a.espncdn.com/i/headshots/cricket/players/full/e087956b.png,https://www.espncricinfo.com/cricketers/ba-stokes-e087956b
2019,BB Sran,d8b2f218,Mumbai Indians,2,3,3,0,,100.0,0,0,24,4.0,51,0,,12.75,7,29.17,16,10,5,1,66.67,21,d8b2f218,https://a.espncdn.com/i/headshots/cricket/players/full/d8b2f218.png,https://www.espncricinfo.com/cricketers/bb-sran-d8b2f218
2019,BCJ Cutting,2e11c706,Mumbai Indians,3,18,17,2,9.0,105.88,1,1,12,2.0,27,1,12.0,13.5,2,16.67,16,10,5,1,66.67,21,2e11c706,https://a.espncdn.com/i/headshots/cricket/players/full/2e11c706.png,https://www.espncricinfo.com/cricketers/bcj-cutting-2e11c706
2019,Basil Thampi,871e9faf,Sunrisers Hyderabad,3,1,1,0,,100.0,0,0,72,12.0,110,0,,9.17,17,23.61,15,6,8,1,42.86,13,871e9faf,https://a.espncdn.com/i/headshots/cricket/players/full/871e9faf.png,https://www.espncricinfo.com/cricketers/basil-thampi-871e9faf
2019,C Munro,af2c687b,Delhi Capitals,4,84,70,4,21.0,120.0,9,4,0,,0,0,,,0,,16,9,6,1,60.0,19,af2c687b,https://a.espncdn.com/i/headshots/cricket/players/full/af2c687b.png,https://www.espncricinfo.com/cricketers/c-munro-af2c687b
2019,C de Grandhomme,94d7f855,Royal Challengers Bangalore,4,46,49,3,15.33,93.88,4,2,30,5.0,55,0,,11.0,2,6.67,14,5,8,1,38.46,11,94d7f855,https://a.espncdn.com/i/headshots/cricket/players/full/94d7f855.png,https://www.espncricinfo.com/cricketers/c-de-grandhomme-94d7f855
2019,CA Ingram,c995d726,Delhi Capitals,12,184,154,10,18.4,119.48,20,5,0,,0,0,,,0,,16,9,6,1,60.0,19,c995d726,https://a.espncdn.com/i/headshots/cricket/players/full/c995d726.png,https://www.espncricinfo.com/cricketers/ca-ingram-c995d726
2019,CA Lynn,45eda7c8,Kolkata Knight Riders,13,405,288,13,31.15,140.62,41,22,0,,0,0,,,0,,14,6,7,1,46.15,13,45eda7c8,https://a.espncdn.com/i/headshots/cricket/players/full/45eda7c8.png,https://www.espncricinfo.com/cricketers/ca-lynn-45eda7c8
2019,CH Gayle,db584dad,Kings XI Punjab,13,490,319,12,40.83,153.61,45,34,0,,0,0,,,0,,14,6,8,0,42.86,12,db584dad,https://a.espncdn.com/i/headshots/cricket/players/full/db584dad.png,https://www.espncricinfo.com/cricketers/ch-gayle-db584dad
2019,CH Morris,fb66ce1f,Delhi Capitals,9,32,37,6,5.33,86.49,1,2,198,33.0,306,13,15.23,9.27,66,33.33,16,9,6,1,60.0,19,fb66ce1f,https://a.espncdn.com/i/headshots/cricket/players/full/fb66ce1f.png,https://www.espncricinfo.com/cricketers/ch-morris-fb66ce1f
2019,CR Brathwaite,e342e5fb,Kolkata Knight Riders,2,11,9,2,5.5,122.22,1,0,18,3.0,29,0,,9.67,6,33.33,14,6,7,1,46.15,13,e342e5fb,https://a.espncdn.com/i/headshots/cricket/players/full/e342e5fb.png,https://www.espncricinfo.com/cricketers/cr-brathwaite-e342e5fb
2019,CV Varun,5b7ab5a9,Kings XI Punjab,1,0,0,0,,,0,0,18,3.0,35,1,18.0,11.67,8,44.44,14,6,8,0,42.86,12,5b7ab5a9,https://a.espncdn.com/i/headshots/cricket/players/full/5b7ab5a9.png,https://www.espncricinfo.com/cricketers/cv-varun-5b7ab5a9
2019,DA Miller,d67d5f00,Kings XI Punjab,10,213,163,8,26.62,130.67,19,7,0,,0,0,,,0,,14,6,8,0,42.86,12,d67d5f00,https://a.espncdn.com/i/headshots/cricket/players/full/d67d5f00.png,https://www.espncricinfo.com/cricketers/da-miller-d67d5f00
2019,DA Warner,dcce6f09,Sunrisers Hyderabad,12,692,481,12,57.67,143.87,57,21,0,,0,0,,,0,,15,6,8,1,42.86,13,dcce6f09,https://a.espncdn.com/i/headshots/cricket/players/full/dcce6f09.png,https://www.espncricinfo.com/cricketers/da-warner-dcce6f09
2019,DJ Bravo,87e562a9,Chennai Super Kings,12,80,66,5,16.0,121.21,6,3,247,41.17,330,11,22.45,8.02,71,28.74,17,10,7,0,58.82,20,87e562a9,https://a.espncdn.com/i/headshots/cricket/players/full/87e562a9.png,https://www.espncricinfo.com/cricketers/dj-bravo-87e562a9
2019,DJ Hooda,73ad96ed,Sunrisers Hyderabad,11,64,63,6,10.67,101.59,5,1,12,2.0,21,1,12.0,10.5,1,8.33,15,6,8,1,42.86,13,73ad96ed,https://a.espncdn.com/i/headshots/cricket/players/full/73ad96ed.png,https://www.espncricinfo.com/cricketers/dj-hooda-73ad96ed
2019,DL Chahar,23eeb873,Chennai Super Kings,17,7,9,2,3.5,77.78,1,0,387,64.5,482,22,17.59,7.47,186,48.06,17,10,7,0,58.82,20,23eeb873,https://a.espncdn.com/i/headshots/cricket/players/full/23eeb873.png,https://www.espncricinfo.com/cricketers/dl-chahar-23eeb873
2019,DR Shorey,faa7365d,Chennai Super Kings,1,5,8,1,5.0,62.5,0,0,0,,0,0,,,0,,17,10,7,0,58.82,20,faa7365d,https://a.espncdn.com/i/headshots/cricket/players/full/faa7365d.png,https://www.espncricinfo.com/cricketers/dr-shorey-faa7365d
2019,DS Kulkarni,d2a989fc,Rajasthan Royals,10,5,3,0,,166.67,1,0,210,35.0,335,6,35.0,9.57,76,36.19,14,5,8,1,38.46,11,d2a989fc,https://a.espncdn.com/i/headshots/cricket/players/full/d2a989fc.png,https://www.espncricinfo.com/cricketers/ds-kulkarni-d2a989fc
2019,DW Steyn,8fd1a8f5,Royal Challengers Bangalore,2,0,0,0,,,0,0,48,8.0,69,4,12.0,8.62,18,37.5,14,5,8,1,38.46,11,8fd1a8f5,https://a.espncdn.com/i/headshots/cricket/players/full/8fd1a8f5.png,https://www.espncricinfo.com/cricketers/dw-steyn-8fd1a8f5
2019,E Lewis,0ebfb1ad,Mumbai Indians,3,48,52,3,16.0,92.31,4,2,0,,0,0,,,0,,16,10,5,1,66.67,21,0ebfb1ad,https://a.espncdn.com/i/headshots/cricket/players/full/0ebfb1ad.png,https://www.espncricinfo.com/cricketers/e-lewis-0ebfb1ad
2019,F du Plessis,3355b542,Chennai Super Kings,12,396,321,11,36.0,123.36,36,15,0,,0,0,,,0,,17,10,7,0,58.82,20,3355b542,https://a.espncdn.com/i/headshots/cricket/players/full/3355b542.png,https://www.espncricinfo.com/cricketers/f-du-plessis-3355b542
2019,GC Viljoen,a316d663,Kings XI Punjab,6,3,7,2,1.5,42.86,0,0,138,23.0,222,7,19.71,9.65,43,31.16,14,6,8,0,42.86,12,a316d663,https://a.espncdn.com/i/headshots/cricket/players/full/a316d663.png,https://www.espncricinfo.com/cricketers/gc-viljoen-a316d663
2019,GH Vihari,94253925,Delhi Capitals,2,4,8,2,2.0,50.0,0,0,6,1.0,9,0,,9.0,0,0.0,16,9,6,1,60.0,19,94253925,https://a.espncdn.com/i/headshots/cricket/players/full/94253925.png,https://www.espncricinfo.com/cricketers/gh-vihari-94253925
2019,Gurkeerat Singh,6eb146d2,Royal Challengers Bangalore,3,98,70,3,32.67,140.0,11,2,0,,0,0,,,0,,14,5,8,1,38.46,11,6eb146d2,https://a.espncdn.com/i/headshots/cricket/players/full/6eb146d2.png,https://www.espncricinfo.com/cricketers/gurkeerat-singh-6eb146d2
2019,H Klaasen,235c2bb6,Royal Challengers Bangalore,3,9,9,2,4.5,100.0,0,0,0,,0,0,,,0,,14,5,8,1,38.46,11,235c2bb6,https://a.espncdn.com/i/headshots/cricket/players/full/235c2bb6.png,https://www.espncricinfo.com/cricketers/h-klaasen-235c2bb6
2019,HF Gurney,e412cb64,Kolkata Knight Riders,8,1,5,0,,20.0,0,0,162,27.0,238,7,23.14,8.81,50,30.86,14,6,7,1,46.15,13,e412cb64,https://a.espncdn.com/i/headshots/cricket/players/full/e412cb64.png,https://www.espncricinfo.com/cricketers/hf-gurney-e412cb64
2019,HH Pandya,dbe50b21,Mumbai Indians,16,409,211,9,45.44,193.84,28,30,255,42.5,390,14,18.21,9.18,90,35.29,16,10,5,1,66.67,21,dbe50b21,https://a.espncdn.com/i/headshots/cricket/players/full/dbe50b21.png,https://www.espncricinfo.com/cricketers/hh-pandya-dbe50b21
2019,HV Patel,f986ca1a,Delhi Capitals,2,0,2,1,0.0,0.0,0,0,48,8.0,77,2,24.0,9.62,15,31.25,16,9,6,1,60.0,19,f986ca1a,https://a.espncdn.com/i/headshots/cricket/players/full/f986ca1a.png,https://www.espncricinfo.com/cricketers/hv-patel-f986ca1a
2019,Harbhajan Singh,8b5b6769,Chennai Super Kings,11,1,3,1,1.0,33.33,0,0,264,44.0,312,16,16.5,7.09,114,43.18,17,10,7,0,58.82,20,8b5b6769,https://a.espncdn.com/i/headshots/cricket/players/full/8b5b6769.png,https://www.espncricinfo.com/cricketers/harbhajan-singh-8b5b6769
2019,Harpreet Brar,c05edf8e,Kings XI Punjab,2,20,12,0,,166.67,2,1,30,5.0,48,0,,9.6,7,23.33,14,6,8,0,42.86,12,c05edf8e,https://a.espncdn.com/i/headshots/cricket/players/full/c05edf8e.png,https://www.espncricinfo.com/cricketers/harpreet-brar-c05edf8e
2019,I Sharma,5bb1a1c4,Delhi Capitals,13,10,3,0,,333.33,1,1,276,46.0,349,13,21.23,7.59,113,40.94,16,9,6,1,60.0,19,5bb1a1c4,https://a.espncdn.com/i/headshots/cricket/players/full/5bb1a1c4.png,https://www.espncricinfo.com/cricketers/i-sharma-5bb1a1c4
2019,IS Sodhi,641ac5ff,Rajasthan Royals,2,6,11,1,6.0,54.55,0,0,43,7.17,67,4,10.75,9.35,15,34.88,14,5,8,1,38.46,11,641ac5ff,https://a.espncdn.com/i/headshots/cricket/players/full/641ac5ff.png,https://www.espncricinfo.com/cricketers/is-sodhi-641ac5ff
2019,Imran Tahir,acee4cc4,Chennai Super Kings,17,0,0,0,,,0,0,386,64.33,431,26,14.85,6.7,146,37.82,17,10,7,0,58.82,20,acee4cc4,https://a.espncdn.com/i/headshots/cricket/players/full/acee4cc4.png,https://www.espncricinfo.com/cricketers/imran-tahir-acee4cc4
2019,Ishan Kishan,752f7486,Mumbai Indians,7,101,100,5,20.2,101.0,8,4,0,,0,0,,,0,,16,10,5,1,66.67,21,752f7486,https://a.espncdn.com/i/headshots/cricket/players/full/752f7486.png,https://www.espncricinfo.com/cricketers/ishan-kishan-752f7486
2019,J Suchith,4125d931,Delhi Capitals,1,6,15,1,6.0,40.0,0,0,24,4.0,28,2,12.0,7.0,11,45.83,16,9,6,1,60.0,19,4125d931,https://a.espncdn.com/i/headshots/cricket/players/full/4125d931.png,https://www.espncricinfo.com/cricketers/j-suchith-4125d931
2019,J Yadav,81049310,Mumbai Indians,2,0,0,0,,,0,0,42,7.0,50,1,42.0,7.14,17,40.48,16,10,5,1,66.67,21,81049310,https://a.espncdn.com/i/headshots/cricket/players/full/81049310.png,https://www.espncricinfo.com/cricketers/j-yadav-81049310
2019,JC Archer,5574750c,Rajasthan Royals,11,67,40,2,33.5,167.5,4,4,258,43.0,291,11,23.45,6.77,113,43.8,14,5,8,1,38.46,11,5574750c,https://a.espncdn.com/i/headshots/cricket/players/full/5574750c.png,https://www.espncricinfo.com/cricketers/jc-archer-5574750c
2019,JC Buttler,99b75528,Rajasthan Royals,8,311,205,7,44.43,151.71,38,14,0,,0,0,,,0,,14,5,8,1,38.46,11,99b75528,https://a.espncdn.com/i/headshots/cricket/players/full/99b75528.png,https://www.espncricinfo.com/cricketers/jc-buttler-99b75528
2019,JD Unadkat,1e66c162,Rajasthan Royals,11,1,3,1,1.0,33.33,0,0,224,37.33,398,10,22.4,10.66,55,24.55,14,5,8,1,38.46,11,1e66c162,https://a.espncdn.com/i/headshots/cricket/players/full/1e66c162.png,https://www.espncricinfo.com/cricketers/jd-unadkat-1e66c162
2019,JJ Bumrah,462411b3,Mumbai Indians,16,0,1,0,,0.0,0,0,374,62.33,417,20,18.7,6.69,157,41.98,16,10,5,1,66.67,21,462411b3,https://a.espncdn.com/i/headshots/cricket/players/full/462411b3.png,https://www.espncricinfo.com/cricketers/jj-bumrah-462411b3
2019,JL Denly,bdadf7da,Kolkata Knight Riders,1,0,1,1,0.0,0.0,0,0,0,,0,0,,,0,,14,6,7,1,46.15,13,bdadf7da,https://a.espncdn.com/i/headshots/cricket/players/full/bdadf7da.png,https://www.espncricinfo.com/cricketers/jl-denly-bdadf7da
2019,JM Bairstow,abb83e27,Sunrisers Hyderabad,10,445,281,8,55.62,158.36,48,18,0,,0,0,,,0,,15,6,8,1,42.86,13,abb83e27,https://a.espncdn.com/i/headshots/cricket/players/full/abb83e27.png,https://www.espncricinfo.com/cricketers/jm-bairstow-abb83e27
2019,JP Behrendorff,4933f499,Mumbai Indians,5,0,0,0,,,0,0,114,19.0,165,5,22.8,8.68,51,44.74,16,10,5,1,66.67,21,4933f499,https://a.espncdn.com/i/headshots/cricket/players/full/4933f499.png,https://www.espncricinfo.com/cricketers/jp-behrendorff-4933f499
2019,K Gowtham,90de905a,Rajasthan Royals,7,18,19,3,6.0,94.74,1,1,120,20.0,166,1,120.0,8.3,34,28.33,14,5,8,1,38.46,11,90de905a,https://a.espncdn.com/i/headshots/cricket/players/full/90de905a.png,https://www.espncricinfo.com/cricketers/k-gowtham-90de905a
2019,K Khejroliya,fa2f1dde,Royal Challengers Bangalore,2,0,0,0,,,0,0,30,5.0,46,1,30.0,9.2,10,33.33,14,5,8,1,38.46,11,fa2f1dde,https://a.espncdn.com/i/headshots/cricket/players/full/fa2f1dde.png,https://www.espncricinfo.com/cricketers/k-khejroliya-fa2f1dde
2019,K Rabada,e62dd25d,Delhi Capitals,12,14,15,3,4.67,93.33,0,1,288,48.0,375,26,11.08,7.81,109,37.85,16,9,6,1,60.0,19,e62dd25d,https://a.espncdn.com/i/headshots/cricket/players/full/e62dd25d.png,https://www.espncricinfo.com/cricketers/k-rabada-e62dd25d
2019,KA Pollard,a757b0d8,Mumbai Indians,16,281,176,10,28.1,159.66,14,22,0,,0,0,,,0,,16,10,5,1,66.67,21,a757b0d8,https://a.espncdn.com/i/headshots/cricket/players/full/a757b0d8.png,https://www.espncricinfo.com/cricketers/ka-pollard-a757b0d8
2019,KC Cariappa,edb3d4f8,Kolkata Knight Riders,1,9,3,0,,300.0,0,1,12,2.0,34,0,,17.0,1,8.33,14,6,7,1,46.15,13,edb3d4f8,https://a.espncdn.com/i/headshots/cricket/players/full/edb3d4f8.png,https://www.espncricinfo.com/cricketers/kc-cariappa-edb3d4f8
2019,KD Karthik,c03f1114,Kolkata Knight Riders,14,254,173,9,28.22,146.82,22,14,0,,0,0,,,0,,14,6,7,1,46.15,13,c03f1114,https://a.espncdn.com/i/headshots/cricket/players/full/c03f1114.png,https://www.espncricinfo.com/cricketers/kd-karthik-c03f1114
2019,KH Pandya,5b8c830e,Mumbai Indians,16,183,150,11,16.64,122.0,18,5,276,46.0,335,12,23.0,7.28,92,33.33,16,10,5,1,66.67,21,5b8c830e,https://a.espncdn.com/i/headshots/cricket/players/full/5b8c830e.png,https://www.espncricinfo.com/cricketers/kh-pandya-5b8c830e
2019,KK Ahmed,a2f46292,Sunrisers Hyderabad,9,0,1,1,0.0,0.0,0,0,209,34.83,287,19,11.0,8.24,83,39.71,15,6,8,1,42.86,13,a2f46292,https://a.espncdn.com/i/headshots/cricket/players/full/a2f46292.png,https://www.espncricinfo.com/cricketers/kk-ahmed-a2f46292
2019,KK Nair,944533a5,Kings XI Punjab,1,5,6,1,5.0,83.33,0,0,0,,0,0,,,0,,14,6,8,0,42.86,12,944533a5,https://a.espncdn.com/i/headshots/cricket/players/full/944533a5.png,https://www.espncricinfo.com/cricketers/kk-nair-944533a5
2019,KL Rahul,b17e2f24,Kings XI Punjab,14,593,437,11,53.91,135.7,49,25,0,,0,0,,,0,,14,6,8,0,42.86,12,b17e2f24,https://a.espncdn.com/i/headshots/cricket/players/full/b17e2f24.png,https://www.espncricinfo.com/cricketers/kl-rahul-b17e2f24
2019,KM Jadhav,99d63244,Chennai Super Kings,14,162,166,9,18.0,97.59,19,3,0,,0,0,,,0,,17,10,7,0,58.82,20,99d63244,https://a.espncdn.com/i/headshots/cricket/players/full/99d63244.png,https://www.espncricinfo.com/cricketers/km-jadhav-99d63244
2019,KMA Paul,75224f22,Delhi Capitals,8,18,24,4,4.5,75.0,1,1,163,27.17,237,9,18.11,8.72,52,31.9,16,9,6,1,60.0,19,75224f22,https://a.espncdn.com/i/headshots/cricket/players/full/75224f22.png,https://www.espncricinfo.com/cricketers/kma-paul-75224f22
2019,KS Williamson,d027ba9f,Sunrisers Hyderabad,9,156,129,7,22.29,120.93,12,5,0,,0,0,,,0,,15,6,8,1,42.86,13,d027ba9f,https://a.espncdn.com/i/headshots/cricket/players/full/d027ba9f.png,https://www.espncricinfo.com/cricketers/ks-williamson-d027ba9f
2019,KV Sharma,119678fd,Chennai Super Kings,1,0,0,0,,,0,0,17,2.83,33,1,17.0,11.65,4,23.53,17,10,7,0,58.82,20,119678fd,https://a.espncdn.com/i/headshots/cricket/players/full/119678fd.png,https://www.espncricinfo.com/cricketers/kv-sharma-119678fd
2019,Kuldeep Yadav,8d2c70ad,Kolkata Knight Riders,9,12,8,1,12.0,150.0,1,0,198,33.0,286,4,49.5,8.67,54,27.27,14,6,7,1,46.15,13,8d2c70ad,https://a.espncdn.com/i/headshots/cricket/players/full/8d2c70ad.png,https://www.espncricinfo.com/cricketers/kuldeep-yadav-8d2c70ad
2019,LH Ferguson,2f9d0389,Kolkata Knight Riders,5,0,0,0,,,0,0,102,17.0,183,2,51.0,10.76,28,27.45,14,6,7,1,46.15,13,2f9d0389,https://a.espncdn.com/i/headshots/cricket/players/full/2f9d0389.png,https://www.espncricinfo.com/cricketers/lh-ferguson-2f9d0389
2019,LS Livingstone,50c6bc2b,Rajasthan Royals,4,70,48,3,23.33,145.83,6,5,6,1.0,13,0,,13.0,3,50.0,14,5,8,1,38.46,11,50c6bc2b,https://a.espncdn.com/i/headshots/cricket/players/full/50c6bc2b.png,https://www.espncricinfo.com/cricketers/ls-livingstone-50c6bc2b
2019,M Ashwin,e2db2409,Kings XI Punjab,10,3,5,1,3.0,60.0,0,0,204,34.0,255,5,40.8,7.5,57,27.94,14,6,8,0,42.86,12,e2db2409,https://a.espncdn.com/i/headshots/cricket/players/full/e2db2409.png,https://www.espncricinfo.com/cricketers/m-ashwin-e2db2409
2019,M Markande,a9fd84fb,Mumbai Indians,3,6,5,1,6.0,120.0,1,0,36,6.0,59,1,36.0,9.83,11,30.56,16,10,5,1,66.67,21,a9fd84fb,https://a.espncdn.com/i/headshots/cricket/players/full/a9fd84fb.png,https://www.espncricinfo.com/cricketers/m-markande-a9fd84fb
2019,M Prasidh Krishna,85e0cf10,Kolkata Knight Riders,11,0,2,1,0.0,0.0,0,0,248,41.33,387,5,49.6,9.36,89,35.89,14,6,7,1,46.15,13,85e0cf10,https://a.espncdn.com/i/headshots/cricket/players/full/85e0cf10.png,https://www.espncricinfo.com/cricketers/m-prasidh-krishna-85e0cf10
2019,M Vijay,4b57e452,Chennai Super Kings,2,64,61,2,32.0,104.92,6,1,0,,0,0,,,0,,17,10,7,0,58.82,20,4b57e452,https://a.espncdn.com/i/headshots/cricket/players/full/4b57e452.png,https://www.espncricinfo.com/cricketers/m-vijay-4b57e452
2019,MA Agarwal,00ea847a,Kings XI Punjab,13,332,234,11,30.18,141.88,26,14,0,,0,0,,,0,,14,6,8,0,42.86,12,00ea847a,https://a.espncdn.com/i/headshots/cricket/players/full/00ea847a.png,https://www.espncricinfo.com/cricketers/ma-agarwal-00ea847a
2019,MJ Guptill,2be41edb,Sunrisers Hyderabad,3,82,54,3,27.33,151.85,4,7,0,,0,0,,,0,,15,6,8,1,42.86,13,2be41edb,https://a.espncdn.com/i/headshots/cricket/players/full/2be41edb.png,https://www.espncricinfo.com/cricketers/mj-guptill-2be41edb
2019,MJ McClenaghan,51a3c5ef,Mumbai Indians,5,11,16,2,5.5,68.75,2,0,108,18.0,142,3,36.0,7.89,44,40.74,16,10,5,1,66.67,21,51a3c5ef,https://a.espncdn.com/i/headshots/cricket/players/full/51a3c5ef.png,https://www.espncricinfo.com/cricketers/mj-mcclenaghan-51a3c5ef
2019,MJ Santner,e4a0deae,Chennai Super Kings,4,32,22,1,32.0,145.45,0,3,84,14.0,94,4,21.0,6.71,37,44.05,17,10,7,0,58.82,20,e4a0deae,https://a.espncdn.com/i/headshots/cricket/players/full/e4a0deae.png,https://www.espncricinfo.com/cricketers/mj-santner-e4a0deae
2019,MK Lomror,da934ee8,Rajasthan Royals,2,8,3,1,8.0,266.67,2,0,0,,0,0,,,0,,14,5,8,1,38.46,11,da934ee8,https://a.espncdn.com/i/headshots/cricket/players/full/da934ee8.png,https://www.espncricinfo.com/cricketers/mk-lomror-da934ee8
2019,MK Pandey,93b4fc78,Sunrisers Hyderabad,12,345,264,9,38.33,130.68,34,6,0,,0,0,,,0,,15,6,8,1,42.86,13,93b4fc78,https://a.espncdn.com/i/headshots/cricket/players/full/93b4fc78.png,https://www.espncricinfo.com/cricketers/mk-pandey-93b4fc78
2019,MM Ali,bb351c23,Royal Challengers Bangalore,11,220,133,6,36.67,165.41,16,17,150,25.0,169,6,25.0,6.76,63,42.0,14,5,8,1,38.46,11,bb351c23,https://a.espncdn.com/i/headshots/cricket/players/full/bb351c23.png,https://www.espncricinfo.com/cricketers/mm-ali-bb351c23
2019,MM Sharma,759ac88f,Chennai Super Kings,1,0,2,0,,0.0,0,0,18,3.0,27,1,18.0,9.0,8,44.44,17,10,7,0,58.82,20,759ac88f,https://a.espncdn.com/i/headshots/cricket/players/full/759ac88f.png,https://www.espncricinfo.com/cricketers/mm-sharma-759ac88f
2019,MP Stoinis,d9273ee7,Royal Challengers Bangalore,10,211,156,4,52.75,135.26,14,10,100,16.67,145,2,50.0,8.7,30,30.0,14,5,8,1,38.46,11,d9273ee7,https://a.espncdn.com/i/headshots/cricket/players/full/d9273ee7.png,https://www.espncricinfo.com/cricketers/mp-stoinis-d9273ee7
2019,MS Dhoni,4a8a2e3b,Chennai Super Kings,15,416,305,6,69.33,136.39,22,23,0,,0,0,,,0,,17,10,7,0,58.82,20,4a8a2e3b,https://a.espncdn.com/i/headshots/cricket/players/full/4a8a2e3b.png,https://www.espncricinfo.com/cricketers/ms-dhoni-4a8a2e3b
2019,Mandeep Singh,c3a96caf,Kings XI Punjab,13,165,120,5,33.0,137.5,10,4,12,2.0,26,0,,13.0,1,8.33,14,6,8,0,42.86,12,c3a96caf,https://a.espncdn.com/i/headshots/cricket/players/full/c3a96caf.png,https://www.espncricinfo.com/cricketers/mandeep-singh-c3a96caf
2019,Mohammad Nabi,62af8546,Sunrisers Hyderabad,8,121,77,6,20.17,157.14,8,8,175,29.17,194,8,21.88,6.65,65,37.14,15,6,8,1,42.86,13,62af8546,https://a.espncdn.com/i/headshots/cricket/players/full/62af8546.png,https://www.espncricinfo.com/cricketers/mohammad-nabi-62af8546
2019,Mohammed Shami,8cf9814c,Kings XI Punjab,14,1,2,1,1.0,50.0,0,0,324,54.0,469,19,17.05,8.69,111,34.26,14,6,8,0,42.86,12,8cf9814c,https://a.espncdn.com/i/headshots/cricket/players/full/8cf9814c.png,https://www.espncricinfo.com/cricketers/mohammed-shami-8cf9814c
2019,Mohammed Siraj,2f49c897,Royal Challengers Bangalore,9,4,12,2,2.0,33.33,0,0,169,28.17,269,7,24.14,9.55,67,39.64,14,5,8,1,38.46,11,2f49c897,https://a.espncdn.com/i/headshots/cricket/players/full/2f49c897.png,https://www.espncricinfo.com/cricketers/mohammed-siraj-2f49c897
2019,Mujeeb Ur Rahman,7d92277a,Kings XI Punjab,5,0,4,1,0.0,0.0,0,0,114,19.0,191,3,38.0,10.05,36,31.58,14,6,8,0,42.86,12,7d92277a,https://a.espncdn.com/i/headshots/cricket/players/full/7d92277a.png,https://www.espncricinfo.com/cricketers/mujeeb-ur-rahman-7d92277a
2019,N Pooran,3241e3fd,Kings XI Punjab,7,168,107,6,28.0,157.01,10,14,0,,0,0,,,0,,14,6,8,0,42.86,12,3241e3fd,https://a.espncdn.com/i/headshots/cricket/players/full/3241e3fd.png,https://www.espncricinfo.com/cricketers/n-pooran-3241e3fd
2019,N Rana,fb2d1dda,Kolkata Knight Riders,14,344,235,10,34.4,146.38,27,21,48,8.0,72,3,16.0,9.0,14,29.17,14,6,7,1,46.15,13,fb2d1dda,https://a.espncdn.com/i/headshots/cricket/players/full/fb2d1dda.png,https://www.espncricinfo.com/cricketers/n-rana-fb2d1dda
2019,NS Naik,aedc3b7c,Kolkata Knight Riders,1,7,16,1,7.0,43.75,1,0,0,,0,0,,,0,,14,6,7,1,46.15,13,aedc3b7c,https://a.espncdn.com/i/headshots/cricket/players/full/aedc3b7c.png,https://www.espncricinfo.com/cricketers/ns-naik-aedc3b7c
2019,Navdeep Saini,21d4e29b,Royal Challengers Bangalore,13,2,4,1,2.0,50.0,0,0,288,48.0,397,11,26.18,8.27,135,46.88,14,5,8,1,38.46,11,,,
2019,O Thomas,c6097d68,Rajasthan Royals,4,0,0,0,,,0,0,60,10.0,79,5,12.0,7.9,17,28.33,14,5,8,1,38.46,11,c6097d68,https://a.espncdn.com/i/headshots/cricket/players/full/c6097d68.png,https://www.espncricinfo.com/cricketers/o-thomas-c6097d68
2019,P Chopra,8ac93ca2,Rajasthan Royals,1,0,0,0,,,0,0,0,,0,0,,,0,,14,5,8,1,38.46,11,8ac93ca2,https://a.espncdn.com/i/headshots/cricket/players/full/8ac93ca2.png,https://www.espncricinfo.com/cricketers/p-chopra-8ac93ca2
2019,P Negi,f62772e5,Royal Challengers Bangalore,7,9,12,4,2.25,75.0,1,0,67,11.17,102,3,22.33,9.13,24,35.82,14,5,8,1,38.46,11,f62772e5,https://a.espncdn.com/i/headshots/cricket/players/full/f62772e5.png,https://www.espncricinfo.com/cricketers/p-negi-f62772e5
2019,P Ray Barman,441c72ae,Royal Challengers Bangalore,1,19,24,1,19.0,79.17,2,0,24,4.0,56,0,,14.0,2,8.33,14,5,8,1,38.46,11,441c72ae,https://a.espncdn.com/i/headshots/cricket/players/full/441c72ae.png,https://www.espncricinfo.com/cricketers/p-ray-barman-441c72ae
2019,P Simran Singh,9418198b,Kings XI Punjab,1,16,17,1,16.0,94.12,1,1,0,,0,0,,,0,,14,6,8,0,42.86,12,9418198b,https://a.espncdn.com/i/headshots/cricket/players/full/9418198b.png,https://www.espncricinfo.com/cricketers/p-simran-singh-9418198b
2019,PA Patel,b5da6c24,Royal Challengers Bangalore,14,373,265,15,24.87,140.75,48,10,0,,0,0,,,0,,14,5,8,1,38.46,11,b5da6c24,https://a.espncdn.com/i/headshots/cricket/players/full/b5da6c24.png,https://www.espncricinfo.com/cricketers/pa-patel-b5da6c24
2019,PP Chawla,98ae73b1,Kolkata Knight Riders,13,42,37,4,10.5,113.51,4,2,267,44.5,399,10,26.7,8.97,84,31.46,14,6,7,1,46.15,13,98ae73b1,https://a.espncdn.com/i/headshots/cricket/players/full/98ae73b1.png,https://www.espncricinfo.com/cricketers/pp-chawla-98ae73b1
2019,PP Shaw,8b3e9c7c,Delhi Capitals,16,353,263,15,23.53,134.22,45,9,0,,0,0,,,0,,16,9,6,1,60.0,19,8b3e9c7c,https://a.espncdn.com/i/headshots/cricket/players/full/8b3e9c7c.png,https://www.espncricinfo.com/cricketers/pp-shaw-8b3e9c7c
2019,Q de Kock,372455c4,Mumbai Indians,16,529,396,14,37.79,133.59,45,25,0,,0,0,,,0,,16,10,5,1,66.67,21,372455c4,https://a.espncdn.com/i/headshots/cricket/players/full/372455c4.png,https://www.espncricinfo.com/cricketers/q-de-kock-372455c4
2019,R Ashwin,495d42a5,Kings XI Punjab,14,42,28,5,8.4,150.0,3,3,330,55.0,400,15,22.0,7.27,100,30.3,14,6,8,0,42.86,12,495d42a5,https://a.espncdn.com/i/headshots/cricket/players/full/495d42a5.png,https://www.espncricinfo.com/cricketers/r-ashwin-495d42a5
2019,R Parag,04a418e8,Rajasthan Royals,7,160,126,4,40.0,126.98,17,5,84,14.0,121,2,42.0,8.64,18,21.43,14,5,8,1,38.46,11,04a418e8,https://a.espncdn.com/i/headshots/cricket/players/full/04a418e8.png,https://www.espncricinfo.com/cricketers/r-parag-04a418e8
2019,R Tewatia,39a2dfa8,Delhi Capitals,5,26,22,1,26.0,118.18,2,1,38,6.33,42,2,19.0,6.63,19,50.0,16,9,6,1,60.0,19,39a2dfa8,https://a.espncdn.com/i/headshots/cricket/players/full/39a2dfa8.png,https://www.espncricinfo.com/cricketers/r-tewatia-39a2dfa8
2019,RA Jadeja,fe93fd9d,Chennai Super Kings,16,106,87,2,53.0,121.84,7,4,324,54.0,343,15,21.6,6.35,124,38.27,17,10,7,0,58.82,20,fe93fd9d,https://a.espncdn.com/i/headshots/cricket/players/full/fe93fd9d.png,https://www.espncricinfo.com/cricketers/ra-jadeja-fe93fd9d
2019,RA Tripathi,77255a9e,Rajasthan Royals,8,141,117,6,23.5,120.51,13,2,0,,0,0,,,0,,14,5,8,1,38.46,11,77255a9e,https://a.espncdn.com/i/headshots/cricket/players/full/77255a9e.png,https://www.espncricinfo.com/cricketers/ra-tripathi-77255a9e
2019,RD Chahar,2ed569a0,Mumbai Indians,13,12,11,2,6.0,109.09,2,0,282,47.0,308,13,21.69,6.55,123,43.62,16,10,5,1,66.67,21,2ed569a0,https://a.espncdn.com/i/headshots/cricket/players/full/2ed569a0.png,https://www.espncricinfo.com/cricketers/rd-chahar-2ed569a0
2019,RG Sharma,740742ef,Mumbai Indians,15,405,314,14,28.93,128.98,52,10,0,,0,0,,,0,,16,10,5,1,66.67,21,740742ef,https://a.espncdn.com/i/headshots/cricket/players/full/740742ef.png,https://www.espncricinfo.com/cricketers/rg-sharma-740742ef
2019,RK Bhui,b63e358a,Sunrisers Hyderabad,1,7,12,1,7.0,58.33,0,0,0,,0,0,,,0,,15,6,8,1,42.86,13,b63e358a,https://a.espncdn.com/i/headshots/cricket/players/full/b63e358a.png,https://www.espncricinfo.com/cricketers/rk-bhui-b63e358a
2019,RK Singh,0a509d6b,Kolkata Knight Riders,5,37,34,2,18.5,108.82,1,2,0,,0,0,,,0,,14,6,7,1,46.15,13,0a509d6b,https://a.espncdn.com/i/headshots/cricket/players/full/0a509d6b.png,https://www.espncricinfo.com/cricketers/rk-singh-0a509d6b
2019,RR Pant,919a3be2,Delhi Capitals,16,494,302,13,38.0,163.58,37,27,0,,0,0,,,0,,16,9,6,1,60.0,19,919a3be2,https://a.espncdn.com/i/headshots/cricket/players/full/919a3be2.png,https://www.espncricinfo.com/cricketers/rr-pant-919a3be2
2019,RV Uthappa,1c17e270,Kolkata Knight Riders,12,284,247,9,31.56,114.98,28,10,0,,0,0,,,0,,14,6,7,1,46.15,13,1c17e270,https://a.espncdn.com/i/headshots/cricket/players/full/1c17e270.png,https://www.espncricinfo.com/cricketers/rv-uthappa-1c17e270
2019,Rashid Khan,5f547c8b,Sunrisers Hyderabad,15,34,23,5,6.8,147.83,2,2,363,60.5,386,17,21.35,6.38,160,44.08,15,6,8,1,42.86,13,5f547c8b,https://a.espncdn.com/i/headshots/cricket/players/full/5f547c8b.png,https://www.espncricinfo.com/cricketers/rashid-khan-5f547c8b
2019,Rasikh Salam,b8527c3d,Mumbai Indians,1,5,4,0,,125.0,0,0,24,4.0,42,0,,10.5,8,33.33,16,10,5,1,66.67,21,b8527c3d,https://a.espncdn.com/i/headshots/cricket/players/full/b8527c3d.png,https://www.espncricinfo.com/cricketers/rasikh-salam-b8527c3d
2019,S Dhawan,0a476045,Delhi Capitals,16,521,382,16,32.56,136.39,64,11,0,,0,0,,,0,,16,9,6,1,60.0,19,0a476045,https://a.espncdn.com/i/headshots/cricket/players/full/0a476045.png,https://www.espncricinfo.com/cricketers/s-dhawan-0a476045
2019,S Dube,a4e37e47,Royal Challengers Bangalore,4,40,33,4,10.0,121.21,1,3,10,1.67,8,0,,4.8,3,30.0,14,5,8,1,38.46,11,a4e37e47,https://a.espncdn.com/i/headshots/cricket/players/full/a4e37e47.png,https://www.espncricinfo.com/cricketers/s-dube-a4e37e47
2019,S Gopal,7a8bd078,Rajasthan Royals,14,63,46,4,15.75,136.96,8,1,288,48.0,347,20,14.4,7.23,104,36.11,14,5,8,1,38.46,11,7a8bd078,https://a.espncdn.com/i/headshots/cricket/players/full/7a8bd078.png,https://www.espncricinfo.com/cricketers/s-gopal-7a8bd078
2019,S Kaul,dcf81436,Sunrisers Hyderabad,7,0,1,1,0.0,0.0,0,0,162,27.0,242,6,27.0,8.96,55,33.95,15,6,8,1,42.86,13,dcf81436,https://a.espncdn.com/i/headshots/cricket/players/full/dcf81436.png,https://www.espncricinfo.com/cricketers/s-kaul-dcf81436
2019,S Lamichhane,b410bd3d,Delhi Capitals,6,0,1,1,0.0,0.0,0,0,138,23.0,210,8,17.25,9.13,46,33.33,16,9,6,1,60.0,19,b410bd3d,https://a.espncdn.com/i/headshots/cricket/players/full/b410bd3d.png,https://www.espncricinfo.com/cricketers/s-lamichhane-b410bd3d
2019,S Midhun,ade90de7,Rajasthan Royals,1,0,0,0,,,0,0,12,2.0,27,0,,13.5,3,25.0,14,5,8,1,38.46,11,ade90de7,https://a.espncdn.com/i/headshots/cricket/players/full/ade90de7.png,https://www.espncricinfo.com/cricketers/s-midhun-ade90de7
2019,S Nadeem,9d80c5e1,Sunrisers Hyderabad,3,0,0,0,,,0,0,54,9.0,90,2,27.0,10.0,9,16.67,15,6,8,1,42.86,13,9d80c5e1,https://a.espncdn.com/i/headshots/cricket/players/full/9d80c5e1.png,https://www.espncricinfo.com/cricketers/s-nadeem-9d80c5e1
2019,S Sandeep Warrier,cdc6bdba,Kolkata Knight Riders,3,0,0,0,,,0,0,72,12.0,85,2,36.0,7.08,29,40.28,14,6,7,1,46.15,13,cdc6bdba,https://a.espncdn.com/i/headshots/cricket/players/full/cdc6bdba.png,https://www.espncricinfo.com/cricketers/s-sandeep-warrier-cdc6bdba
2019,SA Yadav,271f83cd,Mumbai Indians,16,424,324,14,30.29,130.86,45,10,0,,0,0,,,0,,16,10,5,1,66.67,21,271f83cd,https://a.espncdn.com/i/headshots/cricket/players/full/271f83cd.png,https://www.espncricinfo.com/cricketers/sa-yadav-271f83cd
2019,SC Kuggeleijn,fef92afc,Chennai Super Kings,2,0,0,0,,,0,0,48,8.0,71,2,24.0,8.88,17,35.42,17,10,7,0,58.82,20,fef92afc,https://a.espncdn.com/i/headshots/cricket/players/full/fef92afc.png,https://www.espncricinfo.com/cricketers/sc-kuggeleijn-fef92afc
2019,SD Lad,9601c534,Mumbai Indians,1,15,13,1,15.0,115.38,1,1,0,,0,0,,,0,,16,10,5,1,66.67,21,9601c534,https://a.espncdn.com/i/headshots/cricket/players/full/9601c534.png,https://www.espncricinfo.com/cricketers/sd-lad-9601c534
2019,SE Rutherford,d014d5ac,Delhi Capitals,7,73,54,5,14.6,135.19,2,7,41,6.83,59,1,41.0,8.63,7,17.07,16,9,6,1,60.0,19,d014d5ac,https://a.espncdn.com/i/headshots/cricket/players/full/d014d5ac.png,https://www.espncricinfo.com/cricketers/se-rutherford-d014d5ac
2019,SK Raina,1dc12ab9,Chennai Super Kings,17,383,312,16,23.94,122.76,45,9,6,1.0,6,0,,6.0,1,16.67,17,10,7,0,58.82,20,1dc12ab9,https://a.espncdn.com/i/headshots/cricket/players/full/1dc12ab9.png,https://www.espncricinfo.com/cricketers/sk-raina-1dc12ab9
2019,SL Malinga,a12e1d51,Mumbai Indians,12,0,0,0,,,0,0,269,44.83,438,16,16.81,9.77,84,31.23,16,10,5,1,66.67,21,a12e1d51,https://a.espncdn.com/i/headshots/cricket/players/full/a12e1d51.png,https://www.espncricinfo.com/cricketers/sl-malinga-a12e1d51
2019,SM Curran,e94915e6,Kings XI Punjab,9,95,55,4,23.75,172.73,13,3,198,33.0,323,10,19.8,9.79,58,29.29,14,6,8,0,42.86,12,e94915e6,https://a.espncdn.com/i/headshots/cricket/players/full/e94915e6.png,https://www.espncricinfo.com/cricketers/sm-curran-e94915e6
2019,SN Khan,f088b960,Kings XI Punjab,8,180,141,5,36.0,127.66,19,4,2,0.33,6,0,,18.0,0,0.0,14,6,8,0,42.86,12,f088b960,https://a.espncdn.com/i/headshots/cricket/players/full/f088b960.png,https://www.espncricinfo.com/cricketers/sn-khan-f088b960
2019,SN Thakur,1abb78f8,Chennai Super Kings,10,14,7,1,14.0,200.0,1,1,180,30.0,281,8,22.5,9.37,61,33.89,17,10,7,0,58.82,20,1abb78f8,https://a.espncdn.com/i/headshots/cricket/players/full/1abb78f8.png,https://www.espncricinfo.com/cricketers/sn-thakur-1abb78f8
2019,SO Hetmyer,48a1d7b7,Royal Challengers Bangalore,5,90,73,5,18.0,123.29,4,7,0,,0,0,,,0,,14,5,8,1,38.46,11,48a1d7b7,https://a.espncdn.com/i/headshots/cricket/players/full/48a1d7b7.png,https://www.espncricinfo.com/cricketers/so-hetmyer-48a1d7b7
2019,SP Narine,9d430b40,Kolkata Knight Riders,12,143,85,7,20.43,168.24,17,9,266,44.33,347,10,26.6,7.83,90,33.83,14,6,7,1,46.15,13,9d430b40,https://a.espncdn.com/i/headshots/cricket/players/full/9d430b40.png,https://www.espncricinfo.com/cricketers/sp-narine-9d430b40
2019,SPD Smith,30a45b23,Rajasthan Royals,12,319,273,9,35.44,116.85,30,4,0,,0,0,,,0,,14,5,8,1,38.46,11,30a45b23,https://a.espncdn.com/i/headshots/cricket/players/full/30a45b23.png,https://www.espncricinfo.com/cricketers/spd-smith-30a45b23
2019,SR Watson,4329fbb5,Chennai Super Kings,17,398,311,18,22.11,127.97,42,20,0,,0,0,,,0,,17,10,7,0,58.82,20,4329fbb5,https://a.espncdn.com/i/headshots/cricket/players/full/4329fbb5.png,https://www.espncricinfo.com/cricketers/sr-watson-4329fbb5
2019,SS Iyer,85ec8e33,Delhi Capitals,16,467,386,16,29.19,120.98,42,14,0,,0,0,,,0,,16,9,6,1,60.0,19,85ec8e33,https://a.espncdn.com/i/headshots/cricket/players/full/85ec8e33.png,https://www.espncricinfo.com/cricketers/ss-iyer-85ec8e33
2019,STR Binny,bd17b45f,Rajasthan Royals,8,70,40,3,23.33,175.0,5,4,42,7.0,44,1,42.0,6.29,13,30.95,14,5,8,1,38.46,11,bd17b45f,https://a.espncdn.com/i/headshots/cricket/players/full/bd17b45f.png,https://www.espncricinfo.com/cricketers/str-binny-bd17b45f
2019,SV Samson,a4cc73aa,Rajasthan Royals,12,342,229,10,34.2,149.34,28,13,0,,0,0,,,0,,14,5,8,1,38.46,11,a4cc73aa,https://a.espncdn.com/i/headshots/cricket/players/full/a4cc73aa.png,https://www.espncricinfo.com/cricketers/sv-samson-a4cc73aa
2019,SW Billings,c16d4035,Chennai Super Kings,1,0,4,1,0.0,0.0,0,0,0,,0,0,,,0,,17,10,7,0,58.82,20,c16d4035,https://a.espncdn.com/i/headshots/cricket/players/full/c16d4035.png,https://www.espncricinfo.com/cricketers/sw-billings-c16d4035
2019,Sandeep Sharma,ce820073,Sunrisers Hyderabad,11,6,3,0,,200.0,1,0,256,42.67,352,12,21.33,8.25,79,30.86,15,6,8,1,42.86,13,ce820073,https://a.espncdn.com/i/headshots/cricket/players/full/ce820073.png,https://www.espncricinfo.com/cricketers/sandeep-sharma-ce820073
2019,Shakib Al Hasan,7dc35884,Sunrisers Hyderabad,3,9,10,1,9.0,90.0,0,0,65,10.83,95,2,32.5,8.77,22,33.85,15,6,8,1,42.86,13,7dc35884,https://a.espncdn.com/i/headshots/cricket/players/full/7dc35884.png,https://www.espncricinfo.com/cricketers/shakib-al-hasan-7dc35884
2019,Shubman Gill,b4b99816,Kolkata Knight Riders,14,296,237,9,32.89,124.89,21,10,0,,0,0,,,0,,14,6,7,1,46.15,13,b4b99816,https://a.espncdn.com/i/headshots/cricket/players/full/b4b99816.png,https://www.espncricinfo.com/cricketers/shubman-gill-b4b99816
2019,TA Boult,a818c1be,Delhi Capitals,5,7,4,1,7.0,175.0,0,1,114,19.0,163,5,22.8,8.58,44,38.6,16,9,6,1,60.0,19,a818c1be,https://a.espncdn.com/i/headshots/cricket/players/full/a818c1be.png,https://www.espncricinfo.com/cricketers/ta-boult-a818c1be
2019,TG Southee,13c35c9e,Royal Challengers Bangalore,3,9,9,0,,100.0,0,0,54,9.0,118,1,54.0,13.11,17,31.48,14,5,8,1,38.46,11,13c35c9e,https://a.espncdn.com/i/headshots/cricket/players/full/13c35c9e.png,https://www.espncricinfo.com/cricketers/tg-southee-13c35c9e
2019,UT Yadav,cc1e8c68,Royal Challengers Bangalore,11,25,25,1,25.0,100.0,3,1,227,37.83,371,8,28.38,9.81,87,38.33,14,5,8,1,38.46,11,cc1e8c68,https://a.espncdn.com/i/headshots/cricket/players/full/cc1e8c68.png,https://www.espncricinfo.com/cricketers/ut-yadav-cc1e8c68
2019,V Kohli,ba607b88,Royal Challengers Bangalore,14,464,327,14,33.14,141.9,46,13,0,,0,0,,,0,,14,5,8,1,38.46,11,ba607b88,https://a.espncdn.com/i/headshots/cricket/players/full/ba607b88.png,https://www.espncricinfo.com/cricketers/v-kohli-ba607b88
2019,V Shankar,0994d0ae,Sunrisers Hyderabad,15,244,193,11,22.18,126.42,11,12,48,8.0,70,1,48.0,8.75,14,29.17,15,6,8,1,42.86,13,0994d0ae,https://a.espncdn.com/i/headshots/cricket/players/full/0994d0ae.png,https://www.espncricinfo.com/cricketers/v-shankar-0994d0ae
2019,VR Aaron,0a3d54b9,Rajasthan Royals,5,3,7,0,,42.86,0,0,72,12.0,116,4,18.0,9.67,25,34.72,14,5,8,1,38.46,11,0a3d54b9,https://a.espncdn.com/i/headshots/cricket/players/full/0a3d54b9.png,https://www.espncricinfo.com/cricketers/vr-aaron-0a3d54b9
2019,WP Saha,fe11caa6,Sunrisers Hyderabad,5,86,53,5,17.2,162.26,13,1,0,,0,0,,,0,,15,6,8,1,42.86,13,fe11caa6,https://a.espncdn.com/i/headshots/cricket/players/full/fe11caa6.png,https://www.espncricinfo.com/cricketers/wp-saha-fe11caa6
2019,Washington Sundar,f19ccfad,Royal Challengers Bangalore,3,1,3,2,0.5,33.33,0,0,54,9.0,74,4,13.5,8.22,20,37.04,14,5,8,1,38.46,11,f19ccfad,https://a.espncdn.com/i/headshots/cricket/players/full/f19ccfad.png,https://www.espncricinfo.com/cricketers/washington-sundar-f19ccfad
2019,Y Prithvi Raj,cfa4bd2b,Kolkata Knight Riders,2,0,1,0,,0.0,0,0,30,5.0,57,1,30.0,11.4,8,26.67,14,6,7,1,46.15,13,cfa4bd2b,https://a.espncdn.com/i/headshots/cricket/players/full/cfa4bd2b.png,https://www.espncricinfo.com/cricketers/y-prithvi-raj-cfa4bd2b
2019,YK Pathan,3c6ffae8,Sunrisers Hyderabad,10,40,45,3,13.33,88.89,1,1,6,1.0,8,0,,8.0,1,16.67,15,6,8,1,42.86,13,3c6ffae8,https://a.espncdn.com/i/headshots/cricket/players/full/3c6ffae8.png,https://www.espncricinfo.com/cricketers/yk-pathan-3c6ffae8
2019,YS Chahal,57ee1fde,Royal Challengers Bangalore,14,6,16,2,3.0,37.5,0,0,296,49.33,386,18,16.44,7.82,113,38.18,14,5,8,1,38.46,11,57ee1fde,https://a.espncdn.com/i/headshots/cricket/players/full/57ee1fde.png,https://www.espncricinfo.com/cricketers/ys-chahal-57ee1fde
2019,Yuvraj Singh,1c914163,Mumbai Indians,4,98,75,4,24.5,130.67,7,6,0,,0,0,,,0,,16,10,5,1,66.67,21,1c914163,https://a.espncdn.com/i/headshots/cricket/players/full/1c914163.png,https://www.espncricinfo.com/cricketers/yuvraj-singh-1c914163
2020/21,A Mishra,6b19d823,Delhi Capitals,3,0,0,0,,,0,0,60,10.0,72,3,20.0,7.2,17,28.33,17,8,8,1,50.0,17,6b19d823,https://a.espncdn.com/i/headshots/cricket/players/full/6b19d823.png,https://www.espncricinfo.com/cricketers/a-mishra-6b19d823
2020/21,A Nortje,acdc62f5,Delhi Capitals,16,7,6,1,7.0,116.67,0,0,366,61.0,512,22,16.64,8.39,149,40.71,17,8,8,1,50.0,17,acdc62f5,https://a.espncdn.com/i/headshots/cricket/players/full/acdc62f5.png,https://www.espncricinfo.com/cricketers/a-nortje-acdc62f5
2020/21,A Zampa,14f96089,Royal Challengers Bangalore,3,0,0,0,,,0,0,66,11.0,92,2,33.0,8.36,20,30.3,15,6,8,1,42.86,13,14f96089,https://a.espncdn.com/i/headshots/cricket/players/full/14f96089.png,https://www.espncricinfo.com/cricketers/a-zampa-14f96089
2020/21,AB de Villiers,c4487b84,Royal Challengers Bangalore,15,460,287,10,46.0,160.28,34,23,0,,0,0,,,0,,15,6,8,1,42.86,13,c4487b84,https://a.espncdn.com/i/headshots/cricket/players/full/c4487b84.png,https://www.espncricinfo.com/cricketers/ab-de-villiers-c4487b84
2020/21,AD Russell,bbd41817,Kolkata Knight Riders,10,117,79,9,13.0,148.1,9,9,108,18.0,175,6,18.0,9.72,36,33.33,14,6,7,1,46.15,13,bbd41817,https://a.espncdn.com/i/headshots/cricket/players/full/bbd41817.png,https://www.espncricinfo.com/cricketers/ad-russell-bbd41817
2020/21,AJ Finch,b8d490fd,Royal Challengers Bangalore,12,268,239,12,22.33,112.13,28,8,0,,0,0,,,0,,15,6,8,1,42.86,13,b8d490fd,https://a.espncdn.com/i/headshots/cricket/players/full/b8d490fd.png,https://www.espncricinfo.com/cricketers/aj-finch-b8d490fd
2020/21,AJ Tye,7c7d63a2,Rajasthan Royals,1,6,6,1,6.0,100.0,0,1,24,4.0,50,1,24.0,12.5,5,20.83,14,6,8,0,42.86,12,7c7d63a2,https://a.espncdn.com/i/headshots/cricket/players/full/7c7d63a2.png,https://www.espncricinfo.com/cricketers/aj-tye-7c7d63a2
2020/21,AM Rahane,29e95537,Delhi Capitals,9,113,107,8,14.12,105.61,12,2,0,,0,0,,,0,,17,8,8,1,50.0,17,29e95537,https://a.espncdn.com/i/headshots/cricket/players/full/29e95537.png,https://www.espncricinfo.com/cricketers/am-rahane-29e95537
2020/21,AR Patel,2e171977,Delhi Capitals,15,117,83,8,14.62,140.96,6,8,306,51.0,327,9,34.0,6.41,98,32.03,17,8,8,1,50.0,17,2e171977,https://a.espncdn.com/i/headshots/cricket/players/full/2e171977.png,https://www.espncricinfo.com/cricketers/ar-patel-2e171977
2020/21,AS Rajpoot,db31895a,Rajasthan Royals,6,9,10,1,9.0,90.0,0,1,102,17.0,199,2,51.0,11.71,31,30.39,14,6,8,0,42.86,12,db31895a,https://a.espncdn.com/i/headshots/cricket/players/full/db31895a.png,https://www.espncricinfo.com/cricketers/as-rajpoot-db31895a
2020/21,AT Carey,69d03465,Delhi Capitals,3,32,29,2,16.0,110.34,0,1,0,,0,0,,,0,,17,8,8,1,50.0,17,69d03465,https://a.espncdn.com/i/headshots/cricket/players/full/69d03465.png,https://www.espncricinfo.com/cricketers/at-carey-69d03465
2020/21,AT Rayudu,70d205c9,Chennai Super Kings,12,359,279,9,39.89,128.67,30,12,0,,0,0,,,0,,14,6,8,0,42.86,12,70d205c9,https://a.espncdn.com/i/headshots/cricket/players/full/70d205c9.png,https://www.espncricinfo.com/cricketers/at-rayudu-70d205c9
2020/21,Abdul Samad,8e514b4c,Sunrisers Hyderabad,12,113,67,6,18.83,168.66,8,6,42,7.0,96,1,42.0,13.71,9,21.43,16,8,7,1,53.33,17,8e514b4c,https://a.espncdn.com/i/headshots/cricket/players/full/8e514b4c.png,https://www.espncricinfo.com/cricketers/abdul-samad-8e514b4c
2020/21,Abhishek Sharma,f29185a1,Sunrisers Hyderabad,8,71,56,5,14.2,126.79,6,3,60,10.0,91,2,30.0,9.1,10,16.67,16,8,7,1,53.33,17,f29185a1,https://a.espncdn.com/i/headshots/cricket/players/full/f29185a1.png,https://www.espncricinfo.com/cricketers/abhishek-sharma-f29185a1
2020/21,Arshdeep Singh,244048f6,Kings XI Punjab,8,0,3,1,0.0,0.0,0,0,149,24.83,218,9,16.56,8.78,55,36.91,14,5,7,2,41.67,12,244048f6,https://a.espncdn.com/i/headshots/cricket/players/full/244048f6.png,https://www.espncricinfo.com/cricketers/arshdeep-singh-244048f6
2020/21,Avesh Khan,eef2536f,Delhi Capitals,1,0,0,0,,,0,0,24,4.0,42,0,,10.5,7,29.17,17,8,8,1,50.0,17,eef2536f,https://a.espncdn.com/i/headshots/cricket/players/full/eef2536f.png,https://www.espncricinfo.com/cricketers/avesh-khan-eef2536f
2020/21,B Kumar,2e81a32d,Sunrisers Hyderabad,4,0,2,1,0.0,0.0,0,0,85,14.17,99,3,28.33,6.99,39,45.88,16,8,7,1,53.33,17,2e81a32d,https://a.espncdn.com/i/headshots/cricket/players/full/2e81a32d.png,https://www.espncricinfo.com/cricketers/b-kumar-2e81a32d
2020/21,BA Stokes,e087956b,Rajasthan Royals,8,285,200,8,35.62,142.5,36,7,90,15.0,154,2,45.0,10.27,19,21.11,14,6,8,0,42.86,12,e087956b,https://a.espncdn.com/i/headshots/cricket/players/full/e087956b.png,https://www.espncricinfo.com/cricketers/ba-stokes-e087956b
2020/21,Basil Thampi,871e9faf,Sunrisers Hyderabad,1,0,0,0,,,0,0,24,4.0,46,1,24.0,11.5,5,20.83,16,8,7,1,53.33,17,871e9faf,https://a.espncdn.com/i/headshots/cricket/players/full/871e9faf.png,https://www.espncricinfo.com/cricketers/basil-thampi-871e9faf
2020/21,CH Gayle,db584dad,Kings XI Punjab,7,295,212,6,49.17,139.15,15,24,5,0.83,5,0,,6.0,0,0.0,14,5,7,2,41.67,12,db584dad,https://a.espncdn.com/i/headshots/cricket/players/full/db584dad.png,https://www.espncricinfo.com/cricketers/ch-gayle-db584dad
2020/21,CH Morris,fb66ce1f,Royal Challengers Bangalore,9,34,21,4,8.5,161.9,2,3,190,31.67,210,11,17.27,6.63,89,46.84,15,6,8,1,42.86,13,fb66ce1f,https://a.espncdn.com/i/headshots/cricket/players/full/fb66ce1f.png,https://www.espncricinfo.com/cricketers/ch-morris-fb66ce1f
2020/21,CJ Green,19b9f399,Kolkata Knight Riders,1,0,0,0,,,0,0,17,2.83,24,0,,8.47,6,35.29,14,6,7,1,46.15,13,19b9f399,https://a.espncdn.com/i/headshots/cricket/players/full/19b9f399.png,https://www.espncricinfo.com/cricketers/cj-green-19b9f399
2020/21,CJ Jordan,ffe699c0,Kings XI Punjab,9,29,31,3,9.67,93.55,2,0,195,32.5,315,9,21.67,9.69,59,30.26,14,5,7,2,41.67,12,ffe699c0,https://a.espncdn.com/i/headshots/cricket/players/full/ffe699c0.png,https://www.espncricinfo.com/cricketers/cj-jordan-ffe699c0
2020/21,CV Varun,5b7ab5a9,Kolkata Knight Riders,13,10,15,2,5.0,66.67,0,0,312,52.0,356,17,18.35,6.85,110,35.26,14,6,7,1,46.15,13,5b7ab5a9,https://a.espncdn.com/i/headshots/cricket/players/full/5b7ab5a9.png,https://www.espncricinfo.com/cricketers/cv-varun-5b7ab5a9
2020/21,D Padikkal,2c25d4f5,Royal Challengers Bangalore,15,473,378,14,33.79,125.13,51,8,0,,0,0,,,0,,15,6,8,1,42.86,13,2c25d4f5,https://a.espncdn.com/i/headshots/cricket/players/full/2c25d4f5.png,https://www.espncricinfo.com/cricketers/d-padikkal-2c25d4f5
2020/21,DA Miller,d67d5f00,Rajasthan Royals,1,0,0,0,,,0,0,0,,0,0,,,0,,14,6,8,0,42.86,12,d67d5f00,https://a.espncdn.com/i/headshots/cricket/players/full/d67d5f00.png,https://www.espncricinfo.com/cricketers/da-miller-d67d5f00
2020/21,DA Warner,dcce6f09,Sunrisers Hyderabad,16,548,406,14,39.14,134.98,52,14,1,0.17,2,0,,12.0,0,0.0,16,8,7,1,53.33,17,dcce6f09,https://a.espncdn.com/i/headshots/cricket/players/full/dcce6f09.png,https://www.espncricinfo.com/cricketers/da-warner-dcce6f09
2020/21,DJ Bravo,87e562a9,Chennai Super Kings,6,7,6,2,3.5,116.67,0,0,126,21.0,180,6,21.0,8.57,35,27.78,14,6,8,0,42.86,12,87e562a9,https://a.espncdn.com/i/headshots/cricket/players/full/87e562a9.png,https://www.espncricinfo.com/cricketers/dj-bravo-87e562a9
2020/21,DJ Hooda,73ad96ed,Kings XI Punjab,7,102,72,1,102.0,141.67,5,5,6,1.0,9,0,,9.0,1,16.67,14,5,7,2,41.67,12,73ad96ed,https://a.espncdn.com/i/headshots/cricket/players/full/73ad96ed.png,https://www.espncricinfo.com/cricketers/dj-hooda-73ad96ed
2020/21,DL Chahar,23eeb873,Chennai Super Kings,14,7,12,1,7.0,58.33,0,0,312,52.0,396,12,26.0,7.62,113,36.22,14,6,8,0,42.86,12,23eeb873,https://a.espncdn.com/i/headshots/cricket/players/full/23eeb873.png,https://www.espncricinfo.com/cricketers/dl-chahar-23eeb873
2020/21,DR Sams,caf69bf7,Delhi Capitals,3,0,2,1,0.0,0.0,0,0,72,12.0,114,0,,9.5,22,30.56,17,8,8,1,50.0,17,caf69bf7,https://a.espncdn.com/i/headshots/cricket/players/full/caf69bf7.png,https://www.espncricinfo.com/cricketers/dr-sams-caf69bf7
2020/21,DS Kulkarni,d2a989fc,Mumbai Indians,1,3,2,0,,150.0,0,0,18,3.0,22,0,,7.33,6,33.33,16,11,3,2,78.57,24,d2a989fc,https://a.espncdn.com/i/headshots/cricket/players/full/d2a989fc.png,https://www.espncricinfo.com/cricketers/ds-kulkarni-d2a989fc
2020/21,DW Steyn,8fd1a8f5,Royal Challengers Bangalore,3,1,2,0,,50.0,0,0,70,11.67,133,1,70.0,11.4,23,32.86,15,6,8,1,42.86,13,8fd1a8f5,https://a.espncdn.com/i/headshots/cricket/players/full/8fd1a8f5.png,https://www.espncricinfo.com/cricketers/dw-steyn-8fd1a8f5
2020/21,EJG Morgan,d2a6c0e6,Kolkata Knight Riders,14,419,303,11,38.09,138.28,32,24,0,,0,0,,,0,,14,6,7,1,46.15,13,d2a6c0e6,https://a.espncdn.com/i/headshots/cricket/players/full/d2a6c0e6.png,https://www.espncricinfo.com/cricketers/ejg-morgan-d2a6c0e6
2020/21,F du Plessis,3355b542,Chennai Super Kings,13,449,319,11,40.82,140.75,42,14,0,,0,0,,,0,,14,6,8,0,42.86,12,3355b542,https://a.espncdn.com/i/headshots/cricket/players/full/3355b542.png,https://www.espncricinfo.com/cricketers/f-du-plessis-3355b542
2020/21,GJ Maxwell,b681e71e,Kings XI Punjab,13,108,105,7,15.43,102.86,9,0,126,21.0,169,3,42.0,8.05,35,27.78,14,5,7,2,41.67,12,b681e71e,https://a.espncdn.com/i/headshots/cricket/players/full/b681e71e.png,https://www.espncricinfo.com/cricketers/gj-maxwell-b681e71e
2020/21,Gurkeerat Singh,6eb146d2,Royal Challengers Bangalore,8,71,80,1,71.0,88.75,8,0,0,,0,0,,,0,,15,6,8,1,42.86,13,6eb146d2,https://a.espncdn.com/i/headshots/cricket/players/full/6eb146d2.png,https://www.espncricinfo.com/cricketers/gurkeerat-singh-6eb146d2
2020/21,HH Pandya,dbe50b21,Mumbai Indians,14,283,158,8,35.38,179.11,14,25,0,,0,0,,,0,,16,11,3,2,78.57,24,dbe50b21,https://a.espncdn.com/i/headshots/cricket/players/full/dbe50b21.png,https://www.espncricinfo.com/cricketers/hh-pandya-dbe50b21
2020/21,HV Patel,f986ca1a,Delhi Capitals,5,21,24,2,10.5,87.5,2,0,90,15.0,134,3,30.0,8.93,22,24.44,17,8,8,1,50.0,17,f986ca1a,https://a.espncdn.com/i/headshots/cricket/players/full/f986ca1a.png,https://www.espncricinfo.com/cricketers/hv-patel-f986ca1a
2020/21,Harpreet Brar,c05edf8e,Kings XI Punjab,1,0,0,0,,,0,0,24,4.0,41,0,,10.25,6,25.0,14,5,7,2,41.67,12,c05edf8e,https://a.espncdn.com/i/headshots/cricket/players/full/c05edf8e.png,https://www.espncricinfo.com/cricketers/harpreet-brar-c05edf8e
2020/21,I Sharma,5bb1a1c4,Delhi Capitals,1,0,0,0,,,0,0,18,3.0,26,0,,8.67,4,22.22,17,8,8,1,50.0,17,5bb1a1c4,https://a.espncdn.com/i/headshots/cricket/players/full/5bb1a1c4.png,https://www.espncricinfo.com/cricketers/i-sharma-5bb1a1c4
2020/21,I Udana,ac5ae4af,Royal Challengers Bangalore,10,15,11,3,5.0,136.36,1,1,174,29.0,282,8,21.75,9.72,45,25.86,15,6,8,1,42.86,13,ac5ae4af,https://a.espncdn.com/i/headshots/cricket/players/full/ac5ae4af.png,https://www.espncricinfo.com/cricketers/i-udana-ac5ae4af
2020/21,Imran Tahir,acee4cc4,Chennai Super Kings,3,13,10,0,,130.0,2,0,66,11.0,76,1,66.0,6.91,18,27.27,14,6,8,0,42.86,12,acee4cc4,https://a.espncdn.com/i/headshots/cricket/players/full/acee4cc4.png,https://www.espncricinfo.com/cricketers/imran-tahir-acee4cc4
2020/21,Ishan Kishan,752f7486,Mumbai Indians,14,516,353,9,57.33,146.18,36,30,0,,0,0,,,0,,16,11,3,2,78.57,24,752f7486,https://a.espncdn.com/i/headshots/cricket/players/full/752f7486.png,https://www.espncricinfo.com/cricketers/ishan-kishan-752f7486
2020/21,J Yadav,81049310,Mumbai Indians,2,0,0,0,,,0,0,42,7.0,43,1,42.0,6.14,13,30.95,16,11,3,2,78.57,24,81049310,https://a.espncdn.com/i/headshots/cricket/players/full/81049310.png,https://www.espncricinfo.com/cricketers/j-yadav-81049310
2020/21,JC Archer,5574750c,Rajasthan Royals,14,113,60,6,18.83,188.33,5,10,334,55.67,365,20,16.7,6.56,171,51.2,14,6,8,0,42.86,12,5574750c,https://a.espncdn.com/i/headshots/cricket/players/full/5574750c.png,https://www.espncricinfo.com/cricketers/jc-archer-5574750c
2020/21,JC Buttler,99b75528,Rajasthan Royals,13,328,227,11,29.82,144.49,27,16,0,,0,0,,,0,,14,6,8,0,42.86,12,99b75528,https://a.espncdn.com/i/headshots/cricket/players/full/99b75528.png,https://www.espncricinfo.com/cricketers/jc-buttler-99b75528
2020/21,JD Unadkat,1e66c162,Rajasthan Royals,7,9,13,1,9.0,69.23,0,0,138,23.0,228,4,34.5,9.91,34,24.64,14,6,8,0,42.86,12,1e66c162,https://a.espncdn.com/i/headshots/cricket/players/full/1e66c162.png,https://www.espncricinfo.com/cricketers/jd-unadkat-1e66c162
2020/21,JDS Neesham,9219eff0,Kings XI Punjab,5,19,18,2,9.5,105.56,0,1,90,15.0,148,2,45.0,9.87,25,27.78,14,5,7,2,41.67,12,9219eff0,https://a.espncdn.com/i/headshots/cricket/players/full/9219eff0.png,https://www.espncricinfo.com/cricketers/jds-neesham-9219eff0
2020/21,JJ Bumrah,462411b3,Mumbai Indians,15,5,3,0,,166.67,0,0,372,62.0,420,29,12.83,6.77,168,45.16,16,11,3,2,78.57,24,462411b3,https://a.espncdn.com/i/headshots/cricket/players/full/462411b3.png,https://www.espncricinfo.com/cricketers/jj-bumrah-462411b3
2020/21,JL Pattinson,f752db61,Mumbai Indians,10,15,13,1,15.0,115.38,2,0,213,35.5,320,11,19.36,9.01,77,36.15,16,11,3,2,78.57,24,f752db61,https://a.espncdn.com/i/headshots/cricket/players/full/f752db61.png,https://www.espncricinfo.com/cricketers/jl-pattinson-f752db61
2020/21,JM Bairstow,abb83e27,Sunrisers Hyderabad,11,345,272,12,28.75,126.84,31,13,0,,0,0,,,0,,16,8,7,1,53.33,17,abb83e27,https://a.espncdn.com/i/headshots/cricket/players/full/abb83e27.png,https://www.espncricinfo.com/cricketers/jm-bairstow-abb83e27
2020/21,JO Holder,0f721006,Sunrisers Hyderabad,7,66,53,2,33.0,124.53,5,3,168,28.0,233,14,12.0,8.32,55,32.74,16,8,7,1,53.33,17,0f721006,https://a.espncdn.com/i/headshots/cricket/players/full/0f721006.png,https://www.espncricinfo.com/cricketers/jo-holder-0f721006
2020/21,JR Hazlewood,03806cf8,Chennai Super Kings,3,0,0,0,,,0,0,60,10.0,64,1,60.0,6.4,29,48.33,14,6,8,0,42.86,12,03806cf8,https://a.espncdn.com/i/headshots/cricket/players/full/03806cf8.png,https://www.espncricinfo.com/cricketers/jr-hazlewood-03806cf8
2020/21,JR Philippe,39086549,Royal Challengers Bangalore,5,78,77,4,19.5,101.3,9,1,0,,0,0,,,0,,15,6,8,1,42.86,13,39086549,https://a.espncdn.com/i/headshots/cricket/players/full/39086549.png,https://www.espncricinfo.com/cricketers/jr-philippe-39086549
2020/21,K Gowtham,90de905a,Kings XI Punjab,2,42,27,1,42.0,155.56,3,2,48,8.0,84,1,48.0,10.5,11,22.92,14,5,7,2,41.67,12,90de905a,https://a.espncdn.com/i/headshots/cricket/players/full/90de905a.png,https://www.espncricinfo.com/cricketers/k-gowtham-90de905a
2020/21,K Rabada,e62dd25d,Delhi Capitals,17,56,49,3,18.67,114.29,4,2,397,66.17,550,32,12.41,8.31,151,38.04,17,8,8,1,50.0,17,e62dd25d,https://a.espncdn.com/i/headshots/cricket/players/full/e62dd25d.png,https://www.espncricinfo.com/cricketers/k-rabada-e62dd25d
2020/21,KA Pollard,a757b0d8,Mumbai Indians,16,281,149,7,40.14,188.59,17,22,126,21.0,190,4,31.5,9.05,33,26.19,16,11,3,2,78.57,24,a757b0d8,https://a.espncdn.com/i/headshots/cricket/players/full/a757b0d8.png,https://www.espncricinfo.com/cricketers/ka-pollard-a757b0d8
2020/21,KD Karthik,c03f1114,Kolkata Knight Riders,14,169,136,12,14.08,124.26,20,4,0,,0,0,,,0,,14,6,7,1,46.15,13,c03f1114,https://a.espncdn.com/i/headshots/cricket/players/full/c03f1114.png,https://www.espncricinfo.com/cricketers/kd-karthik-c03f1114
2020/21,KH Pandya,5b8c830e,Mumbai Indians,16,109,92,6,18.17,118.48,9,5,301,50.17,380,6,50.17,7.57,95,31.56,16,11,3,2,78.57,24,5b8c830e,https://a.espncdn.com/i/headshots/cricket/players/full/5b8c830e.png,https://www.espncricinfo.com/cricketers/kh-pandya-5b8c830e
2020/21,KK Ahmed,a2f46292,Sunrisers Hyderabad,7,0,2,1,0.0,0.0,0,0,154,25.67,242,8,19.25,9.43,59,38.31,16,8,7,1,53.33,17,a2f46292,https://a.espncdn.com/i/headshots/cricket/players/full/a2f46292.png,https://www.espncricinfo.com/cricketers/kk-ahmed-a2f46292
2020/21,KK Nair,944533a5,Kings XI Punjab,4,16,14,2,8.0,114.29,2,0,0,,0,0,,,0,,14,5,7,2,41.67,12,944533a5,https://a.espncdn.com/i/headshots/cricket/players/full/944533a5.png,https://www.espncricinfo.com/cricketers/kk-nair-944533a5
2020/21,KL Nagarkoti,b4f5c2d9,Kolkata Knight Riders,10,22,31,3,7.33,70.97,1,0,156,26.0,231,5,31.2,8.88,44,28.21,14,6,7,1,46.15,13,b4f5c2d9,https://a.espncdn.com/i/headshots/cricket/players/full/b4f5c2d9.png,https://www.espncricinfo.com/cricketers/kl-nagarkoti-b4f5c2d9
2020/21,KL Rahul,b17e2f24,Kings XI Punjab,14,676,521,15,45.07,129.75,58,23,0,,0,0,,,0,,14,5,7,2,41.67,12,b17e2f24,https://a.espncdn.com/i/headshots/cricket/players/full/b17e2f24.png,https://www.espncricinfo.com/cricketers/kl-rahul-b17e2f24
2020/21,KM Jadhav,99d63244,Chennai Super Kings,8,62,65,4,15.5,95.38,7,0,0,,0,0,,,0,,14,6,8,0,42.86,12,99d63244,https://a.espncdn.com/i/headshots/cricket/players/full/99d63244.png,https://www.espncricinfo.com/cricketers/km-jadhav-99d63244
2020/21,KS Williamson,d027ba9f,Sunrisers Hyderabad,12,317,236,7,45.29,134.32,26,10,12,2.0,24,0,,12.0,0,0.0,16,8,7,1,53.33,17,d027ba9f,https://a.espncdn.com/i/headshots/cricket/players/full/d027ba9f.png,https://www.espncricinfo.com/cricketers/ks-williamson-d027ba9f
2020/21,KV Sharma,119678fd,Chennai Super Kings,5,0,0,0,,,0,0,114,19.0,165,5,22.8,8.68,27,23.68,14,6,8,0,42.86,12,119678fd,https://a.espncdn.com/i/headshots/cricket/players/full/119678fd.png,https://www.espncricinfo.com/cricketers/kv-sharma-119678fd
2020/21,Kartik Tyagi,5d2eea49,Rajasthan Royals,10,4,6,1,4.0,66.67,0,0,229,38.17,367,9,25.44,9.62,78,34.06,14,6,8,0,42.86,12,5d2eea49,https://a.espncdn.com/i/headshots/cricket/players/full/5d2eea49.png,https://www.espncricinfo.com/cricketers/kartik-tyagi-5d2eea49
2020/21,Kuldeep Yadav,8d2c70ad,Kolkata Knight Riders,5,13,21,0,,61.9,1,0,72,12.0,92,1,72.0,7.67,16,22.22,14,6,7,1,46.15,13,8d2c70ad,https://a.espncdn.com/i/headshots/cricket/players/full/8d2c70ad.png,https://www.espncricinfo.com/cricketers/kuldeep-yadav-8d2c70ad
2020/21,L Ngidi,f834dcfc,Chennai Super Kings,4,0,0,0,,,0,0,96,16.0,167,9,10.67,10.44,33,34.38,14,6,8,0,42.86,12,f834dcfc,https://a.espncdn.com/i/headshots/cricket/players/full/f834dcfc.png,https://www.espncricinfo.com/cricketers/l-ngidi-f834dcfc
2020/21,LH Ferguson,2f9d0389,Kolkata Knight Riders,5,43,29,1,43.0,148.28,4,1,122,20.33,150,8,15.25,7.38,47,38.52,14,6,7,1,46.15,13,2f9d0389,https://a.espncdn.com/i/headshots/cricket/players/full/2f9d0389.png,https://www.espncricinfo.com/cricketers/lh-ferguson-2f9d0389
2020/21,M Ashwin,e2db2409,Kings XI Punjab,9,4,4,1,4.0,100.0,0,0,189,31.5,235,10,18.9,7.46,68,35.98,14,5,7,2,41.67,12,e2db2409,https://a.espncdn.com/i/headshots/cricket/players/full/e2db2409.png,https://www.espncricinfo.com/cricketers/m-ashwin-e2db2409
2020/21,M Prasidh Krishna,85e0cf10,Kolkata Knight Riders,6,2,4,0,,50.0,0,0,105,17.5,164,4,26.25,9.37,35,33.33,14,6,7,1,46.15,13,85e0cf10,https://a.espncdn.com/i/headshots/cricket/players/full/85e0cf10.png,https://www.espncricinfo.com/cricketers/m-prasidh-krishna-85e0cf10
2020/21,M Vijay,4b57e452,Chennai Super Kings,3,32,43,3,10.67,74.42,4,0,0,,0,0,,,0,,14,6,8,0,42.86,12,4b57e452,https://a.espncdn.com/i/headshots/cricket/players/full/4b57e452.png,https://www.espncricinfo.com/cricketers/m-vijay-4b57e452
2020/21,MA Agarwal,00ea847a,Kings XI Punjab,11,432,272,10,43.2,158.82,46,15,0,,0,0,,,0,,14,5,7,2,41.67,12,00ea847a,https://a.espncdn.com/i/headshots/cricket/players/full/00ea847a.png,https://www.espncricinfo.com/cricketers/ma-agarwal-00ea847a
2020/21,MJ Santner,e4a0deae,Chennai Super Kings,2,0,0,0,,,0,0,42,7.0,53,2,21.0,7.57,12,28.57,14,6,8,0,42.86,12,e4a0deae,https://a.espncdn.com/i/headshots/cricket/players/full/e4a0deae.png,https://www.espncricinfo.com/cricketers/mj-santner-e4a0deae
2020/21,MK Lomror,da934ee8,Rajasthan Royals,3,59,54,3,19.67,109.26,2,3,0,,0,0,,,0,,14,6,8,0,42.86,12,da934ee8,https://a.espncdn.com/i/headshots/cricket/players/full/da934ee8.png,https://www.espncricinfo.com/cricketers/mk-lomror-da934ee8
2020/21,MK Pandey,93b4fc78,Sunrisers Hyderabad,16,425,333,13,32.69,127.63,35,18,0,,0,0,,,0,,16,8,7,1,53.33,17,93b4fc78,https://a.espncdn.com/i/headshots/cricket/players/full/93b4fc78.png,https://www.espncricinfo.com/cricketers/mk-pandey-93b4fc78
2020/21,MM Ali,bb351c23,Royal Challengers Bangalore,3,12,16,3,4.0,75.0,1,0,30,5.0,42,1,30.0,8.4,8,26.67,15,6,8,1,42.86,13,bb351c23,https://a.espncdn.com/i/headshots/cricket/players/full/bb351c23.png,https://www.espncricinfo.com/cricketers/mm-ali-bb351c23
2020/21,MM Sharma,759ac88f,Delhi Capitals,1,0,0,0,,,0,0,24,4.0,45,1,24.0,11.25,7,29.17,17,8,8,1,50.0,17,759ac88f,https://a.espncdn.com/i/headshots/cricket/players/full/759ac88f.png,https://www.espncricinfo.com/cricketers/mm-sharma-759ac88f
2020/21,MP Stoinis,d9273ee7,Delhi Capitals,17,352,235,15,23.47,149.79,31,16,178,29.67,283,13,13.69,9.54,46,25.84,17,8,8,1,50.0,17,d9273ee7,https://a.espncdn.com/i/headshots/cricket/players/full/d9273ee7.png,https://www.espncricinfo.com/cricketers/mp-stoinis-d9273ee7
2020/21,MR Marsh,3d8feaf8,Sunrisers Hyderabad,1,0,1,1,0.0,0.0,0,0,4,0.67,6,0,,9.0,1,25.0,16,8,7,1,53.33,17,3d8feaf8,https://a.espncdn.com/i/headshots/cricket/players/full/3d8feaf8.png,https://www.espncricinfo.com/cricketers/mr-marsh-3d8feaf8
2020/21,MS Dhoni,4a8a2e3b,Chennai Super Kings,14,200,172,8,25.0,116.28,16,7,0,,0,0,,,0,,14,6,8,0,42.86,12,4a8a2e3b,https://a.espncdn.com/i/headshots/cricket/players/full/4a8a2e3b.png,https://www.espncricinfo.com/cricketers/ms-dhoni-4a8a2e3b
2020/21,Mandeep Singh,c3a96caf,Kings XI Punjab,7,130,109,6,21.67,119.27,10,4,0,,0,0,,,0,,14,5,7,2,41.67,12,c3a96caf,https://a.espncdn.com/i/headshots/cricket/players/full/c3a96caf.png,https://www.espncricinfo.com/cricketers/mandeep-singh-c3a96caf
2020/21,Mohammad Nabi,62af8546,Sunrisers Hyderabad,1,11,8,1,11.0,137.5,2,0,24,4.0,23,0,,5.75,4,16.67,16,8,7,1,53.33,17,62af8546,https://a.espncdn.com/i/headshots/cricket/players/full/62af8546.png,https://www.espncricinfo.com/cricketers/mohammad-nabi-62af8546
2020/21,Mohammed Shami,8cf9814c,Kings XI Punjab,14,2,3,1,2.0,66.67,0,0,330,55.0,468,20,16.5,8.51,134,40.61,14,5,7,2,41.67,12,8cf9814c,https://a.espncdn.com/i/headshots/cricket/players/full/8cf9814c.png,https://www.espncricinfo.com/cricketers/mohammed-shami-8cf9814c
2020/21,Mohammed Siraj,2f49c897,Royal Challengers Bangalore,9,17,14,1,17.0,121.43,2,0,163,27.17,236,11,14.82,8.69,72,44.17,15,6,8,1,42.86,13,2f49c897,https://a.espncdn.com/i/headshots/cricket/players/full/2f49c897.png,https://www.espncricinfo.com/cricketers/mohammed-siraj-2f49c897
2020/21,Monu Kumar,fb24e76c,Chennai Super Kings,1,0,0,0,,,0,0,12,2.0,20,0,,10.0,4,33.33,14,6,8,0,42.86,12,fb24e76c,https://a.espncdn.com/i/headshots/cricket/players/full/fb24e76c.png,https://www.espncricinfo.com/cricketers/monu-kumar-fb24e76c
2020/21,Mujeeb Ur Rahman,7d92277a,Kings XI Punjab,2,1,3,1,1.0,33.33,0,0,48,8.0,83,0,,10.38,12,25.0,14,5,7,2,41.67,12,7d92277a,https://a.espncdn.com/i/headshots/cricket/players/full/7d92277a.png,https://www.espncricinfo.com/cricketers/mujeeb-ur-rahman-7d92277a
2020/21,N Jagadeesan,bd54eef5,Chennai Super Kings,5,33,29,2,16.5,113.79,4,0,0,,0,0,,,0,,14,6,8,0,42.86,12,bd54eef5,https://a.espncdn.com/i/headshots/cricket/players/full/bd54eef5.png,https://www.espncricinfo.com/cricketers/n-jagadeesan-bd54eef5
2020/21,N Pooran,3241e3fd,Kings XI Punjab,14,353,209,13,27.15,168.9,23,25,0,,0,0,,,0,,14,5,7,2,41.67,12,3241e3fd,https://a.espncdn.com/i/headshots/cricket/players/full/3241e3fd.png,https://www.espncricinfo.com/cricketers/n-pooran-3241e3fd
2020/21,N Rana,fb2d1dda,Kolkata Knight Riders,14,352,254,13,27.08,138.58,43,12,12,2.0,23,0,,11.5,0,0.0,14,6,7,1,46.15,13,fb2d1dda,https://a.espncdn.com/i/headshots/cricket/players/full/fb2d1dda.png,https://www.espncricinfo.com/cricketers/n-rana-fb2d1dda
2020/21,NM Coulter-Nile,56ab442f,Mumbai Indians,7,25,15,1,25.0,166.67,4,0,156,26.0,206,5,31.2,7.92,69,44.23,16,11,3,2,78.57,24,56ab442f,https://a.espncdn.com/i/headshots/cricket/players/full/56ab442f.png,https://www.espncricinfo.com/cricketers/nm-coulter-nile-56ab442f
2020/21,NS Naik,aedc3b7c,Kolkata Knight Riders,1,1,3,1,1.0,33.33,0,0,0,,0,0,,,0,,14,6,7,1,46.15,13,aedc3b7c,https://a.espncdn.com/i/headshots/cricket/players/full/aedc3b7c.png,https://www.espncricinfo.com/cricketers/ns-naik-aedc3b7c
2020/21,Navdeep Saini,21d4e29b,Royal Challengers Bangalore,13,27,27,1,27.0,100.0,3,0,280,46.67,385,7,40.0,8.25,115,41.07,15,6,8,1,42.86,13,,,
2020/21,P Dubey,ed5a5510,Delhi Capitals,3,7,13,0,,53.85,0,0,48,8.0,72,0,,9.0,12,25.0,17,8,8,1,50.0,17,ed5a5510,https://a.espncdn.com/i/headshots/cricket/players/full/ed5a5510.png,https://www.espncricinfo.com/cricketers/p-dubey-ed5a5510
2020/21,P Simran Singh,9418198b,Kings XI Punjab,2,15,15,2,7.5,100.0,2,0,0,,0,0,,,0,,14,5,7,2,41.67,12,9418198b,https://a.espncdn.com/i/headshots/cricket/players/full/9418198b.png,https://www.espncricinfo.com/cricketers/p-simran-singh-9418198b
2020/21,PJ Cummins,ded9240e,Kolkata Knight Riders,14,146,114,7,20.86,128.07,9,8,312,52.0,409,12,26.0,7.87,133,42.63,14,6,7,1,46.15,13,ded9240e,https://a.espncdn.com/i/headshots/cricket/players/full/ded9240e.png,https://www.espncricinfo.com/cricketers/pj-cummins-ded9240e
2020/21,PK Garg,bb965e9a,Sunrisers Hyderabad,14,133,109,9,14.78,122.02,9,4,0,,0,0,,,0,,16,8,7,1,53.33,17,bb965e9a,https://a.espncdn.com/i/headshots/cricket/players/full/bb965e9a.png,https://www.espncricinfo.com/cricketers/pk-garg-bb965e9a
2020/21,PP Chawla,98ae73b1,Chennai Super Kings,7,0,0,0,,,0,0,126,21.0,191,6,21.0,9.1,37,29.37,14,6,8,0,42.86,12,98ae73b1,https://a.espncdn.com/i/headshots/cricket/players/full/98ae73b1.png,https://www.espncricinfo.com/cricketers/pp-chawla-98ae73b1
2020/21,PP Shaw,8b3e9c7c,Delhi Capitals,13,228,167,13,17.54,136.53,27,8,0,,0,0,,,0,,17,8,8,1,50.0,17,8b3e9c7c,https://a.espncdn.com/i/headshots/cricket/players/full/8b3e9c7c.png,https://www.espncricinfo.com/cricketers/pp-shaw-8b3e9c7c
2020/21,Q de Kock,372455c4,Mumbai Indians,16,506,361,15,33.73,140.17,46,22,0,,0,0,,,0,,16,11,3,2,78.57,24,372455c4,https://a.espncdn.com/i/headshots/cricket/players/full/372455c4.png,https://www.espncricinfo.com/cricketers/q-de-kock-372455c4
2020/21,R Ashwin,495d42a5,Delhi Capitals,15,37,34,3,12.33,108.82,3,1,306,51.0,391,13,23.54,7.67,99,32.35,17,8,8,1,50.0,17,495d42a5,https://a.espncdn.com/i/headshots/cricket/players/full/495d42a5.png,https://www.espncricinfo.com/cricketers/r-ashwin-495d42a5
2020/21,R Parag,04a418e8,Rajasthan Royals,12,86,77,6,14.33,111.69,6,3,12,2.0,27,0,,13.5,3,25.0,14,6,8,0,42.86,12,04a418e8,https://a.espncdn.com/i/headshots/cricket/players/full/04a418e8.png,https://www.espncricinfo.com/cricketers/r-parag-04a418e8
2020/21,R Tewatia,39a2dfa8,Rajasthan Royals,14,255,182,6,42.5,140.11,13,17,276,46.0,326,10,27.6,7.09,94,34.06,14,6,8,0,42.86,12,39a2dfa8,https://a.espncdn.com/i/headshots/cricket/players/full/39a2dfa8.png,https://www.espncricinfo.com/cricketers/r-tewatia-39a2dfa8
2020/21,RA Jadeja,fe93fd9d,Chennai Super Kings,14,232,134,5,46.4,173.13,22,11,218,36.33,318,6,36.33,8.75,56,25.69,14,6,8,0,42.86,12,fe93fd9d,https://a.espncdn.com/i/headshots/cricket/players/full/fe93fd9d.png,https://www.espncricinfo.com/cricketers/ra-jadeja-fe93fd9d
2020/21,RA Tripathi,77255a9e,Kolkata Knight Riders,11,230,181,10,23.0,127.07,21,10,0,,0,0,,,0,,14,6,7,1,46.15,13,77255a9e,https://a.espncdn.com/i/headshots/cricket/players/full/77255a9e.png,https://www.espncricinfo.com/cricketers/ra-tripathi-77255a9e
2020/21,RD Chahar,2ed569a0,Mumbai Indians,15,2,4,0,,50.0,0,0,318,53.0,433,15,21.2,8.17,100,31.45,16,11,3,2,78.57,24,2ed569a0,https://a.espncdn.com/i/headshots/cricket/players/full/2ed569a0.png,https://www.espncricinfo.com/cricketers/rd-chahar-2ed569a0
2020/21,RD Gaikwad,45a43fe2,Chennai Super Kings,6,204,169,3,68.0,120.71,16,6,0,,0,0,,,0,,14,6,8,0,42.86,12,45a43fe2,https://a.espncdn.com/i/headshots/cricket/players/full/45a43fe2.png,https://www.espncricinfo.com/cricketers/rd-gaikwad-45a43fe2
2020/21,RG Sharma,740742ef,Mumbai Indians,12,334,263,15,22.27,127.0,27,19,0,,0,0,,,0,,16,11,3,2,78.57,24,740742ef,https://a.espncdn.com/i/headshots/cricket/players/full/740742ef.png,https://www.espncricinfo.com/cricketers/rg-sharma-740742ef
2020/21,RK Singh,0a509d6b,Kolkata Knight Riders,1,11,11,1,11.0,100.0,1,0,0,,0,0,,,0,,14,6,7,1,46.15,13,0a509d6b,https://a.espncdn.com/i/headshots/cricket/players/full/0a509d6b.png,https://www.espncricinfo.com/cricketers/rk-singh-0a509d6b
2020/21,RR Pant,919a3be2,Delhi Capitals,14,345,300,10,34.5,115.0,32,9,0,,0,0,,,0,,17,8,8,1,50.0,17,919a3be2,https://a.espncdn.com/i/headshots/cricket/players/full/919a3be2.png,https://www.espncricinfo.com/cricketers/rr-pant-919a3be2
2020/21,RV Uthappa,1c17e270,Rajasthan Royals,12,196,164,12,16.33,119.51,19,7,0,,0,0,,,0,,14,6,8,0,42.86,12,1c17e270,https://a.espncdn.com/i/headshots/cricket/players/full/1c17e270.png,https://www.espncricinfo.com/cricketers/rv-uthappa-1c17e270
2020/21,Rashid Khan,5f547c8b,Sunrisers Hyderabad,16,35,29,4,8.75,120.69,3,2,388,64.67,345,20,19.4,5.34,164,42.27,16,8,7,1,53.33,17,5f547c8b,https://a.espncdn.com/i/headshots/cricket/players/full/5f547c8b.png,https://www.espncricinfo.com/cricketers/rashid-khan-5f547c8b
2020/21,Ravi Bishnoi,df064e1a,Kings XI Punjab,14,7,12,1,7.0,58.33,1,0,306,51.0,376,12,25.5,7.37,119,38.89,14,5,7,2,41.67,12,df064e1a,https://a.espncdn.com/i/headshots/cricket/players/full/df064e1a.png,https://www.espncricinfo.com/cricketers/ravi-bishnoi-df064e1a
2020/21,S Dhawan,0a476045,Delhi Capitals,17,618,425,14,44.14,145.41,67,13,0,,0,0,,,0,,17,8,8,1,50.0,17,0a476045,https://a.espncdn.com/i/headshots/cricket/players/full/0a476045.png,https://www.espncricinfo.com/cricketers/s-dhawan-0a476045
2020/21,S Dube,a4e37e47,Royal Challengers Bangalore,11,129,105,7,18.43,122.86,5,9,54,9.0,73,4,13.5,8.11,13,24.07,15,6,8,1,42.86,13,a4e37e47,https://a.espncdn.com/i/headshots/cricket/players/full/a4e37e47.png,https://www.espncricinfo.com/cricketers/s-dube-a4e37e47
2020/21,S Gopal,7a8bd078,Rajasthan Royals,14,37,39,4,9.25,94.87,3,0,300,50.0,427,10,30.0,8.54,84,28.0,14,6,8,0,42.86,12,7a8bd078,https://a.espncdn.com/i/headshots/cricket/players/full/7a8bd078.png,https://www.espncricinfo.com/cricketers/s-gopal-7a8bd078
2020/21,S Kaul,dcf81436,Sunrisers Hyderabad,1,0,0,0,,,0,0,24,4.0,64,2,12.0,16.0,6,25.0,16,8,7,1,53.33,17,dcf81436,https://a.espncdn.com/i/headshots/cricket/players/full/dcf81436.png,https://www.espncricinfo.com/cricketers/s-kaul-dcf81436
2020/21,S Nadeem,9d80c5e1,Sunrisers Hyderabad,7,7,8,1,7.0,87.5,1,0,132,22.0,178,5,26.4,8.09,30,22.73,16,8,7,1,53.33,17,9d80c5e1,https://a.espncdn.com/i/headshots/cricket/players/full/9d80c5e1.png,https://www.espncricinfo.com/cricketers/s-nadeem-9d80c5e1
2020/21,S Sandeep Warrier,cdc6bdba,Kolkata Knight Riders,1,0,0,0,,,0,0,18,3.0,34,0,,11.33,8,44.44,14,6,7,1,46.15,13,cdc6bdba,https://a.espncdn.com/i/headshots/cricket/players/full/cdc6bdba.png,https://www.espncricinfo.com/cricketers/s-sandeep-warrier-cdc6bdba
2020/21,SA Yadav,271f83cd,Mumbai Indians,16,480,330,9,53.33,145.45,61,11,0,,0,0,,,0,,16,11,3,2,78.57,24,271f83cd,https://a.espncdn.com/i/headshots/cricket/players/full/271f83cd.png,https://www.espncricinfo.com/cricketers/sa-yadav-271f83cd
2020/21,SM Curran,e94915e6,Chennai Super Kings,14,186,141,8,23.25,131.91,12,12,252,42.0,344,13,19.38,8.19,87,34.52,14,6,8,0,42.86,12,e94915e6,https://a.espncdn.com/i/headshots/cricket/players/full/e94915e6.png,https://www.espncricinfo.com/cricketers/sm-curran-e94915e6
2020/21,SN Khan,f088b960,Kings XI Punjab,5,33,29,2,16.5,113.79,5,0,0,,0,0,,,0,,14,5,7,2,41.67,12,f088b960,https://a.espncdn.com/i/headshots/cricket/players/full/f088b960.png,https://www.espncricinfo.com/cricketers/sn-khan-f088b960
2020/21,SN Thakur,1abb78f8,Chennai Super Kings,9,12,21,1,12.0,57.14,0,0,194,32.33,275,10,19.4,8.51,65,33.51,14,6,8,0,42.86,12,1abb78f8,https://a.espncdn.com/i/headshots/cricket/players/full/1abb78f8.png,https://www.espncricinfo.com/cricketers/sn-thakur-1abb78f8
2020/21,SO Hetmyer,48a1d7b7,Delhi Capitals,12,185,124,8,23.12,149.19,11,12,0,,0,0,,,0,,17,8,8,1,50.0,17,48a1d7b7,https://a.espncdn.com/i/headshots/cricket/players/full/48a1d7b7.png,https://www.espncricinfo.com/cricketers/so-hetmyer-48a1d7b7
2020/21,SP Goswami,541f85c9,Sunrisers Hyderabad,2,0,4,2,0.0,0.0,0,0,0,,0,0,,,0,,16,8,7,1,53.33,17,541f85c9,https://a.espncdn.com/i/headshots/cricket/players/full/541f85c9.png,https://www.espncricinfo.com/cricketers/sp-goswami-541f85c9
2020/21,SP Narine,9d430b40,Kolkata Knight Riders,10,121,85,9,13.44,142.35,10,8,228,38.0,302,5,45.6,7.95,62,27.19,14,6,7,1,46.15,13,9d430b40,https://a.espncdn.com/i/headshots/cricket/players/full/9d430b40.png,https://www.espncricinfo.com/cricketers/sp-narine-9d430b40
2020/21,SPD Smith,30a45b23,Rajasthan Royals,14,311,235,13,23.92,132.34,32,9,0,,0,0,,,0,,14,6,8,0,42.86,12,30a45b23,https://a.espncdn.com/i/headshots/cricket/players/full/30a45b23.png,https://www.espncricinfo.com/cricketers/spd-smith-30a45b23
2020/21,SR Watson,4329fbb5,Chennai Super Kings,11,299,247,10,29.9,121.05,33,13,0,,0,0,,,0,,14,6,8,0,42.86,12,4329fbb5,https://a.espncdn.com/i/headshots/cricket/players/full/4329fbb5.png,https://www.espncricinfo.com/cricketers/sr-watson-4329fbb5
2020/21,SS Cottrell,a1d053dd,Kings XI Punjab,6,0,2,1,0.0,0.0,0,0,120,20.0,176,6,20.0,8.8,58,48.33,14,5,7,2,41.67,12,a1d053dd,https://a.espncdn.com/i/headshots/cricket/players/full/a1d053dd.png,https://www.espncricinfo.com/cricketers/ss-cottrell-a1d053dd
2020/21,SS Iyer,85ec8e33,Delhi Capitals,17,519,419,16,32.44,123.87,40,16,0,,0,0,,,0,,17,8,8,1,50.0,17,85ec8e33,https://a.espncdn.com/i/headshots/cricket/players/full/85ec8e33.png,https://www.espncricinfo.com/cricketers/ss-iyer-85ec8e33
2020/21,SS Tiwary,709b0bac,Mumbai Indians,7,103,80,5,20.6,128.75,8,3,0,,0,0,,,0,,16,11,3,2,78.57,24,709b0bac,https://a.espncdn.com/i/headshots/cricket/players/full/709b0bac.png,https://www.espncricinfo.com/cricketers/ss-tiwary-709b0bac
2020/21,SV Samson,a4cc73aa,Rajasthan Royals,14,375,234,12,31.25,160.26,21,26,0,,0,0,,,0,,14,6,8,0,42.86,12,a4cc73aa,https://a.espncdn.com/i/headshots/cricket/players/full/a4cc73aa.png,https://www.espncricinfo.com/cricketers/sv-samson-a4cc73aa
2020/21,Sandeep Sharma,ce820073,Sunrisers Hyderabad,13,12,15,2,6.0,80.0,1,0,312,52.0,374,14,22.29,7.19,119,38.14,16,8,7,1,53.33,17,ce820073,https://a.espncdn.com/i/headshots/cricket/players/full/ce820073.png,https://www.espncricinfo.com/cricketers/sandeep-sharma-ce820073
2020/21,Shahbaz Ahmed,f9e6e7ef,Royal Challengers Bangalore,2,1,1,0,,100.0,0,0,36,6.0,44,2,18.0,7.33,8,22.22,15,6,8,1,42.86,13,f9e6e7ef,https://a.espncdn.com/i/headshots/cricket/players/full/f9e6e7ef.png,https://www.espncricinfo.com/cricketers/shahbaz-ahmed-f9e6e7ef
2020/21,Shivam Mavi,c38d3503,Kolkata Knight Riders,8,10,14,2,5.0,71.43,1,0,156,26.0,212,9,17.33,8.15,61,39.1,14,6,7,1,46.15,13,c38d3503,https://a.espncdn.com/i/headshots/cricket/players/full/c38d3503.png,https://www.espncricinfo.com/cricketers/shivam-mavi-c38d3503
2020/21,Shubman Gill,b4b99816,Kolkata Knight Riders,14,440,372,13,33.85,118.28,44,9,0,,0,0,,,0,,14,6,7,1,46.15,13,b4b99816,https://a.espncdn.com/i/headshots/cricket/players/full/b4b99816.png,https://www.espncricinfo.com/cricketers/shubman-gill-b4b99816
2020/21,T Banton,25f7b7d6,Kolkata Knight Riders,2,18,20,2,9.0,90.0,1,1,0,,0,0,,,0,,14,6,7,1,46.15,13,25f7b7d6,https://a.espncdn.com/i/headshots/cricket/players/full/25f7b7d6.png,https://www.espncricinfo.com/cricketers/t-banton-25f7b7d6
2020/21,T Natarajan,ce794613,Sunrisers Hyderabad,16,3,5,0,,60.0,0,0,377,62.83,504,16,23.56,8.02,123,32.63,16,8,7,1,53.33,17,ce794613,https://a.espncdn.com/i/headshots/cricket/players/full/ce794613.png,https://www.espncricinfo.com/cricketers/t-natarajan-ce794613
2020/21,TA Boult,a818c1be,Mumbai Indians,15,0,1,1,0.0,0.0,0,0,348,58.0,472,25,13.92,8.14,156,44.83,16,11,3,2,78.57,24,a818c1be,https://a.espncdn.com/i/headshots/cricket/players/full/a818c1be.png,https://www.espncricinfo.com/cricketers/ta-boult-a818c1be
2020/21,TK Curran,e86754b2,Rajasthan Royals,5,83,62,1,83.0,133.87,5,3,109,18.17,208,3,36.33,11.45,23,21.1,14,6,8,0,42.86,12,e86754b2,https://a.espncdn.com/i/headshots/cricket/players/full/e86754b2.png,https://www.espncricinfo.com/cricketers/tk-curran-e86754b2
2020/21,TU Deshpande,46a9bea1,Delhi Capitals,5,21,12,1,21.0,175.0,2,1,102,17.0,192,3,34.0,11.29,28,27.45,17,8,8,1,50.0,17,46a9bea1,https://a.espncdn.com/i/headshots/cricket/players/full/46a9bea1.png,https://www.espncricinfo.com/cricketers/tu-deshpande-46a9bea1
2020/21,UT Yadav,cc1e8c68,Royal Challengers Bangalore,2,0,2,1,0.0,0.0,0,0,42,7.0,83,0,,11.86,13,30.95,15,6,8,1,42.86,13,cc1e8c68,https://a.espncdn.com/i/headshots/cricket/players/full/cc1e8c68.png,https://www.espncricinfo.com/cricketers/ut-yadav-cc1e8c68
2020/21,V Kohli,ba607b88,Royal Challengers Bangalore,15,471,384,11,42.82,122.66,24,11,0,,0,0,,,0,,15,6,8,1,42.86,13,ba607b88,https://a.espncdn.com/i/headshots/cricket/players/full/ba607b88.png,https://www.espncricinfo.com/cricketers/v-kohli-ba607b88
2020/21,V Shankar,0994d0ae,Sunrisers Hyderabad,7,97,96,4,24.25,101.04,10,1,79,13.17,82,4,19.75,6.23,31,39.24,16,8,7,1,53.33,17,0994d0ae,https://a.espncdn.com/i/headshots/cricket/players/full/0994d0ae.png,https://www.espncricinfo.com/cricketers/v-shankar-0994d0ae
2020/21,VR Aaron,0a3d54b9,Rajasthan Royals,3,1,10,1,1.0,10.0,0,0,48,8.0,94,0,,11.75,19,39.58,14,6,8,0,42.86,12,0a3d54b9,https://a.espncdn.com/i/headshots/cricket/players/full/0a3d54b9.png,https://www.espncricinfo.com/cricketers/vr-aaron-0a3d54b9
2020/21,WP Saha,fe11caa6,Sunrisers Hyderabad,4,214,153,2,107.0,139.87,24,5,0,,0,0,,,0,,16,8,7,1,53.33,17,fe11caa6,https://a.espncdn.com/i/headshots/cricket/players/full/fe11caa6.png,https://www.espncricinfo.com/cricketers/wp-saha-fe11caa6
2020/21,Washington Sundar,f19ccfad,Royal Challengers Bangalore,15,111,95,6,18.5,116.84,10,2,300,50.0,298,8,37.5,5.96,112,37.33,15,6,8,1,42.86,13,f19ccfad,https://a.espncdn.com/i/headshots/cricket/players/full/f19ccfad.png,https://www.espncricinfo.com/cricketers/washington-sundar-f19ccfad
2020/21,YBK Jaiswal,6c19c6e5,Rajasthan Royals,3,40,44,3,13.33,90.91,2,2,0,,0,0,,,0,,14,6,8,0,42.86,12,6c19c6e5,https://a.espncdn.com/i/headshots/cricket/players/full/6c19c6e5.png,https://www.espncricinfo.com/cricketers/ybk-jaiswal-6c19c6e5
2020/21,YS Chahal,57ee1fde,Royal Challengers Bangalore,15,1,3,1,1.0,33.33,0,0,343,57.17,405,21,16.33,7.08,112,32.65,15,6,8,1,42.86,13,57ee1fde,https://a.espncdn.com/i/headshots/cricket/players/full/57ee1fde.png,https://www.espncricinfo.com/cricketers/ys-chahal-57ee1fde
2021,A Mishra,6b19d823,Delhi Capitals,4,0,0,0,,,0,0,84,14.0,109,6,14.0,7.79,25,29.76,16,9,6,1,60.0,19,6b19d823,https://a.espncdn.com/i/headshots/cricket/players/full/6b19d823.png,https://www.espncricinfo.com/cricketers/a-mishra-6b19d823
2021,A Nortje,acdc62f5,Delhi Capitals,8,0,0,0,,,0,0,182,30.33,187,12,15.17,6.16,79,43.41,16,9,6,1,60.0,19,acdc62f5,https://a.espncdn.com/i/headshots/cricket/players/full/acdc62f5.png,https://www.espncricinfo.com/cricketers/a-nortje-acdc62f5
2021,AB de Villiers,c4487b84,Royal Challengers Bangalore,15,313,211,11,28.45,148.34,23,16,0,,0,0,,,0,,15,9,6,0,60.0,18,c4487b84,https://a.espncdn.com/i/headshots/cricket/players/full/c4487b84.png,https://www.espncricinfo.com/cricketers/ab-de-villiers-c4487b84
2021,AD Russell,bbd41817,Kolkata Knight Riders,10,183,117,6,30.5,156.41,14,14,114,19.0,188,11,10.36,9.89,38,33.33,17,9,8,0,52.94,18,bbd41817,https://a.espncdn.com/i/headshots/cricket/players/full/bbd41817.png,https://www.espncricinfo.com/cricketers/ad-russell-bbd41817
2021,AF Milne,350bb1b1,Mumbai Indians,4,16,17,2,8.0,94.12,0,1,84,14.0,131,3,28.0,9.36,28,33.33,14,7,7,0,50.0,14,350bb1b1,https://a.espncdn.com/i/headshots/cricket/players/full/350bb1b1.png,https://www.espncricinfo.com/cricketers/af-milne-350bb1b1
2021,AK Markram,6a26221c,Punjab Kings,6,146,119,5,29.2,122.69,12,4,24,4.0,23,0,,5.75,9,37.5,14,6,8,0,42.86,12,6a26221c,https://a.espncdn.com/i/headshots/cricket/players/full/6a26221c.png,https://www.espncricinfo.com/cricketers/ak-markram-6a26221c
2021,AM Rahane,29e95537,Delhi Capitals,2,8,8,1,8.0,100.0,1,0,0,,0,0,,,0,,16,9,6,1,60.0,19,29e95537,https://a.espncdn.com/i/headshots/cricket/players/full/29e95537.png,https://www.espncricinfo.com/cricketers/am-rahane-29e95537
2021,AR Patel,2e171977,Delhi Capitals,12,40,46,5,8.0,86.96,2,1,282,47.0,312,15,18.8,6.64,99,35.11,16,9,6,1,60.0,19,2e171977,https://a.espncdn.com/i/headshots/cricket/players/full/2e171977.png,https://www.espncricinfo.com/cricketers/ar-patel-2e171977
2021,AT Rayudu,70d205c9,Chennai Super Kings,16,257,167,9,28.56,153.89,16,17,0,,0,0,,,0,,16,11,5,0,68.75,22,70d205c9,https://a.espncdn.com/i/headshots/cricket/players/full/70d205c9.png,https://www.espncricinfo.com/cricketers/at-rayudu-70d205c9
2021,AU Rashid,249d60c9,Punjab Kings,1,0,0,0,,,0,0,18,3.0,35,0,,11.67,6,33.33,14,6,8,0,42.86,12,249d60c9,https://a.espncdn.com/i/headshots/cricket/players/full/249d60c9.png,https://www.espncricinfo.com/cricketers/au-rashid-249d60c9
2021,Abdul Samad,8e514b4c,Sunrisers Hyderabad,11,111,87,9,12.33,127.59,4,8,6,1.0,9,1,6.0,9.0,1,16.67,14,3,10,1,23.08,7,8e514b4c,https://a.espncdn.com/i/headshots/cricket/players/full/8e514b4c.png,https://www.espncricinfo.com/cricketers/abdul-samad-8e514b4c
2021,Abhishek Sharma,f29185a1,Sunrisers Hyderabad,8,98,75,6,16.33,130.67,7,4,60,10.0,64,4,15.0,6.4,23,38.33,14,3,10,1,23.08,7,f29185a1,https://a.espncdn.com/i/headshots/cricket/players/full/f29185a1.png,https://www.espncricinfo.com/cricketers/abhishek-sharma-f29185a1
2021,Akash Singh,b483905d,Rajasthan Royals,1,0,0,0,,,0,0,24,4.0,39,0,,9.75,7,29.17,14,5,9,0,35.71,10,b483905d,https://a.espncdn.com/i/headshots/cricket/players/full/b483905d.png,https://www.espncricinfo.com/cricketers/akash-singh-b483905d
2021,Anmolpreet Singh,1399b39c,Mumbai Indians,1,16,14,1,16.0,114.29,2,1,0,,0,0,,,0,,14,7,7,0,50.0,14,1399b39c,https://a.espncdn.com/i/headshots/cricket/players/full/1399b39c.png,https://www.espncricinfo.com/cricketers/anmolpreet-singh-1399b39c
2021,Anuj Rawat,c8f5f961,Rajasthan Royals,2,0,1,1,0.0,0.0,0,0,0,,0,0,,,0,,14,5,9,0,35.71,10,c8f5f961,https://a.espncdn.com/i/headshots/cricket/players/full/c8f5f961.png,https://www.espncricinfo.com/cricketers/anuj-rawat-c8f5f961
2021,Arshdeep Singh,244048f6,Punjab Kings,12,2,3,0,,66.67,0,0,248,41.33,342,18,13.78,8.27,82,33.06,14,6,8,0,42.86,12,244048f6,https://a.espncdn.com/i/headshots/cricket/players/full/244048f6.png,https://www.espncricinfo.com/cricketers/arshdeep-singh-244048f6
2021,Avesh Khan,eef2536f,Delhi Capitals,16,5,3,0,,166.67,1,0,366,61.0,450,24,15.25,7.38,146,39.89,16,9,6,1,60.0,19,eef2536f,https://a.espncdn.com/i/headshots/cricket/players/full/eef2536f.png,https://www.espncricinfo.com/cricketers/avesh-khan-eef2536f
2021,B Kumar,2e81a32d,Sunrisers Hyderabad,11,34,30,2,17.0,113.33,3,0,252,42.0,335,6,42.0,7.98,101,40.08,14,3,10,1,23.08,7,2e81a32d,https://a.espncdn.com/i/headshots/cricket/players/full/2e81a32d.png,https://www.espncricinfo.com/cricketers/b-kumar-2e81a32d
2021,BA Stokes,e087956b,Rajasthan Royals,1,0,3,1,0.0,0.0,0,0,6,1.0,12,0,,12.0,2,33.33,14,5,9,0,35.71,10,e087956b,https://a.espncdn.com/i/headshots/cricket/players/full/e087956b.png,https://www.espncricinfo.com/cricketers/ba-stokes-e087956b
2021,C Sakariya,2cdce1be,Rajasthan Royals,14,16,24,4,4.0,66.67,2,0,312,52.0,426,14,22.29,8.19,108,34.62,14,5,9,0,35.71,10,2cdce1be,https://a.espncdn.com/i/headshots/cricket/players/full/2cdce1be.png,https://www.espncricinfo.com/cricketers/c-sakariya-2cdce1be
2021,CA Lynn,45eda7c8,Mumbai Indians,1,49,35,2,24.5,140.0,4,3,0,,0,0,,,0,,14,7,7,0,50.0,14,45eda7c8,https://a.espncdn.com/i/headshots/cricket/players/full/45eda7c8.png,https://www.espncricinfo.com/cricketers/ca-lynn-45eda7c8
2021,CH Gayle,db584dad,Punjab Kings,10,193,154,11,17.55,125.32,21,8,0,,0,0,,,0,,14,6,8,0,42.86,12,db584dad,https://a.espncdn.com/i/headshots/cricket/players/full/db584dad.png,https://www.espncricinfo.com/cricketers/ch-gayle-db584dad
2021,CH Morris,fb66ce1f,Rajasthan Royals,11,67,49,5,13.4,136.73,2,5,246,41.0,376,15,16.4,9.17,83,33.74,14,5,9,0,35.71,10,fb66ce1f,https://a.espncdn.com/i/headshots/cricket/players/full/fb66ce1f.png,https://www.espncricinfo.com/cricketers/ch-morris-fb66ce1f
2021,CJ Jordan,ffe699c0,Punjab Kings,4,32,21,2,16.0,152.38,1,3,72,12.0,96,4,18.0,8.0,23,31.94,14,6,8,0,42.86,12,ffe699c0,https://a.espncdn.com/i/headshots/cricket/players/full/ffe699c0.png,https://www.espncricinfo.com/cricketers/cj-jordan-ffe699c0
2021,CR Woakes,4c5d73db,Delhi Capitals,3,15,11,0,,136.36,2,0,66,11.0,82,5,13.2,7.45,30,45.45,16,9,6,1,60.0,19,4c5d73db,https://a.espncdn.com/i/headshots/cricket/players/full/4c5d73db.png,https://www.espncricinfo.com/cricketers/cr-woakes-4c5d73db
2021,CV Varun,5b7ab5a9,Kolkata Knight Riders,17,2,4,0,,50.0,0,0,408,68.0,448,18,22.67,6.59,142,34.8,17,9,8,0,52.94,18,5b7ab5a9,https://a.espncdn.com/i/headshots/cricket/players/full/5b7ab5a9.png,https://www.espncricinfo.com/cricketers/cv-varun-5b7ab5a9
2021,D Padikkal,2c25d4f5,Royal Challengers Bangalore,14,411,327,14,29.36,125.69,44,14,0,,0,0,,,0,,15,9,6,0,60.0,18,2c25d4f5,https://a.espncdn.com/i/headshots/cricket/players/full/2c25d4f5.png,https://www.espncricinfo.com/cricketers/d-padikkal-2c25d4f5
2021,DA Miller,d67d5f00,Rajasthan Royals,9,124,113,5,24.8,109.73,11,3,0,,0,0,,,0,,14,5,9,0,35.71,10,d67d5f00,https://a.espncdn.com/i/headshots/cricket/players/full/d67d5f00.png,https://www.espncricinfo.com/cricketers/da-miller-d67d5f00
2021,DA Warner,dcce6f09,Sunrisers Hyderabad,8,197,184,6,32.83,107.07,15,6,0,,0,0,,,0,,14,3,10,1,23.08,7,dcce6f09,https://a.espncdn.com/i/headshots/cricket/players/full/dcce6f09.png,https://www.espncricinfo.com/cricketers/da-warner-dcce6f09
2021,DJ Bravo,87e562a9,Chennai Super Kings,11,47,18,2,23.5,261.11,3,4,202,33.67,263,14,14.43,7.81,72,35.64,16,11,5,0,68.75,22,87e562a9,https://a.espncdn.com/i/headshots/cricket/players/full/87e562a9.png,https://www.espncricinfo.com/cricketers/dj-bravo-87e562a9
2021,DJ Hooda,73ad96ed,Punjab Kings,12,160,121,9,17.78,132.23,9,9,96,16.0,136,2,48.0,8.5,31,32.29,14,6,8,0,42.86,12,73ad96ed,https://a.espncdn.com/i/headshots/cricket/players/full/73ad96ed.png,https://www.espncricinfo.com/cricketers/dj-hooda-73ad96ed
2021,DJ Malan,ad9c32a2,Punjab Kings,1,26,26,1,26.0,100.0,1,1,0,,0,0,,,0,,14,6,8,0,42.86,12,ad9c32a2,https://a.espncdn.com/i/headshots/cricket/players/full/ad9c32a2.png,https://www.espncricinfo.com/cricketers/dj-malan-ad9c32a2
2021,DL Chahar,23eeb873,Chennai Super Kings,15,1,1,0,,100.0,0,0,324,54.0,451,14,23.14,8.35,130,40.12,16,11,5,0,68.75,22,23eeb873,https://a.espncdn.com/i/headshots/cricket/players/full/23eeb873.png,https://www.espncricinfo.com/cricketers/dl-chahar-23eeb873
2021,DR Sams,caf69bf7,Royal Challengers Bangalore,2,6,6,1,6.0,100.0,0,0,36,6.0,39,1,36.0,6.5,15,41.67,15,9,6,0,60.0,18,caf69bf7,https://a.espncdn.com/i/headshots/cricket/players/full/caf69bf7.png,https://www.espncricinfo.com/cricketers/dr-sams-caf69bf7
2021,DS Kulkarni,d2a989fc,Mumbai Indians,1,0,0,0,,,0,0,24,4.0,48,0,,12.0,7,29.17,14,7,7,0,50.0,14,d2a989fc,https://a.espncdn.com/i/headshots/cricket/players/full/d2a989fc.png,https://www.espncricinfo.com/cricketers/ds-kulkarni-d2a989fc
2021,DT Christian,2a2e6343,Royal Challengers Bangalore,9,14,23,4,3.5,60.87,1,0,100,16.67,155,4,25.0,9.3,28,28.0,15,9,6,0,60.0,18,2a2e6343,https://a.espncdn.com/i/headshots/cricket/players/full/2a2e6343.png,https://www.espncricinfo.com/cricketers/dt-christian-2a2e6343
2021,E Lewis,0ebfb1ad,Rajasthan Royals,5,151,93,5,30.2,162.37,18,7,0,,0,0,,,0,,14,5,9,0,35.71,10,0ebfb1ad,https://a.espncdn.com/i/headshots/cricket/players/full/0ebfb1ad.png,https://www.espncricinfo.com/cricketers/e-lewis-0ebfb1ad
2021,EJG Morgan,d2a6c0e6,Kolkata Knight Riders,17,133,139,12,11.08,95.68,8,6,0,,0,0,,,0,,17,9,8,0,52.94,18,d2a6c0e6,https://a.espncdn.com/i/headshots/cricket/players/full/d2a6c0e6.png,https://www.espncricinfo.com/cricketers/ejg-morgan-d2a6c0e6
2021,F du Plessis,3355b542,Chennai Super Kings,16,633,456,14,45.21,138.82,61,23,0,,0,0,,,0,,16,11,5,0,68.75,22,3355b542,https://a.espncdn.com/i/headshots/cricket/players/full/3355b542.png,https://www.espncricinfo.com/cricketers/f-du-plessis-3355b542
2021,FA Allen,b52ffbbd,Punjab Kings,4,6,11,1,6.0,54.55,0,0,66,11.0,90,1,66.0,8.18,20,30.3,14,6,8,0,42.86,12,b52ffbbd,https://a.espncdn.com/i/headshots/cricket/players/full/b52ffbbd.png,https://www.espncricinfo.com/cricketers/fa-allen-b52ffbbd
2021,GD Phillips,9a46c4e5,Rajasthan Royals,3,26,32,2,13.0,81.25,1,2,12,2.0,20,1,12.0,10.0,4,33.33,14,5,9,0,35.71,10,9a46c4e5,https://a.espncdn.com/i/headshots/cricket/players/full/9a46c4e5.png,https://www.espncricinfo.com/cricketers/gd-phillips-9a46c4e5
2021,GHS Garton,be869ccf,Royal Challengers Bangalore,5,2,4,1,2.0,50.0,0,0,90,15.0,135,3,30.0,9.0,31,34.44,15,9,6,0,60.0,18,be869ccf,https://a.espncdn.com/i/headshots/cricket/players/full/be869ccf.png,https://www.espncricinfo.com/cricketers/ghs-garton-be869ccf
2021,GJ Maxwell,b681e71e,Royal Challengers Bangalore,15,513,354,11,46.64,144.92,48,21,96,16.0,135,3,32.0,8.44,25,26.04,15,9,6,0,60.0,18,b681e71e,https://a.espncdn.com/i/headshots/cricket/players/full/b681e71e.png,https://www.espncricinfo.com/cricketers/gj-maxwell-b681e71e
2021,HH Pandya,dbe50b21,Mumbai Indians,12,127,111,9,14.11,114.41,11,5,0,,0,0,,,0,,14,7,7,0,50.0,14,dbe50b21,https://a.espncdn.com/i/headshots/cricket/players/full/dbe50b21.png,https://www.espncricinfo.com/cricketers/hh-pandya-dbe50b21
2021,HV Patel,f986ca1a,Royal Challengers Bangalore,15,59,46,6,9.83,128.26,6,2,338,56.33,459,32,10.56,8.15,120,35.5,15,9,6,0,60.0,18,f986ca1a,https://a.espncdn.com/i/headshots/cricket/players/full/f986ca1a.png,https://www.espncricinfo.com/cricketers/hv-patel-f986ca1a
2021,Harbhajan Singh,8b5b6769,Kolkata Knight Riders,3,4,4,0,,100.0,0,0,42,7.0,63,0,,9.0,19,45.24,17,9,8,0,52.94,18,8b5b6769,https://a.espncdn.com/i/headshots/cricket/players/full/8b5b6769.png,https://www.espncricinfo.com/cricketers/harbhajan-singh-8b5b6769
2021,Harpreet Brar,c05edf8e,Punjab Kings,7,64,58,0,,110.34,3,2,138,23.0,139,5,27.6,6.04,54,39.13,14,6,8,0,42.86,12,c05edf8e,https://a.espncdn.com/i/headshots/cricket/players/full/c05edf8e.png,https://www.espncricinfo.com/cricketers/harpreet-brar-c05edf8e
2021,I Sharma,5bb1a1c4,Delhi Capitals,3,0,0,0,,,0,0,72,12.0,97,1,72.0,8.08,25,34.72,16,9,6,1,60.0,19,5bb1a1c4,https://a.espncdn.com/i/headshots/cricket/players/full/5bb1a1c4.png,https://www.espncricinfo.com/cricketers/i-sharma-5bb1a1c4
2021,IC Porel,fdf7491e,Punjab Kings,1,0,0,0,,,0,0,24,4.0,39,1,24.0,9.75,7,29.17,14,6,8,0,42.86,12,fdf7491e,https://a.espncdn.com/i/headshots/cricket/players/full/fdf7491e.png,https://www.espncricinfo.com/cricketers/ic-porel-fdf7491e
2021,Imran Tahir,acee4cc4,Chennai Super Kings,1,0,0,0,,,0,0,24,4.0,16,2,12.0,4.0,14,58.33,16,11,5,0,68.75,22,acee4cc4,https://a.espncdn.com/i/headshots/cricket/players/full/acee4cc4.png,https://www.espncricinfo.com/cricketers/imran-tahir-acee4cc4
2021,Ishan Kishan,752f7486,Mumbai Indians,10,241,177,9,26.78,136.16,21,10,0,,0,0,,,0,,14,7,7,0,50.0,14,752f7486,https://a.espncdn.com/i/headshots/cricket/players/full/752f7486.png,https://www.espncricinfo.com/cricketers/ishan-kishan-752f7486
2021,J Suchith,4125d931,Sunrisers Hyderabad,2,14,6,0,,233.33,2,1,42,7.0,66,0,,9.43,11,26.19,14,3,10,1,23.08,7,4125d931,https://a.espncdn.com/i/headshots/cricket/players/full/4125d931.png,https://www.espncricinfo.com/cricketers/j-suchith-4125d931
2021,J Yadav,81049310,Mumbai Indians,5,34,26,2,17.0,130.77,2,1,102,17.0,130,2,51.0,7.65,43,42.16,14,7,7,0,50.0,14,81049310,https://a.espncdn.com/i/headshots/cricket/players/full/81049310.png,https://www.espncricinfo.com/cricketers/j-yadav-81049310
2021,JA Richardson,1ee08e9a,Punjab Kings,3,15,24,2,7.5,62.5,2,0,66,11.0,117,3,22.0,10.64,22,33.33,14,6,8,0,42.86,12,1ee08e9a,https://a.espncdn.com/i/headshots/cricket/players/full/1ee08e9a.png,https://www.espncricinfo.com/cricketers/ja-richardson-1ee08e9a
2021,JC Buttler,99b75528,Rajasthan Royals,7,254,164,7,36.29,154.88,27,13,0,,0,0,,,0,,14,5,9,0,35.71,10,99b75528,https://a.espncdn.com/i/headshots/cricket/players/full/99b75528.png,https://www.espncricinfo.com/cricketers/jc-buttler-99b75528
2021,JD Unadkat,1e66c162,Rajasthan Royals,6,41,29,2,20.5,141.38,3,2,132,22.0,168,4,33.0,7.64,52,39.39,14,5,9,0,35.71,10,1e66c162,https://a.espncdn.com/i/headshots/cricket/players/full/1e66c162.png,https://www.espncricinfo.com/cricketers/jd-unadkat-1e66c162
2021,JDS Neesham,9219eff0,Mumbai Indians,3,0,2,2,0.0,0.0,0,0,54,9.0,66,5,10.8,7.33,19,35.19,14,7,7,0,50.0,14,9219eff0,https://a.espncdn.com/i/headshots/cricket/players/full/9219eff0.png,https://www.espncricinfo.com/cricketers/jds-neesham-9219eff0
2021,JJ Bumrah,462411b3,Mumbai Indians,14,16,17,3,5.33,94.12,2,0,330,55.0,410,21,15.71,7.45,134,40.61,14,7,7,0,50.0,14,462411b3,https://a.espncdn.com/i/headshots/cricket/players/full/462411b3.png,https://www.espncricinfo.com/cricketers/jj-bumrah-462411b3
2021,JJ Roy,d1c36f5c,Sunrisers Hyderabad,5,150,120,5,30.0,125.0,21,1,0,,0,0,,,0,,14,3,10,1,23.08,7,d1c36f5c,https://a.espncdn.com/i/headshots/cricket/players/full/d1c36f5c.png,https://www.espncricinfo.com/cricketers/jj-roy-d1c36f5c
2021,JM Bairstow,abb83e27,Sunrisers Hyderabad,7,248,175,7,35.43,141.71,20,15,0,,0,0,,,0,,14,3,10,1,23.08,7,abb83e27,https://a.espncdn.com/i/headshots/cricket/players/full/abb83e27.png,https://www.espncricinfo.com/cricketers/jm-bairstow-abb83e27
2021,JO Holder,0f721006,Sunrisers Hyderabad,8,85,70,6,14.17,121.43,2,6,191,31.83,247,16,11.94,7.76,74,38.74,14,3,10,1,23.08,7,0f721006,https://a.espncdn.com/i/headshots/cricket/players/full/0f721006.png,https://www.espncricinfo.com/cricketers/jo-holder-0f721006
2021,JR Hazlewood,03806cf8,Chennai Super Kings,9,0,0,0,,,0,0,210,35.0,293,11,19.09,8.37,81,38.57,16,11,5,0,68.75,22,03806cf8,https://a.espncdn.com/i/headshots/cricket/players/full/03806cf8.png,https://www.espncricinfo.com/cricketers/jr-hazlewood-03806cf8
2021,Jalaj S Saxena,249abedf,Punjab Kings,1,0,0,0,,,0,0,18,3.0,27,0,,9.0,5,27.78,14,6,8,0,42.86,12,249abedf,https://a.espncdn.com/i/headshots/cricket/players/full/249abedf.png,https://www.espncricinfo.com/cricketers/jalaj-s-saxena-249abedf
2021,K Rabada,e62dd25d,Delhi Capitals,15,13,6,1,13.0,216.67,2,0,336,56.0,456,15,22.4,8.14,130,38.69,16,9,6,1,60.0,19,e62dd25d,https://a.espncdn.com/i/headshots/cricket/players/full/e62dd25d.png,https://www.espncricinfo.com/cricketers/k-rabada-e62dd25d
2021,K Yadav,030f3089,Rajasthan Royals,1,0,4,0,,0.0,0,0,12,2.0,16,0,,8.0,4,33.33,14,5,9,0,35.71,10,030f3089,https://a.espncdn.com/i/headshots/cricket/players/full/030f3089.png,https://www.espncricinfo.com/cricketers/k-yadav-030f3089
2021,KA Jamieson,68c56d09,Royal Challengers Bangalore,9,65,55,3,21.67,118.18,5,3,168,28.0,269,9,18.67,9.61,69,41.07,15,9,6,0,60.0,18,68c56d09,https://a.espncdn.com/i/headshots/cricket/players/full/68c56d09.png,https://www.espncricinfo.com/cricketers/ka-jamieson-68c56d09
2021,KA Pollard,a757b0d8,Mumbai Indians,14,245,164,8,30.62,149.39,16,16,79,13.17,95,5,15.8,7.22,26,32.91,14,7,7,0,50.0,14,a757b0d8,https://a.espncdn.com/i/headshots/cricket/players/full/a757b0d8.png,https://www.espncricinfo.com/cricketers/ka-pollard-a757b0d8
2021,KD Karthik,c03f1114,Kolkata Knight Riders,17,223,170,10,22.3,131.18,22,7,0,,0,0,,,0,,17,9,8,0,52.94,18,c03f1114,https://a.espncdn.com/i/headshots/cricket/players/full/c03f1114.png,https://www.espncricinfo.com/cricketers/kd-karthik-c03f1114
2021,KH Pandya,5b8c830e,Mumbai Indians,13,143,122,10,14.3,117.21,10,6,199,33.17,265,5,39.8,7.99,66,33.17,14,7,7,0,50.0,14,5b8c830e,https://a.espncdn.com/i/headshots/cricket/players/full/5b8c830e.png,https://www.espncricinfo.com/cricketers/kh-pandya-5b8c830e
2021,KK Ahmed,a2f46292,Sunrisers Hyderabad,7,1,2,1,1.0,50.0,0,0,162,27.0,219,5,32.4,8.11,53,32.72,14,3,10,1,23.08,7,a2f46292,https://a.espncdn.com/i/headshots/cricket/players/full/a2f46292.png,https://www.espncricinfo.com/cricketers/kk-ahmed-a2f46292
2021,KL Nagarkoti,b4f5c2d9,Kolkata Knight Riders,1,0,2,1,0.0,0.0,0,0,12,2.0,25,0,,12.5,2,16.67,17,9,8,0,52.94,18,b4f5c2d9,https://a.espncdn.com/i/headshots/cricket/players/full/b4f5c2d9.png,https://www.espncricinfo.com/cricketers/kl-nagarkoti-b4f5c2d9
2021,KL Rahul,b17e2f24,Punjab Kings,13,626,450,9,69.56,139.11,48,30,0,,0,0,,,0,,14,6,8,0,42.86,12,b17e2f24,https://a.espncdn.com/i/headshots/cricket/players/full/b17e2f24.png,https://www.espncricinfo.com/cricketers/kl-rahul-b17e2f24
2021,KM Asif,798cc28e,Chennai Super Kings,1,0,0,0,,,0,0,13,2.17,18,1,13.0,8.31,2,15.38,16,11,5,0,68.75,22,798cc28e,https://a.espncdn.com/i/headshots/cricket/players/full/798cc28e.png,https://www.espncricinfo.com/cricketers/km-asif-798cc28e
2021,KM Jadhav,99d63244,Sunrisers Hyderabad,6,55,52,4,13.75,105.77,2,2,0,,0,0,,,0,,14,3,10,1,23.08,7,99d63244,https://a.espncdn.com/i/headshots/cricket/players/full/99d63244.png,https://www.espncricinfo.com/cricketers/km-jadhav-99d63244
2021,KS Bharat,44a89551,Royal Challengers Bangalore,8,191,154,5,38.2,124.03,10,8,0,,0,0,,,0,,15,9,6,0,60.0,18,44a89551,https://a.espncdn.com/i/headshots/cricket/players/full/44a89551.png,https://www.espncricinfo.com/cricketers/ks-bharat-44a89551
2021,KS Williamson,d027ba9f,Sunrisers Hyderabad,10,270,237,6,45.0,113.92,30,2,0,,0,0,,,0,,14,3,10,1,23.08,7,d027ba9f,https://a.espncdn.com/i/headshots/cricket/players/full/d027ba9f.png,https://www.espncricinfo.com/cricketers/ks-williamson-d027ba9f
2021,KW Richardson,dfc4d8b5,Royal Challengers Bangalore,1,0,0,0,,,0,0,18,3.0,29,1,18.0,9.67,5,27.78,15,9,6,0,60.0,18,dfc4d8b5,https://a.espncdn.com/i/headshots/cricket/players/full/dfc4d8b5.png,https://www.espncricinfo.com/cricketers/kw-richardson-dfc4d8b5
2021,Kartik Tyagi,5d2eea49,Rajasthan Royals,4,2,4,1,2.0,50.0,0,0,84,14.0,124,4,21.0,8.86,36,42.86,14,5,9,0,35.71,10,5d2eea49,https://a.espncdn.com/i/headshots/cricket/players/full/5d2eea49.png,https://www.espncricinfo.com/cricketers/kartik-tyagi-5d2eea49
2021,L Ngidi,f834dcfc,Chennai Super Kings,3,0,0,0,,,0,0,72,12.0,125,5,14.4,10.42,24,33.33,16,11,5,0,68.75,22,f834dcfc,https://a.espncdn.com/i/headshots/cricket/players/full/f834dcfc.png,https://www.espncricinfo.com/cricketers/l-ngidi-f834dcfc
2021,LH Ferguson,2f9d0389,Kolkata Knight Riders,8,18,10,0,,180.0,1,1,180,30.0,224,13,13.85,7.47,74,41.11,17,9,8,0,52.94,18,2f9d0389,https://a.espncdn.com/i/headshots/cricket/players/full/2f9d0389.png,https://www.espncricinfo.com/cricketers/lh-ferguson-2f9d0389
2021,LI Meriwala,d3611425,Delhi Capitals,1,0,0,0,,,0,0,18,3.0,32,1,18.0,10.67,6,33.33,16,9,6,1,60.0,19,d3611425,https://a.espncdn.com/i/headshots/cricket/players/full/d3611425.png,https://www.espncricinfo.com/cricketers/li-meriwala-d3611425
2021,LS Livingstone,50c6bc2b,Rajasthan Royals,5,42,41,5,8.4,102.44,3,1,0,,0,0,,,0,,14,5,9,0,35.71,10,50c6bc2b,https://a.espncdn.com/i/headshots/cricket/players/full/50c6bc2b.png,https://www.espncricinfo.com/cricketers/ls-livingstone-50c6bc2b
2021,Lalit Yadav,ad427b5c,Delhi Capitals,7,68,70,2,34.0,97.14,7,0,84,14.0,101,4,21.0,7.21,21,25.0,16,9,6,1,60.0,19,ad427b5c,https://a.espncdn.com/i/headshots/cricket/players/full/ad427b5c.png,https://www.espncricinfo.com/cricketers/lalit-yadav-ad427b5c
2021,M Ashwin,e2db2409,Punjab Kings,3,15,24,2,7.5,62.5,1,0,66,11.0,97,1,66.0,8.82,16,24.24,14,6,8,0,42.86,12,e2db2409,https://a.espncdn.com/i/headshots/cricket/players/full/e2db2409.png,https://www.espncricinfo.com/cricketers/m-ashwin-e2db2409
2021,M Jansen,81c36ee9,Mumbai Indians,2,0,3,2,0.0,0.0,0,0,36,6.0,45,2,18.0,7.5,12,33.33,14,7,7,0,50.0,14,81c36ee9,https://a.espncdn.com/i/headshots/cricket/players/full/81c36ee9.png,https://www.espncricinfo.com/cricketers/m-jansen-81c36ee9
2021,M Markande,a9fd84fb,Rajasthan Royals,1,0,0,0,,,0,0,18,3.0,26,0,,8.67,4,22.22,14,5,9,0,35.71,10,a9fd84fb,https://a.espncdn.com/i/headshots/cricket/players/full/a9fd84fb.png,https://www.espncricinfo.com/cricketers/m-markande-a9fd84fb
2021,M Prasidh Krishna,85e0cf10,Kolkata Knight Riders,10,0,1,0,,0.0,0,0,231,38.5,351,12,19.25,9.12,99,42.86,17,9,8,0,52.94,18,85e0cf10,https://a.espncdn.com/i/headshots/cricket/players/full/85e0cf10.png,https://www.espncricinfo.com/cricketers/m-prasidh-krishna-85e0cf10
2021,M Shahrukh Khan,7dcb9bc9,Punjab Kings,11,153,114,6,25.5,134.21,9,10,0,,0,0,,,0,,14,6,8,0,42.86,12,7dcb9bc9,https://a.espncdn.com/i/headshots/cricket/players/full/7dcb9bc9.png,https://www.espncricinfo.com/cricketers/m-shahrukh-khan-7dcb9bc9
2021,M Vohra,c03e2850,Rajasthan Royals,4,42,39,4,10.5,107.69,5,2,0,,0,0,,,0,,14,5,9,0,35.71,10,c03e2850,https://a.espncdn.com/i/headshots/cricket/players/full/c03e2850.png,https://www.espncricinfo.com/cricketers/m-vohra-c03e2850
2021,MA Agarwal,00ea847a,Punjab Kings,12,441,309,12,36.75,142.72,42,18,0,,0,0,,,0,,14,6,8,0,42.86,12,00ea847a,https://a.espncdn.com/i/headshots/cricket/players/full/00ea847a.png,https://www.espncricinfo.com/cricketers/ma-agarwal-00ea847a
2021,MC Henriques,32198ae0,Punjab Kings,5,31,32,3,10.33,96.88,0,1,60,10.0,45,4,15.0,4.5,29,48.33,14,6,8,0,42.86,12,32198ae0,https://a.espncdn.com/i/headshots/cricket/players/full/32198ae0.png,https://www.espncricinfo.com/cricketers/mc-henriques-32198ae0
2021,MK Lomror,da934ee8,Rajasthan Royals,4,94,73,3,31.33,128.77,3,6,42,7.0,47,1,42.0,6.71,13,30.95,14,5,9,0,35.71,10,da934ee8,https://a.espncdn.com/i/headshots/cricket/players/full/da934ee8.png,https://www.espncricinfo.com/cricketers/mk-lomror-da934ee8
2021,MK Pandey,93b4fc78,Sunrisers Hyderabad,8,292,235,6,48.67,124.26,21,10,0,,0,0,,,0,,14,3,10,1,23.08,7,93b4fc78,https://a.espncdn.com/i/headshots/cricket/players/full/93b4fc78.png,https://www.espncricinfo.com/cricketers/mk-pandey-93b4fc78
2021,MM Ali,bb351c23,Chennai Super Kings,15,357,260,14,25.5,137.31,31,19,152,25.33,161,6,25.33,6.36,48,31.58,16,11,5,0,68.75,22,bb351c23,https://a.espncdn.com/i/headshots/cricket/players/full/bb351c23.png,https://www.espncricinfo.com/cricketers/mm-ali-bb351c23
2021,MP Stoinis,d9273ee7,Delhi Capitals,10,89,71,4,22.25,125.35,11,1,67,11.17,117,2,33.5,10.48,13,19.4,16,9,6,1,60.0,19,d9273ee7,https://a.espncdn.com/i/headshots/cricket/players/full/d9273ee7.png,https://www.espncricinfo.com/cricketers/mp-stoinis-d9273ee7
2021,MS Dhoni,4a8a2e3b,Chennai Super Kings,16,114,107,8,14.25,106.54,12,3,0,,0,0,,,0,,16,11,5,0,68.75,22,4a8a2e3b,https://a.espncdn.com/i/headshots/cricket/players/full/4a8a2e3b.png,https://www.espncricinfo.com/cricketers/ms-dhoni-4a8a2e3b
2021,Mandeep Singh,c3a96caf,Punjab Kings,1,15,13,1,15.0,115.38,2,0,0,,0,0,,,0,,14,6,8,0,42.86,12,c3a96caf,https://a.espncdn.com/i/headshots/cricket/players/full/c3a96caf.png,https://www.espncricinfo.com/cricketers/mandeep-singh-c3a96caf
2021,Mohammad Nabi,62af8546,Sunrisers Hyderabad,3,34,20,3,11.33,170.0,3,2,48,8.0,86,2,24.0,10.75,13,27.08,14,3,10,1,23.08,7,62af8546,https://a.espncdn.com/i/headshots/cricket/players/full/62af8546.png,https://www.espncricinfo.com/cricketers/mohammad-nabi-62af8546
2021,Mohammed Shami,8cf9814c,Punjab Kings,14,13,17,1,13.0,76.47,0,0,316,52.67,395,19,16.63,7.5,141,44.62,14,6,8,0,42.86,12,8cf9814c,https://a.espncdn.com/i/headshots/cricket/players/full/8cf9814c.png,https://www.espncricinfo.com/cricketers/mohammed-shami-8cf9814c
2021,Mohammed Siraj,2f49c897,Royal Challengers Bangalore,15,20,26,1,20.0,76.92,1,1,312,52.0,353,11,28.36,6.79,140,44.87,15,9,6,0,60.0,18,2f49c897,https://a.espncdn.com/i/headshots/cricket/players/full/2f49c897.png,https://www.espncricinfo.com/cricketers/mohammed-siraj-2f49c897
2021,Mujeeb Ur Rahman,7d92277a,Sunrisers Hyderabad,1,1,1,0,,100.0,0,0,24,4.0,29,2,12.0,7.25,9,37.5,14,3,10,1,23.08,7,7d92277a,https://a.espncdn.com/i/headshots/cricket/players/full/7d92277a.png,https://www.espncricinfo.com/cricketers/mujeeb-ur-rahman-7d92277a
2021,Mustafizur Rahman,0a8fce53,Rajasthan Royals,14,8,14,0,,57.14,0,1,311,51.83,436,14,22.21,8.41,106,34.08,14,5,9,0,35.71,10,0a8fce53,https://a.espncdn.com/i/headshots/cricket/players/full/0a8fce53.png,https://www.espncricinfo.com/cricketers/mustafizur-rahman-0a8fce53
2021,N Pooran,3241e3fd,Punjab Kings,12,85,76,10,8.5,111.84,3,5,0,,0,0,,,0,,14,6,8,0,42.86,12,3241e3fd,https://a.espncdn.com/i/headshots/cricket/players/full/3241e3fd.png,https://www.espncricinfo.com/cricketers/n-pooran-3241e3fd
2021,N Rana,fb2d1dda,Kolkata Knight Riders,17,383,313,13,29.46,122.36,34,17,12,2.0,12,0,,6.0,5,41.67,17,9,8,0,52.94,18,fb2d1dda,https://a.espncdn.com/i/headshots/cricket/players/full/fb2d1dda.png,https://www.espncricinfo.com/cricketers/n-rana-fb2d1dda
2021,NM Coulter-Nile,56ab442f,Mumbai Indians,5,4,5,2,2.0,80.0,0,0,120,20.0,127,7,17.14,6.35,49,40.83,14,7,7,0,50.0,14,56ab442f,https://a.espncdn.com/i/headshots/cricket/players/full/56ab442f.png,https://www.espncricinfo.com/cricketers/nm-coulter-nile-56ab442f
2021,NT Ellis,9eb1455b,Punjab Kings,3,18,16,1,18.0,112.5,0,1,66,11.0,90,1,66.0,8.18,23,34.85,14,6,8,0,42.86,12,9eb1455b,https://a.espncdn.com/i/headshots/cricket/players/full/9eb1455b.png,https://www.espncricinfo.com/cricketers/nt-ellis-9eb1455b
2021,Navdeep Saini,21d4e29b,Royal Challengers Bangalore,2,2,4,1,2.0,50.0,0,0,24,4.0,52,0,,13.0,4,16.67,15,9,6,0,60.0,18,,,
2021,P Simran Singh,9418198b,Punjab Kings,2,19,23,2,9.5,82.61,1,1,0,,0,0,,,0,,14,6,8,0,42.86,12,9418198b,https://a.espncdn.com/i/headshots/cricket/players/full/9418198b.png,https://www.espncricinfo.com/cricketers/p-simran-singh-9418198b
2021,PJ Cummins,ded9240e,Kolkata Knight Riders,7,93,56,5,18.6,166.07,5,8,161,26.83,237,9,17.89,8.83,60,37.27,17,9,8,0,52.94,18,ded9240e,https://a.espncdn.com/i/headshots/cricket/players/full/ded9240e.png,https://www.espncricinfo.com/cricketers/pj-cummins-ded9240e
2021,PK Garg,bb965e9a,Sunrisers Hyderabad,5,72,74,5,14.4,97.3,2,3,0,,0,0,,,0,,14,3,10,1,23.08,7,bb965e9a,https://a.espncdn.com/i/headshots/cricket/players/full/bb965e9a.png,https://www.espncricinfo.com/cricketers/pk-garg-bb965e9a
2021,PP Chawla,98ae73b1,Mumbai Indians,1,0,2,1,0.0,0.0,0,0,24,4.0,38,1,24.0,9.5,3,12.5,14,7,7,0,50.0,14,98ae73b1,https://a.espncdn.com/i/headshots/cricket/players/full/98ae73b1.png,https://www.espncricinfo.com/cricketers/pp-chawla-98ae73b1
2021,PP Shaw,8b3e9c7c,Delhi Capitals,15,479,300,14,34.21,159.67,56,18,0,,0,0,,,0,,16,9,6,1,60.0,19,8b3e9c7c,https://a.espncdn.com/i/headshots/cricket/players/full/8b3e9c7c.png,https://www.espncricinfo.com/cricketers/pp-shaw-8b3e9c7c
2021,PWH de Silva,a97c8ec2,Royal Challengers Bangalore,2,1,2,1,1.0,50.0,0,0,36,6.0,60,0,,10.0,11,30.56,15,9,6,0,60.0,18,a97c8ec2,https://a.espncdn.com/i/headshots/cricket/players/full/a97c8ec2.png,https://www.espncricinfo.com/cricketers/pwh-de-silva-a97c8ec2
2021,Q de Kock,372455c4,Mumbai Indians,11,297,255,10,29.7,116.47,29,7,0,,0,0,,,0,,14,7,7,0,50.0,14,372455c4,https://a.espncdn.com/i/headshots/cricket/players/full/372455c4.png,https://www.espncricinfo.com/cricketers/q-de-kock-372455c4
2021,R Ashwin,495d42a5,Delhi Capitals,13,44,42,3,14.67,104.76,2,1,268,44.67,331,7,38.29,7.41,92,34.33,16,9,6,1,60.0,19,495d42a5,https://a.espncdn.com/i/headshots/cricket/players/full/495d42a5.png,https://www.espncricinfo.com/cricketers/r-ashwin-495d42a5
2021,R Parag,04a418e8,Rajasthan Royals,11,93,82,8,11.62,113.41,6,4,37,6.17,73,1,37.0,11.84,7,18.92,14,5,9,0,35.71,10,04a418e8,https://a.espncdn.com/i/headshots/cricket/players/full/04a418e8.png,https://www.espncricinfo.com/cricketers/r-parag-04a418e8
2021,R Tewatia,39a2dfa8,Rajasthan Royals,14,155,147,11,14.09,105.44,11,6,222,37.0,340,8,27.75,9.19,48,21.62,14,5,9,0,35.71,10,39a2dfa8,https://a.espncdn.com/i/headshots/cricket/players/full/39a2dfa8.png,https://www.espncricinfo.com/cricketers/r-tewatia-39a2dfa8
2021,RA Jadeja,fe93fd9d,Chennai Super Kings,16,227,155,4,56.75,146.45,19,9,294,49.0,346,13,22.62,7.06,103,35.03,16,11,5,0,68.75,22,fe93fd9d,https://a.espncdn.com/i/headshots/cricket/players/full/fe93fd9d.png,https://www.espncricinfo.com/cricketers/ra-jadeja-fe93fd9d
2021,RA Tripathi,77255a9e,Kolkata Knight Riders,17,397,282,15,26.47,140.78,41,11,0,,0,0,,,0,,17,9,8,0,52.94,18,77255a9e,https://a.espncdn.com/i/headshots/cricket/players/full/77255a9e.png,https://www.espncricinfo.com/cricketers/ra-tripathi-77255a9e
2021,RD Chahar,2ed569a0,Mumbai Indians,11,14,15,4,3.5,93.33,1,0,258,43.0,318,13,19.85,7.4,90,34.88,14,7,7,0,50.0,14,2ed569a0,https://a.espncdn.com/i/headshots/cricket/players/full/2ed569a0.png,https://www.espncricinfo.com/cricketers/rd-chahar-2ed569a0
2021,RD Gaikwad,45a43fe2,Chennai Super Kings,16,635,462,15,42.33,137.45,64,23,0,,0,0,,,0,,16,11,5,0,68.75,22,45a43fe2,https://a.espncdn.com/i/headshots/cricket/players/full/45a43fe2.png,https://www.espncricinfo.com/cricketers/rd-gaikwad-45a43fe2
2021,RG Sharma,740742ef,Mumbai Indians,13,381,298,12,31.75,127.85,33,14,7,1.17,13,0,,11.14,0,0.0,14,7,7,0,50.0,14,740742ef,https://a.espncdn.com/i/headshots/cricket/players/full/740742ef.png,https://www.espncricinfo.com/cricketers/rg-sharma-740742ef
2021,RM Patidar,c740ea83,Royal Challengers Bangalore,4,71,62,4,17.75,114.52,3,3,0,,0,0,,,0,,15,9,6,0,60.0,18,c740ea83,https://a.espncdn.com/i/headshots/cricket/players/full/c740ea83.png,https://www.espncricinfo.com/cricketers/rm-patidar-c740ea83
2021,RP Meredith,64775749,Punjab Kings,5,0,0,0,,,0,0,102,17.0,169,4,25.5,9.94,36,35.29,14,6,8,0,42.86,12,64775749,https://a.espncdn.com/i/headshots/cricket/players/full/64775749.png,https://www.espncricinfo.com/cricketers/rp-meredith-64775749
2021,RR Pant,919a3be2,Delhi Capitals,16,424,328,13,32.62,129.27,43,10,0,,0,0,,,0,,16,9,6,1,60.0,19,919a3be2,https://a.espncdn.com/i/headshots/cricket/players/full/919a3be2.png,https://www.espncricinfo.com/cricketers/rr-pant-919a3be2
2021,RV Patel,60500956,Delhi Capitals,2,25,27,1,25.0,92.59,3,0,18,3.0,22,0,,7.33,5,27.78,16,9,6,1,60.0,19,60500956,https://a.espncdn.com/i/headshots/cricket/players/full/60500956.png,https://www.espncricinfo.com/cricketers/rv-patel-60500956
2021,RV Uthappa,1c17e270,Chennai Super Kings,4,115,84,4,28.75,136.9,8,5,0,,0,0,,,0,,16,11,5,0,68.75,22,1c17e270,https://a.espncdn.com/i/headshots/cricket/players/full/1c17e270.png,https://www.espncricinfo.com/cricketers/rv-uthappa-1c17e270
2021,Rashid Khan,5f547c8b,Sunrisers Hyderabad,14,83,66,8,10.38,125.76,9,2,342,57.0,380,18,19.0,6.67,122,35.67,14,3,10,1,23.08,7,5f547c8b,https://a.espncdn.com/i/headshots/cricket/players/full/5f547c8b.png,https://www.espncricinfo.com/cricketers/rashid-khan-5f547c8b
2021,Ravi Bishnoi,df064e1a,Punjab Kings,9,1,4,1,1.0,25.0,0,0,216,36.0,230,12,18.0,6.39,81,37.5,14,6,8,0,42.86,12,df064e1a,https://a.espncdn.com/i/headshots/cricket/players/full/df064e1a.png,https://www.espncricinfo.com/cricketers/ravi-bishnoi-df064e1a
2021,S Dhawan,0a476045,Delhi Capitals,16,587,471,15,39.13,124.63,63,16,0,,0,0,,,0,,16,9,6,1,60.0,19,0a476045,https://a.espncdn.com/i/headshots/cricket/players/full/0a476045.png,https://www.espncricinfo.com/cricketers/s-dhawan-0a476045
2021,S Dube,a4e37e47,Rajasthan Royals,9,230,193,8,28.75,119.17,18,10,30,5.0,49,0,,9.8,6,20.0,14,5,9,0,35.71,10,a4e37e47,https://a.espncdn.com/i/headshots/cricket/players/full/a4e37e47.png,https://www.espncricinfo.com/cricketers/s-dube-a4e37e47
2021,S Gopal,7a8bd078,Rajasthan Royals,3,7,5,1,7.0,140.0,0,1,42,7.0,84,0,,12.0,11,26.19,14,5,9,0,35.71,10,7a8bd078,https://a.espncdn.com/i/headshots/cricket/players/full/7a8bd078.png,https://www.espncricinfo.com/cricketers/s-gopal-7a8bd078
2021,S Kaul,dcf81436,Sunrisers Hyderabad,8,8,8,0,,100.0,1,0,180,30.0,247,7,25.71,8.23,67,37.22,14,3,10,1,23.08,7,dcf81436,https://a.espncdn.com/i/headshots/cricket/players/full/dcf81436.png,https://www.espncricinfo.com/cricketers/s-kaul-dcf81436
2021,S Nadeem,9d80c5e1,Sunrisers Hyderabad,1,0,1,1,0.0,0.0,0,0,24,4.0,36,1,24.0,9.0,9,37.5,14,3,10,1,23.08,7,9d80c5e1,https://a.espncdn.com/i/headshots/cricket/players/full/9d80c5e1.png,https://www.espncricinfo.com/cricketers/s-nadeem-9d80c5e1
2021,S Sandeep Warrier,cdc6bdba,Kolkata Knight Riders,1,0,0,0,,,0,0,12,2.0,15,0,,7.5,6,50.0,17,9,8,0,52.94,18,cdc6bdba,https://a.espncdn.com/i/headshots/cricket/players/full/cdc6bdba.png,https://www.espncricinfo.com/cricketers/s-sandeep-warrier-cdc6bdba
2021,SA Yadav,271f83cd,Mumbai Indians,14,317,220,14,22.64,144.09,40,10,0,,0,0,,,0,,14,7,7,0,50.0,14,271f83cd,https://a.espncdn.com/i/headshots/cricket/players/full/271f83cd.png,https://www.espncricinfo.com/cricketers/sa-yadav-271f83cd
2021,SK Raina,1dc12ab9,Chennai Super Kings,12,160,127,7,22.86,125.98,13,9,0,,0,0,,,0,,16,11,5,0,68.75,22,1dc12ab9,https://a.espncdn.com/i/headshots/cricket/players/full/1dc12ab9.png,https://www.espncricinfo.com/cricketers/sk-raina-1dc12ab9
2021,SM Curran,e94915e6,Chennai Super Kings,9,56,29,3,18.67,193.1,5,3,198,33.0,328,9,22.0,9.94,72,36.36,16,11,5,0,68.75,22,e94915e6,https://a.espncdn.com/i/headshots/cricket/players/full/e94915e6.png,https://www.espncricinfo.com/cricketers/sm-curran-e94915e6
2021,SN Khan,f088b960,Punjab Kings,2,0,4,2,0.0,0.0,0,0,0,,0,0,,,0,,14,6,8,0,42.86,12,f088b960,https://a.espncdn.com/i/headshots/cricket/players/full/f088b960.png,https://www.espncricinfo.com/cricketers/sn-khan-f088b960
2021,SN Thakur,1abb78f8,Chennai Super Kings,16,5,4,1,5.0,125.0,0,0,359,59.83,527,21,17.1,8.81,134,37.33,16,11,5,0,68.75,22,1abb78f8,https://a.espncdn.com/i/headshots/cricket/players/full/1abb78f8.png,https://www.espncricinfo.com/cricketers/sn-thakur-1abb78f8
2021,SO Hetmyer,48a1d7b7,Delhi Capitals,14,242,142,6,40.33,170.42,19,12,0,,0,0,,,0,,16,9,6,1,60.0,19,48a1d7b7,https://a.espncdn.com/i/headshots/cricket/players/full/48a1d7b7.png,https://www.espncricinfo.com/cricketers/so-hetmyer-48a1d7b7
2021,SP Narine,9d430b40,Kolkata Knight Riders,14,62,47,8,7.75,131.91,3,5,336,56.0,361,16,21.0,6.45,125,37.2,17,9,8,0,52.94,18,9d430b40,https://a.espncdn.com/i/headshots/cricket/players/full/9d430b40.png,https://www.espncricinfo.com/cricketers/sp-narine-9d430b40
2021,SPD Smith,30a45b23,Delhi Capitals,8,152,135,6,25.33,112.59,13,2,0,,0,0,,,0,,16,9,6,1,60.0,19,30a45b23,https://a.espncdn.com/i/headshots/cricket/players/full/30a45b23.png,https://www.espncricinfo.com/cricketers/spd-smith-30a45b23
2021,SS Iyer,85ec8e33,Delhi Capitals,8,175,171,6,29.17,102.34,7,5,0,,0,0,,,0,,16,9,6,1,60.0,19,85ec8e33,https://a.espncdn.com/i/headshots/cricket/players/full/85ec8e33.png,https://www.espncricinfo.com/cricketers/ss-iyer-85ec8e33
2021,SS Tiwary,709b0bac,Mumbai Indians,5,115,97,2,57.5,118.56,10,2,0,,0,0,,,0,,14,7,7,0,50.0,14,709b0bac,https://a.espncdn.com/i/headshots/cricket/players/full/709b0bac.png,https://www.espncricinfo.com/cricketers/ss-tiwary-709b0bac
2021,SV Samson,a4cc73aa,Rajasthan Royals,14,484,351,12,40.33,137.89,45,17,0,,0,0,,,0,,14,5,9,0,35.71,10,a4cc73aa,https://a.espncdn.com/i/headshots/cricket/players/full/a4cc73aa.png,https://www.espncricinfo.com/cricketers/sv-samson-a4cc73aa
2021,Sachin Baby,dc9dd038,Royal Challengers Bangalore,1,7,16,1,7.0,43.75,0,0,0,,0,0,,,0,,15,9,6,0,60.0,18,dc9dd038,https://a.espncdn.com/i/headshots/cricket/players/full/dc9dd038.png,https://www.espncricinfo.com/cricketers/sachin-baby-dc9dd038
2021,Sandeep Sharma,ce820073,Sunrisers Hyderabad,7,8,7,0,,114.29,1,0,141,23.5,203,3,47.0,8.64,51,36.17,14,3,10,1,23.08,7,ce820073,https://a.espncdn.com/i/headshots/cricket/players/full/ce820073.png,https://www.espncricinfo.com/cricketers/sandeep-sharma-ce820073
2021,Shahbaz Ahmed,f9e6e7ef,Royal Challengers Bangalore,11,59,53,7,8.43,111.32,4,2,84,14.0,92,7,12.0,6.57,21,25.0,15,9,6,0,60.0,18,f9e6e7ef,https://a.espncdn.com/i/headshots/cricket/players/full/f9e6e7ef.png,https://www.espncricinfo.com/cricketers/shahbaz-ahmed-f9e6e7ef
2021,Shakib Al Hasan,7dc35884,Kolkata Knight Riders,8,47,48,5,9.4,97.92,3,1,156,26.0,187,4,39.0,7.19,49,31.41,17,9,8,0,52.94,18,7dc35884,https://a.espncdn.com/i/headshots/cricket/players/full/7dc35884.png,https://www.espncricinfo.com/cricketers/shakib-al-hasan-7dc35884
2021,Shivam Mavi,c38d3503,Kolkata Knight Riders,9,25,20,2,12.5,125.0,2,2,193,32.17,233,11,17.55,7.24,85,44.04,17,9,8,0,52.94,18,c38d3503,https://a.espncdn.com/i/headshots/cricket/players/full/c38d3503.png,https://www.espncricinfo.com/cricketers/shivam-mavi-c38d3503
2021,Shubman Gill,b4b99816,Kolkata Knight Riders,17,478,401,17,28.12,119.2,50,12,0,,0,0,,,0,,17,9,8,0,52.94,18,b4b99816,https://a.espncdn.com/i/headshots/cricket/players/full/b4b99816.png,https://www.espncricinfo.com/cricketers/shubman-gill-b4b99816
2021,T Natarajan,ce794613,Sunrisers Hyderabad,2,0,0,0,,,0,0,48,8.0,69,2,24.0,8.62,13,27.08,14,3,10,1,23.08,7,ce794613,https://a.espncdn.com/i/headshots/cricket/players/full/ce794613.png,https://www.espncricinfo.com/cricketers/t-natarajan-ce794613
2021,T Shamsi,a03bba42,Rajasthan Royals,1,2,4,0,,50.0,0,0,24,4.0,34,0,,8.5,2,8.33,14,5,9,0,35.71,10,a03bba42,https://a.espncdn.com/i/headshots/cricket/players/full/a03bba42.png,https://www.espncricinfo.com/cricketers/t-shamsi-a03bba42
2021,TA Boult,a818c1be,Mumbai Indians,14,1,4,0,,25.0,0,0,308,51.33,406,13,23.69,7.91,135,43.83,14,7,7,0,50.0,14,a818c1be,https://a.espncdn.com/i/headshots/cricket/players/full/a818c1be.png,https://www.espncricinfo.com/cricketers/ta-boult-a818c1be
2021,TG Southee,13c35c9e,Kolkata Knight Riders,3,3,5,1,3.0,60.0,0,0,72,12.0,95,3,24.0,7.92,23,31.94,17,9,8,0,52.94,18,13c35c9e,https://a.espncdn.com/i/headshots/cricket/players/full/13c35c9e.png,https://www.espncricinfo.com/cricketers/tg-southee-13c35c9e
2021,TH David,f1f99156,Royal Challengers Bangalore,1,1,3,1,1.0,33.33,0,0,0,,0,0,,,0,,15,9,6,0,60.0,18,f1f99156,https://a.espncdn.com/i/headshots/cricket/players/full/f1f99156.png,https://www.espncricinfo.com/cricketers/th-david-f1f99156
2021,TK Curran,e86754b2,Delhi Capitals,3,21,17,1,21.0,123.53,2,0,68,11.33,104,4,17.0,9.18,19,27.94,16,9,6,1,60.0,19,e86754b2,https://a.espncdn.com/i/headshots/cricket/players/full/e86754b2.png,https://www.espncricinfo.com/cricketers/tk-curran-e86754b2
2021,TL Seifert,4663bd23,Kolkata Knight Riders,1,2,4,1,2.0,50.0,0,0,0,,0,0,,,0,,17,9,8,0,52.94,18,4663bd23,https://a.espncdn.com/i/headshots/cricket/players/full/4663bd23.png,https://www.espncricinfo.com/cricketers/tl-seifert-4663bd23
2021,Umran Malik,81c08fa3,Sunrisers Hyderabad,3,0,0,0,,,0,0,72,12.0,96,2,36.0,8.0,31,43.06,14,3,10,1,23.08,7,81c08fa3,https://a.espncdn.com/i/headshots/cricket/players/full/81c08fa3.png,https://www.espncricinfo.com/cricketers/umran-malik-81c08fa3
2021,V Kohli,ba607b88,Royal Challengers Bangalore,15,405,337,14,28.93,120.18,43,9,0,,0,0,,,0,,15,9,6,0,60.0,18,ba607b88,https://a.espncdn.com/i/headshots/cricket/players/full/ba607b88.png,https://www.espncricinfo.com/cricketers/v-kohli-ba607b88
2021,V Shankar,0994d0ae,Sunrisers Hyderabad,7,58,52,5,11.6,111.54,1,3,66,11.0,100,3,22.0,9.09,22,33.33,14,3,10,1,23.08,7,0994d0ae,https://a.espncdn.com/i/headshots/cricket/players/full/0994d0ae.png,https://www.espncricinfo.com/cricketers/v-shankar-0994d0ae
2021,VR Iyer,a24be938,Kolkata Knight Riders,10,370,288,9,41.11,128.47,37,14,51,8.5,69,3,17.0,8.12,12,23.53,17,9,8,0,52.94,18,a24be938,https://a.espncdn.com/i/headshots/cricket/players/full/a24be938.png,https://www.espncricinfo.com/cricketers/vr-iyer-a24be938
2021,Virat Singh,26d76ad9,Sunrisers Hyderabad,3,15,26,3,5.0,57.69,1,0,0,,0,0,,,0,,14,3,10,1,23.08,7,26d76ad9,https://a.espncdn.com/i/headshots/cricket/players/full/26d76ad9.png,https://www.espncricinfo.com/cricketers/virat-singh-26d76ad9
2021,WP Saha,fe11caa6,Sunrisers Hyderabad,9,131,139,9,14.56,94.24,7,5,0,,0,0,,,0,,14,3,10,1,23.08,7,fe11caa6,https://a.espncdn.com/i/headshots/cricket/players/full/fe11caa6.png,https://www.espncricinfo.com/cricketers/wp-saha-fe11caa6
2021,Washington Sundar,f19ccfad,Royal Challengers Bangalore,6,31,46,4,7.75,67.39,2,0,96,16.0,118,3,32.0,7.38,31,32.29,15,9,6,0,60.0,18,f19ccfad,https://a.espncdn.com/i/headshots/cricket/players/full/f19ccfad.png,https://www.espncricinfo.com/cricketers/washington-sundar-f19ccfad
2021,YBK Jaiswal,6c19c6e5,Rajasthan Royals,10,249,168,10,24.9,148.21,32,10,0,,0,0,,,0,,14,5,9,0,35.71,10,6c19c6e5,https://a.espncdn.com/i/headshots/cricket/players/full/6c19c6e5.png,https://www.espncricinfo.com/cricketers/ybk-jaiswal-6c19c6e5
2021,YS Chahal,57ee1fde,Royal Challengers Bangalore,15,10,27,0,,37.04,0,0,318,53.0,374,18,17.67,7.06,123,38.68,15,9,6,0,60.0,18,57ee1fde,https://a.espncdn.com/i/headshots/cricket/players/full/57ee1fde.png,https://www.espncricinfo.com/cricketers/ys-chahal-57ee1fde
2022,A Badoni,872b03f7,Lucknow Super Giants,13,161,130,9,17.89,123.85,11,7,12,2.0,11,2,6.0,5.5,3,25.0,15,9,6,0,60.0,18,872b03f7,https://a.espncdn.com/i/headshots/cricket/players/full/872b03f7.png,https://www.espncricinfo.com/cricketers/a-badoni-872b03f7
2022,A Manohar,0890552f,Gujarat Titans,8,108,75,6,18.0,144.0,14,3,0,,0,0,,,0,,16,12,4,0,75.0,24,0890552f,https://a.espncdn.com/i/headshots/cricket/players/full/0890552f.png,https://www.espncricinfo.com/cricketers/a-manohar-0890552f
2022,A Nortje,acdc62f5,Delhi Capitals,6,1,6,0,,16.67,0,0,134,22.33,217,9,14.89,9.72,47,35.07,14,7,7,0,50.0,14,acdc62f5,https://a.espncdn.com/i/headshots/cricket/players/full/acdc62f5.png,https://www.espncricinfo.com/cricketers/a-nortje-acdc62f5
2022,A Tomar,aa5d8c9e,Kolkata Knight Riders,1,4,8,1,4.0,50.0,1,0,0,,0,0,,,0,,14,6,8,0,42.86,12,aa5d8c9e,https://a.espncdn.com/i/headshots/cricket/players/full/aa5d8c9e.png,https://www.espncricinfo.com/cricketers/a-tomar-aa5d8c9e
2022,AD Russell,bbd41817,Kolkata Knight Riders,14,335,189,9,37.22,177.25,18,32,169,28.17,278,17,9.94,9.87,57,33.73,14,6,8,0,42.86,12,bbd41817,https://a.espncdn.com/i/headshots/cricket/players/full/bbd41817.png,https://www.espncricinfo.com/cricketers/ad-russell-bbd41817
2022,AF Milne,350bb1b1,Chennai Super Kings,1,0,0,0,,,0,0,15,2.5,19,0,,7.6,9,60.0,14,4,10,0,28.57,8,350bb1b1,https://a.espncdn.com/i/headshots/cricket/players/full/350bb1b1.png,https://www.espncricinfo.com/cricketers/af-milne-350bb1b1
2022,AJ Finch,b8d490fd,Kolkata Knight Riders,5,86,61,6,14.33,140.98,10,3,0,,0,0,,,0,,14,6,8,0,42.86,12,b8d490fd,https://a.espncdn.com/i/headshots/cricket/players/full/b8d490fd.png,https://www.espncricinfo.com/cricketers/aj-finch-b8d490fd
2022,AJ Tye,7c7d63a2,Lucknow Super Giants,3,0,0,0,,,0,0,66,11.0,107,2,33.0,9.73,21,31.82,15,9,6,0,60.0,18,7c7d63a2,https://a.espncdn.com/i/headshots/cricket/players/full/7c7d63a2.png,https://www.espncricinfo.com/cricketers/aj-tye-7c7d63a2
2022,AK Markram,6a26221c,Sunrisers Hyderabad,14,381,273,8,47.62,139.56,25,19,36,6.0,64,1,36.0,10.67,8,22.22,14,6,8,0,42.86,12,6a26221c,https://a.espncdn.com/i/headshots/cricket/players/full/6a26221c.png,https://www.espncricinfo.com/cricketers/ak-markram-6a26221c
2022,AM Rahane,29e95537,Kolkata Knight Riders,7,133,128,7,19.0,103.91,14,4,0,,0,0,,,0,,14,6,8,0,42.86,12,29e95537,https://a.espncdn.com/i/headshots/cricket/players/full/29e95537.png,https://www.espncricinfo.com/cricketers/am-rahane-29e95537
2022,AR Patel,2e171977,Delhi Capitals,13,182,120,3,60.67,151.67,12,10,258,43.0,321,6,43.0,7.47,85,32.95,14,7,7,0,50.0,14,2e171977,https://a.espncdn.com/i/headshots/cricket/players/full/2e171977.png,https://www.espncricinfo.com/cricketers/ar-patel-2e171977
2022,AS Joseph,b0946605,Gujarat Titans,9,5,7,1,5.0,71.43,0,0,180,30.0,264,7,25.71,8.8,67,37.22,16,12,4,0,75.0,24,b0946605,https://a.espncdn.com/i/headshots/cricket/players/full/b0946605.png,https://www.espncricinfo.com/cricketers/as-joseph-b0946605
2022,AS Roy,e4cdf230,Kolkata Knight Riders,2,0,2,1,0.0,0.0,0,0,42,7.0,55,1,42.0,7.86,11,26.19,14,6,8,0,42.86,12,e4cdf230,https://a.espncdn.com/i/headshots/cricket/players/full/e4cdf230.png,https://www.espncricinfo.com/cricketers/as-roy-e4cdf230
2022,AT Rayudu,70d205c9,Chennai Super Kings,13,274,223,10,27.4,122.87,25,15,0,,0,0,,,0,,14,4,10,0,28.57,8,70d205c9,https://a.espncdn.com/i/headshots/cricket/players/full/70d205c9.png,https://www.espncricinfo.com/cricketers/at-rayudu-70d205c9
2022,Abdul Samad,8e514b4c,Sunrisers Hyderabad,2,4,7,2,2.0,57.14,0,0,6,1.0,8,0,,8.0,1,16.67,14,6,8,0,42.86,12,8e514b4c,https://a.espncdn.com/i/headshots/cricket/players/full/8e514b4c.png,https://www.espncricinfo.com/cricketers/abdul-samad-8e514b4c
2022,Abhishek Sharma,f29185a1,Sunrisers Hyderabad,14,426,319,15,28.4,133.54,47,13,24,4.0,38,0,,9.5,3,12.5,14,6,8,0,42.86,12,f29185a1,https://a.espncdn.com/i/headshots/cricket/players/full/f29185a1.png,https://www.espncricinfo.com/cricketers/abhishek-sharma-f29185a1
2022,Akash Deep,0a67aec0,Royal Challengers Bangalore,5,0,2,1,0.0,0.0,0,0,113,18.83,205,5,22.6,10.88,39,34.51,16,9,7,0,56.25,18,0a67aec0,https://a.espncdn.com/i/headshots/cricket/players/full/0a67aec0.png,https://www.espncricinfo.com/cricketers/akash-deep-0a67aec0
2022,Aman Hakim Khan,378daa89,Kolkata Knight Riders,1,5,3,1,5.0,166.67,1,0,6,1.0,13,0,,13.0,1,16.67,14,6,8,0,42.86,12,378daa89,https://a.espncdn.com/i/headshots/cricket/players/full/378daa89.png,https://www.espncricinfo.com/cricketers/aman-hakim-khan-378daa89
2022,Anmolpreet Singh,1399b39c,Mumbai Indians,2,13,13,2,6.5,100.0,1,0,0,,0,0,,,0,,14,4,10,0,28.57,8,1399b39c,https://a.espncdn.com/i/headshots/cricket/players/full/1399b39c.png,https://www.espncricinfo.com/cricketers/anmolpreet-singh-1399b39c
2022,Anuj Rawat,c8f5f961,Royal Challengers Bangalore,8,129,118,7,18.43,109.32,10,7,0,,0,0,,,0,,16,9,7,0,56.25,18,c8f5f961,https://a.espncdn.com/i/headshots/cricket/players/full/c8f5f961.png,https://www.espncricinfo.com/cricketers/anuj-rawat-c8f5f961
2022,Arshdeep Singh,244048f6,Punjab Kings,14,21,29,3,7.0,72.41,3,0,300,50.0,385,10,30.0,7.7,102,34.0,14,7,7,0,50.0,14,244048f6,https://a.espncdn.com/i/headshots/cricket/players/full/244048f6.png,https://www.espncricinfo.com/cricketers/arshdeep-singh-244048f6
2022,Avesh Khan,eef2536f,Lucknow Super Giants,13,22,13,1,22.0,169.23,0,3,286,47.67,416,18,15.89,8.73,122,42.66,15,9,6,0,60.0,18,eef2536f,https://a.espncdn.com/i/headshots/cricket/players/full/eef2536f.png,https://www.espncricinfo.com/cricketers/avesh-khan-eef2536f
2022,B Indrajith,ff1e68fa,Kolkata Knight Riders,3,21,30,3,7.0,70.0,2,0,0,,0,0,,,0,,14,6,8,0,42.86,12,ff1e68fa,https://a.espncdn.com/i/headshots/cricket/players/full/ff1e68fa.png,https://www.espncricinfo.com/cricketers/b-indrajith-ff1e68fa
2022,B Kumar,2e81a32d,Sunrisers Hyderabad,14,24,25,2,12.0,96.0,3,0,313,52.17,383,12,26.08,7.34,129,41.21,14,6,8,0,42.86,12,2e81a32d,https://a.espncdn.com/i/headshots/cricket/players/full/2e81a32d.png,https://www.espncricinfo.com/cricketers/b-kumar-2e81a32d
2022,B Sai Sudharsan,d5130a30,Gujarat Titans,5,145,113,4,36.25,128.32,14,3,0,,0,0,,,0,,16,12,4,0,75.0,24,d5130a30,https://a.espncdn.com/i/headshots/cricket/players/full/d5130a30.png,https://www.espncricinfo.com/cricketers/b-sai-sudharsan-d5130a30
2022,Basil Thampi,871e9faf,Mumbai Indians,5,0,0,0,,,0,0,96,16.0,152,5,19.2,9.5,38,39.58,14,4,10,0,28.57,8,871e9faf,https://a.espncdn.com/i/headshots/cricket/players/full/871e9faf.png,https://www.espncricinfo.com/cricketers/basil-thampi-871e9faf
2022,C Sakariya,2cdce1be,Delhi Capitals,3,0,0,0,,,0,0,66,11.0,84,3,22.0,7.64,18,27.27,14,7,7,0,50.0,14,2cdce1be,https://a.espncdn.com/i/headshots/cricket/players/full/2cdce1be.png,https://www.espncricinfo.com/cricketers/c-sakariya-2cdce1be
2022,CJ Jordan,ffe699c0,Chennai Super Kings,4,11,8,1,11.0,137.5,0,0,77,12.83,135,2,38.5,10.52,22,28.57,14,4,10,0,28.57,8,ffe699c0,https://a.espncdn.com/i/headshots/cricket/players/full/ffe699c0.png,https://www.espncricinfo.com/cricketers/cj-jordan-ffe699c0
2022,CV Varun,5b7ab5a9,Kolkata Knight Riders,11,12,18,0,,66.67,2,0,234,39.0,332,6,39.0,8.51,86,36.75,14,6,8,0,42.86,12,5b7ab5a9,https://a.espncdn.com/i/headshots/cricket/players/full/5b7ab5a9.png,https://www.espncricinfo.com/cricketers/cv-varun-5b7ab5a9
2022,D Brevis,844e79d1,Mumbai Indians,7,161,113,7,23.0,142.48,14,11,3,0.5,8,1,3.0,16.0,1,33.33,14,4,10,0,28.57,8,844e79d1,https://a.espncdn.com/i/headshots/cricket/players/full/844e79d1.png,https://www.espncricinfo.com/cricketers/d-brevis-844e79d1
2022,D Padikkal,2c25d4f5,Rajasthan Royals,17,376,305,17,22.12,123.28,41,14,0,,0,0,,,0,,17,10,7,0,58.82,20,2c25d4f5,https://a.espncdn.com/i/headshots/cricket/players/full/2c25d4f5.png,https://www.espncricinfo.com/cricketers/d-padikkal-2c25d4f5
2022,D Pretorius,11614d87,Chennai Super Kings,6,44,28,4,11.0,157.14,3,3,126,21.0,210,6,21.0,10.0,34,26.98,14,4,10,0,28.57,8,11614d87,https://a.espncdn.com/i/headshots/cricket/players/full/11614d87.png,https://www.espncricinfo.com/cricketers/d-pretorius-11614d87
2022,DA Miller,d67d5f00,Gujarat Titans,16,481,335,9,53.44,143.58,32,23,0,,0,0,,,0,,16,12,4,0,75.0,24,d67d5f00,https://a.espncdn.com/i/headshots/cricket/players/full/d67d5f00.png,https://www.espncricinfo.com/cricketers/da-miller-d67d5f00
2022,DA Warner,dcce6f09,Delhi Capitals,12,432,285,9,48.0,151.58,52,15,0,,0,0,,,0,,14,7,7,0,50.0,14,dcce6f09,https://a.espncdn.com/i/headshots/cricket/players/full/dcce6f09.png,https://www.espncricinfo.com/cricketers/da-warner-dcce6f09
2022,DG Nalkande,cd8d2859,Gujarat Titans,2,0,0,0,,,0,0,31,5.17,59,2,15.5,11.42,8,25.81,16,12,4,0,75.0,24,cd8d2859,https://a.espncdn.com/i/headshots/cricket/players/full/cd8d2859.png,https://www.espncricinfo.com/cricketers/dg-nalkande-cd8d2859
2022,DJ Bravo,87e562a9,Chennai Super Kings,10,23,24,2,11.5,95.83,1,1,206,34.33,299,16,12.88,8.71,66,32.04,14,4,10,0,28.57,8,87e562a9,https://a.espncdn.com/i/headshots/cricket/players/full/87e562a9.png,https://www.espncricinfo.com/cricketers/dj-bravo-87e562a9
2022,DJ Hooda,73ad96ed,Lucknow Super Giants,15,451,329,14,32.21,137.08,36,18,24,4.0,43,1,24.0,10.75,5,20.83,15,9,6,0,60.0,18,73ad96ed,https://a.espncdn.com/i/headshots/cricket/players/full/73ad96ed.png,https://www.espncricinfo.com/cricketers/dj-hooda-73ad96ed
2022,DJ Mitchell,eade4650,Rajasthan Royals,2,33,44,2,16.5,75.0,1,0,12,2.0,27,0,,13.5,1,8.33,17,10,7,0,58.82,20,eade4650,https://a.espncdn.com/i/headshots/cricket/players/full/eade4650.png,https://www.espncricinfo.com/cricketers/dj-mitchell-eade4650
2022,DJ Willey,7f048519,Royal Challengers Bangalore,4,18,30,3,6.0,60.0,3,0,66,11.0,72,1,66.0,6.55,24,36.36,16,9,7,0,56.25,18,7f048519,https://a.espncdn.com/i/headshots/cricket/players/full/7f048519.png,https://www.espncricinfo.com/cricketers/dj-willey-7f048519
2022,DP Conway,df5a6881,Chennai Super Kings,7,252,172,6,42.0,146.51,23,12,0,,0,0,,,0,,14,4,10,0,28.57,8,df5a6881,https://a.espncdn.com/i/headshots/cricket/players/full/df5a6881.png,https://www.espncricinfo.com/cricketers/dp-conway-df5a6881
2022,DR Sams,caf69bf7,Mumbai Indians,11,38,36,8,4.75,105.56,1,3,252,42.0,370,13,19.38,8.81,105,41.67,14,4,10,0,28.57,8,caf69bf7,https://a.espncdn.com/i/headshots/cricket/players/full/caf69bf7.png,https://www.espncricinfo.com/cricketers/dr-sams-caf69bf7
2022,E Lewis,0ebfb1ad,Lucknow Super Giants,6,73,56,3,24.33,130.36,8,3,0,,0,0,,,0,,15,9,6,0,60.0,18,0ebfb1ad,https://a.espncdn.com/i/headshots/cricket/players/full/0ebfb1ad.png,https://www.espncricinfo.com/cricketers/e-lewis-0ebfb1ad
2022,F du Plessis,3355b542,Royal Challengers Bangalore,16,468,367,16,29.25,127.52,49,13,0,,0,0,,,0,,16,9,7,0,56.25,18,3355b542,https://a.espncdn.com/i/headshots/cricket/players/full/3355b542.png,https://www.espncricinfo.com/cricketers/f-du-plessis-3355b542
2022,FA Allen,b52ffbbd,Mumbai Indians,1,8,7,1,8.0,114.29,1,0,24,4.0,46,1,24.0,11.5,6,25.0,14,4,10,0,28.57,8,b52ffbbd,https://a.espncdn.com/i/headshots/cricket/players/full/b52ffbbd.png,https://www.espncricinfo.com/cricketers/fa-allen-b52ffbbd
2022,Fazalhaq Farooqi,e9c7f0d0,Sunrisers Hyderabad,3,2,8,0,,25.0,0,0,72,12.0,110,2,36.0,9.17,24,33.33,14,6,8,0,42.86,12,e9c7f0d0,https://a.espncdn.com/i/headshots/cricket/players/full/e9c7f0d0.png,https://www.espncricinfo.com/cricketers/fazalhaq-farooqi-e9c7f0d0
2022,GJ Maxwell,b681e71e,Royal Challengers Bangalore,13,301,177,10,30.1,170.06,31,15,144,24.0,165,6,24.0,6.88,62,43.06,16,9,7,0,56.25,18,b681e71e,https://a.espncdn.com/i/headshots/cricket/players/full/b681e71e.png,https://www.espncricinfo.com/cricketers/gj-maxwell-b681e71e
2022,HE van der Dussen,9948e262,Rajasthan Royals,3,22,24,2,11.0,91.67,2,0,0,,0,0,,,0,,17,10,7,0,58.82,20,9948e262,https://a.espncdn.com/i/headshots/cricket/players/full/9948e262.png,https://www.espncricinfo.com/cricketers/he-van-der-dussen-9948e262
2022,HH Pandya,dbe50b21,Gujarat Titans,15,487,370,10,48.7,131.62,49,12,183,30.5,222,8,22.88,7.28,72,39.34,16,12,4,0,75.0,24,dbe50b21,https://a.espncdn.com/i/headshots/cricket/players/full/dbe50b21.png,https://www.espncricinfo.com/cricketers/hh-pandya-dbe50b21
2022,HR Shokeen,0c9652b0,Mumbai Indians,5,43,48,2,21.5,89.58,5,0,90,15.0,127,2,45.0,8.47,41,45.56,14,4,10,0,28.57,8,0c9652b0,https://a.espncdn.com/i/headshots/cricket/players/full/0c9652b0.png,https://www.espncricinfo.com/cricketers/hr-shokeen-0c9652b0
2022,HV Patel,f986ca1a,Royal Challengers Bangalore,15,43,39,4,10.75,110.26,4,2,321,53.5,410,19,16.89,7.66,123,38.32,16,9,7,0,56.25,18,f986ca1a,https://a.espncdn.com/i/headshots/cricket/players/full/f986ca1a.png,https://www.espncricinfo.com/cricketers/hv-patel-f986ca1a
2022,Harpreet Brar,c05edf8e,Punjab Kings,5,22,25,3,7.33,88.0,1,2,96,16.0,146,4,24.0,9.12,36,37.5,14,7,7,0,50.0,14,c05edf8e,https://a.espncdn.com/i/headshots/cricket/players/full/c05edf8e.png,https://www.espncricinfo.com/cricketers/harpreet-brar-c05edf8e
2022,Harshit Rana,77b1aa15,Kolkata Knight Riders,2,2,2,1,2.0,100.0,0,0,30,5.0,51,1,30.0,10.2,11,36.67,14,6,8,0,42.86,12,77b1aa15,https://a.espncdn.com/i/headshots/cricket/players/full/77b1aa15.png,https://www.espncricinfo.com/cricketers/harshit-rana-77b1aa15
2022,Ishan Kishan,752f7486,Mumbai Indians,14,418,346,13,32.15,120.81,45,11,0,,0,0,,,0,,14,4,10,0,28.57,8,752f7486,https://a.espncdn.com/i/headshots/cricket/players/full/752f7486.png,https://www.espncricinfo.com/cricketers/ishan-kishan-752f7486
2022,J Suchith,4125d931,Sunrisers Hyderabad,5,2,8,2,1.0,25.0,0,0,108,18.0,140,7,15.43,7.78,48,44.44,14,6,8,0,42.86,12,4125d931,https://a.espncdn.com/i/headshots/cricket/players/full/4125d931.png,https://www.espncricinfo.com/cricketers/j-suchith-4125d931
2022,JC Buttler,99b75528,Rajasthan Royals,17,863,574,15,57.53,150.35,84,45,0,,0,0,,,0,,17,10,7,0,58.82,20,99b75528,https://a.espncdn.com/i/headshots/cricket/players/full/99b75528.png,https://www.espncricinfo.com/cricketers/jc-buttler-99b75528
2022,JD Unadkat,1e66c162,Mumbai Indians,5,59,37,1,59.0,159.46,4,3,120,20.0,190,6,20.0,9.5,35,29.17,14,4,10,0,28.57,8,1e66c162,https://a.espncdn.com/i/headshots/cricket/players/full/1e66c162.png,https://www.espncricinfo.com/cricketers/jd-unadkat-1e66c162
2022,JDS Neesham,9219eff0,Rajasthan Royals,2,31,27,1,31.0,114.81,3,0,18,3.0,29,0,,9.67,5,27.78,17,10,7,0,58.82,20,9219eff0,https://a.espncdn.com/i/headshots/cricket/players/full/9219eff0.png,https://www.espncricinfo.com/cricketers/jds-neesham-9219eff0
2022,JJ Bumrah,462411b3,Mumbai Indians,14,0,8,1,0.0,0.0,0,0,320,53.33,383,15,21.33,7.18,133,41.56,14,4,10,0,28.57,8,462411b3,https://a.espncdn.com/i/headshots/cricket/players/full/462411b3.png,https://www.espncricinfo.com/cricketers/jj-bumrah-462411b3
2022,JM Bairstow,abb83e27,Punjab Kings,11,253,173,11,23.0,146.24,34,9,0,,0,0,,,0,,14,7,7,0,50.0,14,abb83e27,https://a.espncdn.com/i/headshots/cricket/players/full/abb83e27.png,https://www.espncricinfo.com/cricketers/jm-bairstow-abb83e27
2022,JM Sharma,800d2d97,Punjab Kings,12,234,143,8,29.25,163.64,22,12,0,,0,0,,,0,,14,7,7,0,50.0,14,800d2d97,https://a.espncdn.com/i/headshots/cricket/players/full/800d2d97.png,https://www.espncricinfo.com/cricketers/jm-sharma-800d2d97
2022,JO Holder,0f721006,Lucknow Super Giants,12,58,44,6,9.67,131.82,2,6,249,41.5,391,14,17.79,9.42,72,28.92,15,9,6,0,60.0,18,0f721006,https://a.espncdn.com/i/headshots/cricket/players/full/0f721006.png,https://www.espncricinfo.com/cricketers/jo-holder-0f721006
2022,JR Hazlewood,03806cf8,Royal Challengers Bangalore,12,18,26,0,,69.23,1,0,279,46.5,377,20,13.95,8.11,120,43.01,16,9,7,0,56.25,18,03806cf8,https://a.espncdn.com/i/headshots/cricket/players/full/03806cf8.png,https://www.espncricinfo.com/cricketers/jr-hazlewood-03806cf8
2022,K Gowtham,90de905a,Lucknow Super Giants,4,0,1,1,0.0,0.0,0,0,72,12.0,99,5,14.4,8.25,31,43.06,15,9,6,0,60.0,18,90de905a,https://a.espncdn.com/i/headshots/cricket/players/full/90de905a.png,https://www.espncricinfo.com/cricketers/k-gowtham-90de905a
2022,K Kartikeya,f6d8a7ab,Mumbai Indians,4,3,5,1,3.0,60.0,0,0,78,13.0,102,5,15.6,7.85,29,37.18,14,4,10,0,28.57,8,f6d8a7ab,https://a.espncdn.com/i/headshots/cricket/players/full/f6d8a7ab.png,https://www.espncricinfo.com/cricketers/k-kartikeya-f6d8a7ab
2022,K Rabada,e62dd25d,Punjab Kings,13,48,42,4,12.0,114.29,5,2,288,48.0,406,23,12.52,8.46,128,44.44,14,7,7,0,50.0,14,e62dd25d,https://a.espncdn.com/i/headshots/cricket/players/full/e62dd25d.png,https://www.espncricinfo.com/cricketers/k-rabada-e62dd25d
2022,KA Pollard,a757b0d8,Mumbai Indians,11,144,133,12,12.0,108.27,6,9,84,14.0,125,4,21.0,8.93,19,22.62,14,4,10,0,28.57,8,a757b0d8,https://a.espncdn.com/i/headshots/cricket/players/full/a757b0d8.png,https://www.espncricinfo.com/cricketers/ka-pollard-a757b0d8
2022,KD Karthik,c03f1114,Royal Challengers Bangalore,16,330,178,6,55.0,185.39,27,22,0,,0,0,,,0,,16,9,7,0,56.25,18,c03f1114,https://a.espncdn.com/i/headshots/cricket/players/full/c03f1114.png,https://www.espncricinfo.com/cricketers/kd-karthik-c03f1114
2022,KH Pandya,5b8c830e,Lucknow Super Giants,14,183,145,10,18.3,126.21,16,4,228,38.0,265,10,22.8,6.97,68,29.82,15,9,6,0,60.0,18,5b8c830e,https://a.espncdn.com/i/headshots/cricket/players/full/5b8c830e.png,https://www.espncricinfo.com/cricketers/kh-pandya-5b8c830e
2022,KK Ahmed,a2f46292,Delhi Capitals,10,0,2,2,0.0,0.0,0,0,235,39.17,315,16,14.69,8.04,110,46.81,14,7,7,0,50.0,14,a2f46292,https://a.espncdn.com/i/headshots/cricket/players/full/a2f46292.png,https://www.espncricinfo.com/cricketers/kk-ahmed-a2f46292
2022,KK Nair,944533a5,Rajasthan Royals,3,16,18,2,8.0,88.89,1,0,0,,0,0,,,0,,17,10,7,0,58.82,20,944533a5,https://a.espncdn.com/i/headshots/cricket/players/full/944533a5.png,https://www.espncricinfo.com/cricketers/kk-nair-944533a5
2022,KL Nagarkoti,b4f5c2d9,Delhi Capitals,1,0,0,0,,,0,0,12,2.0,29,0,,14.5,4,33.33,14,7,7,0,50.0,14,b4f5c2d9,https://a.espncdn.com/i/headshots/cricket/players/full/b4f5c2d9.png,https://www.espncricinfo.com/cricketers/kl-nagarkoti-b4f5c2d9
2022,KL Rahul,b17e2f24,Lucknow Super Giants,15,616,454,11,56.0,135.68,45,30,0,,0,0,,,0,,15,9,6,0,60.0,18,b17e2f24,https://a.espncdn.com/i/headshots/cricket/players/full/b17e2f24.png,https://www.espncricinfo.com/cricketers/kl-rahul-b17e2f24
2022,KR Sen,2e78f685,Rajasthan Royals,7,0,3,0,,0.0,0,0,151,25.17,237,8,18.88,9.42,56,37.09,17,10,7,0,58.82,20,2e78f685,https://a.espncdn.com/i/headshots/cricket/players/full/2e78f685.png,https://www.espncricinfo.com/cricketers/kr-sen-2e78f685
2022,KS Bharat,44a89551,Delhi Capitals,2,8,7,2,4.0,114.29,2,0,0,,0,0,,,0,,14,7,7,0,50.0,14,44a89551,https://a.espncdn.com/i/headshots/cricket/players/full/44a89551.png,https://www.espncricinfo.com/cricketers/ks-bharat-44a89551
2022,KS Sharma,39ed0d2f,Lucknow Super Giants,1,4,4,1,4.0,100.0,1,0,0,,0,0,,,0,,15,9,6,0,60.0,18,39ed0d2f,https://a.espncdn.com/i/headshots/cricket/players/full/39ed0d2f.png,https://www.espncricinfo.com/cricketers/ks-sharma-39ed0d2f
2022,KS Williamson,d027ba9f,Sunrisers Hyderabad,13,216,231,10,21.6,93.51,16,8,0,,0,0,,,0,,14,6,8,0,42.86,12,d027ba9f,https://a.espncdn.com/i/headshots/cricket/players/full/d027ba9f.png,https://www.espncricinfo.com/cricketers/ks-williamson-d027ba9f
2022,Kartik Tyagi,5d2eea49,Sunrisers Hyderabad,2,7,6,2,3.5,116.67,1,0,48,8.0,79,1,48.0,9.88,20,41.67,14,6,8,0,42.86,12,5d2eea49,https://a.espncdn.com/i/headshots/cricket/players/full/5d2eea49.png,https://www.espncricinfo.com/cricketers/kartik-tyagi-5d2eea49
2022,Kuldeep Yadav,8d2c70ad,Delhi Capitals,14,48,52,1,48.0,92.31,3,2,298,49.67,419,21,14.19,8.44,96,32.21,14,7,7,0,50.0,14,8d2c70ad,https://a.espncdn.com/i/headshots/cricket/players/full/8d2c70ad.png,https://www.espncricinfo.com/cricketers/kuldeep-yadav-8d2c70ad
2022,LH Ferguson,2f9d0389,Gujarat Titans,13,5,4,2,2.5,125.0,1,0,286,47.67,427,12,23.83,8.96,110,38.46,16,12,4,0,75.0,24,2f9d0389,https://a.espncdn.com/i/headshots/cricket/players/full/2f9d0389.png,https://www.espncricinfo.com/cricketers/lh-ferguson-2f9d0389
2022,LS Livingstone,50c6bc2b,Punjab Kings,14,437,238,12,36.42,183.61,29,34,138,23.0,202,6,23.0,8.78,38,27.54,14,7,7,0,50.0,14,50c6bc2b,https://a.espncdn.com/i/headshots/cricket/players/full/50c6bc2b.png,https://www.espncricinfo.com/cricketers/ls-livingstone-50c6bc2b
2022,Lalit Yadav,ad427b5c,Delhi Capitals,12,161,144,6,26.83,111.81,11,7,108,18.0,150,4,27.0,8.33,37,34.26,14,7,7,0,50.0,14,ad427b5c,https://a.espncdn.com/i/headshots/cricket/players/full/ad427b5c.png,https://www.espncricinfo.com/cricketers/lalit-yadav-ad427b5c
2022,M Ashwin,e2db2409,Mumbai Indians,8,12,14,2,6.0,85.71,1,1,174,29.0,228,9,19.33,7.86,65,37.36,14,4,10,0,28.57,8,e2db2409,https://a.espncdn.com/i/headshots/cricket/players/full/e2db2409.png,https://www.espncricinfo.com/cricketers/m-ashwin-e2db2409
2022,M Jansen,81c36ee9,Sunrisers Hyderabad,8,9,7,1,9.0,128.57,0,1,192,32.0,274,7,27.43,8.56,79,41.15,14,6,8,0,42.86,12,81c36ee9,https://a.espncdn.com/i/headshots/cricket/players/full/81c36ee9.png,https://www.espncricinfo.com/cricketers/m-jansen-81c36ee9
2022,M Markande,a9fd84fb,Mumbai Indians,2,0,0,0,,,0,0,42,7.0,57,1,42.0,8.14,10,23.81,14,4,10,0,28.57,8,a9fd84fb,https://a.espncdn.com/i/headshots/cricket/players/full/a9fd84fb.png,https://www.espncricinfo.com/cricketers/m-markande-a9fd84fb
2022,M Pathirana,64839cb3,Chennai Super Kings,2,0,0,0,,,0,0,41,6.83,52,2,20.5,7.61,16,39.02,14,4,10,0,28.57,8,64839cb3,https://a.espncdn.com/i/headshots/cricket/players/full/64839cb3.png,https://www.espncricinfo.com/cricketers/m-pathirana-64839cb3
2022,M Prasidh Krishna,85e0cf10,Rajasthan Royals,17,6,12,1,6.0,50.0,0,0,399,66.5,551,19,21.0,8.29,193,48.37,17,10,7,0,58.82,20,85e0cf10,https://a.espncdn.com/i/headshots/cricket/players/full/85e0cf10.png,https://www.espncricinfo.com/cricketers/m-prasidh-krishna-85e0cf10
2022,M Shahrukh Khan,7dcb9bc9,Punjab Kings,8,117,108,7,16.71,108.33,4,9,0,,0,0,,,0,,14,7,7,0,50.0,14,7dcb9bc9,https://a.espncdn.com/i/headshots/cricket/players/full/7dcb9bc9.png,https://www.espncricinfo.com/cricketers/m-shahrukh-khan-7dcb9bc9
2022,M Theekshana,f24c6701,Chennai Super Kings,9,7,7,1,7.0,100.0,0,1,210,35.0,261,12,17.5,7.46,65,30.95,14,4,10,0,28.57,8,f24c6701,https://a.espncdn.com/i/headshots/cricket/players/full/f24c6701.png,https://www.espncricinfo.com/cricketers/m-theekshana-f24c6701
2022,M Vohra,c03e2850,Lucknow Super Giants,2,19,11,1,19.0,172.73,1,2,0,,0,0,,,0,,15,9,6,0,60.0,18,c03e2850,https://a.espncdn.com/i/headshots/cricket/players/full/c03e2850.png,https://www.espncricinfo.com/cricketers/m-vohra-c03e2850
2022,MA Agarwal,00ea847a,Punjab Kings,13,196,160,12,16.33,122.5,23,6,0,,0,0,,,0,,14,7,7,0,50.0,14,00ea847a,https://a.espncdn.com/i/headshots/cricket/players/full/00ea847a.png,https://www.espncricinfo.com/cricketers/ma-agarwal-00ea847a
2022,MJ Santner,e4a0deae,Chennai Super Kings,6,22,27,2,11.0,81.48,3,0,114,19.0,130,4,28.5,6.84,41,35.96,14,4,10,0,28.57,8,e4a0deae,https://a.espncdn.com/i/headshots/cricket/players/full/e4a0deae.png,https://www.espncricinfo.com/cricketers/mj-santner-e4a0deae
2022,MK Lomror,da934ee8,Royal Challengers Bangalore,7,86,57,5,17.2,150.88,7,4,12,2.0,18,0,,9.0,3,25.0,16,9,7,0,56.25,18,da934ee8,https://a.espncdn.com/i/headshots/cricket/players/full/da934ee8.png,https://www.espncricinfo.com/cricketers/mk-lomror-da934ee8
2022,MK Pandey,93b4fc78,Lucknow Super Giants,6,88,80,6,14.67,110.0,9,2,0,,0,0,,,0,,15,9,6,0,60.0,18,93b4fc78,https://a.espncdn.com/i/headshots/cricket/players/full/93b4fc78.png,https://www.espncricinfo.com/cricketers/mk-pandey-93b4fc78
2022,MM Ali,bb351c23,Chennai Super Kings,10,244,177,10,24.4,137.85,24,11,143,23.83,158,8,17.88,6.63,55,38.46,14,4,10,0,28.57,8,bb351c23,https://a.espncdn.com/i/headshots/cricket/players/full/bb351c23.png,https://www.espncricinfo.com/cricketers/mm-ali-bb351c23
2022,MP Stoinis,d9273ee7,Lucknow Super Giants,11,156,106,7,22.29,147.17,7,13,42,7.0,79,4,10.5,11.29,13,30.95,15,9,6,0,60.0,18,d9273ee7,https://a.espncdn.com/i/headshots/cricket/players/full/d9273ee7.png,https://www.espncricinfo.com/cricketers/mp-stoinis-d9273ee7
2022,MR Marsh,3d8feaf8,Delhi Capitals,8,251,189,7,35.86,132.8,19,14,72,12.0,102,4,18.0,8.5,25,34.72,14,7,7,0,50.0,14,3d8feaf8,https://a.espncdn.com/i/headshots/cricket/players/full/3d8feaf8.png,https://www.espncricinfo.com/cricketers/mr-marsh-3d8feaf8
2022,MS Dhoni,4a8a2e3b,Chennai Super Kings,14,232,186,8,29.0,124.73,21,10,0,,0,0,,,0,,14,4,10,0,28.57,8,4a8a2e3b,https://a.espncdn.com/i/headshots/cricket/players/full/4a8a2e3b.png,https://www.espncricinfo.com/cricketers/ms-dhoni-4a8a2e3b
2022,MS Wade,afa7e784,Gujarat Titans,10,157,138,9,17.44,113.77,23,2,0,,0,0,,,0,,16,12,4,0,75.0,24,afa7e784,https://a.espncdn.com/i/headshots/cricket/players/full/afa7e784.png,https://www.espncricinfo.com/cricketers/ms-wade-afa7e784
2022,Mandeep Singh,c3a96caf,Delhi Capitals,3,18,23,3,6.0,78.26,4,0,0,,0,0,,,0,,14,7,7,0,50.0,14,c3a96caf,https://a.espncdn.com/i/headshots/cricket/players/full/c3a96caf.png,https://www.espncricinfo.com/cricketers/mandeep-singh-c3a96caf
2022,Mohammed Shami,8cf9814c,Gujarat Titans,16,0,0,0,,,0,0,366,61.0,488,20,18.3,8.0,169,46.17,16,12,4,0,75.0,24,8cf9814c,https://a.espncdn.com/i/headshots/cricket/players/full/8cf9814c.png,https://www.espncricinfo.com/cricketers/mohammed-shami-8cf9814c
2022,Mohammed Siraj,2f49c897,Royal Challengers Bangalore,15,30,33,2,15.0,90.91,5,0,306,51.0,514,9,34.0,10.08,122,39.87,16,9,7,0,56.25,18,2f49c897,https://a.espncdn.com/i/headshots/cricket/players/full/2f49c897.png,https://www.espncricinfo.com/cricketers/mohammed-siraj-2f49c897
2022,Mohsin Khan,c33d8116,Lucknow Super Giants,9,23,16,1,23.0,143.75,2,1,198,33.0,197,14,14.14,5.97,105,53.03,15,9,6,0,60.0,18,c33d8116,https://a.espncdn.com/i/headshots/cricket/players/full/c33d8116.png,https://www.espncricinfo.com/cricketers/mohsin-khan-c33d8116
2022,Mukesh Choudhary,765a4731,Chennai Super Kings,13,6,6,0,,100.0,1,0,273,45.5,424,16,17.06,9.32,118,43.22,14,4,10,0,28.57,8,765a4731,https://a.espncdn.com/i/headshots/cricket/players/full/765a4731.png,https://www.espncricinfo.com/cricketers/mukesh-choudhary-765a4731
2022,Mustafizur Rahman,0a8fce53,Delhi Capitals,8,3,5,0,,60.0,0,0,192,32.0,244,8,24.0,7.62,72,37.5,14,7,7,0,50.0,14,0a8fce53,https://a.espncdn.com/i/headshots/cricket/players/full/0a8fce53.png,https://www.espncricinfo.com/cricketers/mustafizur-rahman-0a8fce53
2022,N Jagadeesan,bd54eef5,Chennai Super Kings,2,40,37,1,40.0,108.11,3,1,0,,0,0,,,0,,14,4,10,0,28.57,8,bd54eef5,https://a.espncdn.com/i/headshots/cricket/players/full/bd54eef5.png,https://www.espncricinfo.com/cricketers/n-jagadeesan-bd54eef5
2022,N Pooran,3241e3fd,Sunrisers Hyderabad,14,306,212,8,38.25,144.34,16,21,0,,0,0,,,0,,14,6,8,0,42.86,12,3241e3fd,https://a.espncdn.com/i/headshots/cricket/players/full/3241e3fd.png,https://www.espncricinfo.com/cricketers/n-pooran-3241e3fd
2022,N Rana,fb2d1dda,Kolkata Knight Riders,14,361,249,13,27.77,144.98,29,22,12,2.0,23,0,,11.5,1,8.33,14,6,8,0,42.86,12,fb2d1dda,https://a.espncdn.com/i/headshots/cricket/players/full/fb2d1dda.png,https://www.espncricinfo.com/cricketers/n-rana-fb2d1dda
2022,NM Coulter-Nile,56ab442f,Rajasthan Royals,1,1,2,0,,50.0,0,0,18,3.0,48,0,,16.0,3,16.67,17,10,7,0,58.82,20,56ab442f,https://a.espncdn.com/i/headshots/cricket/players/full/56ab442f.png,https://www.espncricinfo.com/cricketers/nm-coulter-nile-56ab442f
2022,NT Ellis,9eb1455b,Punjab Kings,2,0,2,1,0.0,0.0,0,0,36,6.0,55,3,12.0,9.17,14,38.89,14,7,7,0,50.0,14,9eb1455b,https://a.espncdn.com/i/headshots/cricket/players/full/9eb1455b.png,https://www.espncricinfo.com/cricketers/nt-ellis-9eb1455b
2022,Navdeep Saini,21d4e29b,Rajasthan Royals,2,2,2,1,2.0,100.0,0,0,36,6.0,72,3,12.0,12.0,9,25.0,17,10,7,0,58.82,20,,,
2022,OC McCoy,529eb9e0,Rajasthan Royals,7,8,5,0,,160.0,0,1,155,25.83,237,11,14.09,9.17,47,30.32,17,10,7,0,58.82,20,529eb9e0,https://a.espncdn.com/i/headshots/cricket/players/full/529eb9e0.png,https://www.espncricinfo.com/cricketers/oc-mccoy-529eb9e0
2022,OF Smith,23cca426,Punjab Kings,6,51,44,3,17.0,115.91,1,5,90,15.0,178,6,15.0,11.87,35,38.89,14,7,7,0,50.0,14,23cca426,https://a.espncdn.com/i/headshots/cricket/players/full/23cca426.png,https://www.espncricinfo.com/cricketers/of-smith-23cca426
2022,P Simran Singh,9418198b,Punjab Kings,1,14,11,1,14.0,127.27,2,0,0,,0,0,,,0,,14,7,7,0,50.0,14,9418198b,https://a.espncdn.com/i/headshots/cricket/players/full/9418198b.png,https://www.espncricinfo.com/cricketers/p-simran-singh-9418198b
2022,PBB Rajapaksa,6c882e9a,Punjab Kings,9,206,128,9,22.89,160.94,16,13,0,,0,0,,,0,,14,7,7,0,50.0,14,6c882e9a,https://a.espncdn.com/i/headshots/cricket/players/full/6c882e9a.png,https://www.espncricinfo.com/cricketers/pbb-rajapaksa-6c882e9a
2022,PH Solanki,c695b423,Chennai Super Kings,2,0,0,0,,,0,0,36,6.0,38,2,18.0,6.33,11,30.56,14,4,10,0,28.57,8,c695b423,https://a.espncdn.com/i/headshots/cricket/players/full/c695b423.png,https://www.espncricinfo.com/cricketers/ph-solanki-c695b423
2022,PJ Cummins,ded9240e,Kolkata Knight Riders,5,63,23,4,15.75,273.91,5,6,119,19.83,212,7,17.0,10.69,33,27.73,14,6,8,0,42.86,12,ded9240e,https://a.espncdn.com/i/headshots/cricket/players/full/ded9240e.png,https://www.espncricinfo.com/cricketers/pj-cummins-ded9240e
2022,PJ Sangwan,9fc0ef64,Gujarat Titans,3,2,5,1,2.0,40.0,0,0,54,9.0,65,3,18.0,7.22,21,38.89,16,12,4,0,75.0,24,9fc0ef64,https://a.espncdn.com/i/headshots/cricket/players/full/9fc0ef64.png,https://www.espncricinfo.com/cricketers/pj-sangwan-9fc0ef64
2022,PK Garg,bb965e9a,Sunrisers Hyderabad,2,46,33,2,23.0,139.39,4,2,0,,0,0,,,0,,14,6,8,0,42.86,12,bb965e9a,https://a.espncdn.com/i/headshots/cricket/players/full/bb965e9a.png,https://www.espncricinfo.com/cricketers/pk-garg-bb965e9a
2022,PN Mankad,663b5e34,Punjab Kings,1,4,1,0,,400.0,1,0,0,,0,0,,,0,,14,7,7,0,50.0,14,663b5e34,https://a.espncdn.com/i/headshots/cricket/players/full/663b5e34.png,https://www.espncricinfo.com/cricketers/pn-mankad-663b5e34
2022,PP Shaw,8b3e9c7c,Delhi Capitals,10,283,184,10,28.3,153.8,37,10,0,,0,0,,,0,,14,7,7,0,50.0,14,8b3e9c7c,https://a.espncdn.com/i/headshots/cricket/players/full/8b3e9c7c.png,https://www.espncricinfo.com/cricketers/pp-shaw-8b3e9c7c
2022,PVD Chameera,327b58d3,Lucknow Super Giants,12,43,28,3,14.33,153.57,3,3,264,44.0,384,9,29.33,8.73,117,44.32,15,9,6,0,60.0,18,327b58d3,https://a.espncdn.com/i/headshots/cricket/players/full/327b58d3.png,https://www.espncricinfo.com/cricketers/pvd-chameera-327b58d3
2022,PWH de Silva,a97c8ec2,Royal Challengers Bangalore,16,38,43,7,5.43,88.37,4,1,342,57.0,430,26,13.15,7.54,137,40.06,16,9,7,0,56.25,18,a97c8ec2,https://a.espncdn.com/i/headshots/cricket/players/full/a97c8ec2.png,https://www.espncricinfo.com/cricketers/pwh-de-silva-a97c8ec2
2022,Q de Kock,372455c4,Lucknow Super Giants,15,508,340,15,33.87,149.41,47,23,0,,0,0,,,0,,15,9,6,0,60.0,18,372455c4,https://a.espncdn.com/i/headshots/cricket/players/full/372455c4.png,https://www.espncricinfo.com/cricketers/q-de-kock-372455c4
2022,R Ashwin,495d42a5,Rajasthan Royals,17,191,134,9,21.22,142.54,14,9,402,67.0,503,12,33.5,7.51,119,29.6,17,10,7,0,58.82,20,495d42a5,https://a.espncdn.com/i/headshots/cricket/players/full/495d42a5.png,https://www.espncricinfo.com/cricketers/r-ashwin-495d42a5
2022,R Dhawan,26a85969,Punjab Kings,6,37,40,2,18.5,92.5,4,2,114,19.0,156,6,19.0,8.21,31,27.19,14,7,7,0,50.0,14,26a85969,https://a.espncdn.com/i/headshots/cricket/players/full/26a85969.png,https://www.espncricinfo.com/cricketers/r-dhawan-26a85969
2022,R Parag,04a418e8,Rajasthan Royals,17,183,132,11,16.64,138.64,11,10,24,4.0,59,1,24.0,14.75,3,12.5,17,10,7,0,58.82,20,04a418e8,https://a.espncdn.com/i/headshots/cricket/players/full/04a418e8.png,https://www.espncricinfo.com/cricketers/r-parag-04a418e8
2022,R Powell,650d5e49,Delhi Capitals,14,250,167,11,22.73,149.7,10,22,6,1.0,17,0,,17.0,0,0.0,14,7,7,0,50.0,14,650d5e49,https://a.espncdn.com/i/headshots/cricket/players/full/650d5e49.png,https://www.espncricinfo.com/cricketers/r-powell-650d5e49
2022,R Sai Kishore,c7a995d3,Gujarat Titans,5,0,0,0,,,0,0,96,16.0,121,6,16.0,7.56,26,27.08,16,12,4,0,75.0,24,c7a995d3,https://a.espncdn.com/i/headshots/cricket/players/full/c7a995d3.png,https://www.espncricinfo.com/cricketers/r-sai-kishore-c7a995d3
2022,R Sanjay Yadav,33ffc3dd,Mumbai Indians,1,0,2,1,0.0,0.0,0,0,12,2.0,23,0,,11.5,6,50.0,14,4,10,0,28.57,8,33ffc3dd,https://a.espncdn.com/i/headshots/cricket/players/full/33ffc3dd.png,https://www.espncricinfo.com/cricketers/r-sanjay-yadav-33ffc3dd
2022,R Shepherd,c5aef772,Sunrisers Hyderabad,3,58,40,3,19.33,145.0,2,5,54,9.0,98,3,18.0,10.89,23,42.59,14,6,8,0,42.86,12,c5aef772,https://a.espncdn.com/i/headshots/cricket/players/full/c5aef772.png,https://www.espncricinfo.com/cricketers/r-shepherd-c5aef772
2022,R Tewatia,39a2dfa8,Gujarat Titans,16,217,147,7,31.0,147.62,22,9,36,6.0,76,0,,12.67,6,16.67,16,12,4,0,75.0,24,39a2dfa8,https://a.espncdn.com/i/headshots/cricket/players/full/39a2dfa8.png,https://www.espncricinfo.com/cricketers/r-tewatia-39a2dfa8
2022,RA Bawa,ba6b2f91,Punjab Kings,2,11,14,2,5.5,78.57,1,0,0,,0,0,,,0,,14,7,7,0,50.0,14,ba6b2f91,https://a.espncdn.com/i/headshots/cricket/players/full/ba6b2f91.png,https://www.espncricinfo.com/cricketers/ra-bawa-ba6b2f91
2022,RA Jadeja,fe93fd9d,Chennai Super Kings,10,116,98,8,14.5,118.37,6,5,198,33.0,248,5,39.6,7.52,64,32.32,14,4,10,0,28.57,8,fe93fd9d,https://a.espncdn.com/i/headshots/cricket/players/full/fe93fd9d.png,https://www.espncricinfo.com/cricketers/ra-jadeja-fe93fd9d
2022,RA Tripathi,77255a9e,Sunrisers Hyderabad,14,413,260,12,34.42,158.85,40,20,0,,0,0,,,0,,14,6,8,0,42.86,12,77255a9e,https://a.espncdn.com/i/headshots/cricket/players/full/77255a9e.png,https://www.espncricinfo.com/cricketers/ra-tripathi-77255a9e
2022,RD Chahar,2ed569a0,Punjab Kings,13,77,68,7,11.0,113.24,7,4,280,46.67,360,14,20.0,7.71,97,34.64,14,7,7,0,50.0,14,2ed569a0,https://a.espncdn.com/i/headshots/cricket/players/full/2ed569a0.png,https://www.espncricinfo.com/cricketers/rd-chahar-2ed569a0
2022,RD Gaikwad,45a43fe2,Chennai Super Kings,14,368,289,14,26.29,127.34,33,14,0,,0,0,,,0,,14,4,10,0,28.57,8,45a43fe2,https://a.espncdn.com/i/headshots/cricket/players/full/45a43fe2.png,https://www.espncricinfo.com/cricketers/rd-gaikwad-45a43fe2
2022,RG Sharma,740742ef,Mumbai Indians,14,268,222,14,19.14,120.72,28,13,0,,0,0,,,0,,14,4,10,0,28.57,8,740742ef,https://a.espncdn.com/i/headshots/cricket/players/full/740742ef.png,https://www.espncricinfo.com/cricketers/rg-sharma-740742ef
2022,RK Singh,0a509d6b,Kolkata Knight Riders,7,174,117,5,34.8,148.72,17,7,0,,0,0,,,0,,14,6,8,0,42.86,12,0a509d6b,https://a.espncdn.com/i/headshots/cricket/players/full/0a509d6b.png,https://www.espncricinfo.com/cricketers/rk-singh-0a509d6b
2022,RM Patidar,c740ea83,Royal Challengers Bangalore,8,333,217,6,55.5,153.46,27,18,0,,0,0,,,0,,16,9,7,0,56.25,18,c740ea83,https://a.espncdn.com/i/headshots/cricket/players/full/c740ea83.png,https://www.espncricinfo.com/cricketers/rm-patidar-c740ea83
2022,RP Meredith,64775749,Mumbai Indians,8,0,1,1,0.0,0.0,0,0,168,28.0,236,8,21.0,8.43,71,42.26,14,4,10,0,28.57,8,64775749,https://a.espncdn.com/i/headshots/cricket/players/full/64775749.png,https://www.espncricinfo.com/cricketers/rp-meredith-64775749
2022,RR Pant,919a3be2,Delhi Capitals,14,340,222,13,26.15,153.15,35,16,0,,0,0,,,0,,14,7,7,0,50.0,14,919a3be2,https://a.espncdn.com/i/headshots/cricket/players/full/919a3be2.png,https://www.espncricinfo.com/cricketers/rr-pant-919a3be2
2022,RV Patel,60500956,Delhi Capitals,2,6,3,1,6.0,200.0,0,1,0,,0,0,,,0,,14,7,7,0,50.0,14,60500956,https://a.espncdn.com/i/headshots/cricket/players/full/60500956.png,https://www.espncricinfo.com/cricketers/rv-patel-60500956
2022,RV Uthappa,1c17e270,Chennai Super Kings,12,230,170,11,20.91,135.29,19,14,0,,0,0,,,0,,14,4,10,0,28.57,8,1c17e270,https://a.espncdn.com/i/headshots/cricket/players/full/1c17e270.png,https://www.espncricinfo.com/cricketers/rv-uthappa-1c17e270
2022,Ramandeep Singh,be24ead0,Mumbai Indians,5,45,39,2,22.5,115.38,3,1,36,6.0,54,6,6.0,9.0,12,33.33,14,4,10,0,28.57,8,be24ead0,https://a.espncdn.com/i/headshots/cricket/players/full/be24ead0.png,https://www.espncricinfo.com/cricketers/ramandeep-singh-be24ead0
2022,Rashid Khan,5f547c8b,Gujarat Titans,16,91,44,4,22.75,206.82,3,9,383,63.83,421,19,20.16,6.6,123,32.11,16,12,4,0,75.0,24,5f547c8b,https://a.espncdn.com/i/headshots/cricket/players/full/5f547c8b.png,https://www.espncricinfo.com/cricketers/rashid-khan-5f547c8b
2022,Rasikh Salam,b8527c3d,Kolkata Knight Riders,2,7,6,1,7.0,116.67,1,0,24,4.0,28,0,,7.0,8,33.33,14,6,8,0,42.86,12,b8527c3d,https://a.espncdn.com/i/headshots/cricket/players/full/b8527c3d.png,https://www.espncricinfo.com/cricketers/rasikh-salam-b8527c3d
2022,Ravi Bishnoi,df064e1a,Lucknow Super Giants,14,0,1,0,,0.0,0,0,324,54.0,456,13,24.92,8.44,110,33.95,15,9,6,0,60.0,18,df064e1a,https://a.espncdn.com/i/headshots/cricket/players/full/df064e1a.png,https://www.espncricinfo.com/cricketers/ravi-bishnoi-df064e1a
2022,S Dhawan,0a476045,Punjab Kings,14,460,372,12,38.33,123.66,47,12,0,,0,0,,,0,,14,7,7,0,50.0,14,0a476045,https://a.espncdn.com/i/headshots/cricket/players/full/0a476045.png,https://www.espncricinfo.com/cricketers/s-dhawan-0a476045
2022,S Dube,a4e37e47,Chennai Super Kings,11,289,184,9,32.11,157.07,22,16,12,2.0,36,0,,18.0,0,0.0,14,4,10,0,28.57,8,a4e37e47,https://a.espncdn.com/i/headshots/cricket/players/full/a4e37e47.png,https://www.espncricinfo.com/cricketers/s-dube-a4e37e47
2022,S Gopal,7a8bd078,Sunrisers Hyderabad,1,9,7,0,,128.57,2,0,18,3.0,34,1,18.0,11.33,7,38.89,14,6,8,0,42.86,12,7a8bd078,https://a.espncdn.com/i/headshots/cricket/players/full/7a8bd078.png,https://www.espncricinfo.com/cricketers/s-gopal-7a8bd078
2022,S Kaul,dcf81436,Royal Challengers Bangalore,1,0,0,0,,,0,0,24,4.0,43,0,,10.75,6,25.0,16,9,7,0,56.25,18,dcf81436,https://a.espncdn.com/i/headshots/cricket/players/full/dcf81436.png,https://www.espncricinfo.com/cricketers/s-kaul-dcf81436
2022,SA Abbott,1a2676c5,Sunrisers Hyderabad,1,7,5,1,7.0,140.0,0,1,24,4.0,47,1,24.0,11.75,7,29.17,14,6,8,0,42.86,12,1a2676c5,https://a.espncdn.com/i/headshots/cricket/players/full/1a2676c5.png,https://www.espncricinfo.com/cricketers/sa-abbott-1a2676c5
2022,SA Yadav,271f83cd,Mumbai Indians,8,303,206,8,37.88,147.09,23,16,0,,0,0,,,0,,14,4,10,0,28.57,8,271f83cd,https://a.espncdn.com/i/headshots/cricket/players/full/271f83cd.png,https://www.espncricinfo.com/cricketers/sa-yadav-271f83cd
2022,SE Rutherford,d014d5ac,Royal Challengers Bangalore,3,33,50,2,16.5,66.0,1,1,0,,0,0,,,0,,16,9,7,0,56.25,18,d014d5ac,https://a.espncdn.com/i/headshots/cricket/players/full/d014d5ac.png,https://www.espncricinfo.com/cricketers/se-rutherford-d014d5ac
2022,SN Khan,f088b960,Delhi Capitals,6,91,67,3,30.33,135.82,9,2,0,,0,0,,,0,,14,7,7,0,50.0,14,f088b960,https://a.espncdn.com/i/headshots/cricket/players/full/f088b960.png,https://www.espncricinfo.com/cricketers/sn-khan-f088b960
2022,SN Thakur,1abb78f8,Delhi Capitals,14,120,87,8,15.0,137.93,7,7,290,48.33,473,15,19.33,9.79,101,34.83,14,7,7,0,50.0,14,1abb78f8,https://a.espncdn.com/i/headshots/cricket/players/full/1abb78f8.png,https://www.espncricinfo.com/cricketers/sn-thakur-1abb78f8
2022,SO Hetmyer,48a1d7b7,Rajasthan Royals,15,314,204,7,44.86,153.92,21,21,0,,0,0,,,0,,17,10,7,0,58.82,20,48a1d7b7,https://a.espncdn.com/i/headshots/cricket/players/full/48a1d7b7.png,https://www.espncricinfo.com/cricketers/so-hetmyer-48a1d7b7
2022,SP Jackson,acc1aeda,Kolkata Knight Riders,5,23,26,4,5.75,88.46,0,1,0,,0,0,,,0,,14,6,8,0,42.86,12,acc1aeda,https://a.espncdn.com/i/headshots/cricket/players/full/acc1aeda.png,https://www.espncricinfo.com/cricketers/sp-jackson-acc1aeda
2022,SP Narine,9d430b40,Kolkata Knight Riders,14,71,40,7,10.14,177.5,6,6,336,56.0,312,9,37.33,5.57,138,41.07,14,6,8,0,42.86,12,9d430b40,https://a.espncdn.com/i/headshots/cricket/players/full/9d430b40.png,https://www.espncricinfo.com/cricketers/sp-narine-9d430b40
2022,SS Iyer,85ec8e33,Kolkata Knight Riders,14,401,298,13,30.85,134.56,41,11,6,1.0,7,0,,7.0,4,66.67,14,6,8,0,42.86,12,85ec8e33,https://a.espncdn.com/i/headshots/cricket/players/full/85ec8e33.png,https://www.espncricinfo.com/cricketers/ss-iyer-85ec8e33
2022,SS Prabhudessai,9385de2e,Royal Challengers Bangalore,5,67,58,5,13.4,115.52,7,2,0,,0,0,,,0,,16,9,7,0,56.25,18,9385de2e,https://a.espncdn.com/i/headshots/cricket/players/full/9385de2e.png,https://www.espncricinfo.com/cricketers/ss-prabhudessai-9385de2e
2022,SV Samson,a4cc73aa,Rajasthan Royals,17,458,311,16,28.62,147.27,43,26,0,,0,0,,,0,,17,10,7,0,58.82,20,a4cc73aa,https://a.espncdn.com/i/headshots/cricket/players/full/a4cc73aa.png,https://www.espncricinfo.com/cricketers/sv-samson-a4cc73aa
2022,SW Billings,c16d4035,Kolkata Knight Riders,8,169,137,7,24.14,123.36,9,10,0,,0,0,,,0,,14,6,8,0,42.86,12,c16d4035,https://a.espncdn.com/i/headshots/cricket/players/full/c16d4035.png,https://www.espncricinfo.com/cricketers/sw-billings-c16d4035
2022,Sandeep Sharma,ce820073,Punjab Kings,5,0,0,0,,,0,0,120,20.0,153,2,60.0,7.65,58,48.33,14,7,7,0,50.0,14,ce820073,https://a.espncdn.com/i/headshots/cricket/players/full/ce820073.png,https://www.espncricinfo.com/cricketers/sandeep-sharma-ce820073
2022,Shahbaz Ahmed,f9e6e7ef,Royal Challengers Bangalore,16,219,179,8,27.38,122.35,14,9,210,35.0,336,4,52.5,9.6,56,26.67,16,9,7,0,56.25,18,f9e6e7ef,https://a.espncdn.com/i/headshots/cricket/players/full/f9e6e7ef.png,https://www.espncricinfo.com/cricketers/shahbaz-ahmed-f9e6e7ef
2022,Shashank Singh,26989d80,Sunrisers Hyderabad,10,69,47,4,17.25,146.81,5,4,12,2.0,20,0,,10.0,1,8.33,14,6,8,0,42.86,12,26989d80,https://a.espncdn.com/i/headshots/cricket/players/full/26989d80.png,https://www.espncricinfo.com/cricketers/shashank-singh-26989d80
2022,Shivam Mavi,c38d3503,Kolkata Knight Riders,6,3,7,2,1.5,42.86,0,0,132,22.0,227,5,26.4,10.32,47,35.61,14,6,8,0,42.86,12,c38d3503,https://a.espncdn.com/i/headshots/cricket/players/full/c38d3503.png,https://www.espncricinfo.com/cricketers/shivam-mavi-c38d3503
2022,Shubman Gill,b4b99816,Gujarat Titans,16,483,362,15,32.2,133.43,51,11,0,,0,0,,,0,,16,12,4,0,75.0,24,b4b99816,https://a.espncdn.com/i/headshots/cricket/players/full/b4b99816.png,https://www.espncricinfo.com/cricketers/shubman-gill-b4b99816
2022,Simarjeet Singh,30df8c66,Chennai Super Kings,6,7,8,1,7.0,87.5,0,0,108,18.0,138,4,27.0,7.67,55,50.93,14,4,10,0,28.57,8,30df8c66,https://a.espncdn.com/i/headshots/cricket/players/full/30df8c66.png,https://www.espncricinfo.com/cricketers/simarjeet-singh-30df8c66
2022,T Natarajan,ce794613,Sunrisers Hyderabad,11,0,0,0,,,0,0,258,43.0,406,18,14.33,9.44,78,30.23,14,6,8,0,42.86,12,ce794613,https://a.espncdn.com/i/headshots/cricket/players/full/ce794613.png,https://www.espncricinfo.com/cricketers/t-natarajan-ce794613
2022,T Stubbs,85b3fab2,Mumbai Indians,2,2,4,1,2.0,50.0,0,0,0,,0,0,,,0,,14,4,10,0,28.57,8,85b3fab2,https://a.espncdn.com/i/headshots/cricket/players/full/85b3fab2.png,https://www.espncricinfo.com/cricketers/t-stubbs-85b3fab2
2022,TA Boult,a818c1be,Rajasthan Royals,16,40,29,2,20.0,137.93,2,1,372,62.0,492,16,23.25,7.94,170,45.7,17,10,7,0,58.82,20,a818c1be,https://a.espncdn.com/i/headshots/cricket/players/full/a818c1be.png,https://www.espncricinfo.com/cricketers/ta-boult-a818c1be
2022,TG Southee,13c35c9e,Kolkata Knight Riders,9,2,12,4,0.5,16.67,0,0,210,35.0,275,14,15.0,7.86,84,40.0,14,6,8,0,42.86,12,13c35c9e,https://a.espncdn.com/i/headshots/cricket/players/full/13c35c9e.png,https://www.espncricinfo.com/cricketers/tg-southee-13c35c9e
2022,TH David,f1f99156,Mumbai Indians,8,186,86,6,31.0,216.28,12,16,0,,0,0,,,0,,14,4,10,0,28.57,8,f1f99156,https://a.espncdn.com/i/headshots/cricket/players/full/f1f99156.png,https://www.espncricinfo.com/cricketers/th-david-f1f99156
2022,TL Seifert,4663bd23,Delhi Capitals,2,24,19,2,12.0,126.32,4,0,0,,0,0,,,0,,14,7,7,0,50.0,14,4663bd23,https://a.espncdn.com/i/headshots/cricket/players/full/4663bd23.png,https://www.espncricinfo.com/cricketers/tl-seifert-4663bd23
2022,TS Mills,245c97cb,Mumbai Indians,5,0,3,1,0.0,0.0,0,0,102,17.0,190,6,17.0,11.18,28,27.45,14,4,10,0,28.57,8,245c97cb,https://a.espncdn.com/i/headshots/cricket/players/full/245c97cb.png,https://www.espncricinfo.com/cricketers/ts-mills-245c97cb
2022,TU Deshpande,46a9bea1,Chennai Super Kings,2,0,0,0,,,0,0,42,7.0,63,1,42.0,9.0,17,40.48,14,4,10,0,28.57,8,46a9bea1,https://a.espncdn.com/i/headshots/cricket/players/full/46a9bea1.png,https://www.espncricinfo.com/cricketers/tu-deshpande-46a9bea1
2022,Tilak Varma,b0482a1d,Mumbai Indians,14,397,302,10,39.7,131.46,29,16,12,2.0,13,0,,6.5,5,41.67,14,4,10,0,28.57,8,b0482a1d,https://a.espncdn.com/i/headshots/cricket/players/full/b0482a1d.png,https://www.espncricinfo.com/cricketers/tilak-varma-b0482a1d
2022,UT Yadav,cc1e8c68,Kolkata Knight Riders,12,55,40,4,13.75,137.5,4,4,288,48.0,339,16,18.0,7.06,135,46.88,14,6,8,0,42.86,12,cc1e8c68,https://a.espncdn.com/i/headshots/cricket/players/full/cc1e8c68.png,https://www.espncricinfo.com/cricketers/ut-yadav-cc1e8c68
2022,Umran Malik,81c08fa3,Sunrisers Hyderabad,14,4,8,1,4.0,50.0,0,0,295,49.17,444,22,13.41,9.03,131,44.41,14,6,8,0,42.86,12,81c08fa3,https://a.espncdn.com/i/headshots/cricket/players/full/81c08fa3.png,https://www.espncricinfo.com/cricketers/umran-malik-81c08fa3
2022,V Kohli,ba607b88,Royal Challengers Bangalore,16,341,294,16,21.31,115.99,32,8,0,,0,0,,,0,,16,9,7,0,56.25,18,ba607b88,https://a.espncdn.com/i/headshots/cricket/players/full/ba607b88.png,https://www.espncricinfo.com/cricketers/v-kohli-ba607b88
2022,V Shankar,0994d0ae,Gujarat Titans,4,19,35,4,4.75,54.29,1,0,9,1.5,15,0,,10.0,4,44.44,16,12,4,0,75.0,24,0994d0ae,https://a.espncdn.com/i/headshots/cricket/players/full/0994d0ae.png,https://www.espncricinfo.com/cricketers/v-shankar-0994d0ae
2022,VG Arora,7c3b3b78,Punjab Kings,5,5,13,2,2.5,38.46,0,0,107,17.83,164,3,35.67,9.2,38,35.51,14,7,7,0,50.0,14,7c3b3b78,https://a.espncdn.com/i/headshots/cricket/players/full/7c3b3b78.png,https://www.espncricinfo.com/cricketers/vg-arora-7c3b3b78
2022,VR Aaron,0a3d54b9,Gujarat Titans,2,0,0,0,,,0,0,30,5.0,52,2,15.0,10.4,6,20.0,16,12,4,0,75.0,24,0a3d54b9,https://a.espncdn.com/i/headshots/cricket/players/full/0a3d54b9.png,https://www.espncricinfo.com/cricketers/vr-aaron-0a3d54b9
2022,VR Iyer,a24be938,Kolkata Knight Riders,12,182,169,11,16.55,107.69,17,7,24,4.0,46,0,,11.5,3,12.5,14,6,8,0,42.86,12,a24be938,https://a.espncdn.com/i/headshots/cricket/players/full/a24be938.png,https://www.espncricinfo.com/cricketers/vr-iyer-a24be938
2022,WP Saha,fe11caa6,Gujarat Titans,11,317,259,9,35.22,122.39,40,7,0,,0,0,,,0,,16,12,4,0,75.0,24,fe11caa6,https://a.espncdn.com/i/headshots/cricket/players/full/fe11caa6.png,https://www.espncricinfo.com/cricketers/wp-saha-fe11caa6
2022,Washington Sundar,f19ccfad,Sunrisers Hyderabad,9,101,69,7,14.43,146.38,9,3,168,28.0,239,6,28.0,8.54,47,27.98,14,6,8,0,42.86,12,f19ccfad,https://a.espncdn.com/i/headshots/cricket/players/full/f19ccfad.png,https://www.espncricinfo.com/cricketers/washington-sundar-f19ccfad
2022,YBK Jaiswal,6c19c6e5,Rajasthan Royals,10,258,191,10,25.8,135.08,28,10,1,0.17,6,0,,36.0,0,0.0,17,10,7,0,58.82,20,6c19c6e5,https://a.espncdn.com/i/headshots/cricket/players/full/6c19c6e5.png,https://www.espncricinfo.com/cricketers/ybk-jaiswal-6c19c6e5
2022,YS Chahal,57ee1fde,Rajasthan Royals,17,5,8,1,5.0,62.5,0,0,408,68.0,527,27,15.11,7.75,128,31.37,17,10,7,0,58.82,20,57ee1fde,https://a.espncdn.com/i/headshots/cricket/players/full/57ee1fde.png,https://www.espncricinfo.com/cricketers/ys-chahal-57ee1fde
2022,Yash Dayal,7210d461,Gujarat Titans,9,0,1,1,0.0,0.0,0,0,192,32.0,296,11,17.45,9.25,76,39.58,16,12,4,0,75.0,24,7210d461,https://a.espncdn.com/i/headshots/cricket/players/full/7210d461.png,https://www.espncricinfo.com/cricketers/yash-dayal-7210d461
2023,A Badoni,872b03f7,Lucknow Super Giants,15,238,171,9,26.44,139.18,13,12,1,0.17,0,0,,0.0,1,100.0,15,8,6,1,57.14,17,872b03f7,https://a.espncdn.com/i/headshots/cricket/players/full/872b03f7.png,https://www.espncricinfo.com/cricketers/a-badoni-872b03f7
2023,A Manohar,0890552f,Gujarat Titans,9,114,83,6,19.0,137.35,6,7,0,,0,0,,,0,,17,11,6,0,64.71,22,0890552f,https://a.espncdn.com/i/headshots/cricket/players/full/0890552f.png,https://www.espncricinfo.com/cricketers/a-manohar-0890552f
2023,A Mishra,6b19d823,Lucknow Super Giants,7,19,30,1,19.0,63.33,2,0,114,19.0,149,7,16.29,7.84,30,26.32,15,8,6,1,57.14,17,6b19d823,https://a.espncdn.com/i/headshots/cricket/players/full/6b19d823.png,https://www.espncricinfo.com/cricketers/a-mishra-6b19d823
2023,A Nortje,acdc62f5,Delhi Capitals,10,37,29,2,18.5,127.59,6,0,240,40.0,364,10,24.0,9.1,90,37.5,14,5,9,0,35.71,10,acdc62f5,https://a.espncdn.com/i/headshots/cricket/players/full/acdc62f5.png,https://www.espncricinfo.com/cricketers/a-nortje-acdc62f5
2023,A Zampa,14f96089,Rajasthan Royals,6,10,16,3,3.33,62.5,0,0,132,22.0,188,8,16.5,8.55,39,29.55,14,7,7,0,50.0,14,14f96089,https://a.espncdn.com/i/headshots/cricket/players/full/14f96089.png,https://www.espncricinfo.com/cricketers/a-zampa-14f96089
2023,AD Russell,bbd41817,Kolkata Knight Riders,14,227,155,12,18.92,146.45,13,18,91,15.17,172,7,13.0,11.34,31,34.07,14,6,8,0,42.86,12,bbd41817,https://a.espncdn.com/i/headshots/cricket/players/full/bbd41817.png,https://www.espncricinfo.com/cricketers/ad-russell-bbd41817
2023,AJ Hosein,4d7f517e,Sunrisers Hyderabad,1,16,10,0,,160.0,1,1,24,4.0,40,1,24.0,10.0,5,20.83,14,4,10,0,28.57,8,4d7f517e,https://a.espncdn.com/i/headshots/cricket/players/full/4d7f517e.png,https://www.espncricinfo.com/cricketers/aj-hosein-4d7f517e
2023,AK Markram,6a26221c,Sunrisers Hyderabad,13,248,197,11,22.55,125.89,18,8,49,8.17,70,1,49.0,8.57,11,22.45,14,4,10,0,28.57,8,6a26221c,https://a.espncdn.com/i/headshots/cricket/players/full/6a26221c.png,https://www.espncricinfo.com/cricketers/ak-markram-6a26221c
2023,AM Rahane,29e95537,Chennai Super Kings,14,326,189,10,32.6,172.49,24,16,0,,0,0,,,0,,16,10,5,1,66.67,21,29e95537,https://a.espncdn.com/i/headshots/cricket/players/full/29e95537.png,https://www.espncricinfo.com/cricketers/am-rahane-29e95537
2023,AR Patel,2e171977,Delhi Capitals,14,283,201,10,28.3,140.8,21,15,282,47.0,338,11,25.64,7.19,102,36.17,14,5,9,0,35.71,10,2e171977,https://a.espncdn.com/i/headshots/cricket/players/full/2e171977.png,https://www.espncricinfo.com/cricketers/ar-patel-2e171977
2023,AS Joseph,b0946605,Gujarat Titans,7,7,12,0,,58.33,1,0,144,24.0,225,7,20.57,9.38,56,38.89,17,11,6,0,64.71,22,b0946605,https://a.espncdn.com/i/headshots/cricket/players/full/b0946605.png,https://www.espncricinfo.com/cricketers/as-joseph-b0946605
2023,AS Roy,e4cdf230,Kolkata Knight Riders,4,23,19,2,11.5,121.05,3,0,48,8.0,65,3,16.0,8.12,20,41.67,14,6,8,0,42.86,12,e4cdf230,https://a.espncdn.com/i/headshots/cricket/players/full/e4cdf230.png,https://www.espncricinfo.com/cricketers/as-roy-e4cdf230
2023,AT Rayudu,70d205c9,Chennai Super Kings,16,158,113,10,15.8,139.82,10,9,0,,0,0,,,0,,16,10,5,1,66.67,21,70d205c9,https://a.espncdn.com/i/headshots/cricket/players/full/70d205c9.png,https://www.espncricinfo.com/cricketers/at-rayudu-70d205c9
2023,AU Rashid,249d60c9,Sunrisers Hyderabad,2,22,15,2,11.0,146.67,2,1,42,7.0,56,2,21.0,8.0,14,33.33,14,4,10,0,28.57,8,249d60c9,https://a.espncdn.com/i/headshots/cricket/players/full/249d60c9.png,https://www.espncricinfo.com/cricketers/au-rashid-249d60c9
2023,Abdul Basith,cc777ffa,Rajasthan Royals,1,1,1,0,,100.0,0,0,0,,0,0,,,0,,14,7,7,0,50.0,14,cc777ffa,https://a.espncdn.com/i/headshots/cricket/players/full/cc777ffa.png,https://www.espncricinfo.com/cricketers/abdul-basith-cc777ffa
2023,Abdul Samad,8e514b4c,Sunrisers Hyderabad,9,169,125,5,33.8,135.2,10,11,0,,0,0,,,0,,14,4,10,0,28.57,8,8e514b4c,https://a.espncdn.com/i/headshots/cricket/players/full/8e514b4c.png,https://www.espncricinfo.com/cricketers/abdul-samad-8e514b4c
2023,Abhishek Sharma,f29185a1,Sunrisers Hyderabad,11,226,156,11,20.55,144.87,28,6,72,12.0,124,2,36.0,10.33,21,29.17,14,4,10,0,28.57,8,f29185a1,https://a.espncdn.com/i/headshots/cricket/players/full/f29185a1.png,https://www.espncricinfo.com/cricketers/abhishek-sharma-f29185a1
2023,Abishek Porel,ad3b6e95,Delhi Capitals,4,33,31,4,8.25,106.45,1,2,0,,0,0,,,0,,14,5,9,0,35.71,10,ad3b6e95,https://a.espncdn.com/i/headshots/cricket/players/full/ad3b6e95.png,https://www.espncricinfo.com/cricketers/abishek-porel-ad3b6e95
2023,Akash Deep,0a67aec0,Royal Challengers Bangalore,2,17,8,1,17.0,212.5,2,1,30,5.0,59,1,30.0,11.8,10,33.33,14,7,7,0,50.0,14,0a67aec0,https://a.espncdn.com/i/headshots/cricket/players/full/0a67aec0.png,https://www.espncricinfo.com/cricketers/akash-deep-0a67aec0
2023,Akash Madhwal,4bd09374,Mumbai Indians,8,0,0,0,,,0,0,153,25.5,219,14,10.93,8.59,50,32.68,16,9,7,0,56.25,18,4bd09374,https://a.espncdn.com/i/headshots/cricket/players/full/4bd09374.png,https://www.espncricinfo.com/cricketers/akash-madhwal-4bd09374
2023,Akash Singh,b483905d,Chennai Super Kings,6,0,0,0,,,0,0,114,19.0,188,5,22.8,9.89,46,40.35,16,10,5,1,66.67,21,b483905d,https://a.espncdn.com/i/headshots/cricket/players/full/b483905d.png,https://www.espncricinfo.com/cricketers/akash-singh-b483905d
2023,Aman Hakim Khan,378daa89,Delhi Capitals,11,110,101,8,13.75,108.91,7,6,0,,0,0,,,0,,14,5,9,0,35.71,10,378daa89,https://a.espncdn.com/i/headshots/cricket/players/full/378daa89.png,https://www.espncricinfo.com/cricketers/aman-hakim-khan-378daa89
2023,Anmolpreet Singh,1399b39c,Sunrisers Hyderabad,4,105,82,4,26.25,128.05,15,2,0,,0,0,,,0,,14,4,10,0,28.57,8,1399b39c,https://a.espncdn.com/i/headshots/cricket/players/full/1399b39c.png,https://www.espncricinfo.com/cricketers/anmolpreet-singh-1399b39c
2023,Anuj Rawat,c8f5f961,Royal Challengers Bangalore,9,91,71,3,30.33,128.17,6,4,0,,0,0,,,0,,14,7,7,0,50.0,14,c8f5f961,https://a.espncdn.com/i/headshots/cricket/players/full/c8f5f961.png,https://www.espncricinfo.com/cricketers/anuj-rawat-c8f5f961
2023,Arjun Tendulkar,44aac2f0,Mumbai Indians,4,13,9,1,13.0,144.44,0,1,59,9.83,92,3,19.67,9.36,23,38.98,16,9,7,0,56.25,18,44aac2f0,https://a.espncdn.com/i/headshots/cricket/players/full/44aac2f0.png,https://www.espncricinfo.com/cricketers/arjun-tendulkar-44aac2f0
2023,Arshad Khan,12314277,Mumbai Indians,6,18,15,2,9.0,120.0,0,1,85,14.17,190,5,17.0,13.41,25,29.41,16,9,7,0,56.25,18,12314277,https://a.espncdn.com/i/headshots/cricket/players/full/12314277.png,https://www.espncricinfo.com/cricketers/arshad-khan-12314277
2023,Arshdeep Singh,244048f6,Punjab Kings,14,2,2,0,,100.0,0,0,305,50.83,493,17,17.94,9.7,110,36.07,14,6,8,0,42.86,12,244048f6,https://a.espncdn.com/i/headshots/cricket/players/full/244048f6.png,https://www.espncricinfo.com/cricketers/arshdeep-singh-244048f6
2023,Atharva Taide,1ac746c8,Punjab Kings,7,186,129,6,31.0,144.19,20,6,0,,0,0,,,0,,14,6,8,0,42.86,12,1ac746c8,https://a.espncdn.com/i/headshots/cricket/players/full/1ac746c8.png,https://www.espncricinfo.com/cricketers/atharva-taide-1ac746c8
2023,Avesh Khan,eef2536f,Lucknow Super Giants,9,0,1,0,,0.0,0,0,174,29.0,283,8,21.75,9.76,58,33.33,15,8,6,1,57.14,17,eef2536f,https://a.espncdn.com/i/headshots/cricket/players/full/eef2536f.png,https://www.espncricinfo.com/cricketers/avesh-khan-eef2536f
2023,B Kumar,2e81a32d,Sunrisers Hyderabad,14,42,47,3,14.0,89.36,4,0,306,51.0,425,16,19.12,8.33,121,39.54,14,4,10,0,28.57,8,2e81a32d,https://a.espncdn.com/i/headshots/cricket/players/full/2e81a32d.png,https://www.espncricinfo.com/cricketers/b-kumar-2e81a32d
2023,B Sai Sudharsan,d5130a30,Gujarat Titans,8,362,253,6,60.33,143.08,33,12,0,,0,0,,,0,,17,11,6,0,64.71,22,d5130a30,https://a.espncdn.com/i/headshots/cricket/players/full/d5130a30.png,https://www.espncricinfo.com/cricketers/b-sai-sudharsan-d5130a30
2023,BA Stokes,e087956b,Chennai Super Kings,2,15,14,2,7.5,107.14,2,0,6,1.0,18,0,,18.0,0,0.0,16,10,5,1,66.67,21,e087956b,https://a.espncdn.com/i/headshots/cricket/players/full/e087956b.png,https://www.espncricinfo.com/cricketers/ba-stokes-e087956b
2023,C Green,eaa76d3c,Mumbai Indians,16,452,279,10,45.2,162.01,40,22,228,38.0,361,6,38.0,9.5,79,34.65,16,9,7,0,56.25,18,eaa76d3c,https://a.espncdn.com/i/headshots/cricket/players/full/eaa76d3c.png,https://www.espncricinfo.com/cricketers/c-green-eaa76d3c
2023,C Sakariya,2cdce1be,Delhi Capitals,2,4,6,1,4.0,66.67,1,0,48,8.0,89,3,16.0,11.12,17,35.42,14,5,9,0,35.71,10,2cdce1be,https://a.espncdn.com/i/headshots/cricket/players/full/2cdce1be.png,https://www.espncricinfo.com/cricketers/c-sakariya-2cdce1be
2023,CJ Jordan,ffe699c0,Mumbai Indians,6,6,12,2,3.0,50.0,0,0,132,22.0,237,3,44.0,10.77,41,31.06,16,9,7,0,56.25,18,ffe699c0,https://a.espncdn.com/i/headshots/cricket/players/full/ffe699c0.png,https://www.espncricinfo.com/cricketers/cj-jordan-ffe699c0
2023,CV Varun,5b7ab5a9,Kolkata Knight Riders,14,1,9,0,,11.11,0,0,316,52.67,429,20,15.8,8.15,115,36.39,14,6,8,0,42.86,12,5b7ab5a9,https://a.espncdn.com/i/headshots/cricket/players/full/5b7ab5a9.png,https://www.espncricinfo.com/cricketers/cv-varun-5b7ab5a9
2023,D Jansen,8dc152d1,Mumbai Indians,1,0,0,0,,,0,0,24,4.0,53,1,24.0,13.25,6,25.0,16,9,7,0,56.25,18,8dc152d1,https://a.espncdn.com/i/headshots/cricket/players/full/8dc152d1.png,https://www.espncricinfo.com/cricketers/d-jansen-8dc152d1
2023,D Padikkal,2c25d4f5,Rajasthan Royals,11,261,200,11,23.73,130.5,31,6,0,,0,0,,,0,,14,7,7,0,50.0,14,2c25d4f5,https://a.espncdn.com/i/headshots/cricket/players/full/2c25d4f5.png,https://www.espncricinfo.com/cricketers/d-padikkal-2c25d4f5
2023,D Pretorius,11614d87,Chennai Super Kings,1,0,0,0,,,0,0,24,4.0,28,0,,7.0,8,33.33,16,10,5,1,66.67,21,11614d87,https://a.espncdn.com/i/headshots/cricket/players/full/11614d87.png,https://www.espncricinfo.com/cricketers/d-pretorius-11614d87
2023,D Wiese,aa8d28ae,Kolkata Knight Riders,3,21,11,1,21.0,190.91,0,3,18,3.0,38,0,,12.67,3,16.67,14,6,8,0,42.86,12,aa8d28ae,https://a.espncdn.com/i/headshots/cricket/players/full/aa8d28ae.png,https://www.espncricinfo.com/cricketers/d-wiese-aa8d28ae
2023,DA Miller,d67d5f00,Gujarat Titans,16,259,178,8,32.38,145.51,18,13,0,,0,0,,,0,,17,11,6,0,64.71,22,d67d5f00,https://a.espncdn.com/i/headshots/cricket/players/full/d67d5f00.png,https://www.espncricinfo.com/cricketers/da-miller-d67d5f00
2023,DA Warner,dcce6f09,Delhi Capitals,14,516,391,13,39.69,131.97,69,10,0,,0,0,,,0,,14,5,9,0,35.71,10,dcce6f09,https://a.espncdn.com/i/headshots/cricket/players/full/dcce6f09.png,https://www.espncricinfo.com/cricketers/da-warner-dcce6f09
2023,DG Nalkande,cd8d2859,Gujarat Titans,1,0,1,1,0.0,0.0,0,0,24,4.0,44,1,24.0,11.0,8,33.33,17,11,6,0,64.71,22,cd8d2859,https://a.espncdn.com/i/headshots/cricket/players/full/cd8d2859.png,https://www.espncricinfo.com/cricketers/dg-nalkande-cd8d2859
2023,DJ Hooda,73ad96ed,Lucknow Super Giants,12,84,90,11,7.64,93.33,3,2,6,1.0,8,0,,8.0,1,16.67,15,8,6,1,57.14,17,73ad96ed,https://a.espncdn.com/i/headshots/cricket/players/full/73ad96ed.png,https://www.espncricinfo.com/cricketers/dj-hooda-73ad96ed
2023,DJ Willey,7f048519,Royal Challengers Bangalore,4,35,32,0,,109.38,4,0,90,15.0,105,3,30.0,7.0,36,40.0,14,7,7,0,50.0,14,7f048519,https://a.espncdn.com/i/headshots/cricket/players/full/7f048519.png,https://www.espncricinfo.com/cricketers/dj-willey-7f048519
2023,DL Chahar,23eeb873,Chennai Super Kings,10,1,2,0,,50.0,0,0,204,34.0,297,13,15.69,8.74,80,39.22,16,10,5,1,66.67,21,23eeb873,https://a.espncdn.com/i/headshots/cricket/players/full/23eeb873.png,https://www.espncricinfo.com/cricketers/dl-chahar-23eeb873
2023,DP Conway,df5a6881,Chennai Super Kings,16,672,479,14,48.0,140.29,77,18,0,,0,0,,,0,,16,10,5,1,66.67,21,df5a6881,https://a.espncdn.com/i/headshots/cricket/players/full/df5a6881.png,https://www.espncricinfo.com/cricketers/dp-conway-df5a6881
2023,Dhruv Jurel,bcf325d2,Rajasthan Royals,13,152,88,6,25.33,172.73,11,9,0,,0,0,,,0,,14,7,7,0,50.0,14,bcf325d2,https://a.espncdn.com/i/headshots/cricket/players/full/bcf325d2.png,https://www.espncricinfo.com/cricketers/dhruv-jurel-bcf325d2
2023,F du Plessis,3355b542,Royal Challengers Bangalore,14,730,472,13,56.15,154.66,60,36,0,,0,0,,,0,,14,7,7,0,50.0,14,3355b542,https://a.espncdn.com/i/headshots/cricket/players/full/3355b542.png,https://www.espncricinfo.com/cricketers/f-du-plessis-3355b542
2023,Fazalhaq Farooqi,e9c7f0d0,Sunrisers Hyderabad,4,1,5,0,,20.0,0,0,80,13.33,117,4,20.0,8.77,32,40.0,14,4,10,0,28.57,8,e9c7f0d0,https://a.espncdn.com/i/headshots/cricket/players/full/e9c7f0d0.png,https://www.espncricinfo.com/cricketers/fazalhaq-farooqi-e9c7f0d0
2023,GD Phillips,9a46c4e5,Sunrisers Hyderabad,5,39,22,5,7.8,177.27,2,4,18,3.0,20,1,18.0,6.67,6,33.33,14,4,10,0,28.57,8,9a46c4e5,https://a.espncdn.com/i/headshots/cricket/players/full/9a46c4e5.png,https://www.espncricinfo.com/cricketers/gd-phillips-9a46c4e5
2023,GJ Maxwell,b681e71e,Royal Challengers Bangalore,14,400,218,12,33.33,183.49,29,31,62,10.33,94,3,20.67,9.1,18,29.03,14,7,7,0,50.0,14,b681e71e,https://a.espncdn.com/i/headshots/cricket/players/full/b681e71e.png,https://www.espncricinfo.com/cricketers/gj-maxwell-b681e71e
2023,Gurnoor Brar,99258814,Punjab Kings,1,0,0,0,,,0,0,18,3.0,42,0,,14.0,7,38.89,14,6,8,0,42.86,12,99258814,https://a.espncdn.com/i/headshots/cricket/players/full/99258814.png,https://www.espncricinfo.com/cricketers/gurnoor-brar-99258814
2023,H Klaasen,235c2bb6,Sunrisers Hyderabad,12,448,251,9,49.78,178.49,32,25,0,,0,0,,,0,,14,4,10,0,28.57,8,235c2bb6,https://a.espncdn.com/i/headshots/cricket/players/full/235c2bb6.png,https://www.espncricinfo.com/cricketers/h-klaasen-235c2bb6
2023,H Sharma,52294a79,Royal Challengers Bangalore,1,0,0,0,,,0,0,18,3.0,28,0,,9.33,2,11.11,14,7,7,0,50.0,14,52294a79,https://a.espncdn.com/i/headshots/cricket/players/full/52294a79.png,https://www.espncricinfo.com/cricketers/h-sharma-52294a79
2023,HC Brook,4ae1755b,Sunrisers Hyderabad,11,190,153,9,21.11,124.18,23,4,0,,0,0,,,0,,14,4,10,0,28.57,8,4ae1755b,https://a.espncdn.com/i/headshots/cricket/players/full/4ae1755b.png,https://www.espncricinfo.com/cricketers/hc-brook-4ae1755b
2023,HH Pandya,dbe50b21,Gujarat Titans,16,346,251,11,31.45,137.85,26,15,150,25.0,228,3,50.0,9.12,59,39.33,17,11,6,0,64.71,22,dbe50b21,https://a.espncdn.com/i/headshots/cricket/players/full/dbe50b21.png,https://www.espncricinfo.com/cricketers/hh-pandya-dbe50b21
2023,HR Shokeen,0c9652b0,Mumbai Indians,8,23,17,1,23.0,135.29,4,0,114,19.0,187,3,38.0,9.84,37,32.46,16,9,7,0,56.25,18,0c9652b0,https://a.espncdn.com/i/headshots/cricket/players/full/0c9652b0.png,https://www.espncricinfo.com/cricketers/hr-shokeen-0c9652b0
2023,HV Patel,f986ca1a,Royal Challengers Bangalore,14,6,6,2,3.0,100.0,0,1,282,47.0,454,14,20.14,9.66,77,27.3,14,7,7,0,50.0,14,f986ca1a,https://a.espncdn.com/i/headshots/cricket/players/full/f986ca1a.png,https://www.espncricinfo.com/cricketers/hv-patel-f986ca1a
2023,Harpreet Brar,c05edf8e,Punjab Kings,13,52,41,7,7.43,126.83,5,2,163,27.17,218,9,18.11,8.02,57,34.97,14,6,8,0,42.86,12,c05edf8e,https://a.espncdn.com/i/headshots/cricket/players/full/c05edf8e.png,https://www.espncricinfo.com/cricketers/harpreet-brar-c05edf8e
2023,Harpreet Singh,28c78fb3,Punjab Kings,3,76,58,2,38.0,131.03,8,3,0,,0,0,,,0,,14,6,8,0,42.86,12,28c78fb3,https://a.espncdn.com/i/headshots/cricket/players/full/28c78fb3.png,https://www.espncricinfo.com/cricketers/harpreet-singh-28c78fb3
2023,Harshit Rana,77b1aa15,Kolkata Knight Riders,6,0,1,1,0.0,0.0,0,0,102,17.0,147,5,20.4,8.65,44,43.14,14,6,8,0,42.86,12,77b1aa15,https://a.espncdn.com/i/headshots/cricket/players/full/77b1aa15.png,https://www.espncricinfo.com/cricketers/harshit-rana-77b1aa15
2023,I Sharma,5bb1a1c4,Delhi Capitals,8,1,1,0,,100.0,0,0,150,25.0,206,10,15.0,8.24,65,43.33,14,5,9,0,35.71,10,5bb1a1c4,https://a.espncdn.com/i/headshots/cricket/players/full/5bb1a1c4.png,https://www.espncricinfo.com/cricketers/i-sharma-5bb1a1c4
2023,Ishan Kishan,752f7486,Mumbai Indians,16,454,318,15,30.27,142.77,54,18,0,,0,0,,,0,,16,9,7,0,56.25,18,752f7486,https://a.espncdn.com/i/headshots/cricket/players/full/752f7486.png,https://www.espncricinfo.com/cricketers/ishan-kishan-752f7486
2023,J Little,9061a703,Gujarat Titans,10,0,0,0,,,0,0,204,34.0,294,7,29.14,8.65,73,35.78,17,11,6,0,64.71,22,9061a703,https://a.espncdn.com/i/headshots/cricket/players/full/9061a703.png,https://www.espncricinfo.com/cricketers/j-little-9061a703
2023,J Yadav,81049310,Gujarat Titans,1,0,0,0,,,0,0,24,4.0,26,0,,6.5,8,33.33,17,11,6,0,64.71,22,81049310,https://a.espncdn.com/i/headshots/cricket/players/full/81049310.png,https://www.espncricinfo.com/cricketers/j-yadav-81049310
2023,JC Archer,5574750c,Mumbai Indians,5,4,4,0,,100.0,0,0,120,20.0,190,2,60.0,9.5,43,35.83,16,9,7,0,56.25,18,5574750c,https://a.espncdn.com/i/headshots/cricket/players/full/5574750c.png,https://www.espncricinfo.com/cricketers/jc-archer-5574750c
2023,JC Buttler,99b75528,Rajasthan Royals,14,392,281,15,26.13,139.5,42,14,0,,0,0,,,0,,14,7,7,0,50.0,14,99b75528,https://a.espncdn.com/i/headshots/cricket/players/full/99b75528.png,https://www.espncricinfo.com/cricketers/jc-buttler-99b75528
2023,JD Unadkat,1e66c162,Lucknow Super Giants,3,9,7,1,9.0,128.57,1,0,48,8.0,92,0,,11.5,15,31.25,15,8,6,1,57.14,17,1e66c162,https://a.espncdn.com/i/headshots/cricket/players/full/1e66c162.png,https://www.espncricinfo.com/cricketers/jd-unadkat-1e66c162
2023,JE Root,a343262c,Rajasthan Royals,3,10,15,1,10.0,66.67,1,0,12,2.0,14,0,,7.0,1,8.33,14,7,7,0,50.0,14,a343262c,https://a.espncdn.com/i/headshots/cricket/players/full/a343262c.png,https://www.espncricinfo.com/cricketers/je-root-a343262c
2023,JJ Roy,d1c36f5c,Kolkata Knight Riders,8,285,187,8,35.62,152.41,36,12,0,,0,0,,,0,,14,6,8,0,42.86,12,d1c36f5c,https://a.espncdn.com/i/headshots/cricket/players/full/d1c36f5c.png,https://www.espncricinfo.com/cricketers/jj-roy-d1c36f5c
2023,JM Sharma,800d2d97,Punjab Kings,14,309,196,13,23.77,157.65,22,21,0,,0,0,,,0,,14,6,8,0,42.86,12,800d2d97,https://a.espncdn.com/i/headshots/cricket/players/full/800d2d97.png,https://www.espncricinfo.com/cricketers/jm-sharma-800d2d97
2023,JO Holder,0f721006,Rajasthan Royals,8,12,11,2,6.0,109.09,0,1,171,28.5,284,4,42.75,9.96,40,23.39,14,7,7,0,50.0,14,0f721006,https://a.espncdn.com/i/headshots/cricket/players/full/0f721006.png,https://www.espncricinfo.com/cricketers/jo-holder-0f721006
2023,JP Behrendorff,4933f499,Mumbai Indians,12,6,9,0,,66.67,0,0,252,42.0,387,14,18.0,9.21,88,34.92,16,9,7,0,56.25,18,4933f499,https://a.espncdn.com/i/headshots/cricket/players/full/4933f499.png,https://www.espncricinfo.com/cricketers/jp-behrendorff-4933f499
2023,JR Hazlewood,03806cf8,Royal Challengers Bangalore,3,1,2,0,,50.0,0,0,54,9.0,76,3,18.0,8.44,29,53.7,14,7,7,0,50.0,14,03806cf8,https://a.espncdn.com/i/headshots/cricket/players/full/03806cf8.png,https://www.espncricinfo.com/cricketers/jr-hazlewood-03806cf8
2023,K Gowtham,90de905a,Lucknow Super Giants,7,61,36,4,15.25,169.44,2,5,96,16.0,118,3,32.0,7.38,39,40.62,15,8,6,1,57.14,17,90de905a,https://a.espncdn.com/i/headshots/cricket/players/full/90de905a.png,https://www.espncricinfo.com/cricketers/k-gowtham-90de905a
2023,K Kartikeya,f6d8a7ab,Mumbai Indians,8,6,7,1,6.0,85.71,1,0,156,26.0,227,5,31.2,8.73,40,25.64,16,9,7,0,56.25,18,f6d8a7ab,https://a.espncdn.com/i/headshots/cricket/players/full/f6d8a7ab.png,https://www.espncricinfo.com/cricketers/k-kartikeya-f6d8a7ab
2023,K Khejroliya,fa2f1dde,Kolkata Knight Riders,2,0,0,0,,,0,0,26,4.33,64,2,13.0,14.77,7,26.92,14,6,8,0,42.86,12,fa2f1dde,https://a.espncdn.com/i/headshots/cricket/players/full/fa2f1dde.png,https://www.espncricinfo.com/cricketers/k-khejroliya-fa2f1dde
2023,K Rabada,e62dd25d,Punjab Kings,6,0,2,1,0.0,0.0,0,0,138,23.0,232,7,19.71,10.09,58,42.03,14,6,8,0,42.86,12,e62dd25d,https://a.espncdn.com/i/headshots/cricket/players/full/e62dd25d.png,https://www.espncricinfo.com/cricketers/k-rabada-e62dd25d
2023,K Yadav,030f3089,Rajasthan Royals,2,0,0,0,,,0,0,42,7.0,68,2,21.0,9.71,9,21.43,14,7,7,0,50.0,14,030f3089,https://a.espncdn.com/i/headshots/cricket/players/full/030f3089.png,https://www.espncricinfo.com/cricketers/k-yadav-030f3089
2023,KD Karthik,c03f1114,Royal Challengers Bangalore,13,140,104,12,11.67,134.62,13,5,0,,0,0,,,0,,14,7,7,0,50.0,14,c03f1114,https://a.espncdn.com/i/headshots/cricket/players/full/c03f1114.png,https://www.espncricinfo.com/cricketers/kd-karthik-c03f1114
2023,KH Pandya,5b8c830e,Lucknow Super Giants,15,188,164,11,17.09,114.63,15,6,252,42.0,313,9,28.0,7.45,92,36.51,15,8,6,1,57.14,17,5b8c830e,https://a.espncdn.com/i/headshots/cricket/players/full/5b8c830e.png,https://www.espncricinfo.com/cricketers/kh-pandya-5b8c830e
2023,KK Ahmed,a2f46292,Delhi Capitals,9,0,0,0,,,0,0,198,33.0,301,9,22.0,9.12,81,40.91,14,5,9,0,35.71,10,a2f46292,https://a.espncdn.com/i/headshots/cricket/players/full/a2f46292.png,https://www.espncricinfo.com/cricketers/kk-ahmed-a2f46292
2023,KL Rahul,b17e2f24,Lucknow Super Giants,9,274,241,8,34.25,113.69,28,4,0,,0,0,,,0,,15,8,6,1,57.14,17,b17e2f24,https://a.espncdn.com/i/headshots/cricket/players/full/b17e2f24.png,https://www.espncricinfo.com/cricketers/kl-rahul-b17e2f24
2023,KM Asif,798cc28e,Rajasthan Royals,4,0,2,1,0.0,0.0,0,0,84,14.0,138,3,28.0,9.86,28,33.33,14,7,7,0,50.0,14,798cc28e,https://a.espncdn.com/i/headshots/cricket/players/full/798cc28e.png,https://www.espncricinfo.com/cricketers/km-asif-798cc28e
2023,KM Jadhav,99d63244,Royal Challengers Bangalore,2,12,10,0,,120.0,1,0,0,,0,0,,,0,,14,7,7,0,50.0,14,99d63244,https://a.espncdn.com/i/headshots/cricket/players/full/99d63244.png,https://www.espncricinfo.com/cricketers/km-jadhav-99d63244
2023,KR Mayers,73c18486,Lucknow Super Giants,13,379,258,13,29.15,146.9,38,22,42,7.0,59,0,,8.43,14,33.33,15,8,6,1,57.14,17,73c18486,https://a.espncdn.com/i/headshots/cricket/players/full/73c18486.png,https://www.espncricinfo.com/cricketers/kr-mayers-73c18486
2023,KR Sen,2e78f685,Rajasthan Royals,2,0,0,0,,,0,0,18,3.0,28,0,,9.33,5,27.78,14,7,7,0,50.0,14,2e78f685,https://a.espncdn.com/i/headshots/cricket/players/full/2e78f685.png,https://www.espncricinfo.com/cricketers/kr-sen-2e78f685
2023,KS Sharma,39ed0d2f,Lucknow Super Giants,2,12,21,2,6.0,57.14,0,0,0,,0,0,,,0,,15,8,6,1,57.14,17,39ed0d2f,https://a.espncdn.com/i/headshots/cricket/players/full/39ed0d2f.png,https://www.espncricinfo.com/cricketers/ks-sharma-39ed0d2f
2023,KS Williamson,d027ba9f,Gujarat Titans,1,0,0,0,,,0,0,0,,0,0,,,0,,17,11,6,0,64.71,22,d027ba9f,https://a.espncdn.com/i/headshots/cricket/players/full/d027ba9f.png,https://www.espncricinfo.com/cricketers/ks-williamson-d027ba9f
2023,KV Sharma,119678fd,Royal Challengers Bangalore,7,3,5,2,1.5,60.0,0,0,129,21.5,223,10,12.9,10.37,37,28.68,14,7,7,0,50.0,14,119678fd,https://a.espncdn.com/i/headshots/cricket/players/full/119678fd.png,https://www.espncricinfo.com/cricketers/kv-sharma-119678fd
2023,Kartik Tyagi,5d2eea49,Sunrisers Hyderabad,3,0,0,0,,,0,0,37,6.17,92,1,37.0,14.92,10,27.03,14,4,10,0,28.57,8,5d2eea49,https://a.espncdn.com/i/headshots/cricket/players/full/5d2eea49.png,https://www.espncricinfo.com/cricketers/kartik-tyagi-5d2eea49
2023,Kuldeep Yadav,8d2c70ad,Delhi Capitals,14,31,48,3,10.33,64.58,2,0,294,49.0,361,10,29.4,7.37,82,27.89,14,5,9,0,35.71,10,8d2c70ad,https://a.espncdn.com/i/headshots/cricket/players/full/8d2c70ad.png,https://www.espncricinfo.com/cricketers/kuldeep-yadav-8d2c70ad
2023,LH Ferguson,2f9d0389,Kolkata Knight Riders,3,0,0,0,,,0,0,46,7.67,96,1,46.0,12.52,14,30.43,14,6,8,0,42.86,12,2f9d0389,https://a.espncdn.com/i/headshots/cricket/players/full/2f9d0389.png,https://www.espncricinfo.com/cricketers/lh-ferguson-2f9d0389
2023,LS Livingstone,50c6bc2b,Punjab Kings,9,279,166,9,31.0,168.07,20,19,42,7.0,94,2,21.0,13.43,5,11.9,14,6,8,0,42.86,12,50c6bc2b,https://a.espncdn.com/i/headshots/cricket/players/full/50c6bc2b.png,https://www.espncricinfo.com/cricketers/ls-livingstone-50c6bc2b
2023,Lalit Yadav,ad427b5c,Delhi Capitals,6,66,59,5,13.2,111.86,8,0,78,13.0,118,2,39.0,9.08,22,28.21,14,5,9,0,35.71,10,ad427b5c,https://a.espncdn.com/i/headshots/cricket/players/full/ad427b5c.png,https://www.espncricinfo.com/cricketers/lalit-yadav-ad427b5c
2023,Liton Das,0404d43c,Kolkata Knight Riders,1,4,4,1,4.0,100.0,1,0,0,,0,0,,,0,,14,6,8,0,42.86,12,0404d43c,https://a.espncdn.com/i/headshots/cricket/players/full/0404d43c.png,https://www.espncricinfo.com/cricketers/liton-das-0404d43c
2023,M Ashwin,e2db2409,Rajasthan Royals,2,0,0,0,,,0,0,24,4.0,53,0,,13.25,3,12.5,14,7,7,0,50.0,14,e2db2409,https://a.espncdn.com/i/headshots/cricket/players/full/e2db2409.png,https://www.espncricinfo.com/cricketers/m-ashwin-e2db2409
2023,M Jansen,81c36ee9,Sunrisers Hyderabad,8,39,43,4,9.75,90.7,4,0,162,27.0,267,10,16.2,9.89,67,41.36,14,4,10,0,28.57,8,81c36ee9,https://a.espncdn.com/i/headshots/cricket/players/full/81c36ee9.png,https://www.espncricinfo.com/cricketers/m-jansen-81c36ee9
2023,M Markande,a9fd84fb,Sunrisers Hyderabad,10,21,13,0,,161.54,2,1,228,38.0,300,12,19.0,7.89,76,33.33,14,4,10,0,28.57,8,a9fd84fb,https://a.espncdn.com/i/headshots/cricket/players/full/a9fd84fb.png,https://www.espncricinfo.com/cricketers/m-markande-a9fd84fb
2023,M Pathirana,64839cb3,Chennai Super Kings,12,0,0,0,,,0,0,278,46.33,371,19,14.63,8.01,95,34.17,16,10,5,1,66.67,21,64839cb3,https://a.espncdn.com/i/headshots/cricket/players/full/64839cb3.png,https://www.espncricinfo.com/cricketers/m-pathirana-64839cb3
2023,M Shahrukh Khan,7dcb9bc9,Punjab Kings,14,156,93,7,22.29,167.74,13,9,0,,0,0,,,0,,14,6,8,0,42.86,12,7dcb9bc9,https://a.espncdn.com/i/headshots/cricket/players/full/7dcb9bc9.png,https://www.espncricinfo.com/cricketers/m-shahrukh-khan-7dcb9bc9
2023,M Theekshana,f24c6701,Chennai Super Kings,13,0,0,0,,,0,0,294,49.0,392,11,26.73,8.0,81,27.55,16,10,5,1,66.67,21,f24c6701,https://a.espncdn.com/i/headshots/cricket/players/full/f24c6701.png,https://www.espncricinfo.com/cricketers/m-theekshana-f24c6701
2023,M Vohra,c03e2850,Lucknow Super Giants,1,10,11,1,10.0,90.91,1,0,0,,0,0,,,0,,15,8,6,1,57.14,17,c03e2850,https://a.espncdn.com/i/headshots/cricket/players/full/c03e2850.png,https://www.espncricinfo.com/cricketers/m-vohra-c03e2850
2023,MA Agarwal,00ea847a,Sunrisers Hyderabad,10,270,208,10,27.0,129.81,29,6,0,,0,0,,,0,,14,4,10,0,28.57,8,00ea847a,https://a.espncdn.com/i/headshots/cricket/players/full/00ea847a.png,https://www.espncricinfo.com/cricketers/ma-agarwal-00ea847a
2023,MA Wood,8d92a2c3,Lucknow Super Giants,4,11,5,1,11.0,220.0,1,1,96,16.0,130,11,8.73,8.12,42,43.75,15,8,6,1,57.14,17,8d92a2c3,https://a.espncdn.com/i/headshots/cricket/players/full/8d92a2c3.png,https://www.espncricinfo.com/cricketers/ma-wood-8d92a2c3
2023,MD Shanaka,3ff033bb,Gujarat Titans,3,26,26,2,13.0,100.0,2,1,0,,0,0,,,0,,17,11,6,0,64.71,22,3ff033bb,https://a.espncdn.com/i/headshots/cricket/players/full/3ff033bb.png,https://www.espncricinfo.com/cricketers/md-shanaka-3ff033bb
2023,MG Bracewell,e38bce7a,Royal Challengers Bangalore,5,58,47,2,29.0,123.4,6,1,66,11.0,95,6,11.0,8.64,26,39.39,14,7,7,0,50.0,14,e38bce7a,https://a.espncdn.com/i/headshots/cricket/players/full/e38bce7a.png,https://www.espncricinfo.com/cricketers/mg-bracewell-e38bce7a
2023,MJ Santner,e4a0deae,Chennai Super Kings,3,2,4,0,,50.0,0,0,72,12.0,81,3,24.0,6.75,21,29.17,16,10,5,1,66.67,21,e4a0deae,https://a.espncdn.com/i/headshots/cricket/players/full/e4a0deae.png,https://www.espncricinfo.com/cricketers/mj-santner-e4a0deae
2023,MK Lomror,da934ee8,Royal Challengers Bangalore,12,135,96,8,16.88,140.62,9,8,12,2.0,17,0,,8.5,3,25.0,14,7,7,0,50.0,14,da934ee8,https://a.espncdn.com/i/headshots/cricket/players/full/da934ee8.png,https://www.espncricinfo.com/cricketers/mk-lomror-da934ee8
2023,MK Pandey,93b4fc78,Delhi Capitals,10,160,145,10,16.0,110.34,15,3,0,,0,0,,,0,,14,5,9,0,35.71,10,93b4fc78,https://a.espncdn.com/i/headshots/cricket/players/full/93b4fc78.png,https://www.espncricinfo.com/cricketers/mk-pandey-93b4fc78
2023,MM Ali,bb351c23,Chennai Super Kings,15,124,87,7,17.71,142.53,12,6,156,26.0,195,9,17.33,7.5,54,34.62,16,10,5,1,66.67,21,bb351c23,https://a.espncdn.com/i/headshots/cricket/players/full/bb351c23.png,https://www.espncricinfo.com/cricketers/mm-ali-bb351c23
2023,MM Sharma,759ac88f,Gujarat Titans,14,0,1,0,,0.0,0,0,265,44.17,361,27,9.81,8.17,86,32.45,17,11,6,0,64.71,22,759ac88f,https://a.espncdn.com/i/headshots/cricket/players/full/759ac88f.png,https://www.espncricinfo.com/cricketers/mm-sharma-759ac88f
2023,MP Stoinis,d9273ee7,Lucknow Super Giants,15,408,271,14,29.14,150.55,28,27,65,10.83,100,5,13.0,9.23,22,33.85,15,8,6,1,57.14,17,d9273ee7,https://a.espncdn.com/i/headshots/cricket/players/full/d9273ee7.png,https://www.espncricinfo.com/cricketers/mp-stoinis-d9273ee7
2023,MR Marsh,3d8feaf8,Delhi Capitals,9,128,97,8,16.0,131.96,11,7,121,20.17,170,12,10.08,8.43,34,28.1,14,5,9,0,35.71,10,3d8feaf8,https://a.espncdn.com/i/headshots/cricket/players/full/3d8feaf8.png,https://www.espncricinfo.com/cricketers/mr-marsh-3d8feaf8
2023,MS Dhoni,4a8a2e3b,Chennai Super Kings,16,104,54,4,26.0,192.59,3,10,0,,0,0,,,0,,16,10,5,1,66.67,21,4a8a2e3b,https://a.espncdn.com/i/headshots/cricket/players/full/4a8a2e3b.png,https://www.espncricinfo.com/cricketers/ms-dhoni-4a8a2e3b
2023,MW Short,a90e53ec,Punjab Kings,6,117,92,6,19.5,127.17,15,4,24,4.0,25,0,,6.25,11,45.83,14,6,8,0,42.86,12,a90e53ec,https://a.espncdn.com/i/headshots/cricket/players/full/a90e53ec.png,https://www.espncricinfo.com/cricketers/mw-short-a90e53ec
2023,Mandeep Singh,c3a96caf,Kolkata Knight Riders,3,14,16,3,4.67,87.5,0,1,0,,0,0,,,0,,14,6,8,0,42.86,12,c3a96caf,https://a.espncdn.com/i/headshots/cricket/players/full/c3a96caf.png,https://www.espncricinfo.com/cricketers/mandeep-singh-c3a96caf
2023,Mayank Dagar,a457cfb5,Sunrisers Hyderabad,3,0,0,0,,,0,0,66,11.0,83,1,66.0,7.55,22,33.33,14,4,10,0,28.57,8,a457cfb5,https://a.espncdn.com/i/headshots/cricket/players/full/a457cfb5.png,https://www.espncricinfo.com/cricketers/mayank-dagar-a457cfb5
2023,Mohammed Shami,8cf9814c,Gujarat Titans,17,5,6,2,2.5,83.33,1,0,390,65.0,522,28,13.93,8.03,184,47.18,17,11,6,0,64.71,22,8cf9814c,https://a.espncdn.com/i/headshots/cricket/players/full/8cf9814c.png,https://www.espncricinfo.com/cricketers/mohammed-shami-8cf9814c
2023,Mohammed Siraj,2f49c897,Royal Challengers Bangalore,14,1,2,1,1.0,50.0,0,0,300,50.0,375,19,15.79,7.5,151,50.33,14,7,7,0,50.0,14,2f49c897,https://a.espncdn.com/i/headshots/cricket/players/full/2f49c897.png,https://www.espncricinfo.com/cricketers/mohammed-siraj-2f49c897
2023,Mohit Rathee,9a5f2863,Punjab Kings,1,1,2,0,,50.0,0,0,12,2.0,29,0,,14.5,3,25.0,14,6,8,0,42.86,12,9a5f2863,https://a.espncdn.com/i/headshots/cricket/players/full/9a5f2863.png,https://www.espncricinfo.com/cricketers/mohit-rathee-9a5f2863
2023,Mohsin Khan,c33d8116,Lucknow Super Giants,5,0,7,1,0.0,0.0,0,0,60,10.0,107,3,20.0,10.7,22,36.67,15,8,6,1,57.14,17,c33d8116,https://a.espncdn.com/i/headshots/cricket/players/full/c33d8116.png,https://www.espncricinfo.com/cricketers/mohsin-khan-c33d8116
2023,Mukesh Kumar,2cffab74,Delhi Capitals,10,7,9,0,,77.78,0,0,186,31.0,326,7,26.57,10.52,63,33.87,14,5,9,0,35.71,10,2cffab74,https://a.espncdn.com/i/headshots/cricket/players/full/2cffab74.png,https://www.espncricinfo.com/cricketers/mukesh-kumar-2cffab74
2023,Mustafizur Rahman,0a8fce53,Delhi Capitals,2,1,1,0,,100.0,0,0,42,7.0,79,1,42.0,11.29,13,30.95,14,5,9,0,35.71,10,0a8fce53,https://a.espncdn.com/i/headshots/cricket/players/full/0a8fce53.png,https://www.espncricinfo.com/cricketers/mustafizur-rahman-0a8fce53
2023,N Jagadeesan,bd54eef5,Kolkata Knight Riders,6,89,81,6,14.83,109.88,14,1,0,,0,0,,,0,,14,6,8,0,42.86,12,bd54eef5,https://a.espncdn.com/i/headshots/cricket/players/full/bd54eef5.png,https://www.espncricinfo.com/cricketers/n-jagadeesan-bd54eef5
2023,N Pooran,3241e3fd,Lucknow Super Giants,15,358,207,11,32.55,172.95,26,26,0,,0,0,,,0,,15,8,6,1,57.14,17,3241e3fd,https://a.espncdn.com/i/headshots/cricket/players/full/3241e3fd.png,https://www.espncricinfo.com/cricketers/n-pooran-3241e3fd
2023,N Rana,fb2d1dda,Kolkata Knight Riders,14,413,291,13,31.77,141.92,39,20,53,8.83,75,3,17.67,8.49,18,33.96,14,6,8,0,42.86,12,fb2d1dda,https://a.espncdn.com/i/headshots/cricket/players/full/fb2d1dda.png,https://www.espncricinfo.com/cricketers/n-rana-fb2d1dda
2023,N Wadhera,d1a60072,Mumbai Indians,14,241,165,9,26.78,146.06,23,12,0,,0,0,,,0,,16,9,7,0,56.25,18,d1a60072,https://a.espncdn.com/i/headshots/cricket/players/full/d1a60072.png,https://www.espncricinfo.com/cricketers/n-wadhera-d1a60072
2023,NA Saini,21d4e29b,Rajasthan Royals,1,0,0,0,,,0,0,12,2.0,34,0,,17.0,2,16.67,14,7,7,0,50.0,14,21d4e29b,https://a.espncdn.com/i/headshots/cricket/players/full/21d4e29b.png,https://www.espncricinfo.com/cricketers/na-saini-21d4e29b
2023,NT Ellis,9eb1455b,Punjab Kings,10,1,7,2,0.5,14.29,0,0,228,38.0,339,13,17.54,8.92,65,28.51,14,6,8,0,42.86,12,9eb1455b,https://a.espncdn.com/i/headshots/cricket/players/full/9eb1455b.png,https://www.espncricinfo.com/cricketers/nt-ellis-9eb1455b
2023,Navdeep Saini,21d4e29b,Rajasthan Royals,1,0,0,0,,,0,0,24,4.0,40,3,8.0,10.0,9,37.5,14,7,7,0,50.0,14,,,
2023,Naveen-ul-Haq,c0c411cb,Lucknow Super Giants,8,16,20,2,8.0,80.0,2,0,168,28.0,219,11,15.27,7.82,64,38.1,15,8,6,1,57.14,17,c0c411cb,https://a.espncdn.com/i/headshots/cricket/players/full/c0c411cb.png,https://www.espncricinfo.com/cricketers/naveen-ul-haq-c0c411cb
2023,Nithish Kumar Reddy,aad0c365,Sunrisers Hyderabad,2,0,0,0,,,0,0,30,5.0,54,0,,10.8,10,33.33,14,4,10,0,28.57,8,aad0c365,https://a.espncdn.com/i/headshots/cricket/players/full/aad0c365.png,https://www.espncricinfo.com/cricketers/nithish-kumar-reddy-aad0c365
2023,Noor Ahmad,efc04be7,Gujarat Titans,13,8,9,2,4.0,88.89,1,0,283,47.17,369,16,17.69,7.82,100,35.34,17,11,6,0,64.71,22,efc04be7,https://a.espncdn.com/i/headshots/cricket/players/full/efc04be7.png,https://www.espncricinfo.com/cricketers/noor-ahmad-efc04be7
2023,OC McCoy,529eb9e0,Rajasthan Royals,1,0,0,0,,,0,0,6,1.0,13,0,,13.0,2,33.33,14,7,7,0,50.0,14,529eb9e0,https://a.espncdn.com/i/headshots/cricket/players/full/529eb9e0.png,https://www.espncricinfo.com/cricketers/oc-mccoy-529eb9e0
2023,P Dubey,ed5a5510,Delhi Capitals,1,16,20,1,16.0,80.0,2,0,18,3.0,19,1,18.0,6.33,8,44.44,14,5,9,0,35.71,10,ed5a5510,https://a.espncdn.com/i/headshots/cricket/players/full/ed5a5510.png,https://www.espncricinfo.com/cricketers/p-dubey-ed5a5510
2023,P Simran Singh,9418198b,Punjab Kings,14,358,238,15,23.87,150.42,38,19,0,,0,0,,,0,,14,6,8,0,42.86,12,9418198b,https://a.espncdn.com/i/headshots/cricket/players/full/9418198b.png,https://www.espncricinfo.com/cricketers/p-simran-singh-9418198b
2023,PBB Rajapaksa,6c882e9a,Punjab Kings,4,71,62,3,23.67,114.52,6,2,0,,0,0,,,0,,14,6,8,0,42.86,12,6c882e9a,https://a.espncdn.com/i/headshots/cricket/players/full/6c882e9a.png,https://www.espncricinfo.com/cricketers/pbb-rajapaksa-6c882e9a
2023,PD Salt,3d284ca3,Delhi Capitals,9,218,133,8,27.25,163.91,24,10,0,,0,0,,,0,,14,5,9,0,35.71,10,3d284ca3,https://a.espncdn.com/i/headshots/cricket/players/full/3d284ca3.png,https://www.espncricinfo.com/cricketers/pd-salt-3d284ca3
2023,PK Garg,bb965e9a,Delhi Capitals,2,22,22,3,7.33,100.0,1,0,0,,0,0,,,0,,14,5,9,0,35.71,10,bb965e9a,https://a.espncdn.com/i/headshots/cricket/players/full/bb965e9a.png,https://www.espncricinfo.com/cricketers/pk-garg-bb965e9a
2023,PN Mankad,663b5e34,Lucknow Super Giants,5,93,71,3,31.0,130.99,12,2,0,,0,0,,,0,,15,8,6,1,57.14,17,663b5e34,https://a.espncdn.com/i/headshots/cricket/players/full/663b5e34.png,https://www.espncricinfo.com/cricketers/pn-mankad-663b5e34
2023,PP Chawla,98ae73b1,Mumbai Indians,16,25,22,2,12.5,113.64,1,1,366,61.0,495,22,16.64,8.11,120,32.79,16,9,7,0,56.25,18,98ae73b1,https://a.espncdn.com/i/headshots/cricket/players/full/98ae73b1.png,https://www.espncricinfo.com/cricketers/pp-chawla-98ae73b1
2023,PP Shaw,8b3e9c7c,Delhi Capitals,8,106,84,8,13.25,126.19,16,1,0,,0,0,,,0,,14,5,9,0,35.71,10,8b3e9c7c,https://a.espncdn.com/i/headshots/cricket/players/full/8b3e9c7c.png,https://www.espncricinfo.com/cricketers/pp-shaw-8b3e9c7c
2023,PWH de Silva,a97c8ec2,Royal Challengers Bangalore,8,33,28,3,11.0,117.86,3,0,174,29.0,258,9,19.33,8.9,54,31.03,14,7,7,0,50.0,14,a97c8ec2,https://a.espncdn.com/i/headshots/cricket/players/full/a97c8ec2.png,https://www.espncricinfo.com/cricketers/pwh-de-silva-a97c8ec2
2023,Q de Kock,372455c4,Lucknow Super Giants,4,143,101,4,35.75,141.58,10,8,0,,0,0,,,0,,15,8,6,1,57.14,17,372455c4,https://a.espncdn.com/i/headshots/cricket/players/full/372455c4.png,https://www.espncricinfo.com/cricketers/q-de-kock-372455c4
2023,R Ashwin,495d42a5,Rajasthan Royals,13,67,51,5,13.4,131.37,5,3,294,49.0,368,14,21.0,7.51,88,29.93,14,7,7,0,50.0,14,495d42a5,https://a.espncdn.com/i/headshots/cricket/players/full/495d42a5.png,https://www.espncricinfo.com/cricketers/r-ashwin-495d42a5
2023,R Dhawan,26a85969,Punjab Kings,6,20,12,1,20.0,166.67,1,1,42,7.0,60,1,42.0,8.57,19,45.24,14,6,8,0,42.86,12,26a85969,https://a.espncdn.com/i/headshots/cricket/players/full/26a85969.png,https://www.espncricinfo.com/cricketers/r-dhawan-26a85969
2023,R Goyal,266849c1,Mumbai Indians,1,0,0,0,,,0,0,24,4.0,33,0,,8.25,6,25.0,16,9,7,0,56.25,18,266849c1,https://a.espncdn.com/i/headshots/cricket/players/full/266849c1.png,https://www.espncricinfo.com/cricketers/r-goyal-266849c1
2023,R Parag,04a418e8,Rajasthan Royals,7,78,65,6,13.0,120.0,4,5,0,,0,0,,,0,,14,7,7,0,50.0,14,04a418e8,https://a.espncdn.com/i/headshots/cricket/players/full/04a418e8.png,https://www.espncricinfo.com/cricketers/r-parag-04a418e8
2023,R Powell,650d5e49,Delhi Capitals,3,7,9,3,2.33,77.78,1,0,12,2.0,18,1,12.0,9.0,4,33.33,14,5,9,0,35.71,10,650d5e49,https://a.espncdn.com/i/headshots/cricket/players/full/650d5e49.png,https://www.espncricinfo.com/cricketers/r-powell-650d5e49
2023,R Shepherd,c5aef772,Lucknow Super Giants,1,0,1,1,0.0,0.0,0,0,0,,0,0,,,0,,15,8,6,1,57.14,17,c5aef772,https://a.espncdn.com/i/headshots/cricket/players/full/c5aef772.png,https://www.espncricinfo.com/cricketers/r-shepherd-c5aef772
2023,R Tewatia,39a2dfa8,Gujarat Titans,17,87,57,4,21.75,152.63,3,7,13,2.17,15,0,,6.92,7,53.85,17,11,6,0,64.71,22,39a2dfa8,https://a.espncdn.com/i/headshots/cricket/players/full/39a2dfa8.png,https://www.espncricinfo.com/cricketers/r-tewatia-39a2dfa8
2023,RA Jadeja,fe93fd9d,Chennai Super Kings,16,190,132,8,23.75,143.94,11,9,342,57.0,431,20,17.1,7.56,106,30.99,16,10,5,1,66.67,21,fe93fd9d,https://a.espncdn.com/i/headshots/cricket/players/full/fe93fd9d.png,https://www.espncricinfo.com/cricketers/ra-jadeja-fe93fd9d
2023,RA Tripathi,77255a9e,Sunrisers Hyderabad,13,273,212,12,22.75,128.77,29,10,0,,0,0,,,0,,14,4,10,0,28.57,8,77255a9e,https://a.espncdn.com/i/headshots/cricket/players/full/77255a9e.png,https://www.espncricinfo.com/cricketers/ra-tripathi-77255a9e
2023,RD Chahar,2ed569a0,Punjab Kings,14,0,9,2,0.0,0.0,0,0,298,49.67,385,8,37.25,7.75,93,31.21,14,6,8,0,42.86,12,2ed569a0,https://a.espncdn.com/i/headshots/cricket/players/full/2ed569a0.png,https://www.espncricinfo.com/cricketers/rd-chahar-2ed569a0
2023,RD Gaikwad,45a43fe2,Chennai Super Kings,16,590,398,13,45.38,148.24,46,30,0,,0,0,,,0,,16,10,5,1,66.67,21,45a43fe2,https://a.espncdn.com/i/headshots/cricket/players/full/45a43fe2.png,https://www.espncricinfo.com/cricketers/rd-gaikwad-45a43fe2
2023,RG Sharma,740742ef,Mumbai Indians,16,332,248,16,20.75,133.87,35,17,0,,0,0,,,0,,16,9,7,0,56.25,18,740742ef,https://a.espncdn.com/i/headshots/cricket/players/full/740742ef.png,https://www.espncricinfo.com/cricketers/rg-sharma-740742ef
2023,RJW Topley,8db7f47f,Royal Challengers Bangalore,1,0,0,0,,,0,0,12,2.0,14,1,12.0,7.0,7,58.33,14,7,7,0,50.0,14,8db7f47f,https://a.espncdn.com/i/headshots/cricket/players/full/8db7f47f.png,https://www.espncricinfo.com/cricketers/rjw-topley-8db7f47f
2023,RK Singh,0a509d6b,Kolkata Knight Riders,14,474,313,8,59.25,151.44,31,29,0,,0,0,,,0,,14,6,8,0,42.86,12,0a509d6b,https://a.espncdn.com/i/headshots/cricket/players/full/0a509d6b.png,https://www.espncricinfo.com/cricketers/rk-singh-0a509d6b
2023,RP Meredith,64775749,Mumbai Indians,5,0,2,0,,0.0,0,0,118,19.67,207,7,16.86,10.53,40,33.9,16,9,7,0,56.25,18,64775749,https://a.espncdn.com/i/headshots/cricket/players/full/64775749.png,https://www.espncricinfo.com/cricketers/rp-meredith-64775749
2023,RR Rossouw,cad00a4d,Delhi Capitals,9,209,140,7,29.86,149.29,17,11,0,,0,0,,,0,,14,5,9,0,35.71,10,cad00a4d,https://a.espncdn.com/i/headshots/cricket/players/full/cad00a4d.png,https://www.espncricinfo.com/cricketers/rr-rossouw-cad00a4d
2023,RS Hangargekar,c3c92b42,Chennai Super Kings,2,0,0,0,,,0,0,36,6.0,60,3,12.0,10.0,14,38.89,16,10,5,1,66.67,21,c3c92b42,https://a.espncdn.com/i/headshots/cricket/players/full/c3c92b42.png,https://www.espncricinfo.com/cricketers/rs-hangargekar-c3c92b42
2023,RV Patel,60500956,Delhi Capitals,5,49,43,3,16.33,113.95,3,1,0,,0,0,,,0,,14,5,9,0,35.71,10,60500956,https://a.espncdn.com/i/headshots/cricket/players/full/60500956.png,https://www.espncricinfo.com/cricketers/rv-patel-60500956
2023,Rahmanullah Gurbaz,0bacade8,Kolkata Knight Riders,11,227,169,11,20.64,134.32,17,15,0,,0,0,,,0,,14,6,8,0,42.86,12,0bacade8,https://a.espncdn.com/i/headshots/cricket/players/full/0bacade8.png,https://www.espncricinfo.com/cricketers/rahmanullah-gurbaz-0bacade8
2023,Rashid Khan,5f547c8b,Gujarat Titans,17,130,60,4,32.5,216.67,8,13,402,67.0,552,27,14.89,8.24,129,32.09,17,11,6,0,64.71,22,5f547c8b,https://a.espncdn.com/i/headshots/cricket/players/full/5f547c8b.png,https://www.espncricinfo.com/cricketers/rashid-khan-5f547c8b
2023,Ravi Bishnoi,df064e1a,Lucknow Super Giants,15,20,27,3,6.67,74.07,1,0,303,50.5,391,16,18.94,7.74,94,31.02,15,8,6,1,57.14,17,df064e1a,https://a.espncdn.com/i/headshots/cricket/players/full/df064e1a.png,https://www.espncricinfo.com/cricketers/ravi-bishnoi-df064e1a
2023,S Dhawan,0a476045,Punjab Kings,11,373,258,10,37.3,144.57,49,12,0,,0,0,,,0,,14,6,8,0,42.86,12,0a476045,https://a.espncdn.com/i/headshots/cricket/players/full/0a476045.png,https://www.espncricinfo.com/cricketers/s-dhawan-0a476045
2023,S Dube,a4e37e47,Chennai Super Kings,16,418,264,11,38.0,158.33,12,35,0,,0,0,,,0,,16,10,5,1,66.67,21,a4e37e47,https://a.espncdn.com/i/headshots/cricket/players/full/a4e37e47.png,https://www.espncricinfo.com/cricketers/s-dube-a4e37e47
2023,SA Yadav,271f83cd,Mumbai Indians,16,605,332,14,43.21,182.23,65,28,0,,0,0,,,0,,16,9,7,0,56.25,18,271f83cd,https://a.espncdn.com/i/headshots/cricket/players/full/271f83cd.png,https://www.espncricinfo.com/cricketers/sa-yadav-271f83cd
2023,SM Curran,e94915e6,Punjab Kings,14,276,201,10,27.6,137.31,20,13,287,47.83,489,10,28.7,10.22,80,27.87,14,6,8,0,42.86,12,e94915e6,https://a.espncdn.com/i/headshots/cricket/players/full/e94915e6.png,https://www.espncricinfo.com/cricketers/sm-curran-e94915e6
2023,SN Khan,f088b960,Delhi Capitals,4,53,61,4,13.25,86.89,4,1,0,,0,0,,,0,,14,5,9,0,35.71,10,f088b960,https://a.espncdn.com/i/headshots/cricket/players/full/f088b960.png,https://www.espncricinfo.com/cricketers/sn-khan-f088b960
2023,SN Thakur,1abb78f8,Kolkata Knight Riders,11,113,70,8,14.12,161.43,13,4,126,21.0,220,7,18.0,10.48,32,25.4,14,6,8,0,42.86,12,1abb78f8,https://a.espncdn.com/i/headshots/cricket/players/full/1abb78f8.png,https://www.espncricinfo.com/cricketers/sn-thakur-1abb78f8
2023,SO Hetmyer,48a1d7b7,Rajasthan Royals,14,299,196,9,33.22,152.55,12,23,0,,0,0,,,0,,14,7,7,0,50.0,14,48a1d7b7,https://a.espncdn.com/i/headshots/cricket/players/full/48a1d7b7.png,https://www.espncricinfo.com/cricketers/so-hetmyer-48a1d7b7
2023,SP Narine,9d430b40,Kolkata Knight Riders,14,21,25,7,3.0,84.0,2,1,288,48.0,383,11,26.18,7.98,84,29.17,14,6,8,0,42.86,12,9d430b40,https://a.espncdn.com/i/headshots/cricket/players/full/9d430b40.png,https://www.espncricinfo.com/cricketers/sp-narine-9d430b40
2023,SS Prabhudessai,9385de2e,Royal Challengers Bangalore,5,35,29,3,11.67,120.69,1,2,0,,0,0,,,0,,14,7,7,0,50.0,14,9385de2e,https://a.espncdn.com/i/headshots/cricket/players/full/9385de2e.png,https://www.espncricinfo.com/cricketers/ss-prabhudessai-9385de2e
2023,SSB Magala,8361e524,Chennai Super Kings,2,0,0,0,,,0,0,36,6.0,51,1,36.0,8.5,5,13.89,16,10,5,1,66.67,21,8361e524,https://a.espncdn.com/i/headshots/cricket/players/full/8361e524.png,https://www.espncricinfo.com/cricketers/ssb-magala-8361e524
2023,SV Samson,a4cc73aa,Rajasthan Royals,14,362,236,12,30.17,153.39,25,24,0,,0,0,,,0,,14,7,7,0,50.0,14,a4cc73aa,https://a.espncdn.com/i/headshots/cricket/players/full/a4cc73aa.png,https://www.espncricinfo.com/cricketers/sv-samson-a4cc73aa
2023,Sandeep Sharma,ce820073,Rajasthan Royals,12,2,6,0,,33.33,0,0,276,46.0,396,10,27.6,8.61,94,34.06,14,7,7,0,50.0,14,ce820073,https://a.espncdn.com/i/headshots/cricket/players/full/ce820073.png,https://www.espncricinfo.com/cricketers/sandeep-sharma-ce820073
2023,Sanvir Singh,b0f2baf4,Sunrisers Hyderabad,2,11,9,1,11.0,122.22,1,1,0,,0,0,,,0,,14,4,10,0,28.57,8,b0f2baf4,https://a.espncdn.com/i/headshots/cricket/players/full/b0f2baf4.png,https://www.espncricinfo.com/cricketers/sanvir-singh-b0f2baf4
2023,Shahbaz Ahmed,f9e6e7ef,Royal Challengers Bangalore,10,42,39,4,10.5,107.69,3,1,42,7.0,95,1,42.0,13.57,9,21.43,14,7,7,0,50.0,14,f9e6e7ef,https://a.espncdn.com/i/headshots/cricket/players/full/f9e6e7ef.png,https://www.espncricinfo.com/cricketers/shahbaz-ahmed-f9e6e7ef
2023,Shubman Gill,b4b99816,Gujarat Titans,17,890,560,16,55.62,158.93,85,33,0,,0,0,,,0,,17,11,6,0,64.71,22,b4b99816,https://a.espncdn.com/i/headshots/cricket/players/full/b4b99816.png,https://www.espncricinfo.com/cricketers/shubman-gill-b4b99816
2023,Sikandar Raza,26d041c4,Punjab Kings,7,139,98,5,27.8,141.84,10,6,72,12.0,119,3,24.0,9.92,19,26.39,14,6,8,0,42.86,12,26d041c4,https://a.espncdn.com/i/headshots/cricket/players/full/26d041c4.png,https://www.espncricinfo.com/cricketers/sikandar-raza-26d041c4
2023,Suyash Sharma,9440ef41,Kolkata Knight Riders,11,0,0,0,,,0,0,234,39.0,321,10,23.4,8.23,80,34.19,14,6,8,0,42.86,12,9440ef41,https://a.espncdn.com/i/headshots/cricket/players/full/9440ef41.png,https://www.espncricinfo.com/cricketers/suyash-sharma-9440ef41
2023,Swapnil Singh,983f2f61,Lucknow Super Giants,2,2,4,0,,50.0,0,0,12,2.0,18,0,,9.0,2,16.67,15,8,6,1,57.14,17,983f2f61,https://a.espncdn.com/i/headshots/cricket/players/full/983f2f61.png,https://www.espncricinfo.com/cricketers/swapnil-singh-983f2f61
2023,T Natarajan,ce794613,Sunrisers Hyderabad,12,0,0,0,,,0,0,270,45.0,410,10,27.0,9.11,72,26.67,14,4,10,0,28.57,8,ce794613,https://a.espncdn.com/i/headshots/cricket/players/full/ce794613.png,https://www.espncricinfo.com/cricketers/t-natarajan-ce794613
2023,T Stubbs,85b3fab2,Mumbai Indians,2,25,31,2,12.5,80.65,2,0,12,2.0,14,1,12.0,7.0,3,25.0,16,9,7,0,56.25,18,85b3fab2,https://a.espncdn.com/i/headshots/cricket/players/full/85b3fab2.png,https://www.espncricinfo.com/cricketers/t-stubbs-85b3fab2
2023,TA Boult,a818c1be,Rajasthan Royals,10,16,14,1,16.0,114.29,1,1,228,38.0,312,13,17.54,8.21,103,45.18,14,7,7,0,50.0,14,a818c1be,https://a.espncdn.com/i/headshots/cricket/players/full/a818c1be.png,https://www.espncricinfo.com/cricketers/ta-boult-a818c1be
2023,TG Southee,13c35c9e,Kolkata Knight Riders,2,0,0,0,,,0,0,36,6.0,79,2,18.0,13.17,12,33.33,14,6,8,0,42.86,12,13c35c9e,https://a.espncdn.com/i/headshots/cricket/players/full/13c35c9e.png,https://www.espncricinfo.com/cricketers/tg-southee-13c35c9e
2023,TH David,f1f99156,Mumbai Indians,16,231,145,8,28.88,159.31,12,15,0,,0,0,,,0,,16,9,7,0,56.25,18,f1f99156,https://a.espncdn.com/i/headshots/cricket/players/full/f1f99156.png,https://www.espncricinfo.com/cricketers/th-david-f1f99156
2023,TU Deshpande,46a9bea1,Chennai Super Kings,16,0,1,0,,0.0,0,0,341,56.83,564,21,16.24,9.92,128,37.54,16,10,5,1,66.67,21,46a9bea1,https://a.espncdn.com/i/headshots/cricket/players/full/46a9bea1.png,https://www.espncricinfo.com/cricketers/tu-deshpande-46a9bea1
2023,Tilak Varma,b0482a1d,Mumbai Indians,11,343,208,8,42.88,164.9,26,23,6,1.0,7,0,,7.0,3,50.0,16,9,7,0,56.25,18,b0482a1d,https://a.espncdn.com/i/headshots/cricket/players/full/b0482a1d.png,https://www.espncricinfo.com/cricketers/tilak-varma-b0482a1d
2023,UT Yadav,cc1e8c68,Kolkata Knight Riders,8,19,18,2,9.5,105.56,1,0,114,19.0,189,1,114.0,9.95,41,35.96,14,6,8,0,42.86,12,cc1e8c68,https://a.espncdn.com/i/headshots/cricket/players/full/cc1e8c68.png,https://www.espncricinfo.com/cricketers/ut-yadav-cc1e8c68
2023,Umran Malik,81c08fa3,Sunrisers Hyderabad,8,19,7,0,,271.43,1,2,120,20.0,217,5,24.0,10.85,41,34.17,14,4,10,0,28.57,8,81c08fa3,https://a.espncdn.com/i/headshots/cricket/players/full/81c08fa3.png,https://www.espncricinfo.com/cricketers/umran-malik-81c08fa3
2023,V Kohli,ba607b88,Royal Challengers Bangalore,14,639,457,12,53.25,139.82,65,16,0,,0,0,,,0,,14,7,7,0,50.0,14,ba607b88,https://a.espncdn.com/i/headshots/cricket/players/full/ba607b88.png,https://www.espncricinfo.com/cricketers/v-kohli-ba607b88
2023,V Shankar,0994d0ae,Gujarat Titans,14,301,187,8,37.62,160.96,27,15,0,,0,0,,,0,,17,11,6,0,64.71,22,0994d0ae,https://a.espncdn.com/i/headshots/cricket/players/full/0994d0ae.png,https://www.espncricinfo.com/cricketers/v-shankar-0994d0ae
2023,VG Arora,7c3b3b78,Kolkata Knight Riders,5,3,2,0,,150.0,0,0,96,16.0,146,5,19.2,9.12,30,31.25,14,6,8,0,42.86,12,7c3b3b78,https://a.espncdn.com/i/headshots/cricket/players/full/7c3b3b78.png,https://www.espncricinfo.com/cricketers/vg-arora-7c3b3b78
2023,VR Iyer,a24be938,Kolkata Knight Riders,14,404,276,14,28.86,146.38,32,21,0,,0,0,,,0,,14,6,8,0,42.86,12,a24be938,https://a.espncdn.com/i/headshots/cricket/players/full/a24be938.png,https://www.espncricinfo.com/cricketers/vr-iyer-a24be938
2023,Vijaykumar Vyshak,54e52590,Royal Challengers Bangalore,7,13,9,1,13.0,144.44,0,1,144,24.0,253,9,16.0,10.54,40,27.78,14,7,7,0,50.0,14,54e52590,https://a.espncdn.com/i/headshots/cricket/players/full/54e52590.png,https://www.espncricinfo.com/cricketers/vijaykumar-vyshak-54e52590
2023,Vishnu Vinod,0494fa6e,Mumbai Indians,3,37,30,3,12.33,123.33,2,2,0,,0,0,,,0,,16,9,7,0,56.25,18,0494fa6e,https://a.espncdn.com/i/headshots/cricket/players/full/0494fa6e.png,https://www.espncricinfo.com/cricketers/vishnu-vinod-0494fa6e
2023,Vivrant Sharma,1b7b0fa7,Sunrisers Hyderabad,3,69,47,1,69.0,146.81,9,2,18,3.0,37,0,,12.33,5,27.78,14,4,10,0,28.57,8,1b7b0fa7,https://a.espncdn.com/i/headshots/cricket/players/full/1b7b0fa7.png,https://www.espncricinfo.com/cricketers/vivrant-sharma-1b7b0fa7
2023,WD Parnell,3a60e0b5,Royal Challengers Bangalore,7,2,5,1,2.0,40.0,0,0,151,25.17,236,9,16.78,9.38,55,36.42,14,7,7,0,50.0,14,3a60e0b5,https://a.espncdn.com/i/headshots/cricket/players/full/3a60e0b5.png,https://www.espncricinfo.com/cricketers/wd-parnell-3a60e0b5
2023,WP Saha,fe11caa6,Gujarat Titans,17,371,285,16,23.19,130.18,47,8,0,,0,0,,,0,,17,11,6,0,64.71,22,fe11caa6,https://a.espncdn.com/i/headshots/cricket/players/full/fe11caa6.png,https://www.espncricinfo.com/cricketers/wp-saha-fe11caa6
2023,Washington Sundar,f19ccfad,Sunrisers Hyderabad,7,60,60,3,20.0,100.0,6,0,106,17.67,146,3,35.33,8.26,35,33.02,14,4,10,0,28.57,8,f19ccfad,https://a.espncdn.com/i/headshots/cricket/players/full/f19ccfad.png,https://www.espncricinfo.com/cricketers/washington-sundar-f19ccfad
2023,YBK Jaiswal,6c19c6e5,Rajasthan Royals,14,625,381,12,52.08,164.04,83,26,0,,0,0,,,0,,14,7,7,0,50.0,14,6c19c6e5,https://a.espncdn.com/i/headshots/cricket/players/full/6c19c6e5.png,https://www.espncricinfo.com/cricketers/ybk-jaiswal-6c19c6e5
2023,YS Chahal,57ee1fde,Rajasthan Royals,14,0,0,0,,,0,0,317,52.83,432,21,15.1,8.18,95,29.97,14,7,7,0,50.0,14,57ee1fde,https://a.espncdn.com/i/headshots/cricket/players/full/57ee1fde.png,https://www.espncricinfo.com/cricketers/ys-chahal-57ee1fde
2023,YV Dhull,dd7e9b3b,Delhi Capitals,4,16,23,3,5.33,69.57,1,0,0,,0,0,,,0,,14,5,9,0,35.71,10,dd7e9b3b,https://a.espncdn.com/i/headshots/cricket/players/full/dd7e9b3b.png,https://www.espncricinfo.com/cricketers/yv-dhull-dd7e9b3b
2023,Yash Dayal,7210d461,Gujarat Titans,5,0,0,0,,,0,0,84,14.0,165,2,42.0,11.79,24,28.57,17,11,6,0,64.71,22,7210d461,https://a.espncdn.com/i/headshots/cricket/players/full/7210d461.png,https://www.espncricinfo.com/cricketers/yash-dayal-7210d461
2023,Yash Thakur,4b31f3a3,Lucknow Super Giants,9,0,0,0,,,0,0,191,31.83,289,13,14.69,9.08,63,32.98,15,8,6,1,57.14,17,4b31f3a3,https://a.espncdn.com/i/headshots/cricket/players/full/4b31f3a3.png,https://www.espncricinfo.com/cricketers/yash-thakur-4b31f3a3
2023,Yudhvir Singh,4885bbe6,Lucknow Super Giants,3,1,2,2,0.5,50.0,0,0,48,8.0,70,3,16.0,8.75,23,47.92,15,8,6,1,57.14,17,4885bbe6,https://a.espncdn.com/i/headshots/cricket/players/full/4885bbe6.png,https://www.espncricinfo.com/cricketers/yudhvir-singh-4885bbe6
2024,A Badoni,872b03f7,Lucknow Super Giants,14,235,171,8,29.38,137.43,22,5,12,2.0,25,0,,12.5,1,8.33,14,7,7,0,50.0,14,872b03f7,https://a.espncdn.com/i/headshots/cricket/players/full/872b03f7.png,https://www.espncricinfo.com/cricketers/a-badoni-872b03f7
2024,A Kamboj,fcc21ace,Mumbai Indians,3,2,2,0,,100.0,0,0,60,10.0,114,2,30.0,11.4,19,31.67,14,4,10,0,28.57,8,fcc21ace,https://a.espncdn.com/i/headshots/cricket/players/full/fcc21ace.png,https://www.espncricinfo.com/cricketers/a-kamboj-fcc21ace
2024,A Manohar,0890552f,Gujarat Titans,2,9,16,2,4.5,56.25,1,0,0,,0,0,,,0,,12,5,7,0,41.67,10,0890552f,https://a.espncdn.com/i/headshots/cricket/players/full/0890552f.png,https://www.espncricinfo.com/cricketers/a-manohar-0890552f
2024,A Mishra,6b19d823,Lucknow Super Giants,1,0,0,0,,,0,0,12,2.0,20,1,12.0,10.0,5,41.67,14,7,7,0,50.0,14,6b19d823,https://a.espncdn.com/i/headshots/cricket/players/full/6b19d823.png,https://www.espncricinfo.com/cricketers/a-mishra-6b19d823
2024,A Nortje,acdc62f5,Delhi Capitals,6,4,8,2,2.0,50.0,0,0,132,22.0,294,7,18.86,13.36,36,27.27,14,7,7,0,50.0,14,acdc62f5,https://a.espncdn.com/i/headshots/cricket/players/full/acdc62f5.png,https://www.espncricinfo.com/cricketers/a-nortje-acdc62f5
2024,A Raghuvanshi,d7017798,Kolkata Knight Riders,10,163,105,7,23.29,155.24,16,8,0,,0,0,,,0,,14,11,3,0,78.57,22,d7017798,https://a.espncdn.com/i/headshots/cricket/players/full/d7017798.png,https://www.espncricinfo.com/cricketers/a-raghuvanshi-d7017798
2024,AA Kulkarni,2d140b79,Lucknow Super Giants,2,9,8,2,4.5,112.5,2,0,0,,0,0,,,0,,14,7,7,0,50.0,14,2d140b79,https://a.espncdn.com/i/headshots/cricket/players/full/2d140b79.png,https://www.espncricinfo.com/cricketers/aa-kulkarni-2d140b79
2024,AD Russell,bbd41817,Kolkata Knight Riders,14,222,116,6,37.0,191.38,20,16,176,29.33,295,19,9.26,10.06,60,34.09,14,11,3,0,78.57,22,bbd41817,https://a.espncdn.com/i/headshots/cricket/players/full/bbd41817.png,https://www.espncricinfo.com/cricketers/ad-russell-bbd41817
2024,AJ Turner,ff1e12a0,Lucknow Super Giants,2,21,18,2,10.5,116.67,0,2,0,,0,0,,,0,,14,7,7,0,50.0,14,ff1e12a0,https://a.espncdn.com/i/headshots/cricket/players/full/ff1e12a0.png,https://www.espncricinfo.com/cricketers/aj-turner-ff1e12a0
2024,AK Markram,6a26221c,Sunrisers Hyderabad,11,220,175,9,24.44,125.71,18,4,12,2.0,15,0,,7.5,4,33.33,16,9,7,0,56.25,18,6a26221c,https://a.espncdn.com/i/headshots/cricket/players/full/6a26221c.png,https://www.espncricinfo.com/cricketers/ak-markram-6a26221c
2024,AM Rahane,29e95537,Chennai Super Kings,13,242,196,13,18.62,123.47,24,7,0,,0,0,,,0,,14,7,7,0,50.0,14,29e95537,https://a.espncdn.com/i/headshots/cricket/players/full/29e95537.png,https://www.espncricinfo.com/cricketers/am-rahane-29e95537
2024,AR Patel,2e171977,Delhi Capitals,14,235,179,9,26.11,131.28,19,10,264,44.0,337,11,24.0,7.66,77,29.17,14,7,7,0,50.0,14,2e171977,https://a.espncdn.com/i/headshots/cricket/players/full/2e171977.png,https://www.espncricinfo.com/cricketers/ar-patel-2e171977
2024,AS Joseph,b0946605,Royal Challengers Bengaluru,3,0,0,0,,,0,0,58,9.67,115,1,58.0,11.9,16,27.59,15,7,8,0,46.67,14,b0946605,https://a.espncdn.com/i/headshots/cricket/players/full/b0946605.png,https://www.espncricinfo.com/cricketers/as-joseph-b0946605
2024,AS Roy,e4cdf230,Kolkata Knight Riders,3,3,3,0,,100.0,0,0,34,5.67,60,0,,10.59,13,38.24,14,11,3,0,78.57,22,e4cdf230,https://a.espncdn.com/i/headshots/cricket/players/full/e4cdf230.png,https://www.espncricinfo.com/cricketers/as-roy-e4cdf230
2024,Abdul Samad,8e514b4c,Sunrisers Hyderabad,16,182,108,10,18.2,168.52,15,11,0,,0,0,,,0,,16,9,7,0,56.25,18,8e514b4c,https://a.espncdn.com/i/headshots/cricket/players/full/8e514b4c.png,https://www.espncricinfo.com/cricketers/abdul-samad-8e514b4c
2024,Abhishek Sharma,f29185a1,Sunrisers Hyderabad,16,484,235,15,32.27,205.96,36,42,42,7.0,51,2,21.0,7.29,12,28.57,16,9,7,0,56.25,18,f29185a1,https://a.espncdn.com/i/headshots/cricket/players/full/f29185a1.png,https://www.espncricinfo.com/cricketers/abhishek-sharma-f29185a1
2024,Abishek Porel,ad3b6e95,Delhi Capitals,14,327,204,12,27.25,160.29,36,13,0,,0,0,,,0,,14,7,7,0,50.0,14,ad3b6e95,https://a.espncdn.com/i/headshots/cricket/players/full/ad3b6e95.png,https://www.espncricinfo.com/cricketers/abishek-porel-ad3b6e95
2024,Akash Deep,0a67aec0,Royal Challengers Bengaluru,1,2,2,0,,100.0,0,0,21,3.5,55,1,21.0,15.71,6,28.57,15,7,8,0,46.67,14,0a67aec0,https://a.espncdn.com/i/headshots/cricket/players/full/0a67aec0.png,https://www.espncricinfo.com/cricketers/akash-deep-0a67aec0
2024,Akash Madhwal,4bd09374,Mumbai Indians,5,4,5,0,,80.0,0,0,109,18.17,205,5,21.8,11.28,33,30.28,14,4,10,0,28.57,8,4bd09374,https://a.espncdn.com/i/headshots/cricket/players/full/4bd09374.png,https://www.espncricinfo.com/cricketers/akash-madhwal-4bd09374
2024,Anmolpreet Singh,1399b39c,Sunrisers Hyderabad,2,5,6,2,2.5,83.33,1,0,0,,0,0,,,0,,16,9,7,0,56.25,18,1399b39c,https://a.espncdn.com/i/headshots/cricket/players/full/1399b39c.png,https://www.espncricinfo.com/cricketers/anmolpreet-singh-1399b39c
2024,Anuj Rawat,c8f5f961,Royal Challengers Bengaluru,5,98,77,3,32.67,127.27,10,3,0,,0,0,,,0,,15,7,8,0,46.67,14,c8f5f961,https://a.espncdn.com/i/headshots/cricket/players/full/c8f5f961.png,https://www.espncricinfo.com/cricketers/anuj-rawat-c8f5f961
2024,Arjun Tendulkar,44aac2f0,Mumbai Indians,1,0,0,0,,,0,0,14,2.33,22,0,,9.43,7,50.0,14,4,10,0,28.57,8,44aac2f0,https://a.espncdn.com/i/headshots/cricket/players/full/44aac2f0.png,https://www.espncricinfo.com/cricketers/arjun-tendulkar-44aac2f0
2024,Arshad Khan,12314277,Lucknow Super Giants,3,78,50,2,39.0,156.0,5,5,49,8.17,90,1,49.0,11.02,19,38.78,14,7,7,0,50.0,14,12314277,https://a.espncdn.com/i/headshots/cricket/players/full/12314277.png,https://www.espncricinfo.com/cricketers/arshad-khan-12314277
2024,Arshad Khan (2),12314277,Lucknow Super Giants,1,5,4,1,5.0,125.0,1,0,12,2.0,24,0,,12.0,4,33.33,14,7,7,0,50.0,14,,,
2024,Arshdeep Singh,244048f6,Punjab Kings,14,4,3,1,4.0,133.33,1,0,302,50.33,505,19,15.89,10.03,108,35.76,14,5,9,0,35.71,10,244048f6,https://a.espncdn.com/i/headshots/cricket/players/full/244048f6.png,https://www.espncricinfo.com/cricketers/arshdeep-singh-244048f6
2024,Ashutosh Sharma,84d9c311,Punjab Kings,11,189,110,8,23.62,171.82,10,15,0,,0,0,,,0,,14,5,9,0,35.71,10,84d9c311,https://a.espncdn.com/i/headshots/cricket/players/full/84d9c311.png,https://www.espncricinfo.com/cricketers/ashutosh-sharma-84d9c311
2024,Atharva Taide,1ac746c8,Punjab Kings,2,61,39,2,30.5,156.41,7,2,1,0.17,4,0,,24.0,0,0.0,14,5,9,0,35.71,10,1ac746c8,https://a.espncdn.com/i/headshots/cricket/players/full/1ac746c8.png,https://www.espncricinfo.com/cricketers/atharva-taide-1ac746c8
2024,Avesh Khan,eef2536f,Rajasthan Royals,15,10,5,0,,200.0,1,0,329,54.83,526,19,17.32,9.59,97,29.48,15,9,6,0,60.0,18,eef2536f,https://a.espncdn.com/i/headshots/cricket/players/full/eef2536f.png,https://www.espncricinfo.com/cricketers/avesh-khan-eef2536f
2024,Azmatullah Omarzai,8f6dd463,Gujarat Titans,7,42,33,4,10.5,127.27,2,2,126,21.0,186,4,31.5,8.86,52,41.27,12,5,7,0,41.67,10,8f6dd463,https://a.espncdn.com/i/headshots/cricket/players/full/8f6dd463.png,https://www.espncricinfo.com/cricketers/azmatullah-omarzai-8f6dd463
2024,B Kumar,2e81a32d,Sunrisers Hyderabad,16,23,29,3,7.67,79.31,3,0,342,57.0,533,11,31.09,9.35,126,36.84,16,9,7,0,56.25,18,2e81a32d,https://a.espncdn.com/i/headshots/cricket/players/full/2e81a32d.png,https://www.espncricinfo.com/cricketers/b-kumar-2e81a32d
2024,B Sai Sudharsan,d5130a30,Gujarat Titans,12,527,368,11,47.91,143.21,48,17,0,,0,0,,,0,,12,5,7,0,41.67,10,d5130a30,https://a.espncdn.com/i/headshots/cricket/players/full/d5130a30.png,https://www.espncricinfo.com/cricketers/b-sai-sudharsan-d5130a30
2024,BR Sharath,c2dd89ea,Gujarat Titans,1,2,5,1,2.0,40.0,0,0,0,,0,0,,,0,,12,5,7,0,41.67,10,c2dd89ea,https://a.espncdn.com/i/headshots/cricket/players/full/c2dd89ea.png,https://www.espncricinfo.com/cricketers/br-sharath-c2dd89ea
2024,C Green,eaa76d3c,Royal Challengers Bengaluru,13,255,178,10,25.5,143.26,22,10,211,35.17,303,10,21.1,8.62,70,33.18,15,7,8,0,46.67,14,eaa76d3c,https://a.espncdn.com/i/headshots/cricket/players/full/eaa76d3c.png,https://www.espncricinfo.com/cricketers/c-green-eaa76d3c
2024,CV Varun,5b7ab5a9,Kolkata Knight Riders,14,0,0,0,,,0,0,300,50.0,402,21,14.29,8.04,121,40.33,14,11,3,0,78.57,22,5b7ab5a9,https://a.espncdn.com/i/headshots/cricket/players/full/5b7ab5a9.png,https://www.espncricinfo.com/cricketers/cv-varun-5b7ab5a9
2024,D Brevis,844e79d1,Mumbai Indians,3,69,59,3,23.0,116.95,3,5,0,,0,0,,,0,,14,4,10,0,28.57,8,844e79d1,https://a.espncdn.com/i/headshots/cricket/players/full/844e79d1.png,https://www.espncricinfo.com/cricketers/d-brevis-844e79d1
2024,D Ferreira,f0af99a7,Rajasthan Royals,2,8,11,2,4.0,72.73,0,0,0,,0,0,,,0,,15,9,6,0,60.0,18,f0af99a7,https://a.espncdn.com/i/headshots/cricket/players/full/f0af99a7.png,https://www.espncricinfo.com/cricketers/d-ferreira-f0af99a7
2024,D Padikkal,2c25d4f5,Lucknow Super Giants,7,38,52,7,5.43,73.08,3,0,0,,0,0,,,0,,14,7,7,0,50.0,14,2c25d4f5,https://a.espncdn.com/i/headshots/cricket/players/full/2c25d4f5.png,https://www.espncricinfo.com/cricketers/d-padikkal-2c25d4f5
2024,DA Miller,d67d5f00,Gujarat Titans,9,210,139,7,30.0,151.08,20,8,0,,0,0,,,0,,12,5,7,0,41.67,10,d67d5f00,https://a.espncdn.com/i/headshots/cricket/players/full/d67d5f00.png,https://www.espncricinfo.com/cricketers/da-miller-d67d5f00
2024,DA Warner,dcce6f09,Delhi Capitals,8,168,124,8,21.0,135.48,17,10,0,,0,0,,,0,,14,7,7,0,50.0,14,dcce6f09,https://a.espncdn.com/i/headshots/cricket/players/full/dcce6f09.png,https://www.espncricinfo.com/cricketers/da-warner-dcce6f09
2024,DG Nalkande,cd8d2859,Gujarat Titans,3,12,11,1,12.0,109.09,0,1,29,4.83,45,3,9.67,9.31,6,20.69,12,5,7,0,41.67,10,cd8d2859,https://a.espncdn.com/i/headshots/cricket/players/full/cd8d2859.png,https://www.espncricinfo.com/cricketers/dg-nalkande-cd8d2859
2024,DJ Hooda,73ad96ed,Lucknow Super Giants,11,145,105,8,18.12,138.1,16,3,18,3.0,22,0,,7.33,4,22.22,14,7,7,0,50.0,14,73ad96ed,https://a.espncdn.com/i/headshots/cricket/players/full/73ad96ed.png,https://www.espncricinfo.com/cricketers/dj-hooda-73ad96ed
2024,DJ Mitchell,eade4650,Chennai Super Kings,13,318,223,11,28.91,142.6,27,10,36,6.0,70,1,36.0,11.67,4,11.11,14,7,7,0,50.0,14,eade4650,https://a.espncdn.com/i/headshots/cricket/players/full/eade4650.png,https://www.espncricinfo.com/cricketers/dj-mitchell-eade4650
2024,DL Chahar,23eeb873,Chennai Super Kings,8,0,0,0,,,0,0,141,23.5,202,5,28.2,8.6,60,42.55,14,7,7,0,50.0,14,23eeb873,https://a.espncdn.com/i/headshots/cricket/players/full/23eeb873.png,https://www.espncricinfo.com/cricketers/dl-chahar-23eeb873
2024,Dhruv Jurel,bcf325d2,Rajasthan Royals,14,195,141,7,27.86,138.3,18,7,0,,0,0,,,0,,15,9,6,0,60.0,18,bcf325d2,https://a.espncdn.com/i/headshots/cricket/players/full/bcf325d2.png,https://www.espncricinfo.com/cricketers/dhruv-jurel-bcf325d2
2024,F du Plessis,3355b542,Royal Challengers Bengaluru,15,438,271,15,29.2,161.62,47,21,0,,0,0,,,0,,15,7,8,0,46.67,14,3355b542,https://a.espncdn.com/i/headshots/cricket/players/full/3355b542.png,https://www.espncricinfo.com/cricketers/f-du-plessis-3355b542
2024,G Coetzee,3204c99f,Mumbai Indians,10,14,22,4,3.5,63.64,0,1,201,33.5,341,13,15.46,10.18,71,35.32,14,4,10,0,28.57,8,3204c99f,https://a.espncdn.com/i/headshots/cricket/players/full/3204c99f.png,https://www.espncricinfo.com/cricketers/g-coetzee-3204c99f
2024,GJ Maxwell,b681e71e,Royal Challengers Bengaluru,10,52,43,9,5.78,120.93,6,2,96,16.0,129,6,16.0,8.06,34,35.42,15,7,8,0,46.67,14,b681e71e,https://a.espncdn.com/i/headshots/cricket/players/full/b681e71e.png,https://www.espncricinfo.com/cricketers/gj-maxwell-b681e71e
2024,Gulbadin Naib,9f77963a,Delhi Capitals,2,19,15,1,19.0,126.67,1,1,6,1.0,12,0,,12.0,1,16.67,14,7,7,0,50.0,14,9f77963a,https://a.espncdn.com/i/headshots/cricket/players/full/9f77963a.png,https://www.espncricinfo.com/cricketers/gulbadin-naib-9f77963a
2024,H Klaasen,235c2bb6,Sunrisers Hyderabad,16,479,277,12,39.92,172.92,19,38,0,,0,0,,,0,,16,9,7,0,56.25,18,235c2bb6,https://a.espncdn.com/i/headshots/cricket/players/full/235c2bb6.png,https://www.espncricinfo.com/cricketers/h-klaasen-235c2bb6
2024,H Sharma,52294a79,Royal Challengers Bengaluru,1,0,0,0,,,0,0,12,2.0,29,0,,14.5,0,0.0,15,7,8,0,46.67,14,52294a79,https://a.espncdn.com/i/headshots/cricket/players/full/52294a79.png,https://www.espncricinfo.com/cricketers/h-sharma-52294a79
2024,HH Pandya,dbe50b21,Mumbai Indians,14,216,151,12,18.0,143.05,17,11,216,36.0,387,11,19.64,10.75,63,29.17,14,4,10,0,28.57,8,dbe50b21,https://a.espncdn.com/i/headshots/cricket/players/full/dbe50b21.png,https://www.espncricinfo.com/cricketers/hh-pandya-dbe50b21
2024,HV Patel,f986ca1a,Punjab Kings,14,13,19,3,4.33,68.42,1,1,294,49.0,477,24,12.25,9.73,80,27.21,14,5,9,0,35.71,10,f986ca1a,https://a.espncdn.com/i/headshots/cricket/players/full/f986ca1a.png,https://www.espncricinfo.com/cricketers/hv-patel-f986ca1a
2024,Harpreet Brar,c05edf8e,Punjab Kings,13,75,54,2,37.5,138.89,8,2,228,38.0,303,7,32.57,7.97,69,30.26,14,5,9,0,35.71,10,c05edf8e,https://a.espncdn.com/i/headshots/cricket/players/full/c05edf8e.png,https://www.espncricinfo.com/cricketers/harpreet-brar-c05edf8e
2024,Harpreet Singh,28c78fb3,Punjab Kings,2,27,34,2,13.5,79.41,2,0,0,,0,0,,,0,,14,5,9,0,35.71,10,28c78fb3,https://a.espncdn.com/i/headshots/cricket/players/full/28c78fb3.png,https://www.espncricinfo.com/cricketers/harpreet-singh-28c78fb3
2024,Harshit Rana,77b1aa15,Kolkata Knight Riders,12,0,0,0,,,0,0,253,42.17,383,19,13.32,9.08,93,36.76,14,11,3,0,78.57,22,77b1aa15,https://a.espncdn.com/i/headshots/cricket/players/full/77b1aa15.png,https://www.espncricinfo.com/cricketers/harshit-rana-77b1aa15
2024,I Sharma,5bb1a1c4,Delhi Capitals,9,1,7,0,,14.29,0,0,162,27.0,265,10,16.2,9.81,62,38.27,14,7,7,0,50.0,14,5bb1a1c4,https://a.espncdn.com/i/headshots/cricket/players/full/5bb1a1c4.png,https://www.espncricinfo.com/cricketers/i-sharma-5bb1a1c4
2024,Ishan Kishan,752f7486,Mumbai Indians,14,320,214,14,22.86,149.53,35,16,0,,0,0,,,0,,14,4,10,0,28.57,8,752f7486,https://a.espncdn.com/i/headshots/cricket/players/full/752f7486.png,https://www.espncricinfo.com/cricketers/ishan-kishan-752f7486
2024,J Fraser-McGurk,9b6e1b3f,Delhi Capitals,9,330,139,8,41.25,237.41,32,28,0,,0,0,,,0,,14,7,7,0,50.0,14,9b6e1b3f,https://a.espncdn.com/i/headshots/cricket/players/full/9b6e1b3f.png,https://www.espncricinfo.com/cricketers/j-fraser-mcgurk-9b6e1b3f
2024,J Little,9061a703,Gujarat Titans,1,0,0,0,,,0,0,24,4.0,45,4,6.0,11.25,9,37.5,12,5,7,0,41.67,10,9061a703,https://a.espncdn.com/i/headshots/cricket/players/full/9061a703.png,https://www.espncricinfo.com/cricketers/j-little-9061a703
2024,JA Richardson,1ee08e9a,Delhi Capitals,1,2,2,1,2.0,100.0,0,0,24,4.0,40,0,,10.0,8,33.33,14,7,7,0,50.0,14,1ee08e9a,https://a.espncdn.com/i/headshots/cricket/players/full/1ee08e9a.png,https://www.espncricinfo.com/cricketers/ja-richardson-1ee08e9a
2024,JC Buttler,99b75528,Rajasthan Royals,11,359,254,10,35.9,141.34,36,12,0,,0,0,,,0,,15,9,6,0,60.0,18,99b75528,https://a.espncdn.com/i/headshots/cricket/players/full/99b75528.png,https://www.espncricinfo.com/cricketers/jc-buttler-99b75528
2024,JD Unadkat,1e66c162,Sunrisers Hyderabad,11,24,26,2,12.0,92.31,2,1,187,31.17,319,8,23.38,10.24,42,22.46,16,9,7,0,56.25,18,1e66c162,https://a.espncdn.com/i/headshots/cricket/players/full/1e66c162.png,https://www.espncricinfo.com/cricketers/jd-unadkat-1e66c162
2024,JJ Bumrah,462411b3,Mumbai Indians,13,12,12,0,,100.0,1,0,311,51.83,336,20,15.55,6.48,144,46.3,14,4,10,0,28.57,8,462411b3,https://a.espncdn.com/i/headshots/cricket/players/full/462411b3.png,https://www.espncricinfo.com/cricketers/jj-bumrah-462411b3
2024,JM Bairstow,abb83e27,Punjab Kings,11,298,195,10,29.8,152.82,33,14,0,,0,0,,,0,,14,5,9,0,35.71,10,abb83e27,https://a.espncdn.com/i/headshots/cricket/players/full/abb83e27.png,https://www.espncricinfo.com/cricketers/jm-bairstow-abb83e27
2024,JM Sharma,800d2d97,Punjab Kings,14,187,142,11,17.0,131.69,9,12,0,,0,0,,,0,,14,5,9,0,35.71,10,800d2d97,https://a.espncdn.com/i/headshots/cricket/players/full/800d2d97.png,https://www.espncricinfo.com/cricketers/jm-sharma-800d2d97
2024,K Gowtham,90de905a,Lucknow Super Giants,1,0,0,0,,,0,0,12,2.0,29,0,,14.5,4,33.33,14,7,7,0,50.0,14,90de905a,https://a.espncdn.com/i/headshots/cricket/players/full/90de905a.png,https://www.espncricinfo.com/cricketers/k-gowtham-90de905a
2024,K Rabada,e62dd25d,Punjab Kings,11,20,14,1,20.0,142.86,0,2,252,42.0,372,11,22.91,8.86,93,36.9,14,5,9,0,35.71,10,e62dd25d,https://a.espncdn.com/i/headshots/cricket/players/full/e62dd25d.png,https://www.espncricinfo.com/cricketers/k-rabada-e62dd25d
2024,KA Maharaj,0b60eb09,Rajasthan Royals,2,1,2,1,1.0,50.0,0,0,36,6.0,39,2,18.0,6.5,11,30.56,15,9,6,0,60.0,18,0b60eb09,https://a.espncdn.com/i/headshots/cricket/players/full/0b60eb09.png,https://www.espncricinfo.com/cricketers/ka-maharaj-0b60eb09
2024,KD Karthik,c03f1114,Royal Challengers Bengaluru,15,326,173,9,36.22,188.44,27,22,0,,0,0,,,0,,15,7,8,0,46.67,14,c03f1114,https://a.espncdn.com/i/headshots/cricket/players/full/c03f1114.png,https://www.espncricinfo.com/cricketers/kd-karthik-c03f1114
2024,KH Pandya,5b8c830e,Lucknow Super Giants,14,133,105,5,26.6,126.67,8,5,198,33.0,255,6,33.0,7.73,55,27.78,14,7,7,0,50.0,14,5b8c830e,https://a.espncdn.com/i/headshots/cricket/players/full/5b8c830e.png,https://www.espncricinfo.com/cricketers/kh-pandya-5b8c830e
2024,KK Ahmed,a2f46292,Delhi Capitals,14,0,0,0,,,0,0,300,50.0,479,17,17.65,9.58,120,40.0,14,7,7,0,50.0,14,a2f46292,https://a.espncdn.com/i/headshots/cricket/players/full/a2f46292.png,https://www.espncricinfo.com/cricketers/kk-ahmed-a2f46292
2024,KL Rahul,b17e2f24,Lucknow Super Giants,14,520,380,14,37.14,136.84,45,19,0,,0,0,,,0,,14,7,7,0,50.0,14,b17e2f24,https://a.espncdn.com/i/headshots/cricket/players/full/b17e2f24.png,https://www.espncricinfo.com/cricketers/kl-rahul-b17e2f24
2024,KR Sen,2e78f685,Rajasthan Royals,3,0,0,0,,,0,0,72,12.0,122,6,12.0,10.17,22,30.56,15,9,6,0,60.0,18,2e78f685,https://a.espncdn.com/i/headshots/cricket/players/full/2e78f685.png,https://www.espncricinfo.com/cricketers/kr-sen-2e78f685
2024,KS Williamson,d027ba9f,Gujarat Titans,2,27,27,2,13.5,100.0,4,0,0,,0,0,,,0,,12,5,7,0,41.67,10,d027ba9f,https://a.espncdn.com/i/headshots/cricket/players/full/d027ba9f.png,https://www.espncricinfo.com/cricketers/ks-williamson-d027ba9f
2024,KT Maphaka,107c26fb,Mumbai Indians,2,0,0,0,,,0,0,36,6.0,89,1,36.0,14.83,11,30.56,14,4,10,0,28.57,8,107c26fb,https://a.espncdn.com/i/headshots/cricket/players/full/107c26fb.png,https://www.espncricinfo.com/cricketers/kt-maphaka-107c26fb
2024,KV Sharma,119678fd,Royal Challengers Bengaluru,9,31,15,2,15.5,206.67,2,3,144,24.0,254,7,20.57,10.58,39,27.08,15,7,8,0,46.67,14,119678fd,https://a.espncdn.com/i/headshots/cricket/players/full/119678fd.png,https://www.espncricinfo.com/cricketers/kv-sharma-119678fd
2024,Kartik Tyagi,5d2eea49,Gujarat Titans,1,0,0,0,,,0,0,24,4.0,51,0,,12.75,4,16.67,12,5,7,0,41.67,10,5d2eea49,https://a.espncdn.com/i/headshots/cricket/players/full/5d2eea49.png,https://www.espncricinfo.com/cricketers/kartik-tyagi-5d2eea49
2024,Kuldeep Yadav,8d2c70ad,Delhi Capitals,11,47,41,2,23.5,114.63,6,1,258,43.0,372,16,16.12,8.65,80,31.01,14,7,7,0,50.0,14,8d2c70ad,https://a.espncdn.com/i/headshots/cricket/players/full/8d2c70ad.png,https://www.espncricinfo.com/cricketers/kuldeep-yadav-8d2c70ad
2024,Kumar Kushagra,57ca01b3,Delhi Capitals,4,3,7,3,1.0,42.86,0,0,0,,0,0,,,0,,14,7,7,0,50.0,14,57ca01b3,https://a.espncdn.com/i/headshots/cricket/players/full/57ca01b3.png,https://www.espncricinfo.com/cricketers/kumar-kushagra-57ca01b3
2024,L Wood,65b6943c,Mumbai Indians,2,9,3,0,,300.0,0,1,36,6.0,93,1,36.0,15.5,8,22.22,14,4,10,0,28.57,8,65b6943c,https://a.espncdn.com/i/headshots/cricket/players/full/65b6943c.png,https://www.espncricinfo.com/cricketers/l-wood-65b6943c
2024,LB Williams,a1d95bd8,Delhi Capitals,2,1,2,0,,50.0,0,0,36,6.0,72,1,36.0,12.0,12,33.33,14,7,7,0,50.0,14,a1d95bd8,https://a.espncdn.com/i/headshots/cricket/players/full/a1d95bd8.png,https://www.espncricinfo.com/cricketers/lb-williams-a1d95bd8
2024,LH Ferguson,2f9d0389,Royal Challengers Bengaluru,7,1,1,1,1.0,100.0,0,0,144,24.0,255,9,16.0,10.62,38,26.39,15,7,8,0,46.67,14,2f9d0389,https://a.espncdn.com/i/headshots/cricket/players/full/2f9d0389.png,https://www.espncricinfo.com/cricketers/lh-ferguson-2f9d0389
2024,LS Livingstone,50c6bc2b,Punjab Kings,7,111,78,4,27.75,142.31,8,7,72,12.0,84,3,24.0,7.0,25,34.72,14,5,9,0,35.71,10,50c6bc2b,https://a.espncdn.com/i/headshots/cricket/players/full/50c6bc2b.png,https://www.espncricinfo.com/cricketers/ls-livingstone-50c6bc2b
2024,Lalit Yadav,ad427b5c,Delhi Capitals,2,10,12,2,5.0,83.33,1,0,18,3.0,56,0,,18.67,2,11.11,14,7,7,0,50.0,14,ad427b5c,https://a.espncdn.com/i/headshots/cricket/players/full/ad427b5c.png,https://www.espncricinfo.com/cricketers/lalit-yadav-ad427b5c
2024,M Jansen,81c36ee9,Sunrisers Hyderabad,3,18,13,1,18.0,138.46,1,1,60,10.0,129,1,60.0,12.9,18,30.0,16,9,7,0,56.25,18,81c36ee9,https://a.espncdn.com/i/headshots/cricket/players/full/81c36ee9.png,https://www.espncricinfo.com/cricketers/m-jansen-81c36ee9
2024,M Markande,a9fd84fb,Sunrisers Hyderabad,7,0,0,0,,,0,0,132,22.0,259,8,16.5,11.77,29,21.97,16,9,7,0,56.25,18,a9fd84fb,https://a.espncdn.com/i/headshots/cricket/players/full/a9fd84fb.png,https://www.espncricinfo.com/cricketers/m-markande-a9fd84fb
2024,M Pathirana,64839cb3,Chennai Super Kings,6,0,0,0,,,0,0,132,22.0,169,13,10.15,7.68,49,37.12,14,7,7,0,50.0,14,64839cb3,https://a.espncdn.com/i/headshots/cricket/players/full/64839cb3.png,https://www.espncricinfo.com/cricketers/m-pathirana-64839cb3
2024,M Shahrukh Khan,7dcb9bc9,Gujarat Titans,7,127,75,5,25.4,169.33,9,9,12,2.0,15,0,,7.5,3,25.0,12,5,7,0,41.67,10,7dcb9bc9,https://a.espncdn.com/i/headshots/cricket/players/full/7dcb9bc9.png,https://www.espncricinfo.com/cricketers/m-shahrukh-khan-7dcb9bc9
2024,M Siddharth,cf0ccafa,Lucknow Super Giants,3,0,0,0,,,0,0,54,9.0,71,1,54.0,7.89,22,40.74,14,7,7,0,50.0,14,cf0ccafa,https://a.espncdn.com/i/headshots/cricket/players/full/cf0ccafa.png,https://www.espncricinfo.com/cricketers/m-siddharth-cf0ccafa
2024,M Theekshana,f24c6701,Chennai Super Kings,5,0,0,0,,,0,0,120,20.0,144,2,60.0,7.2,44,36.67,14,7,7,0,50.0,14,f24c6701,https://a.espncdn.com/i/headshots/cricket/players/full/f24c6701.png,https://www.espncricinfo.com/cricketers/m-theekshana-f24c6701
2024,MA Agarwal,00ea847a,Sunrisers Hyderabad,4,64,57,4,16.0,112.28,8,1,0,,0,0,,,0,,16,9,7,0,56.25,18,00ea847a,https://a.espncdn.com/i/headshots/cricket/players/full/00ea847a.png,https://www.espncricinfo.com/cricketers/ma-agarwal-00ea847a
2024,MA Starc,3fb19989,Kolkata Knight Riders,13,9,11,2,4.5,81.82,1,0,251,41.83,444,17,14.76,10.61,102,40.64,14,11,3,0,78.57,22,3fb19989,https://a.espncdn.com/i/headshots/cricket/players/full/3fb19989.png,https://www.espncricinfo.com/cricketers/ma-starc-3fb19989
2024,MJ Henry,e84ac20c,Lucknow Super Giants,4,0,0,0,,,0,0,72,12.0,110,1,72.0,9.17,24,33.33,14,7,7,0,50.0,14,e84ac20c,https://a.espncdn.com/i/headshots/cricket/players/full/e84ac20c.png,https://www.espncricinfo.com/cricketers/mj-henry-e84ac20c
2024,MJ Santner,e4a0deae,Chennai Super Kings,3,14,17,3,4.67,82.35,1,0,54,9.0,64,2,27.0,7.11,23,42.59,14,7,7,0,50.0,14,e4a0deae,https://a.espncdn.com/i/headshots/cricket/players/full/e4a0deae.png,https://www.espncricinfo.com/cricketers/mj-santner-e4a0deae
2024,MJ Suthar,025c4400,Gujarat Titans,1,1,2,1,1.0,50.0,0,0,12,2.0,26,0,,13.0,4,33.33,12,5,7,0,41.67,10,025c4400,https://a.espncdn.com/i/headshots/cricket/players/full/025c4400.png,https://www.espncricinfo.com/cricketers/mj-suthar-025c4400
2024,MK Lomror,da934ee8,Royal Challengers Bengaluru,10,125,68,9,13.89,183.82,9,9,6,1.0,18,0,,18.0,1,16.67,15,7,8,0,46.67,14,da934ee8,https://a.espncdn.com/i/headshots/cricket/players/full/da934ee8.png,https://www.espncricinfo.com/cricketers/mk-lomror-da934ee8
2024,MK Pandey,93b4fc78,Kolkata Knight Riders,1,42,30,1,42.0,140.0,2,2,0,,0,0,,,0,,14,11,3,0,78.57,22,93b4fc78,https://a.espncdn.com/i/headshots/cricket/players/full/93b4fc78.png,https://www.espncricinfo.com/cricketers/mk-pandey-93b4fc78
2024,MM Ali,bb351c23,Chennai Super Kings,8,128,98,5,25.6,130.61,7,8,48,8.0,71,2,24.0,8.88,12,25.0,14,7,7,0,50.0,14,bb351c23,https://a.espncdn.com/i/headshots/cricket/players/full/bb351c23.png,https://www.espncricinfo.com/cricketers/mm-ali-bb351c23
2024,MM Sharma,759ac88f,Gujarat Titans,12,2,15,2,1.0,13.33,0,0,234,39.0,425,13,18.0,10.9,53,22.65,12,5,7,0,41.67,10,759ac88f,https://a.espncdn.com/i/headshots/cricket/players/full/759ac88f.png,https://www.espncricinfo.com/cricketers/mm-sharma-759ac88f
2024,MP Stoinis,d9273ee7,Lucknow Super Giants,14,388,261,12,32.33,148.66,39,16,84,14.0,126,4,21.0,9.0,32,38.1,14,7,7,0,50.0,14,d9273ee7,https://a.espncdn.com/i/headshots/cricket/players/full/d9273ee7.png,https://www.espncricinfo.com/cricketers/mp-stoinis-d9273ee7
2024,MP Yadav,b1ad996b,Lucknow Super Giants,4,0,0,0,,,0,0,73,12.17,85,7,10.43,6.99,39,53.42,14,7,7,0,50.0,14,b1ad996b,https://a.espncdn.com/i/headshots/cricket/players/full/b1ad996b.png,https://www.espncricinfo.com/cricketers/mp-yadav-b1ad996b
2024,MR Marsh,3d8feaf8,Delhi Capitals,4,61,38,4,15.25,160.53,9,3,48,8.0,103,1,48.0,12.88,9,18.75,14,7,7,0,50.0,14,3d8feaf8,https://a.espncdn.com/i/headshots/cricket/players/full/3d8feaf8.png,https://www.espncricinfo.com/cricketers/mr-marsh-3d8feaf8
2024,MS Dhoni,4a8a2e3b,Chennai Super Kings,14,161,72,3,53.67,223.61,14,13,0,,0,0,,,0,,14,7,7,0,50.0,14,4a8a2e3b,https://a.espncdn.com/i/headshots/cricket/players/full/4a8a2e3b.png,https://www.espncricinfo.com/cricketers/ms-dhoni-4a8a2e3b
2024,MS Wade,afa7e784,Gujarat Titans,2,4,6,1,4.0,66.67,0,0,0,,0,0,,,0,,12,5,7,0,41.67,10,afa7e784,https://a.espncdn.com/i/headshots/cricket/players/full/afa7e784.png,https://www.espncricinfo.com/cricketers/ms-wade-afa7e784
2024,Mayank Dagar,a457cfb5,Royal Challengers Bengaluru,5,0,1,0,,0.0,0,0,71,11.83,120,1,71.0,10.14,21,29.58,15,7,8,0,46.67,14,a457cfb5,https://a.espncdn.com/i/headshots/cricket/players/full/a457cfb5.png,https://www.espncricinfo.com/cricketers/mayank-dagar-a457cfb5
2024,Mohammad Nabi,62af8546,Mumbai Indians,7,35,31,4,8.75,112.9,2,2,74,12.33,109,2,37.0,8.84,18,24.32,14,4,10,0,28.57,8,62af8546,https://a.espncdn.com/i/headshots/cricket/players/full/62af8546.png,https://www.espncricinfo.com/cricketers/mohammad-nabi-62af8546
2024,Mohammed Siraj,2f49c897,Royal Challengers Bengaluru,14,12,8,1,12.0,150.0,0,2,324,54.0,496,15,21.6,9.19,121,37.35,15,7,8,0,46.67,14,2f49c897,https://a.espncdn.com/i/headshots/cricket/players/full/2f49c897.png,https://www.espncricinfo.com/cricketers/mohammed-siraj-2f49c897
2024,Mohsin Khan,c33d8116,Lucknow Super Giants,10,2,1,0,,200.0,0,0,228,38.0,385,10,22.8,10.13,82,35.96,14,7,7,0,50.0,14,c33d8116,https://a.espncdn.com/i/headshots/cricket/players/full/c33d8116.png,https://www.espncricinfo.com/cricketers/mohsin-khan-c33d8116
2024,Mukesh Choudhary,765a4731,Chennai Super Kings,1,0,0,0,,,0,0,6,1.0,27,0,,27.0,2,33.33,14,7,7,0,50.0,14,765a4731,https://a.espncdn.com/i/headshots/cricket/players/full/765a4731.png,https://www.espncricinfo.com/cricketers/mukesh-choudhary-765a4731
2024,Mukesh Kumar,2cffab74,Delhi Capitals,10,3,9,1,3.0,33.33,0,0,213,35.5,368,17,12.53,10.37,67,31.46,14,7,7,0,50.0,14,2cffab74,https://a.espncdn.com/i/headshots/cricket/players/full/2cffab74.png,https://www.espncricinfo.com/cricketers/mukesh-kumar-2cffab74
2024,Mustafizur Rahman,0a8fce53,Chennai Super Kings,9,0,0,0,,,0,0,206,34.33,318,14,14.71,9.26,76,36.89,14,7,7,0,50.0,14,0a8fce53,https://a.espncdn.com/i/headshots/cricket/players/full/0a8fce53.png,https://www.espncricinfo.com/cricketers/mustafizur-rahman-0a8fce53
2024,N Burger,465aa633,Rajasthan Royals,5,0,0,0,,,0,0,102,17.0,145,7,14.57,8.53,46,45.1,15,9,6,0,60.0,18,465aa633,https://a.espncdn.com/i/headshots/cricket/players/full/465aa633.png,https://www.espncricinfo.com/cricketers/n-burger-465aa633
2024,N Pooran,3241e3fd,Lucknow Super Giants,14,499,279,8,62.38,178.85,35,36,0,,0,0,,,0,,14,7,7,0,50.0,14,3241e3fd,https://a.espncdn.com/i/headshots/cricket/players/full/3241e3fd.png,https://www.espncricinfo.com/cricketers/n-pooran-3241e3fd
2024,N Rana,fb2d1dda,Kolkata Knight Riders,2,42,34,2,21.0,123.53,5,1,0,,0,0,,,0,,14,11,3,0,78.57,22,fb2d1dda,https://a.espncdn.com/i/headshots/cricket/players/full/fb2d1dda.png,https://www.espncricinfo.com/cricketers/n-rana-fb2d1dda
2024,N Thushara,ee1b6c27,Mumbai Indians,7,0,0,0,,,0,0,156,26.0,257,8,19.5,9.88,49,31.41,14,4,10,0,28.57,8,ee1b6c27,https://a.espncdn.com/i/headshots/cricket/players/full/ee1b6c27.png,https://www.espncricinfo.com/cricketers/n-thushara-ee1b6c27
2024,N Wadhera,d1a60072,Mumbai Indians,6,109,84,6,18.17,129.76,9,6,12,2.0,13,0,,6.5,2,16.67,14,4,10,0,28.57,8,d1a60072,https://a.espncdn.com/i/headshots/cricket/players/full/d1a60072.png,https://www.espncricinfo.com/cricketers/n-wadhera-d1a60072
2024,NT Ellis,9eb1455b,Punjab Kings,1,0,0,0,,,0,0,24,4.0,24,1,24.0,6.0,10,41.67,14,5,9,0,35.71,10,9eb1455b,https://a.espncdn.com/i/headshots/cricket/players/full/9eb1455b.png,https://www.espncricinfo.com/cricketers/nt-ellis-9eb1455b
2024,Naman Dhir,fffa744b,Mumbai Indians,7,140,78,6,23.33,179.49,12,10,28,4.67,55,0,,11.79,3,10.71,14,4,10,0,28.57,8,fffa744b,https://a.espncdn.com/i/headshots/cricket/players/full/fffa744b.png,https://www.espncricinfo.com/cricketers/naman-dhir-fffa744b
2024,Naveen-ul-Haq,c0c411cb,Lucknow Super Giants,10,2,4,0,,50.0,0,0,219,36.5,372,14,15.64,10.19,69,31.51,14,7,7,0,50.0,14,c0c411cb,https://a.espncdn.com/i/headshots/cricket/players/full/c0c411cb.png,https://www.espncricinfo.com/cricketers/naveen-ul-haq-c0c411cb
2024,Nithish Kumar Reddy,aad0c365,Sunrisers Hyderabad,13,303,212,9,33.67,142.92,15,21,79,13.17,153,3,26.33,11.62,19,24.05,16,9,7,0,56.25,18,aad0c365,https://a.espncdn.com/i/headshots/cricket/players/full/aad0c365.png,https://www.espncricinfo.com/cricketers/nithish-kumar-reddy-aad0c365
2024,Noor Ahmad,efc04be7,Gujarat Titans,10,5,9,2,2.5,55.56,1,0,209,34.83,290,8,26.12,8.33,71,33.97,12,5,7,0,41.67,10,efc04be7,https://a.espncdn.com/i/headshots/cricket/players/full/efc04be7.png,https://www.espncricinfo.com/cricketers/noor-ahmad-efc04be7
2024,P Simran Singh,9418198b,Punjab Kings,14,334,212,14,23.86,157.55,34,20,0,,0,0,,,0,,14,5,9,0,35.71,10,9418198b,https://a.espncdn.com/i/headshots/cricket/players/full/9418198b.png,https://www.espncricinfo.com/cricketers/p-simran-singh-9418198b
2024,PD Salt,3d284ca3,Kolkata Knight Riders,12,435,235,12,36.25,185.11,50,24,0,,0,0,,,0,,14,11,3,0,78.57,22,3d284ca3,https://a.espncdn.com/i/headshots/cricket/players/full/3d284ca3.png,https://www.espncricinfo.com/cricketers/pd-salt-3d284ca3
2024,PJ Cummins,ded9240e,Sunrisers Hyderabad,16,136,94,7,19.43,144.68,9,8,366,61.0,566,18,20.33,9.28,123,33.61,16,9,7,0,56.25,18,ded9240e,https://a.espncdn.com/i/headshots/cricket/players/full/ded9240e.png,https://www.espncricinfo.com/cricketers/pj-cummins-ded9240e
2024,PP Chawla,98ae73b1,Mumbai Indians,11,15,15,4,3.75,100.0,1,1,210,35.0,312,13,16.15,8.91,65,30.95,14,4,10,0,28.57,8,98ae73b1,https://a.espncdn.com/i/headshots/cricket/players/full/98ae73b1.png,https://www.espncricinfo.com/cricketers/pp-chawla-98ae73b1
2024,PP Shaw,8b3e9c7c,Delhi Capitals,8,198,121,8,24.75,163.64,30,5,0,,0,0,,,0,,14,7,7,0,50.0,14,8b3e9c7c,https://a.espncdn.com/i/headshots/cricket/players/full/8b3e9c7c.png,https://www.espncricinfo.com/cricketers/pp-shaw-8b3e9c7c
2024,PVD Chameera,327b58d3,Kolkata Knight Riders,1,0,0,0,,,0,0,18,3.0,48,0,,16.0,5,27.78,14,11,3,0,78.57,22,327b58d3,https://a.espncdn.com/i/headshots/cricket/players/full/327b58d3.png,https://www.espncricinfo.com/cricketers/pvd-chameera-327b58d3
2024,Q de Kock,372455c4,Lucknow Super Giants,11,250,186,11,22.73,134.41,29,9,0,,0,0,,,0,,14,7,7,0,50.0,14,372455c4,https://a.espncdn.com/i/headshots/cricket/players/full/372455c4.png,https://www.espncricinfo.com/cricketers/q-de-kock-372455c4
2024,R Ashwin,495d42a5,Rajasthan Royals,14,86,74,6,14.33,116.22,5,4,330,55.0,467,9,36.67,8.49,87,26.36,15,9,6,0,60.0,18,495d42a5,https://a.espncdn.com/i/headshots/cricket/players/full/495d42a5.png,https://www.espncricinfo.com/cricketers/r-ashwin-495d42a5
2024,R Dhawan,26a85969,Punjab Kings,1,0,0,0,,,0,0,18,3.0,35,0,,11.67,4,22.22,14,5,9,0,35.71,10,26a85969,https://a.espncdn.com/i/headshots/cricket/players/full/26a85969.png,https://www.espncricinfo.com/cricketers/r-dhawan-26a85969
2024,R Parag,04a418e8,Rajasthan Royals,15,573,383,12,47.75,149.61,40,33,18,3.0,27,0,,9.0,5,27.78,15,9,6,0,60.0,18,04a418e8,https://a.espncdn.com/i/headshots/cricket/players/full/04a418e8.png,https://www.espncricinfo.com/cricketers/r-parag-04a418e8
2024,R Powell,650d5e49,Rajasthan Royals,9,103,68,6,17.17,151.47,10,6,0,,0,0,,,0,,15,9,6,0,60.0,18,650d5e49,https://a.espncdn.com/i/headshots/cricket/players/full/650d5e49.png,https://www.espncricinfo.com/cricketers/r-powell-650d5e49
2024,R Ravindra,ba5e1069,Chennai Super Kings,10,222,137,9,24.67,162.04,22,12,12,2.0,7,0,,3.5,5,41.67,14,7,7,0,50.0,14,ba5e1069,https://a.espncdn.com/i/headshots/cricket/players/full/ba5e1069.png,https://www.espncricinfo.com/cricketers/r-ravindra-ba5e1069
2024,R Sai Kishore,c7a995d3,Gujarat Titans,5,13,6,1,13.0,216.67,0,2,90,15.0,137,7,12.86,9.13,30,33.33,12,5,7,0,41.67,10,c7a995d3,https://a.espncdn.com/i/headshots/cricket/players/full/c7a995d3.png,https://www.espncricinfo.com/cricketers/r-sai-kishore-c7a995d3
2024,R Shepherd,c5aef772,Mumbai Indians,6,57,21,2,28.5,271.43,5,5,72,12.0,159,1,72.0,13.25,15,20.83,14,4,10,0,28.57,8,c5aef772,https://a.espncdn.com/i/headshots/cricket/players/full/c5aef772.png,https://www.espncricinfo.com/cricketers/r-shepherd-c5aef772
2024,R Tewatia,39a2dfa8,Gujarat Titans,12,188,126,8,23.5,149.21,24,5,0,,0,0,,,0,,12,5,7,0,41.67,10,39a2dfa8,https://a.espncdn.com/i/headshots/cricket/players/full/39a2dfa8.png,https://www.espncricinfo.com/cricketers/r-tewatia-39a2dfa8
2024,RA Jadeja,fe93fd9d,Chennai Super Kings,14,267,187,6,44.5,142.78,22,8,282,47.0,369,8,35.25,7.85,73,25.89,14,7,7,0,50.0,14,fe93fd9d,https://a.espncdn.com/i/headshots/cricket/players/full/fe93fd9d.png,https://www.espncricinfo.com/cricketers/ra-jadeja-fe93fd9d
2024,RA Tripathi,77255a9e,Sunrisers Hyderabad,6,165,113,5,33.0,146.02,18,6,0,,0,0,,,0,,16,9,7,0,56.25,18,77255a9e,https://a.espncdn.com/i/headshots/cricket/players/full/77255a9e.png,https://www.espncricinfo.com/cricketers/ra-tripathi-77255a9e
2024,RD Chahar,2ed569a0,Punjab Kings,9,21,15,1,21.0,140.0,3,1,186,31.0,279,10,18.6,9.0,55,29.57,14,5,9,0,35.71,10,2ed569a0,https://a.espncdn.com/i/headshots/cricket/players/full/2ed569a0.png,https://www.espncricinfo.com/cricketers/rd-chahar-2ed569a0
2024,RD Gaikwad,45a43fe2,Chennai Super Kings,14,583,412,11,53.0,141.5,58,18,0,,0,0,,,0,,14,7,7,0,50.0,14,45a43fe2,https://a.espncdn.com/i/headshots/cricket/players/full/45a43fe2.png,https://www.espncricinfo.com/cricketers/rd-gaikwad-45a43fe2
2024,RG Sharma,740742ef,Mumbai Indians,14,417,276,13,32.08,151.09,45,23,0,,0,0,,,0,,14,4,10,0,28.57,8,740742ef,https://a.espncdn.com/i/headshots/cricket/players/full/740742ef.png,https://www.espncricinfo.com/cricketers/rg-sharma-740742ef
2024,RJ Gleeson,402f8494,Chennai Super Kings,2,2,2,0,,100.0,0,0,47,7.83,71,1,47.0,9.06,19,40.43,14,7,7,0,50.0,14,402f8494,https://a.espncdn.com/i/headshots/cricket/players/full/402f8494.png,https://www.espncricinfo.com/cricketers/rj-gleeson-402f8494
2024,RJW Topley,8db7f47f,Royal Challengers Bengaluru,4,3,6,0,,50.0,0,0,90,15.0,168,4,22.5,11.2,31,34.44,15,7,8,0,46.67,14,8db7f47f,https://a.espncdn.com/i/headshots/cricket/players/full/8db7f47f.png,https://www.espncricinfo.com/cricketers/rjw-topley-8db7f47f
2024,RK Bhui,b63e358a,Delhi Capitals,2,3,9,2,1.5,33.33,0,0,0,,0,0,,,0,,14,7,7,0,50.0,14,b63e358a,https://a.espncdn.com/i/headshots/cricket/players/full/b63e358a.png,https://www.espncricinfo.com/cricketers/rk-bhui-b63e358a
2024,RK Singh,0a509d6b,Kolkata Knight Riders,14,168,111,9,18.67,151.35,13,8,0,,0,0,,,0,,14,11,3,0,78.57,22,0a509d6b,https://a.espncdn.com/i/headshots/cricket/players/full/0a509d6b.png,https://www.espncricinfo.com/cricketers/rk-singh-0a509d6b
2024,RM Patidar,c740ea83,Royal Challengers Bengaluru,15,395,223,14,28.21,177.13,21,33,0,,0,0,,,0,,15,7,8,0,46.67,14,c740ea83,https://a.espncdn.com/i/headshots/cricket/players/full/c740ea83.png,https://www.espncricinfo.com/cricketers/rm-patidar-c740ea83
2024,RR Pant,919a3be2,Delhi Capitals,13,446,287,11,40.55,155.4,36,25,0,,0,0,,,0,,14,7,7,0,50.0,14,919a3be2,https://a.espncdn.com/i/headshots/cricket/players/full/919a3be2.png,https://www.espncricinfo.com/cricketers/rr-pant-919a3be2
2024,RR Rossouw,cad00a4d,Punjab Kings,8,211,115,8,26.38,183.48,25,11,0,,0,0,,,0,,14,5,9,0,35.71,10,cad00a4d,https://a.espncdn.com/i/headshots/cricket/players/full/cad00a4d.png,https://www.espncricinfo.com/cricketers/rr-rossouw-cad00a4d
2024,Rahmanullah Gurbaz,0bacade8,Kolkata Knight Riders,2,62,46,2,31.0,134.78,7,4,0,,0,0,,,0,,14,11,3,0,78.57,22,0bacade8,https://a.espncdn.com/i/headshots/cricket/players/full/0bacade8.png,https://www.espncricinfo.com/cricketers/rahmanullah-gurbaz-0bacade8
2024,Ramandeep Singh,be24ead0,Kolkata Knight Riders,14,125,61,4,31.25,204.92,5,12,4,0.67,9,0,,13.5,0,0.0,14,11,3,0,78.57,22,be24ead0,https://a.espncdn.com/i/headshots/cricket/players/full/be24ead0.png,https://www.espncricinfo.com/cricketers/ramandeep-singh-be24ead0
2024,Rashid Khan,5f547c8b,Gujarat Titans,12,102,69,5,20.4,147.83,11,3,262,43.67,367,10,26.2,8.4,79,30.15,12,5,7,0,41.67,10,5f547c8b,https://a.espncdn.com/i/headshots/cricket/players/full/5f547c8b.png,https://www.espncricinfo.com/cricketers/rashid-khan-5f547c8b
2024,Rasikh Salam,b8527c3d,Delhi Capitals,8,28,30,4,7.0,93.33,4,0,147,24.5,269,9,16.33,10.98,40,27.21,14,7,7,0,50.0,14,b8527c3d,https://a.espncdn.com/i/headshots/cricket/players/full/b8527c3d.png,https://www.espncricinfo.com/cricketers/rasikh-salam-b8527c3d
2024,Ravi Bishnoi,df064e1a,Lucknow Super Giants,14,4,6,2,2.0,66.67,0,0,262,43.67,383,10,26.2,8.77,88,33.59,14,7,7,0,50.0,14,df064e1a,https://a.espncdn.com/i/headshots/cricket/players/full/df064e1a.png,https://www.espncricinfo.com/cricketers/ravi-bishnoi-df064e1a
2024,S Dhawan,0a476045,Punjab Kings,5,152,121,5,30.4,125.62,18,4,0,,0,0,,,0,,14,5,9,0,35.71,10,0a476045,https://a.espncdn.com/i/headshots/cricket/players/full/0a476045.png,https://www.espncricinfo.com/cricketers/s-dhawan-0a476045
2024,S Dube,a4e37e47,Chennai Super Kings,14,396,243,11,36.0,162.96,28,28,6,1.0,14,1,6.0,14.0,1,16.67,14,7,7,0,50.0,14,a4e37e47,https://a.espncdn.com/i/headshots/cricket/players/full/a4e37e47.png,https://www.espncricinfo.com/cricketers/s-dube-a4e37e47
2024,S Gopal,7a8bd078,Mumbai Indians,3,0,0,0,,,0,0,42,7.0,67,3,14.0,9.57,10,23.81,14,4,10,0,28.57,8,7a8bd078,https://a.espncdn.com/i/headshots/cricket/players/full/7a8bd078.png,https://www.espncricinfo.com/cricketers/s-gopal-7a8bd078
2024,S Joseph,97290faf,Lucknow Super Giants,1,0,0,0,,,0,0,24,4.0,47,0,,11.75,9,37.5,14,7,7,0,50.0,14,97290faf,https://a.espncdn.com/i/headshots/cricket/players/full/97290faf.png,https://www.espncricinfo.com/cricketers/s-joseph-97290faf
2024,S Sandeep Warrier,cdc6bdba,Gujarat Titans,5,0,0,0,,,0,0,66,11.0,119,6,11.0,10.82,29,43.94,12,5,7,0,41.67,10,cdc6bdba,https://a.espncdn.com/i/headshots/cricket/players/full/cdc6bdba.png,https://www.espncricinfo.com/cricketers/s-sandeep-warrier-cdc6bdba
2024,SA Yadav,271f83cd,Mumbai Indians,11,345,205,10,34.5,168.29,36,18,0,,0,0,,,0,,14,4,10,0,28.57,8,271f83cd,https://a.espncdn.com/i/headshots/cricket/players/full/271f83cd.png,https://www.espncricinfo.com/cricketers/sa-yadav-271f83cd
2024,SB Dubey,6b2ff18f,Rajasthan Royals,4,33,19,2,16.5,173.68,3,2,0,,0,0,,,0,,15,9,6,0,60.0,18,6b2ff18f,https://a.espncdn.com/i/headshots/cricket/players/full/6b2ff18f.png,https://www.espncricinfo.com/cricketers/sb-dubey-6b2ff18f
2024,SD Hope,1fc6ef83,Delhi Capitals,9,183,122,8,22.88,150.0,12,12,0,,0,0,,,0,,14,7,7,0,50.0,14,1fc6ef83,https://a.espncdn.com/i/headshots/cricket/players/full/1fc6ef83.png,https://www.espncricinfo.com/cricketers/sd-hope-1fc6ef83
2024,SH Johnson,83c3e8e3,Gujarat Titans,5,6,7,0,,85.71,1,0,96,16.0,151,4,24.0,9.44,34,35.42,12,5,7,0,41.67,10,83c3e8e3,https://a.espncdn.com/i/headshots/cricket/players/full/83c3e8e3.png,https://www.espncricinfo.com/cricketers/sh-johnson-83c3e8e3
2024,SM Curran,e94915e6,Punjab Kings,13,270,217,11,24.55,124.42,24,6,246,41.0,416,16,15.38,10.15,81,32.93,14,5,9,0,35.71,10,e94915e6,https://a.espncdn.com/i/headshots/cricket/players/full/e94915e6.png,https://www.espncricinfo.com/cricketers/sm-curran-e94915e6
2024,SN Thakur,1abb78f8,Chennai Super Kings,9,21,17,1,21.0,123.53,2,1,190,31.67,309,5,38.0,9.76,45,23.68,14,7,7,0,50.0,14,1abb78f8,https://a.espncdn.com/i/headshots/cricket/players/full/1abb78f8.png,https://www.espncricinfo.com/cricketers/sn-thakur-1abb78f8
2024,SO Hetmyer,48a1d7b7,Rajasthan Royals,12,113,68,5,22.6,166.18,9,7,0,,0,0,,,0,,15,9,6,0,60.0,18,48a1d7b7,https://a.espncdn.com/i/headshots/cricket/players/full/48a1d7b7.png,https://www.espncricinfo.com/cricketers/so-hetmyer-48a1d7b7
2024,SP Narine,9d430b40,Kolkata Knight Riders,14,488,269,13,37.54,181.41,50,33,330,55.0,368,17,19.41,6.69,122,36.97,14,11,3,0,78.57,22,9d430b40,https://a.espncdn.com/i/headshots/cricket/players/full/9d430b40.png,https://www.espncricinfo.com/cricketers/sp-narine-9d430b40
2024,SS Iyer,85ec8e33,Kolkata Knight Riders,14,351,239,9,39.0,146.86,34,14,0,,0,0,,,0,,14,11,3,0,78.57,22,85ec8e33,https://a.espncdn.com/i/headshots/cricket/players/full/85ec8e33.png,https://www.espncricinfo.com/cricketers/ss-iyer-85ec8e33
2024,SS Prabhudessai,9385de2e,Royal Challengers Bengaluru,1,24,18,1,24.0,133.33,3,0,0,,0,0,,,0,,15,7,8,0,46.67,14,9385de2e,https://a.espncdn.com/i/headshots/cricket/players/full/9385de2e.png,https://www.espncricinfo.com/cricketers/ss-prabhudessai-9385de2e
2024,SV Samson,a4cc73aa,Rajasthan Royals,15,531,343,11,48.27,154.81,48,24,0,,0,0,,,0,,15,9,6,0,60.0,18,a4cc73aa,https://a.espncdn.com/i/headshots/cricket/players/full/a4cc73aa.png,https://www.espncricinfo.com/cricketers/sv-samson-a4cc73aa
2024,SZ Mulani,9d704f6f,Mumbai Indians,2,1,1,0,,100.0,0,0,30,5.0,57,0,,11.4,7,23.33,14,4,10,0,28.57,8,9d704f6f,https://a.espncdn.com/i/headshots/cricket/players/full/9d704f6f.png,https://www.espncricinfo.com/cricketers/sz-mulani-9d704f6f
2024,Sameer Rizvi,f89d3b11,Chennai Super Kings,8,51,43,4,12.75,118.6,4,2,0,,0,0,,,0,,14,7,7,0,50.0,14,f89d3b11,https://a.espncdn.com/i/headshots/cricket/players/full/f89d3b11.png,https://www.espncricinfo.com/cricketers/sameer-rizvi-f89d3b11
2024,Sandeep Sharma,ce820073,Rajasthan Royals,10,0,0,0,,,0,0,228,38.0,311,13,17.54,8.18,72,31.58,15,9,6,0,60.0,18,ce820073,https://a.espncdn.com/i/headshots/cricket/players/full/ce820073.png,https://www.espncricinfo.com/cricketers/sandeep-sharma-ce820073
2024,Sanvir Singh,b0f2baf4,Sunrisers Hyderabad,4,14,12,1,14.0,116.67,1,0,0,,0,0,,,0,,16,9,7,0,56.25,18,b0f2baf4,https://a.espncdn.com/i/headshots/cricket/players/full/b0f2baf4.png,https://www.espncricinfo.com/cricketers/sanvir-singh-b0f2baf4
2024,Saurav Chauhan,9e7225b0,Royal Challengers Bengaluru,3,18,15,3,6.0,120.0,1,1,0,,0,0,,,0,,15,7,8,0,46.67,14,9e7225b0,https://a.espncdn.com/i/headshots/cricket/players/full/9e7225b0.png,https://www.espncricinfo.com/cricketers/saurav-chauhan-9e7225b0
2024,Shahbaz Ahmed,f9e6e7ef,Sunrisers Hyderabad,16,215,166,10,21.5,129.52,7,13,165,27.5,270,7,23.57,9.82,48,29.09,16,9,7,0,56.25,18,f9e6e7ef,https://a.espncdn.com/i/headshots/cricket/players/full/f9e6e7ef.png,https://www.espncricinfo.com/cricketers/shahbaz-ahmed-f9e6e7ef
2024,Shashank Singh,26989d80,Punjab Kings,14,354,215,7,50.57,164.65,28,21,6,1.0,5,1,6.0,5.0,1,16.67,14,5,9,0,35.71,10,26989d80,https://a.espncdn.com/i/headshots/cricket/players/full/26989d80.png,https://www.espncricinfo.com/cricketers/shashank-singh-26989d80
2024,Shivam Singh,e1d9ae9c,Punjab Kings,1,2,3,0,,66.67,0,0,0,,0,0,,,0,,14,5,9,0,35.71,10,e1d9ae9c,https://a.espncdn.com/i/headshots/cricket/players/full/e1d9ae9c.png,https://www.espncricinfo.com/cricketers/shivam-singh-e1d9ae9c
2024,Shubman Gill,b4b99816,Gujarat Titans,12,426,289,11,38.73,147.4,37,15,0,,0,0,,,0,,12,5,7,0,41.67,10,b4b99816,https://a.espncdn.com/i/headshots/cricket/players/full/b4b99816.png,https://www.espncricinfo.com/cricketers/shubman-gill-b4b99816
2024,Sikandar Raza,26d041c4,Punjab Kings,2,43,38,2,21.5,113.16,2,2,12,2.0,22,0,,11.0,2,16.67,14,5,9,0,35.71,10,26d041c4,https://a.espncdn.com/i/headshots/cricket/players/full/26d041c4.png,https://www.espncricinfo.com/cricketers/sikandar-raza-26d041c4
2024,Simarjeet Singh,30df8c66,Chennai Super Kings,4,0,0,0,,,0,0,72,12.0,121,5,14.4,10.08,27,37.5,14,7,7,0,50.0,14,30df8c66,https://a.espncdn.com/i/headshots/cricket/players/full/30df8c66.png,https://www.espncricinfo.com/cricketers/simarjeet-singh-30df8c66
2024,Sumit Kumar,8998a68f,Delhi Capitals,4,18,24,2,9.0,75.0,2,1,20,3.33,38,0,,11.4,4,20.0,14,7,7,0,50.0,14,8998a68f,https://a.espncdn.com/i/headshots/cricket/players/full/8998a68f.png,https://www.espncricinfo.com/cricketers/sumit-kumar-8998a68f
2024,Suyash Sharma,9440ef41,Kolkata Knight Riders,2,0,0,0,,,0,0,24,4.0,51,0,,12.75,5,20.83,14,11,3,0,78.57,22,9440ef41,https://a.espncdn.com/i/headshots/cricket/players/full/9440ef41.png,https://www.espncricinfo.com/cricketers/suyash-sharma-9440ef41
2024,Swapnil Singh,983f2f61,Royal Challengers Bengaluru,7,37,21,2,18.5,176.19,3,3,90,15.0,133,6,15.0,8.87,27,30.0,15,7,8,0,46.67,14,983f2f61,https://a.espncdn.com/i/headshots/cricket/players/full/983f2f61.png,https://www.espncricinfo.com/cricketers/swapnil-singh-983f2f61
2024,T Kohler-Cadmore,f836b33d,Rajasthan Royals,3,48,54,3,16.0,88.89,7,1,0,,0,0,,,0,,15,9,6,0,60.0,18,f836b33d,https://a.espncdn.com/i/headshots/cricket/players/full/f836b33d.png,https://www.espncricinfo.com/cricketers/t-kohler-cadmore-f836b33d
2024,T Natarajan,ce794613,Sunrisers Hyderabad,14,0,0,0,,,0,0,308,51.33,465,19,16.21,9.06,108,35.06,16,9,7,0,56.25,18,ce794613,https://a.espncdn.com/i/headshots/cricket/players/full/ce794613.png,https://www.espncricinfo.com/cricketers/t-natarajan-ce794613
2024,T Stubbs,85b3fab2,Delhi Capitals,14,378,196,6,63.0,192.86,24,26,12,2.0,15,3,4.0,7.5,6,50.0,14,7,7,0,50.0,14,85b3fab2,https://a.espncdn.com/i/headshots/cricket/players/full/85b3fab2.png,https://www.espncricinfo.com/cricketers/t-stubbs-85b3fab2
2024,TA Boult,a818c1be,Rajasthan Royals,15,14,16,1,14.0,87.5,2,0,320,53.33,443,16,20.0,8.31,132,41.25,15,9,6,0,60.0,18,a818c1be,https://a.espncdn.com/i/headshots/cricket/players/full/a818c1be.png,https://www.espncricinfo.com/cricketers/ta-boult-a818c1be
2024,TH David,f1f99156,Mumbai Indians,13,241,150,8,30.12,160.67,14,15,0,,0,0,,,0,,14,4,10,0,28.57,8,f1f99156,https://a.espncdn.com/i/headshots/cricket/players/full/f1f99156.png,https://www.espncricinfo.com/cricketers/th-david-f1f99156
2024,TM Head,12b610c2,Sunrisers Hyderabad,15,567,294,14,40.5,192.86,64,32,10,1.67,32,0,,19.2,2,20.0,16,9,7,0,56.25,18,12b610c2,https://a.espncdn.com/i/headshots/cricket/players/full/12b610c2.png,https://www.espncricinfo.com/cricketers/tm-head-12b610c2
2024,TU Deshpande,46a9bea1,Chennai Super Kings,13,0,1,0,,0.0,0,0,288,48.0,424,17,16.94,8.83,111,38.54,14,7,7,0,50.0,14,46a9bea1,https://a.espncdn.com/i/headshots/cricket/players/full/46a9bea1.png,https://www.espncricinfo.com/cricketers/tu-deshpande-46a9bea1
2024,Tanush Kotian,5724e517,Rajasthan Royals,1,24,31,1,24.0,77.42,3,0,0,,0,0,,,0,,15,9,6,0,60.0,18,5724e517,https://a.espncdn.com/i/headshots/cricket/players/full/5724e517.png,https://www.espncricinfo.com/cricketers/tanush-kotian-5724e517
2024,Tilak Varma,b0482a1d,Mumbai Indians,13,416,277,10,41.6,150.18,35,19,4,0.67,8,0,,12.0,0,0.0,14,4,10,0,28.57,8,b0482a1d,https://a.espncdn.com/i/headshots/cricket/players/full/b0482a1d.png,https://www.espncricinfo.com/cricketers/tilak-varma-b0482a1d
2024,UT Yadav,cc1e8c68,Gujarat Titans,7,12,15,1,12.0,80.0,0,1,126,21.0,210,8,15.75,10.0,55,43.65,12,5,7,0,41.67,10,cc1e8c68,https://a.espncdn.com/i/headshots/cricket/players/full/cc1e8c68.png,https://www.espncricinfo.com/cricketers/ut-yadav-cc1e8c68
2024,Umran Malik,81c08fa3,Sunrisers Hyderabad,1,0,0,0,,,0,0,6,1.0,15,0,,15.0,2,33.33,16,9,7,0,56.25,18,81c08fa3,https://a.espncdn.com/i/headshots/cricket/players/full/81c08fa3.png,https://www.espncricinfo.com/cricketers/umran-malik-81c08fa3
2024,V Kaverappa,d4d929b0,Punjab Kings,1,0,0,0,,,0,0,24,4.0,36,2,12.0,9.0,11,45.83,14,5,9,0,35.71,10,d4d929b0,https://a.espncdn.com/i/headshots/cricket/players/full/d4d929b0.png,https://www.espncricinfo.com/cricketers/v-kaverappa-d4d929b0
2024,V Kohli,ba607b88,Royal Challengers Bengaluru,15,741,479,13,57.0,154.7,62,38,0,,0,0,,,0,,15,7,8,0,46.67,14,ba607b88,https://a.espncdn.com/i/headshots/cricket/players/full/ba607b88.png,https://www.espncricinfo.com/cricketers/v-kohli-ba607b88
2024,V Shankar,0994d0ae,Gujarat Titans,7,83,72,5,16.6,115.28,7,2,0,,0,0,,,0,,12,5,7,0,41.67,10,0994d0ae,https://a.espncdn.com/i/headshots/cricket/players/full/0994d0ae.png,https://www.espncricinfo.com/cricketers/v-shankar-0994d0ae
2024,V Viyaskanth,03a83c50,Sunrisers Hyderabad,3,7,5,0,,140.0,0,0,60,10.0,86,1,60.0,8.6,16,26.67,16,9,7,0,56.25,18,03a83c50,https://a.espncdn.com/i/headshots/cricket/players/full/03a83c50.png,https://www.espncricinfo.com/cricketers/v-viyaskanth-03a83c50
2024,VG Arora,7c3b3b78,Kolkata Knight Riders,10,1,1,0,,100.0,0,0,180,30.0,276,11,16.36,9.2,76,42.22,14,11,3,0,78.57,22,7c3b3b78,https://a.espncdn.com/i/headshots/cricket/players/full/7c3b3b78.png,https://www.espncricinfo.com/cricketers/vg-arora-7c3b3b78
2024,VR Iyer,a24be938,Kolkata Knight Riders,14,370,233,9,41.11,158.8,35,19,6,1.0,28,0,,28.0,0,0.0,14,11,3,0,78.57,22,a24be938,https://a.espncdn.com/i/headshots/cricket/players/full/a24be938.png,https://www.espncricinfo.com/cricketers/vr-iyer-a24be938
2024,Vijaykumar Vyshak,54e52590,Royal Challengers Bengaluru,4,1,3,1,1.0,33.33,0,0,87,14.5,142,4,21.75,9.79,23,26.44,15,7,8,0,46.67,14,54e52590,https://a.espncdn.com/i/headshots/cricket/players/full/54e52590.png,https://www.espncricinfo.com/cricketers/vijaykumar-vyshak-54e52590
2024,WG Jacks,9caf69a1,Royal Challengers Bengaluru,8,230,130,6,38.33,176.92,16,18,54,9.0,100,2,27.0,11.11,11,20.37,15,7,8,0,46.67,14,9caf69a1,https://a.espncdn.com/i/headshots/cricket/players/full/9caf69a1.png,https://www.espncricinfo.com/cricketers/wg-jacks-9caf69a1
2024,WP Saha,fe11caa6,Gujarat Titans,9,136,115,9,15.11,118.26,18,3,0,,0,0,,,0,,12,5,7,0,41.67,10,fe11caa6,https://a.espncdn.com/i/headshots/cricket/players/full/fe11caa6.png,https://www.espncricinfo.com/cricketers/wp-saha-fe11caa6
2024,Washington Sundar,f19ccfad,Sunrisers Hyderabad,2,0,1,1,0.0,0.0,0,0,30,5.0,73,1,30.0,14.6,3,10.0,16,9,7,0,56.25,18,f19ccfad,https://a.espncdn.com/i/headshots/cricket/players/full/f19ccfad.png,https://www.espncricinfo.com/cricketers/washington-sundar-f19ccfad
2024,YBK Jaiswal,6c19c6e5,Rajasthan Royals,15,435,278,14,31.07,156.47,54,16,0,,0,0,,,0,,15,9,6,0,60.0,18,6c19c6e5,https://a.espncdn.com/i/headshots/cricket/players/full/6c19c6e5.png,https://www.espncricinfo.com/cricketers/ybk-jaiswal-6c19c6e5
2024,YS Chahal,57ee1fde,Rajasthan Royals,15,0,0,0,,,0,0,348,58.0,546,18,19.33,9.41,98,28.16,15,9,6,0,60.0,18,57ee1fde,https://a.espncdn.com/i/headshots/cricket/players/full/57ee1fde.png,https://www.espncricinfo.com/cricketers/ys-chahal-57ee1fde
2024,Yash Dayal,7210d461,Royal Challengers Bengaluru,14,0,0,0,,,0,0,301,50.17,459,15,20.07,9.15,116,38.54,15,7,8,0,46.67,14,7210d461,https://a.espncdn.com/i/headshots/cricket/players/full/7210d461.png,https://www.espncricinfo.com/cricketers/yash-dayal-7210d461
2024,Yash Thakur,4b31f3a3,Lucknow Super Giants,10,0,0,0,,,0,0,213,35.5,402,11,19.36,11.32,65,30.52,14,7,7,0,50.0,14,4b31f3a3,https://a.espncdn.com/i/headshots/cricket/players/full/4b31f3a3.png,https://www.espncricinfo.com/cricketers/yash-thakur-4b31f3a3
2024,Yudhvir Singh,4885bbe6,Lucknow Super Giants,2,21,14,2,10.5,150.0,1,2,24,4.0,52,1,24.0,13.0,5,20.83,14,7,7,0,50.0,14,4885bbe6,https://a.espncdn.com/i/headshots/cricket/players/full/4885bbe6.png,https://www.espncricinfo.com/cricketers/yudhvir-singh-4885bbe6
2025,A Badoni,872b03f7,Lucknow Super Giants,14,329,221,10,32.9,148.87,27,14,10,1.67,13,2,5.0,7.8,3,30.0,14,6,8,0,42.86,12,872b03f7,https://a.espncdn.com/i/headshots/cricket/players/full/872b03f7.png,https://www.espncricinfo.com/cricketers/a-badoni-872b03f7
2025,A Kamboj,fcc21ace,Chennai Super Kings,8,14,12,2,7.0,116.67,2,0,129,21.5,172,8,16.12,8.0,55,42.64,14,4,10,0,28.57,8,fcc21ace,https://a.espncdn.com/i/headshots/cricket/players/full/fcc21ace.png,https://www.espncricinfo.com/cricketers/a-kamboj-fcc21ace
2025,A Manohar,0890552f,Sunrisers Hyderabad,8,61,61,5,12.2,100.0,2,4,0,,0,0,,,0,,14,6,7,1,46.15,13,0890552f,https://a.espncdn.com/i/headshots/cricket/players/full/0890552f.png,https://www.espncricinfo.com/cricketers/a-manohar-0890552f
2025,A Mhatre,b2b4f545,Chennai Super Kings,7,240,127,7,34.29,188.98,31,11,0,,0,0,,,0,,14,4,10,0,28.57,8,b2b4f545,https://a.espncdn.com/i/headshots/cricket/players/full/b2b4f545.png,https://www.espncricinfo.com/cricketers/a-mhatre-b2b4f545
2025,A Nortje,acdc62f5,Kolkata Knight Riders,2,0,0,0,,,0,0,42,7.0,83,1,42.0,11.86,14,33.33,13,5,7,1,41.67,11,acdc62f5,https://a.espncdn.com/i/headshots/cricket/players/full/acdc62f5.png,https://www.espncricinfo.com/cricketers/a-nortje-acdc62f5
2025,A Raghuvanshi,d7017798,Kolkata Knight Riders,12,300,214,9,33.33,140.19,30,8,0,,0,0,,,0,,13,5,7,1,41.67,11,d7017798,https://a.espncdn.com/i/headshots/cricket/players/full/d7017798.png,https://www.espncricinfo.com/cricketers/a-raghuvanshi-d7017798
2025,A Zampa,14f96089,Sunrisers Hyderabad,2,0,0,0,,,0,0,48,8.0,94,2,24.0,11.75,10,20.83,14,6,7,1,46.15,13,14f96089,https://a.espncdn.com/i/headshots/cricket/players/full/14f96089.png,https://www.espncricinfo.com/cricketers/a-zampa-14f96089
2025,AD Russell,bbd41817,Kolkata Knight Riders,13,167,102,8,20.88,163.73,16,14,109,18.17,217,8,13.62,11.94,28,25.69,13,5,7,1,41.67,11,bbd41817,https://a.espncdn.com/i/headshots/cricket/players/full/bbd41817.png,https://www.espncricinfo.com/cricketers/ad-russell-bbd41817
2025,AK Markram,6a26221c,Lucknow Super Giants,13,445,298,13,34.23,149.33,38,22,66,11.0,102,4,16.5,9.27,15,22.73,14,6,8,0,42.86,12,6a26221c,https://a.espncdn.com/i/headshots/cricket/players/full/6a26221c.png,https://www.espncricinfo.com/cricketers/ak-markram-6a26221c
2025,AM Rahane,29e95537,Kolkata Knight Riders,13,390,264,11,35.45,147.73,36,20,0,,0,0,,,0,,13,5,7,1,41.67,11,29e95537,https://a.espncdn.com/i/headshots/cricket/players/full/29e95537.png,https://www.espncricinfo.com/cricketers/am-rahane-29e95537
2025,AR Patel,2e171977,Delhi Capitals,13,263,167,10,26.3,157.49,23,15,216,36.0,313,5,43.2,8.69,66,30.56,15,6,6,3,50.0,15,2e171977,https://a.espncdn.com/i/headshots/cricket/players/full/2e171977.png,https://www.espncricinfo.com/cricketers/ar-patel-2e171977
2025,AS Roy,e4cdf230,Kolkata Knight Riders,1,0,1,1,0.0,0.0,0,0,24,4.0,27,1,24.0,6.75,8,33.33,13,5,7,1,41.67,11,e4cdf230,https://a.espncdn.com/i/headshots/cricket/players/full/e4cdf230.png,https://www.espncricinfo.com/cricketers/as-roy-e4cdf230
2025,Abdul Samad,8e514b4c,Lucknow Super Giants,13,164,93,9,18.22,176.34,8,14,2,0.33,6,0,,18.0,1,50.0,14,6,8,0,42.86,12,8e514b4c,https://a.espncdn.com/i/headshots/cricket/players/full/8e514b4c.png,https://www.espncricinfo.com/cricketers/abdul-samad-8e514b4c
2025,Abhishek Sharma,f29185a1,Sunrisers Hyderabad,14,439,225,12,36.58,195.11,46,28,66,11.0,112,0,,10.18,21,31.82,14,6,7,1,46.15,13,f29185a1,https://a.espncdn.com/i/headshots/cricket/players/full/f29185a1.png,https://www.espncricinfo.com/cricketers/abhishek-sharma-f29185a1
2025,Abishek Porel,ad3b6e95,Delhi Capitals,14,301,205,13,23.15,146.83,28,12,0,,0,0,,,0,,15,6,6,3,50.0,15,ad3b6e95,https://a.espncdn.com/i/headshots/cricket/players/full/ad3b6e95.png,https://www.espncricinfo.com/cricketers/abishek-porel-ad3b6e95
2025,Akash Deep,0a67aec0,Lucknow Super Giants,6,6,2,1,6.0,300.0,0,1,114,19.0,229,3,38.0,12.05,34,29.82,14,6,8,0,42.86,12,0a67aec0,https://a.espncdn.com/i/headshots/cricket/players/full/0a67aec0.png,https://www.espncricinfo.com/cricketers/akash-deep-0a67aec0
2025,Akash Madhwal,4bd09374,Rajasthan Royals,4,4,9,0,,44.44,0,0,90,15.0,166,4,22.5,11.07,22,24.44,14,4,9,1,30.77,9,4bd09374,https://a.espncdn.com/i/headshots/cricket/players/full/4bd09374.png,https://www.espncricinfo.com/cricketers/akash-madhwal-4bd09374
2025,Akash Singh,b483905d,Lucknow Super Giants,3,0,0,0,,,0,0,67,11.17,99,4,16.75,8.87,20,29.85,14,6,8,0,42.86,12,b483905d,https://a.espncdn.com/i/headshots/cricket/players/full/b483905d.png,https://www.espncricinfo.com/cricketers/akash-singh-b483905d
2025,Aniket Verma,a3b0600d,Sunrisers Hyderabad,14,236,142,9,26.22,166.2,12,20,0,,0,0,,,0,,14,6,7,1,46.15,13,a3b0600d,https://a.espncdn.com/i/headshots/cricket/players/full/a3b0600d.png,https://www.espncricinfo.com/cricketers/aniket-verma-a3b0600d
2025,Arshad Khan,12314277,Gujarat Titans,9,23,19,2,11.5,121.05,0,3,126,21.0,217,6,21.0,10.33,46,36.51,15,9,6,0,60.0,18,12314277,https://a.espncdn.com/i/headshots/cricket/players/full/12314277.png,https://www.espncricinfo.com/cricketers/arshad-khan-12314277
2025,Arshdeep Singh,244048f6,Punjab Kings,18,2,6,1,2.0,33.33,0,0,350,58.33,518,21,16.67,8.88,134,38.29,18,10,6,2,62.5,22,244048f6,https://a.espncdn.com/i/headshots/cricket/players/full/244048f6.png,https://www.espncricinfo.com/cricketers/arshdeep-singh-244048f6
2025,Ashutosh Sharma,84d9c311,Delhi Capitals,13,204,126,7,29.14,161.9,14,13,0,,0,0,,,0,,15,6,6,3,50.0,15,84d9c311,https://a.espncdn.com/i/headshots/cricket/players/full/84d9c311.png,https://www.espncricinfo.com/cricketers/ashutosh-sharma-84d9c311
2025,Ashwani Kumar,d45c29b1,Mumbai Indians,7,0,0,0,,,0,0,123,20.5,232,11,11.18,11.32,35,28.46,16,9,7,0,56.25,18,d45c29b1,https://a.espncdn.com/i/headshots/cricket/players/full/d45c29b1.png,https://www.espncricinfo.com/cricketers/ashwani-kumar-d45c29b1
2025,Atharva Taide,1ac746c8,Sunrisers Hyderabad,1,13,9,1,13.0,144.44,3,0,0,,0,0,,,0,,14,6,7,1,46.15,13,1ac746c8,https://a.espncdn.com/i/headshots/cricket/players/full/1ac746c8.png,https://www.espncricinfo.com/cricketers/atharva-taide-1ac746c8
2025,Avesh Khan,eef2536f,Lucknow Super Giants,13,21,12,1,21.0,175.0,3,1,284,47.33,487,13,21.85,10.29,77,27.11,14,6,8,0,42.86,12,eef2536f,https://a.espncdn.com/i/headshots/cricket/players/full/eef2536f.png,https://www.espncricinfo.com/cricketers/avesh-khan-eef2536f
2025,Azmatullah Omarzai,8f6dd463,Punjab Kings,10,57,41,4,14.25,139.02,6,3,162,27.0,279,8,20.25,10.33,43,26.54,18,10,6,2,62.5,22,8f6dd463,https://a.espncdn.com/i/headshots/cricket/players/full/8f6dd463.png,https://www.espncricinfo.com/cricketers/azmatullah-omarzai-8f6dd463
2025,B Kumar,2e81a32d,Royal Challengers Bengaluru,14,14,25,3,4.67,56.0,1,0,312,52.0,483,17,18.35,9.29,116,37.18,15,11,4,0,73.33,22,2e81a32d,https://a.espncdn.com/i/headshots/cricket/players/full/2e81a32d.png,https://www.espncricinfo.com/cricketers/b-kumar-2e81a32d
2025,B Sai Sudharsan,d5130a30,Gujarat Titans,15,759,486,14,54.21,156.17,88,21,0,,0,0,,,0,,15,9,6,0,60.0,18,d5130a30,https://a.espncdn.com/i/headshots/cricket/players/full/d5130a30.png,https://www.espncricinfo.com/cricketers/b-sai-sudharsan-d5130a30
2025,BKG Mendis,5d1e7582,Gujarat Titans,1,20,10,1,20.0,200.0,1,2,0,,0,0,,,0,,15,9,6,0,60.0,18,5d1e7582,https://a.espncdn.com/i/headshots/cricket/players/full/5d1e7582.png,https://www.espncricinfo.com/cricketers/bkg-mendis-5d1e7582
2025,C Bosch,172dff15,Mumbai Indians,3,47,32,2,23.5,146.88,3,3,42,7.0,55,1,42.0,7.86,23,54.76,16,9,7,0,56.25,18,172dff15,https://a.espncdn.com/i/headshots/cricket/players/full/172dff15.png,https://www.espncricinfo.com/cricketers/c-bosch-172dff15
2025,C Sakariya,2cdce1be,Kolkata Knight Riders,1,0,0,0,,,0,0,18,3.0,39,0,,13.0,3,16.67,13,5,7,1,41.67,11,2cdce1be,https://a.espncdn.com/i/headshots/cricket/players/full/2cdce1be.png,https://www.espncricinfo.com/cricketers/c-sakariya-2cdce1be
2025,CV Varun,5b7ab5a9,Kolkata Knight Riders,13,1,1,0,,100.0,0,0,300,50.0,383,17,17.65,7.66,114,38.0,13,5,7,1,41.67,11,5b7ab5a9,https://a.espncdn.com/i/headshots/cricket/players/full/5b7ab5a9.png,https://www.espncricinfo.com/cricketers/cv-varun-5b7ab5a9
2025,D Brevis,844e79d1,Chennai Super Kings,6,225,125,6,37.5,180.0,13,17,0,,0,0,,,0,,14,4,10,0,28.57,8,844e79d1,https://a.espncdn.com/i/headshots/cricket/players/full/844e79d1.png,https://www.espncricinfo.com/cricketers/d-brevis-844e79d1
2025,D Ferreira,f0af99a7,Delhi Capitals,1,1,3,1,1.0,33.33,0,0,0,,0,0,,,0,,15,6,6,3,50.0,15,f0af99a7,https://a.espncdn.com/i/headshots/cricket/players/full/f0af99a7.png,https://www.espncricinfo.com/cricketers/d-ferreira-f0af99a7
2025,D Padikkal,2c25d4f5,Royal Challengers Bengaluru,10,247,163,9,27.44,151.53,22,14,0,,0,0,,,0,,15,11,4,0,73.33,22,2c25d4f5,https://a.espncdn.com/i/headshots/cricket/players/full/2c25d4f5.png,https://www.espncricinfo.com/cricketers/d-padikkal-2c25d4f5
2025,DA Miller,d67d5f00,Lucknow Super Giants,11,153,119,5,30.6,128.57,13,4,0,,0,0,,,0,,14,6,8,0,42.86,12,d67d5f00,https://a.espncdn.com/i/headshots/cricket/players/full/d67d5f00.png,https://www.espncricinfo.com/cricketers/da-miller-d67d5f00
2025,DJ Hooda,73ad96ed,Chennai Super Kings,7,31,40,5,6.2,77.5,2,1,6,1.0,15,0,,15.0,1,16.67,14,4,10,0,28.57,8,73ad96ed,https://a.espncdn.com/i/headshots/cricket/players/full/73ad96ed.png,https://www.espncricinfo.com/cricketers/dj-hooda-73ad96ed
2025,DL Chahar,23eeb873,Mumbai Indians,14,37,25,1,37.0,148.0,3,2,246,41.0,376,11,22.36,9.17,106,43.09,16,9,7,0,56.25,18,23eeb873,https://a.espncdn.com/i/headshots/cricket/players/full/23eeb873.png,https://www.espncricinfo.com/cricketers/dl-chahar-23eeb873
2025,DP Conway,df5a6881,Chennai Super Kings,6,156,119,5,31.2,131.09,17,4,0,,0,0,,,0,,14,4,10,0,28.57,8,df5a6881,https://a.espncdn.com/i/headshots/cricket/players/full/df5a6881.png,https://www.espncricinfo.com/cricketers/dp-conway-df5a6881
2025,DS Rathi,13fc5c6d,Lucknow Super Giants,13,1,3,1,1.0,33.33,0,0,312,52.0,429,14,22.29,8.25,95,30.45,14,6,8,0,42.86,12,13fc5c6d,https://a.espncdn.com/i/headshots/cricket/players/full/13fc5c6d.png,https://www.espncricinfo.com/cricketers/ds-rathi-13fc5c6d
2025,Dhruv Jurel,bcf325d2,Rajasthan Royals,14,333,213,9,37.0,156.34,22,22,0,,0,0,,,0,,14,4,9,1,30.77,9,bcf325d2,https://a.espncdn.com/i/headshots/cricket/players/full/bcf325d2.png,https://www.espncricinfo.com/cricketers/dhruv-jurel-bcf325d2
2025,E Malinga,5750bcb4,Sunrisers Hyderabad,7,0,0,0,,,0,0,160,26.67,238,13,12.31,8.93,53,33.12,14,6,7,1,46.15,13,5750bcb4,https://a.espncdn.com/i/headshots/cricket/players/full/5750bcb4.png,https://www.espncricinfo.com/cricketers/e-malinga-5750bcb4
2025,F du Plessis,3355b542,Delhi Capitals,10,202,161,10,20.2,125.47,18,8,0,,0,0,,,0,,15,6,6,3,50.0,15,3355b542,https://a.espncdn.com/i/headshots/cricket/players/full/3355b542.png,https://www.espncricinfo.com/cricketers/f-du-plessis-3355b542
2025,Fazalhaq Farooqi,e9c7f0d0,Rajasthan Royals,5,2,2,0,,100.0,0,0,102,17.0,210,0,,12.35,24,23.53,14,4,9,1,30.77,9,e9c7f0d0,https://a.espncdn.com/i/headshots/cricket/players/full/e9c7f0d0.png,https://www.espncricinfo.com/cricketers/fazalhaq-farooqi-e9c7f0d0
2025,G Coetzee,3204c99f,Gujarat Titans,4,17,10,2,8.5,170.0,2,1,72,12.0,131,2,36.0,10.92,19,26.39,15,9,6,0,60.0,18,3204c99f,https://a.espncdn.com/i/headshots/cricket/players/full/3204c99f.png,https://www.espncricinfo.com/cricketers/g-coetzee-3204c99f
2025,GJ Maxwell,b681e71e,Punjab Kings,7,48,49,6,8.0,97.96,5,1,78,13.0,110,4,19.5,8.46,27,34.62,18,10,6,2,62.5,22,b681e71e,https://a.espncdn.com/i/headshots/cricket/players/full/b681e71e.png,https://www.espncricinfo.com/cricketers/gj-maxwell-b681e71e
2025,H Klaasen,235c2bb6,Sunrisers Hyderabad,14,487,279,10,48.7,174.55,42,25,0,,0,0,,,0,,14,6,7,1,46.15,13,235c2bb6,https://a.espncdn.com/i/headshots/cricket/players/full/235c2bb6.png,https://www.espncricinfo.com/cricketers/h-klaasen-235c2bb6
2025,HH Pandya,dbe50b21,Mumbai Indians,15,224,137,10,22.4,163.5,18,13,210,35.0,342,14,15.0,9.77,64,30.48,16,9,7,0,56.25,18,dbe50b21,https://a.espncdn.com/i/headshots/cricket/players/full/dbe50b21.png,https://www.espncricinfo.com/cricketers/hh-pandya-dbe50b21
2025,HV Patel,f986ca1a,Sunrisers Hyderabad,13,21,26,2,10.5,80.77,0,0,263,43.83,430,16,16.44,9.81,82,31.18,14,6,7,1,46.15,13,f986ca1a,https://a.espncdn.com/i/headshots/cricket/players/full/f986ca1a.png,https://www.espncricinfo.com/cricketers/hv-patel-f986ca1a
2025,Harpreet Brar,c05edf8e,Punjab Kings,8,11,13,1,11.0,84.62,0,1,132,22.0,190,10,13.2,8.64,40,30.3,18,10,6,2,62.5,22,c05edf8e,https://a.espncdn.com/i/headshots/cricket/players/full/c05edf8e.png,https://www.espncricinfo.com/cricketers/harpreet-brar-c05edf8e
2025,Harsh Dubey,25228673,Sunrisers Hyderabad,3,0,0,0,,,0,0,60,10.0,98,5,12.0,9.8,18,30.0,14,6,7,1,46.15,13,25228673,https://a.espncdn.com/i/headshots/cricket/players/full/25228673.png,https://www.espncricinfo.com/cricketers/harsh-dubey-25228673
2025,Harshit Rana,77b1aa15,Kolkata Knight Riders,13,57,52,5,11.4,109.62,5,3,264,44.0,448,15,17.6,10.18,99,37.5,13,5,7,1,41.67,11,77b1aa15,https://a.espncdn.com/i/headshots/cricket/players/full/77b1aa15.png,https://www.espncricinfo.com/cricketers/harshit-rana-77b1aa15
2025,Himmat Singh,ebcfef83,Lucknow Super Giants,3,0,0,0,,,0,0,0,,0,0,,,0,,14,6,8,0,42.86,12,ebcfef83,https://a.espncdn.com/i/headshots/cricket/players/full/ebcfef83.png,https://www.espncricinfo.com/cricketers/himmat-singh-ebcfef83
2025,I Sharma,5bb1a1c4,Gujarat Titans,7,0,0,0,,,0,0,110,18.33,205,4,27.5,11.18,30,27.27,15,9,6,0,60.0,18,5bb1a1c4,https://a.espncdn.com/i/headshots/cricket/players/full/5bb1a1c4.png,https://www.espncricinfo.com/cricketers/i-sharma-5bb1a1c4
2025,Ishan Kishan,752f7486,Sunrisers Hyderabad,14,354,231,10,35.4,153.25,33,15,1,0.17,4,0,,24.0,0,0.0,14,6,7,1,46.15,13,752f7486,https://a.espncdn.com/i/headshots/cricket/players/full/752f7486.png,https://www.espncricinfo.com/cricketers/ishan-kishan-752f7486
2025,J Fraser-McGurk,9b6e1b3f,Delhi Capitals,6,55,52,6,9.17,105.77,7,2,0,,0,0,,,0,,15,6,6,3,50.0,15,9b6e1b3f,https://a.espncdn.com/i/headshots/cricket/players/full/9b6e1b3f.png,https://www.espncricinfo.com/cricketers/j-fraser-mcgurk-9b6e1b3f
2025,J Overton,59559bc2,Chennai Super Kings,3,15,7,0,,214.29,1,1,36,6.0,83,0,,13.83,9,25.0,14,4,10,0,28.57,8,59559bc2,https://a.espncdn.com/i/headshots/cricket/players/full/59559bc2.png,https://www.espncricinfo.com/cricketers/j-overton-59559bc2
2025,JC Archer,5574750c,Rajasthan Royals,12,63,50,5,12.6,126.0,3,4,273,45.5,431,11,24.82,9.47,103,37.73,14,4,9,1,30.77,9,5574750c,https://a.espncdn.com/i/headshots/cricket/players/full/5574750c.png,https://www.espncricinfo.com/cricketers/jc-archer-5574750c
2025,JC Buttler,99b75528,Gujarat Titans,14,538,330,10,53.8,163.03,52,24,0,,0,0,,,0,,15,9,6,0,60.0,18,99b75528,https://a.espncdn.com/i/headshots/cricket/players/full/99b75528.png,https://www.espncricinfo.com/cricketers/jc-buttler-99b75528
2025,JD Unadkat,1e66c162,Sunrisers Hyderabad,7,0,0,0,,,0,0,143,23.83,175,11,13.0,7.34,52,36.36,14,6,7,1,46.15,13,1e66c162,https://a.espncdn.com/i/headshots/cricket/players/full/1e66c162.png,https://www.espncricinfo.com/cricketers/jd-unadkat-1e66c162
2025,JG Bethell,3c55c703,Royal Challengers Bengaluru,2,67,39,2,33.5,171.79,9,3,0,,0,0,,,0,,15,11,4,0,73.33,22,3c55c703,https://a.espncdn.com/i/headshots/cricket/players/full/3c55c703.png,https://www.espncricinfo.com/cricketers/jg-bethell-3c55c703
2025,JJ Bumrah,462411b3,Mumbai Indians,12,0,1,0,,0.0,0,0,284,47.33,316,18,15.78,6.68,125,44.01,16,9,7,0,56.25,18,462411b3,https://a.espncdn.com/i/headshots/cricket/players/full/462411b3.png,https://www.espncricinfo.com/cricketers/jj-bumrah-462411b3
2025,JM Bairstow,abb83e27,Mumbai Indians,2,85,46,2,42.5,184.78,7,5,0,,0,0,,,0,,16,9,7,0,56.25,18,abb83e27,https://a.espncdn.com/i/headshots/cricket/players/full/abb83e27.png,https://www.espncricinfo.com/cricketers/jm-bairstow-abb83e27
2025,JM Sharma,800d2d97,Royal Challengers Bengaluru,15,261,147,7,37.29,177.55,24,17,0,,0,0,,,0,,15,11,4,0,73.33,22,800d2d97,https://a.espncdn.com/i/headshots/cricket/players/full/800d2d97.png,https://www.espncricinfo.com/cricketers/jm-sharma-800d2d97
2025,JP Inglis,989889ff,Punjab Kings,12,278,171,10,27.8,162.57,26,16,0,,0,0,,,0,,18,10,6,2,62.5,22,989889ff,https://a.espncdn.com/i/headshots/cricket/players/full/989889ff.png,https://www.espncricinfo.com/cricketers/jp-inglis-989889ff
2025,JR Hazlewood,03806cf8,Royal Challengers Bengaluru,12,0,1,0,,0.0,0,0,264,44.0,386,22,12.0,8.77,117,44.32,15,11,4,0,73.33,22,03806cf8,https://a.espncdn.com/i/headshots/cricket/players/full/03806cf8.png,https://www.espncricinfo.com/cricketers/jr-hazlewood-03806cf8
2025,K Kartikeya,f6d8a7ab,Rajasthan Royals,4,3,5,1,3.0,60.0,0,0,48,8.0,78,2,24.0,9.75,16,33.33,14,4,9,1,30.77,9,f6d8a7ab,https://a.espncdn.com/i/headshots/cricket/players/full/f6d8a7ab.png,https://www.espncricinfo.com/cricketers/k-kartikeya-f6d8a7ab
2025,K Khejroliya,fa2f1dde,Gujarat Titans,1,0,0,0,,,0,0,18,3.0,29,1,18.0,9.67,4,22.22,15,9,6,0,60.0,18,fa2f1dde,https://a.espncdn.com/i/headshots/cricket/players/full/fa2f1dde.png,https://www.espncricinfo.com/cricketers/k-khejroliya-fa2f1dde
2025,K Rabada,e62dd25d,Gujarat Titans,4,9,8,2,4.5,112.5,0,1,84,14.0,162,2,42.0,11.57,22,26.19,15,9,6,0,60.0,18,e62dd25d,https://a.espncdn.com/i/headshots/cricket/players/full/e62dd25d.png,https://www.espncricinfo.com/cricketers/k-rabada-e62dd25d
2025,KA Jamieson,68c56d09,Punjab Kings,4,0,5,0,,0.0,0,0,90,15.0,147,5,18.0,9.8,34,37.78,18,10,6,2,62.5,22,68c56d09,https://a.espncdn.com/i/headshots/cricket/players/full/68c56d09.png,https://www.espncricinfo.com/cricketers/ka-jamieson-68c56d09
2025,KH Pandya,5b8c830e,Royal Challengers Bengaluru,15,109,85,6,18.17,128.24,9,4,276,46.0,379,17,16.24,8.24,83,30.07,15,11,4,0,73.33,22,5b8c830e,https://a.espncdn.com/i/headshots/cricket/players/full/5b8c830e.png,https://www.espncricinfo.com/cricketers/kh-pandya-5b8c830e
2025,KK Ahmed,a2f46292,Chennai Super Kings,14,1,2,0,,50.0,0,0,280,46.67,447,15,18.67,9.58,131,46.79,14,4,10,0,28.57,8,a2f46292,https://a.espncdn.com/i/headshots/cricket/players/full/a2f46292.png,https://www.espncricinfo.com/cricketers/kk-ahmed-a2f46292
2025,KK Nair,944533a5,Delhi Capitals,8,198,114,7,28.29,173.68,24,10,0,,0,0,,,0,,15,6,6,3,50.0,15,944533a5,https://a.espncdn.com/i/headshots/cricket/players/full/944533a5.png,https://www.espncricinfo.com/cricketers/kk-nair-944533a5
2025,KL Rahul,b17e2f24,Delhi Capitals,14,546,363,9,60.67,150.41,53,21,0,,0,0,,,0,,15,6,6,3,50.0,15,b17e2f24,https://a.espncdn.com/i/headshots/cricket/players/full/b17e2f24.png,https://www.espncricinfo.com/cricketers/kl-rahul-b17e2f24
2025,KS Rathore,e3851766,Rajasthan Royals,1,0,5,1,0.0,0.0,0,0,0,,0,0,,,0,,14,4,9,1,30.77,9,e3851766,https://a.espncdn.com/i/headshots/cricket/players/full/e3851766.png,https://www.espncricinfo.com/cricketers/ks-rathore-e3851766
2025,KT Maphaka,107c26fb,Rajasthan Royals,2,8,2,0,,400.0,2,0,30,5.0,54,1,30.0,10.8,11,36.67,14,4,9,1,30.77,9,107c26fb,https://a.espncdn.com/i/headshots/cricket/players/full/107c26fb.png,https://www.espncricinfo.com/cricketers/kt-maphaka-107c26fb
2025,KV Sharma,119678fd,Mumbai Indians,6,1,1,0,,100.0,0,0,90,15.0,128,7,12.86,8.53,24,26.67,16,9,7,0,56.25,18,119678fd,https://a.espncdn.com/i/headshots/cricket/players/full/119678fd.png,https://www.espncricinfo.com/cricketers/kv-sharma-119678fd
2025,Karim Janat,62175638,Gujarat Titans,1,0,0,0,,,0,0,6,1.0,30,0,,30.0,0,0.0,15,9,6,0,60.0,18,62175638,https://a.espncdn.com/i/headshots/cricket/players/full/62175638.png,https://www.espncricinfo.com/cricketers/karim-janat-62175638
2025,Kuldeep Yadav,8d2c70ad,Delhi Capitals,15,18,16,3,6.0,112.5,2,0,318,53.0,390,15,21.2,7.36,106,33.33,15,6,6,3,50.0,15,8d2c70ad,https://a.espncdn.com/i/headshots/cricket/players/full/8d2c70ad.png,https://www.espncricinfo.com/cricketers/kuldeep-yadav-8d2c70ad
2025,L Ngidi,f834dcfc,Royal Challengers Bengaluru,2,0,2,0,,0.0,0,0,48,8.0,81,4,12.0,10.12,13,27.08,15,11,4,0,73.33,22,f834dcfc,https://a.espncdn.com/i/headshots/cricket/players/full/f834dcfc.png,https://www.espncricinfo.com/cricketers/l-ngidi-f834dcfc
2025,LH Ferguson,2f9d0389,Punjab Kings,4,4,1,0,,400.0,1,0,68,11.33,104,5,13.6,9.18,25,36.76,18,10,6,2,62.5,22,2f9d0389,https://a.espncdn.com/i/headshots/cricket/players/full/2f9d0389.png,https://www.espncricinfo.com/cricketers/lh-ferguson-2f9d0389
2025,LS Livingstone,50c6bc2b,Royal Challengers Bengaluru,10,112,84,7,16.0,133.33,4,9,54,9.0,76,2,27.0,8.44,10,18.52,15,11,4,0,73.33,22,50c6bc2b,https://a.espncdn.com/i/headshots/cricket/players/full/50c6bc2b.png,https://www.espncricinfo.com/cricketers/ls-livingstone-50c6bc2b
2025,M Jansen,81c36ee9,Punjab Kings,15,75,63,4,18.75,119.05,3,4,283,47.17,434,16,17.69,9.2,105,37.1,18,10,6,2,62.5,22,81c36ee9,https://a.espncdn.com/i/headshots/cricket/players/full/81c36ee9.png,https://www.espncricinfo.com/cricketers/m-jansen-81c36ee9
2025,M Pathirana,64839cb3,Chennai Super Kings,12,0,0,0,,,0,0,251,41.83,424,13,19.31,10.14,76,30.28,14,4,10,0,28.57,8,64839cb3,https://a.espncdn.com/i/headshots/cricket/players/full/64839cb3.png,https://www.espncricinfo.com/cricketers/m-pathirana-64839cb3
2025,M Prasidh Krishna,85e0cf10,Gujarat Titans,15,0,0,0,,,0,0,354,59.0,488,25,14.16,8.27,135,38.14,15,9,6,0,60.0,18,85e0cf10,https://a.espncdn.com/i/headshots/cricket/players/full/85e0cf10.png,https://www.espncricinfo.com/cricketers/m-prasidh-krishna-85e0cf10
2025,M Shahrukh Khan,7dcb9bc9,Gujarat Titans,15,179,100,6,29.83,179.0,11,13,6,1.0,13,1,6.0,13.0,1,16.67,15,9,6,0,60.0,18,7dcb9bc9,https://a.espncdn.com/i/headshots/cricket/players/full/7dcb9bc9.png,https://www.espncricinfo.com/cricketers/m-shahrukh-khan-7dcb9bc9
2025,M Siddharth,cf0ccafa,Lucknow Super Giants,2,0,0,0,,,0,0,42,7.0,67,2,21.0,9.57,11,26.19,14,6,8,0,42.86,12,cf0ccafa,https://a.espncdn.com/i/headshots/cricket/players/full/cf0ccafa.png,https://www.espncricinfo.com/cricketers/m-siddharth-cf0ccafa
2025,M Theekshana,f24c6701,Rajasthan Royals,11,10,27,2,5.0,37.04,0,0,252,42.0,410,11,22.91,9.76,70,27.78,14,4,9,1,30.77,9,f24c6701,https://a.espncdn.com/i/headshots/cricket/players/full/f24c6701.png,https://www.espncricinfo.com/cricketers/m-theekshana-f24c6701
2025,M Tiwari,fb5f69e4,Delhi Capitals,2,3,4,1,3.0,75.0,0,0,6,1.0,14,0,,14.0,0,0.0,15,6,6,3,50.0,15,fb5f69e4,https://a.espncdn.com/i/headshots/cricket/players/full/fb5f69e4.png,https://www.espncricinfo.com/cricketers/m-tiwari-fb5f69e4
2025,MA Agarwal,00ea847a,Royal Challengers Bengaluru,4,95,64,3,31.67,148.44,10,2,0,,0,0,,,0,,15,11,4,0,73.33,22,00ea847a,https://a.espncdn.com/i/headshots/cricket/players/full/00ea847a.png,https://www.espncricinfo.com/cricketers/ma-agarwal-00ea847a
2025,MA Starc,3fb19989,Delhi Capitals,12,6,10,2,3.0,60.0,0,0,233,38.83,400,14,16.64,10.3,84,36.05,15,6,6,3,50.0,15,3fb19989,https://a.espncdn.com/i/headshots/cricket/players/full/3fb19989.png,https://www.espncricinfo.com/cricketers/ma-starc-3fb19989
2025,MJ Owen,f2c936d7,Punjab Kings,1,0,2,1,0.0,0.0,0,0,0,,0,0,,,0,,18,10,6,2,62.5,22,f2c936d7,https://a.espncdn.com/i/headshots/cricket/players/full/f2c936d7.png,https://www.espncricinfo.com/cricketers/mj-owen-f2c936d7
2025,MJ Santner,e4a0deae,Mumbai Indians,13,40,33,2,20.0,121.21,2,3,237,39.5,313,10,23.7,7.92,76,32.07,16,9,7,0,56.25,18,e4a0deae,https://a.espncdn.com/i/headshots/cricket/players/full/e4a0deae.png,https://www.espncricinfo.com/cricketers/mj-santner-e4a0deae
2025,MK Pandey,93b4fc78,Kolkata Knight Riders,3,92,65,2,46.0,141.54,5,5,0,,0,0,,,0,,13,5,7,1,41.67,11,93b4fc78,https://a.espncdn.com/i/headshots/cricket/players/full/93b4fc78.png,https://www.espncricinfo.com/cricketers/mk-pandey-93b4fc78
2025,MM Ali,bb351c23,Kolkata Knight Riders,6,5,14,2,2.5,35.71,0,0,96,16.0,136,6,16.0,8.5,29,30.21,13,5,7,1,41.67,11,bb351c23,https://a.espncdn.com/i/headshots/cricket/players/full/bb351c23.png,https://www.espncricinfo.com/cricketers/mm-ali-bb351c23
2025,MM Sharma,759ac88f,Delhi Capitals,8,1,3,1,1.0,33.33,0,0,150,25.0,257,2,75.0,10.28,31,20.67,15,6,6,3,50.0,15,759ac88f,https://a.espncdn.com/i/headshots/cricket/players/full/759ac88f.png,https://www.espncricinfo.com/cricketers/mm-sharma-759ac88f
2025,MP Breetzke,35f173a0,Lucknow Super Giants,1,14,12,1,14.0,116.67,1,1,0,,0,0,,,0,,14,6,8,0,42.86,12,35f173a0,https://a.espncdn.com/i/headshots/cricket/players/full/35f173a0.png,https://www.espncricinfo.com/cricketers/mp-breetzke-35f173a0
2025,MP Stoinis,d9273ee7,Punjab Kings,14,160,85,6,26.67,188.24,8,15,85,14.17,175,1,85.0,12.35,20,23.53,18,10,6,2,62.5,22,d9273ee7,https://a.espncdn.com/i/headshots/cricket/players/full/d9273ee7.png,https://www.espncricinfo.com/cricketers/mp-stoinis-d9273ee7
2025,MP Yadav,b1ad996b,Lucknow Super Giants,2,0,0,0,,,0,0,48,8.0,100,2,24.0,12.5,18,37.5,14,6,8,0,42.86,12,b1ad996b,https://a.espncdn.com/i/headshots/cricket/players/full/b1ad996b.png,https://www.espncricinfo.com/cricketers/mp-yadav-b1ad996b
2025,MR Marsh,3d8feaf8,Lucknow Super Giants,13,627,381,13,48.23,164.57,56,37,0,,0,0,,,0,,14,6,8,0,42.86,12,3d8feaf8,https://a.espncdn.com/i/headshots/cricket/players/full/3d8feaf8.png,https://www.espncricinfo.com/cricketers/mr-marsh-3d8feaf8
2025,MS Bhandage,e96801ea,Royal Challengers Bengaluru,1,1,4,1,1.0,25.0,0,0,0,,0,0,,,0,,15,11,4,0,73.33,22,e96801ea,https://a.espncdn.com/i/headshots/cricket/players/full/e96801ea.png,https://www.espncricinfo.com/cricketers/ms-bhandage-e96801ea
2025,MS Dhoni,4a8a2e3b,Chennai Super Kings,14,196,145,9,21.78,135.17,12,12,0,,0,0,,,0,,14,4,10,0,28.57,8,4a8a2e3b,https://a.espncdn.com/i/headshots/cricket/players/full/4a8a2e3b.png,https://www.espncricinfo.com/cricketers/ms-dhoni-4a8a2e3b
2025,Mohammed Shami,8cf9814c,Sunrisers Hyderabad,9,10,10,1,10.0,100.0,1,0,180,30.0,337,6,30.0,11.23,55,30.56,14,6,7,1,46.15,13,8cf9814c,https://a.espncdn.com/i/headshots/cricket/players/full/8cf9814c.png,https://www.espncricinfo.com/cricketers/mohammed-shami-8cf9814c
2025,Mohammed Siraj,2f49c897,Gujarat Titans,15,3,4,0,,75.0,0,0,342,57.0,527,16,21.38,9.25,141,41.23,15,9,6,0,60.0,18,2f49c897,https://a.espncdn.com/i/headshots/cricket/players/full/2f49c897.png,https://www.espncricinfo.com/cricketers/mohammed-siraj-2f49c897
2025,Mujeeb Ur Rahman,7d92277a,Mumbai Indians,1,0,0,0,,,0,0,12,2.0,28,1,12.0,14.0,4,33.33,16,9,7,0,56.25,18,7d92277a,https://a.espncdn.com/i/headshots/cricket/players/full/7d92277a.png,https://www.espncricinfo.com/cricketers/mujeeb-ur-rahman-7d92277a
2025,Mukesh Choudhary,765a4731,Chennai Super Kings,2,0,0,0,,,0,0,36,6.0,71,1,36.0,11.83,11,30.56,14,4,10,0,28.57,8,765a4731,https://a.espncdn.com/i/headshots/cricket/players/full/765a4731.png,https://www.espncricinfo.com/cricketers/mukesh-choudhary-765a4731
2025,Mukesh Kumar,2cffab74,Delhi Capitals,12,0,0,0,,,0,0,237,39.5,408,12,19.75,10.33,79,33.33,15,6,6,3,50.0,15,2cffab74,https://a.espncdn.com/i/headshots/cricket/players/full/2cffab74.png,https://www.espncricinfo.com/cricketers/mukesh-kumar-2cffab74
2025,Musheer Khan,d621b427,Punjab Kings,1,0,3,1,0.0,0.0,0,0,12,2.0,27,1,12.0,13.5,1,8.33,18,10,6,2,62.5,22,d621b427,https://a.espncdn.com/i/headshots/cricket/players/full/d621b427.png,https://www.espncricinfo.com/cricketers/musheer-khan-d621b427
2025,Mustafizur Rahman,0a8fce53,Delhi Capitals,3,0,1,1,0.0,0.0,0,0,66,11.0,87,4,16.5,7.91,23,34.85,15,6,6,3,50.0,15,0a8fce53,https://a.espncdn.com/i/headshots/cricket/players/full/0a8fce53.png,https://www.espncricinfo.com/cricketers/mustafizur-rahman-0a8fce53
2025,N Pooran,3241e3fd,Lucknow Super Giants,14,524,265,11,47.64,197.74,45,40,0,,0,0,,,0,,14,6,8,0,42.86,12,3241e3fd,https://a.espncdn.com/i/headshots/cricket/players/full/3241e3fd.png,https://www.espncricinfo.com/cricketers/n-pooran-3241e3fd
2025,N Rana,fb2d1dda,Rajasthan Royals,11,217,134,10,21.7,161.94,27,9,12,2.0,18,0,,9.0,0,0.0,14,4,9,1,30.77,9,fb2d1dda,https://a.espncdn.com/i/headshots/cricket/players/full/fb2d1dda.png,https://www.espncricinfo.com/cricketers/n-rana-fb2d1dda
2025,N Thushara,ee1b6c27,Royal Challengers Bengaluru,1,0,0,0,,,0,0,24,4.0,26,1,24.0,6.5,9,37.5,15,11,4,0,73.33,22,ee1b6c27,https://a.espncdn.com/i/headshots/cricket/players/full/ee1b6c27.png,https://www.espncricinfo.com/cricketers/n-thushara-ee1b6c27
2025,N Wadhera,d1a60072,Punjab Kings,17,369,251,11,33.55,147.01,28,21,5,0.83,9,0,,10.8,1,20.0,18,10,6,2,62.5,22,d1a60072,https://a.espncdn.com/i/headshots/cricket/players/full/d1a60072.png,https://www.espncricinfo.com/cricketers/n-wadhera-d1a60072
2025,NT Ellis,9eb1455b,Chennai Super Kings,1,0,0,0,,,0,0,24,4.0,38,1,24.0,9.5,5,20.83,14,4,10,0,28.57,8,9eb1455b,https://a.espncdn.com/i/headshots/cricket/players/full/9eb1455b.png,https://www.espncricinfo.com/cricketers/nt-ellis-9eb1455b
2025,Naman Dhir,fffa744b,Mumbai Indians,16,252,138,8,31.5,182.61,25,13,24,4.0,21,0,,5.25,8,33.33,16,9,7,0,56.25,18,fffa744b,https://a.espncdn.com/i/headshots/cricket/players/full/fffa744b.png,https://www.espncricinfo.com/cricketers/naman-dhir-fffa744b
2025,Nithish Kumar Reddy,aad0c365,Sunrisers Hyderabad,13,182,152,9,20.22,119.74,16,4,30,5.0,47,2,15.0,9.4,9,30.0,14,6,7,1,46.15,13,aad0c365,https://a.espncdn.com/i/headshots/cricket/players/full/aad0c365.png,https://www.espncricinfo.com/cricketers/nithish-kumar-reddy-aad0c365
2025,Noor Ahmad,efc04be7,Chennai Super Kings,14,7,17,4,1.75,41.18,0,0,300,50.0,408,24,12.5,8.16,102,34.0,14,4,10,0,28.57,8,efc04be7,https://a.espncdn.com/i/headshots/cricket/players/full/efc04be7.png,https://www.espncricinfo.com/cricketers/noor-ahmad-efc04be7
2025,P Dubey,ed5a5510,Punjab Kings,1,0,0,0,,,0,0,12,2.0,20,1,12.0,10.0,3,25.0,18,10,6,2,62.5,22,ed5a5510,https://a.espncdn.com/i/headshots/cricket/players/full/ed5a5510.png,https://www.espncricinfo.com/cricketers/p-dubey-ed5a5510
2025,P Simran Singh,9418198b,Punjab Kings,18,599,368,17,35.24,162.77,63,30,0,,0,0,,,0,,18,10,6,2,62.5,22,9418198b,https://a.espncdn.com/i/headshots/cricket/players/full/9418198b.png,https://www.espncricinfo.com/cricketers/p-simran-singh-9418198b
2025,PD Salt,3d284ca3,Royal Challengers Bengaluru,13,403,227,12,33.58,177.53,48,22,0,,0,0,,,0,,15,11,4,0,73.33,22,3d284ca3,https://a.espncdn.com/i/headshots/cricket/players/full/3d284ca3.png,https://www.espncricinfo.com/cricketers/pd-salt-3d284ca3
2025,PHKD Mendis,08548b13,Sunrisers Hyderabad,5,92,68,4,23.0,135.29,7,2,42,7.0,60,2,21.0,8.57,11,26.19,14,6,7,1,46.15,13,08548b13,https://a.espncdn.com/i/headshots/cricket/players/full/08548b13.png,https://www.espncricinfo.com/cricketers/phkd-mendis-08548b13
2025,PJ Cummins,ded9240e,Sunrisers Hyderabad,14,97,58,4,24.25,167.24,6,7,298,49.67,450,16,18.62,9.06,111,37.25,14,6,7,1,46.15,13,ded9240e,https://a.espncdn.com/i/headshots/cricket/players/full/ded9240e.png,https://www.espncricinfo.com/cricketers/pj-cummins-ded9240e
2025,PVD Chameera,327b58d3,Delhi Capitals,7,10,14,0,,71.43,0,0,102,17.0,198,4,25.5,11.65,24,23.53,15,6,6,3,50.0,15,327b58d3,https://a.espncdn.com/i/headshots/cricket/players/full/327b58d3.png,https://www.espncricinfo.com/cricketers/pvd-chameera-327b58d3
2025,PVSN Raju,c27b5a0e,Mumbai Indians,2,1,1,0,,100.0,0,0,24,4.0,53,1,24.0,13.25,3,12.5,16,9,7,0,56.25,18,c27b5a0e,https://a.espncdn.com/i/headshots/cricket/players/full/c27b5a0e.png,https://www.espncricinfo.com/cricketers/pvsn-raju-c27b5a0e
2025,PWA Mulder,c96f6ac5,Sunrisers Hyderabad,1,9,11,1,9.0,81.82,1,0,6,1.0,16,0,,16.0,1,16.67,14,6,7,1,46.15,13,c96f6ac5,https://a.espncdn.com/i/headshots/cricket/players/full/c96f6ac5.png,https://www.espncricinfo.com/cricketers/pwa-mulder-c96f6ac5
2025,PWH de Silva,a97c8ec2,Rajasthan Royals,11,9,15,5,1.8,60.0,0,0,246,41.0,371,11,22.36,9.05,62,25.2,14,4,9,1,30.77,9,a97c8ec2,https://a.espncdn.com/i/headshots/cricket/players/full/a97c8ec2.png,https://www.espncricinfo.com/cricketers/pwh-de-silva-a97c8ec2
2025,Prince Yadav,80b2fb19,Lucknow Super Giants,6,5,10,0,,50.0,0,0,137,22.83,225,3,45.67,9.85,42,30.66,14,6,8,0,42.86,12,80b2fb19,https://a.espncdn.com/i/headshots/cricket/players/full/80b2fb19.png,https://www.espncricinfo.com/cricketers/prince-yadav-80b2fb19
2025,Priyansh Arya,b5797845,Punjab Kings,18,545,298,18,30.28,182.89,60,31,0,,0,0,,,0,,18,10,6,2,62.5,22,b5797845,https://a.espncdn.com/i/headshots/cricket/players/full/b5797845.png,https://www.espncricinfo.com/cricketers/priyansh-arya-b5797845
2025,Q de Kock,372455c4,Kolkata Knight Riders,8,152,116,7,21.71,131.03,9,11,0,,0,0,,,0,,13,5,7,1,41.67,11,372455c4,https://a.espncdn.com/i/headshots/cricket/players/full/372455c4.png,https://www.espncricinfo.com/cricketers/q-de-kock-372455c4
2025,R Ashwin,495d42a5,Chennai Super Kings,9,33,29,4,8.25,113.79,3,1,186,31.0,283,7,26.57,9.13,54,29.03,14,4,10,0,28.57,8,495d42a5,https://a.espncdn.com/i/headshots/cricket/players/full/495d42a5.png,https://www.espncricinfo.com/cricketers/r-ashwin-495d42a5
2025,R Minz,bafd0398,Mumbai Indians,2,6,15,2,3.0,40.0,0,0,0,,0,0,,,0,,16,9,7,0,56.25,18,bafd0398,https://a.espncdn.com/i/headshots/cricket/players/full/bafd0398.png,https://www.espncricinfo.com/cricketers/r-minz-bafd0398
2025,R Parag,04a418e8,Rajasthan Royals,14,397,236,13,30.54,168.22,28,27,120,20.0,170,3,40.0,8.5,29,24.17,14,4,9,1,30.77,9,04a418e8,https://a.espncdn.com/i/headshots/cricket/players/full/04a418e8.png,https://www.espncricinfo.com/cricketers/r-parag-04a418e8
2025,R Powell,650d5e49,Kolkata Knight Riders,2,5,5,1,5.0,100.0,1,0,0,,0,0,,,0,,13,5,7,1,41.67,11,650d5e49,https://a.espncdn.com/i/headshots/cricket/players/full/650d5e49.png,https://www.espncricinfo.com/cricketers/r-powell-650d5e49
2025,R Ravindra,ba5e1069,Chennai Super Kings,8,191,147,7,27.29,129.93,18,4,0,,0,0,,,0,,14,4,10,0,28.57,8,ba5e1069,https://a.espncdn.com/i/headshots/cricket/players/full/ba5e1069.png,https://www.espncricinfo.com/cricketers/r-ravindra-ba5e1069
2025,R Sai Kishore,c7a995d3,Gujarat Titans,15,5,10,2,2.5,50.0,0,0,255,42.5,393,19,13.42,9.25,74,29.02,15,9,6,0,60.0,18,c7a995d3,https://a.espncdn.com/i/headshots/cricket/players/full/c7a995d3.png,https://www.espncricinfo.com/cricketers/r-sai-kishore-c7a995d3
2025,R Shepherd,c5aef772,Royal Challengers Bengaluru,8,70,23,2,35.0,304.35,5,7,84,14.0,151,6,14.0,10.79,25,29.76,15,11,4,0,73.33,22,c5aef772,https://a.espncdn.com/i/headshots/cricket/players/full/c5aef772.png,https://www.espncricinfo.com/cricketers/r-shepherd-c5aef772
2025,R Tewatia,39a2dfa8,Gujarat Titans,15,99,59,6,16.5,167.8,6,7,0,,0,0,,,0,,15,9,6,0,60.0,18,39a2dfa8,https://a.espncdn.com/i/headshots/cricket/players/full/39a2dfa8.png,https://www.espncricinfo.com/cricketers/r-tewatia-39a2dfa8
2025,RA Bawa,ba6b2f91,Mumbai Indians,3,8,4,0,,200.0,0,0,0,,0,0,,,0,,16,9,7,0,56.25,18,ba6b2f91,https://a.espncdn.com/i/headshots/cricket/players/full/ba6b2f91.png,https://www.espncricinfo.com/cricketers/ra-bawa-ba6b2f91
2025,RA Jadeja,fe93fd9d,Chennai Super Kings,14,301,222,9,33.44,135.59,25,10,227,37.83,324,10,22.7,8.56,76,33.48,14,4,10,0,28.57,8,fe93fd9d,https://a.espncdn.com/i/headshots/cricket/players/full/fe93fd9d.png,https://www.espncricinfo.com/cricketers/ra-jadeja-fe93fd9d
2025,RA Tripathi,77255a9e,Chennai Super Kings,5,55,57,5,11.0,96.49,6,1,0,,0,0,,,0,,14,4,10,0,28.57,8,77255a9e,https://a.espncdn.com/i/headshots/cricket/players/full/77255a9e.png,https://www.espncricinfo.com/cricketers/ra-tripathi-77255a9e
2025,RD Chahar,2ed569a0,Sunrisers Hyderabad,1,0,0,0,,,0,0,6,1.0,9,0,,9.0,2,33.33,14,6,7,1,46.15,13,2ed569a0,https://a.espncdn.com/i/headshots/cricket/players/full/2ed569a0.png,https://www.espncricinfo.com/cricketers/rd-chahar-2ed569a0
2025,RD Gaikwad,45a43fe2,Chennai Super Kings,5,122,81,5,24.4,150.62,14,4,0,,0,0,,,0,,14,4,10,0,28.57,8,45a43fe2,https://a.espncdn.com/i/headshots/cricket/players/full/45a43fe2.png,https://www.espncricinfo.com/cricketers/rd-gaikwad-45a43fe2
2025,RD Rickelton,e66732f8,Mumbai Indians,14,388,255,13,29.85,152.16,47,17,0,,0,0,,,0,,16,9,7,0,56.25,18,e66732f8,https://a.espncdn.com/i/headshots/cricket/players/full/e66732f8.png,https://www.espncricinfo.com/cricketers/rd-rickelton-e66732f8
2025,RG Sharma,740742ef,Mumbai Indians,15,418,279,14,29.86,149.82,41,22,0,,0,0,,,0,,16,9,7,0,56.25,18,740742ef,https://a.espncdn.com/i/headshots/cricket/players/full/740742ef.png,https://www.espncricinfo.com/cricketers/rg-sharma-740742ef
2025,RJ Gleeson,402f8494,Mumbai Indians,1,0,0,0,,,0,0,21,3.5,39,1,21.0,11.14,5,23.81,16,9,7,0,56.25,18,402f8494,https://a.espncdn.com/i/headshots/cricket/players/full/402f8494.png,https://www.espncricinfo.com/cricketers/rj-gleeson-402f8494
2025,RJW Topley,8db7f47f,Mumbai Indians,1,0,0,0,,,0,0,18,3.0,40,0,,13.33,6,33.33,16,9,7,0,56.25,18,8db7f47f,https://a.espncdn.com/i/headshots/cricket/players/full/8db7f47f.png,https://www.espncricinfo.com/cricketers/rjw-topley-8db7f47f
2025,RK Singh,0a509d6b,Kolkata Knight Riders,13,206,133,7,29.43,154.89,20,10,0,,0,0,,,0,,13,5,7,1,41.67,11,0a509d6b,https://a.espncdn.com/i/headshots/cricket/players/full/0a509d6b.png,https://www.espncricinfo.com/cricketers/rk-singh-0a509d6b
2025,RM Patidar,c740ea83,Royal Challengers Bengaluru,15,312,217,12,26.0,143.78,25,14,0,,0,0,,,0,,15,11,4,0,73.33,22,c740ea83,https://a.espncdn.com/i/headshots/cricket/players/full/c740ea83.png,https://www.espncricinfo.com/cricketers/rm-patidar-c740ea83
2025,RR Pant,919a3be2,Lucknow Super Giants,14,269,202,11,24.45,133.17,23,16,0,,0,0,,,0,,14,6,8,0,42.86,12,919a3be2,https://a.espncdn.com/i/headshots/cricket/players/full/919a3be2.png,https://www.espncricinfo.com/cricketers/rr-pant-919a3be2
2025,Rahmanullah Gurbaz,0bacade8,Kolkata Knight Riders,5,74,53,4,18.5,139.62,10,3,0,,0,0,,,0,,13,5,7,1,41.67,11,0bacade8,https://a.espncdn.com/i/headshots/cricket/players/full/0bacade8.png,https://www.espncricinfo.com/cricketers/rahmanullah-gurbaz-0bacade8
2025,Ramandeep Singh,be24ead0,Kolkata Knight Riders,11,47,35,5,9.4,134.29,1,4,0,,0,0,,,0,,13,5,7,1,41.67,11,be24ead0,https://a.espncdn.com/i/headshots/cricket/players/full/be24ead0.png,https://www.espncricinfo.com/cricketers/ramandeep-singh-be24ead0
2025,Rashid Khan,5f547c8b,Gujarat Titans,15,40,28,5,8.0,142.86,2,3,330,55.0,514,9,36.67,9.35,88,26.67,15,9,6,0,60.0,18,5f547c8b,https://a.espncdn.com/i/headshots/cricket/players/full/5f547c8b.png,https://www.espncricinfo.com/cricketers/rashid-khan-5f547c8b
2025,Rasikh Salam,b8527c3d,Royal Challengers Bengaluru,2,0,0,0,,,0,0,36,6.0,70,1,36.0,11.67,13,36.11,15,11,4,0,73.33,22,b8527c3d,https://a.espncdn.com/i/headshots/cricket/players/full/b8527c3d.png,https://www.espncricinfo.com/cricketers/rasikh-salam-b8527c3d
2025,Ravi Bishnoi,df064e1a,Lucknow Super Giants,11,13,16,2,6.5,81.25,0,2,222,37.0,401,9,24.67,10.84,67,30.18,14,6,8,0,42.86,12,df064e1a,https://a.espncdn.com/i/headshots/cricket/players/full/df064e1a.png,https://www.espncricinfo.com/cricketers/ravi-bishnoi-df064e1a
2025,S Dube,a4e37e47,Chennai Super Kings,14,357,268,11,32.45,133.21,22,21,12,2.0,33,0,,16.5,1,8.33,14,4,10,0,28.57,8,a4e37e47,https://a.espncdn.com/i/headshots/cricket/players/full/a4e37e47.png,https://www.espncricinfo.com/cricketers/s-dube-a4e37e47
2025,SA Yadav,271f83cd,Mumbai Indians,16,717,427,11,65.18,167.92,69,38,0,,0,0,,,0,,16,9,7,0,56.25,18,271f83cd,https://a.espncdn.com/i/headshots/cricket/players/full/271f83cd.png,https://www.espncricinfo.com/cricketers/sa-yadav-271f83cd
2025,SB Dubey,6b2ff18f,Rajasthan Royals,9,106,65,5,21.2,163.08,6,8,0,,0,0,,,0,,14,4,9,1,30.77,9,6b2ff18f,https://a.espncdn.com/i/headshots/cricket/players/full/6b2ff18f.png,https://www.espncricinfo.com/cricketers/sb-dubey-6b2ff18f
2025,SE Rutherford,d014d5ac,Gujarat Titans,13,291,184,11,26.45,158.15,22,18,0,,0,0,,,0,,15,9,6,0,60.0,18,d014d5ac,https://a.espncdn.com/i/headshots/cricket/players/full/d014d5ac.png,https://www.espncricinfo.com/cricketers/se-rutherford-d014d5ac
2025,SH Johnson,83c3e8e3,Kolkata Knight Riders,4,2,4,0,,50.0,0,0,68,11.33,133,1,68.0,11.74,25,36.76,13,5,7,1,41.67,11,83c3e8e3,https://a.espncdn.com/i/headshots/cricket/players/full/83c3e8e3.png,https://www.espncricinfo.com/cricketers/sh-johnson-83c3e8e3
2025,SK Rasheed,cbf58a86,Chennai Super Kings,5,71,63,5,14.2,112.7,9,2,0,,0,0,,,0,,14,4,10,0,28.57,8,cbf58a86,https://a.espncdn.com/i/headshots/cricket/players/full/cbf58a86.png,https://www.espncricinfo.com/cricketers/sk-rasheed-cbf58a86
2025,SM Curran,e94915e6,Chennai Super Kings,5,114,82,5,22.8,139.02,11,4,72,12.0,133,1,72.0,11.08,16,22.22,14,4,10,0,28.57,8,e94915e6,https://a.espncdn.com/i/headshots/cricket/players/full/e94915e6.png,https://www.espncricinfo.com/cricketers/sm-curran-e94915e6
2025,SN Thakur,1abb78f8,Lucknow Super Giants,10,18,12,3,6.0,150.0,3,0,204,34.0,375,13,15.69,11.03,60,29.41,14,6,8,0,42.86,12,1abb78f8,https://a.espncdn.com/i/headshots/cricket/players/full/1abb78f8.png,https://www.espncricinfo.com/cricketers/sn-thakur-1abb78f8
2025,SO Hetmyer,48a1d7b7,Rajasthan Royals,14,245,168,13,18.85,145.83,18,11,0,,0,0,,,0,,14,4,9,1,30.77,9,48a1d7b7,https://a.espncdn.com/i/headshots/cricket/players/full/48a1d7b7.png,https://www.espncricinfo.com/cricketers/so-hetmyer-48a1d7b7
2025,SP Narine,9d430b40,Kolkata Knight Riders,12,246,144,11,22.36,170.83,25,19,270,45.0,351,12,22.5,7.8,84,31.11,13,5,7,1,41.67,11,9d430b40,https://a.espncdn.com/i/headshots/cricket/players/full/9d430b40.png,https://www.espncricinfo.com/cricketers/sp-narine-9d430b40
2025,SS Iyer,85ec8e33,Punjab Kings,18,604,343,12,50.33,176.09,43,39,0,,0,0,,,0,,18,10,6,2,62.5,22,85ec8e33,https://a.espncdn.com/i/headshots/cricket/players/full/85ec8e33.png,https://www.espncricinfo.com/cricketers/ss-iyer-85ec8e33
2025,SV Samson,a4cc73aa,Rajasthan Royals,9,285,201,9,31.67,141.79,27,13,0,,0,0,,,0,,14,4,9,1,30.77,9,a4cc73aa,https://a.espncdn.com/i/headshots/cricket/players/full/a4cc73aa.png,https://www.espncricinfo.com/cricketers/sv-samson-a4cc73aa
2025,Sachin Baby,dc9dd038,Sunrisers Hyderabad,1,0,0,0,,,0,0,0,,0,0,,,0,,14,6,7,1,46.15,13,dc9dd038,https://a.espncdn.com/i/headshots/cricket/players/full/dc9dd038.png,https://www.espncricinfo.com/cricketers/sachin-baby-dc9dd038
2025,Sameer Rizvi,f89d3b11,Delhi Capitals,6,121,79,3,40.33,153.16,11,7,0,,0,0,,,0,,15,6,6,3,50.0,15,f89d3b11,https://a.espncdn.com/i/headshots/cricket/players/full/f89d3b11.png,https://www.espncricinfo.com/cricketers/sameer-rizvi-f89d3b11
2025,Sandeep Sharma,ce820073,Rajasthan Royals,10,6,5,0,,120.0,0,0,223,37.17,374,9,24.78,10.06,52,23.32,14,4,9,1,30.77,9,ce820073,https://a.espncdn.com/i/headshots/cricket/players/full/ce820073.png,https://www.espncricinfo.com/cricketers/sandeep-sharma-ce820073
2025,Sediqullah Atal,3c28853f,Delhi Capitals,1,22,16,1,22.0,137.5,0,2,0,,0,0,,,0,,15,6,6,3,50.0,15,3c28853f,https://a.espncdn.com/i/headshots/cricket/players/full/3c28853f.png,https://www.espncricinfo.com/cricketers/sediqullah-atal-3c28853f
2025,Shahbaz Ahmed,f9e6e7ef,Lucknow Super Giants,3,9,8,1,9.0,112.5,1,0,51,8.5,102,1,51.0,12.0,10,19.61,14,6,8,0,42.86,12,f9e6e7ef,https://a.espncdn.com/i/headshots/cricket/players/full/f9e6e7ef.png,https://www.espncricinfo.com/cricketers/shahbaz-ahmed-f9e6e7ef
2025,Shashank Singh,26989d80,Punjab Kings,18,350,228,7,50.0,153.51,23,18,12,2.0,27,0,,13.5,3,25.0,18,10,6,2,62.5,22,26989d80,https://a.espncdn.com/i/headshots/cricket/players/full/26989d80.png,https://www.espncricinfo.com/cricketers/shashank-singh-26989d80
2025,Shubman Gill,b4b99816,Gujarat Titans,15,650,414,12,54.17,157.0,62,24,0,,0,0,,,0,,15,9,6,0,60.0,18,b4b99816,https://a.espncdn.com/i/headshots/cricket/players/full/b4b99816.png,https://www.espncricinfo.com/cricketers/shubman-gill-b4b99816
2025,Simarjeet Singh,30df8c66,Sunrisers Hyderabad,4,3,7,2,1.5,42.86,0,0,60,10.0,141,2,30.0,14.1,20,33.33,14,6,7,1,46.15,13,30df8c66,https://a.espncdn.com/i/headshots/cricket/players/full/30df8c66.png,https://www.espncricinfo.com/cricketers/simarjeet-singh-30df8c66
2025,Suryansh Shedge,970ddd24,Punjab Kings,5,7,11,3,2.33,63.64,0,0,18,3.0,40,0,,13.33,1,5.56,18,10,6,2,62.5,22,970ddd24,https://a.espncdn.com/i/headshots/cricket/players/full/970ddd24.png,https://www.espncricinfo.com/cricketers/suryansh-shedge-970ddd24
2025,Suyash Sharma,9440ef41,Royal Challengers Bengaluru,14,0,0,0,,,0,0,300,50.0,442,8,37.5,8.84,93,31.0,15,11,4,0,73.33,22,9440ef41,https://a.espncdn.com/i/headshots/cricket/players/full/9440ef41.png,https://www.espncricinfo.com/cricketers/suyash-sharma-9440ef41
2025,T Natarajan,ce794613,Delhi Capitals,3,0,0,0,,,0,0,25,4.17,53,1,25.0,12.72,5,20.0,15,6,6,3,50.0,15,ce794613,https://a.espncdn.com/i/headshots/cricket/players/full/ce794613.png,https://www.espncricinfo.com/cricketers/t-natarajan-ce794613
2025,T Stubbs,85b3fab2,Delhi Capitals,15,306,200,8,38.25,153.0,25,12,12,2.0,40,0,,20.0,3,25.0,15,6,6,3,50.0,15,85b3fab2,https://a.espncdn.com/i/headshots/cricket/players/full/85b3fab2.png,https://www.espncricinfo.com/cricketers/t-stubbs-85b3fab2
2025,TA Boult,a818c1be,Mumbai Indians,16,2,3,1,2.0,66.67,0,0,346,57.67,517,22,15.73,8.97,124,35.84,16,9,7,0,56.25,18,a818c1be,https://a.espncdn.com/i/headshots/cricket/players/full/a818c1be.png,https://www.espncricinfo.com/cricketers/ta-boult-a818c1be
2025,TH David,f1f99156,Royal Challengers Bengaluru,12,187,99,3,62.33,188.89,16,14,0,,0,0,,,0,,15,11,4,0,73.33,22,f1f99156,https://a.espncdn.com/i/headshots/cricket/players/full/f1f99156.png,https://www.espncricinfo.com/cricketers/th-david-f1f99156
2025,TM Head,12b610c2,Sunrisers Hyderabad,13,374,226,13,28.77,165.49,50,15,0,,0,0,,,0,,14,6,7,1,46.15,13,12b610c2,https://a.espncdn.com/i/headshots/cricket/players/full/12b610c2.png,https://www.espncricinfo.com/cricketers/tm-head-12b610c2
2025,TU Deshpande,46a9bea1,Rajasthan Royals,10,7,8,1,7.0,87.5,0,0,192,32.0,340,9,21.33,10.62,57,29.69,14,4,9,1,30.77,9,46a9bea1,https://a.espncdn.com/i/headshots/cricket/players/full/46a9bea1.png,https://www.espncricinfo.com/cricketers/tu-deshpande-46a9bea1
2025,Tilak Varma,b0482a1d,Mumbai Indians,16,343,245,10,34.3,140.0,23,16,0,,0,0,,,0,,16,9,7,0,56.25,18,b0482a1d,https://a.espncdn.com/i/headshots/cricket/players/full/b0482a1d.png,https://www.espncricinfo.com/cricketers/tilak-varma-b0482a1d
2025,Urvil Patel,cf59b3f0,Chennai Super Kings,3,68,32,3,22.67,212.5,5,6,0,,0,0,,,0,,14,4,10,0,28.57,8,cf59b3f0,https://a.espncdn.com/i/headshots/cricket/players/full/cf59b3f0.png,https://www.espncricinfo.com/cricketers/urvil-patel-cf59b3f0
2025,V Kohli,ba607b88,Royal Challengers Bengaluru,15,657,454,13,50.54,144.71,66,19,0,,0,0,,,0,,15,11,4,0,73.33,22,ba607b88,https://a.espncdn.com/i/headshots/cricket/players/full/ba607b88.png,https://www.espncricinfo.com/cricketers/v-kohli-ba607b88
2025,V Nigam,5ffc0565,Delhi Capitals,14,142,78,5,28.4,182.05,16,8,234,39.0,356,11,21.27,9.13,72,30.77,15,6,6,3,50.0,15,5ffc0565,https://a.espncdn.com/i/headshots/cricket/players/full/5ffc0565.png,https://www.espncricinfo.com/cricketers/v-nigam-5ffc0565
2025,V Puthur,1e030637,Mumbai Indians,5,0,0,0,,,0,0,72,12.0,109,6,12.0,9.08,24,33.33,16,9,7,0,56.25,18,1e030637,https://a.espncdn.com/i/headshots/cricket/players/full/1e030637.png,https://www.espncricinfo.com/cricketers/v-puthur-1e030637
2025,V Shankar,0994d0ae,Chennai Super Kings,6,118,90,3,39.33,131.11,8,3,0,,0,0,,,0,,14,4,10,0,28.57,8,0994d0ae,https://a.espncdn.com/i/headshots/cricket/players/full/0994d0ae.png,https://www.espncricinfo.com/cricketers/v-shankar-0994d0ae
2025,V Suryavanshi,470f446b,Rajasthan Royals,7,252,121,7,36.0,208.26,18,24,0,,0,0,,,0,,14,4,9,1,30.77,9,470f446b,https://a.espncdn.com/i/headshots/cricket/players/full/470f446b.png,https://www.espncricinfo.com/cricketers/v-suryavanshi-470f446b
2025,VG Arora,7c3b3b78,Kolkata Knight Riders,12,0,8,2,0.0,0.0,0,0,255,42.5,430,17,15.0,10.12,93,36.47,13,5,7,1,41.67,11,7c3b3b78,https://a.espncdn.com/i/headshots/cricket/players/full/7c3b3b78.png,https://www.espncricinfo.com/cricketers/vg-arora-7c3b3b78
2025,VR Iyer,a24be938,Kolkata Knight Riders,11,142,102,7,20.29,139.22,15,4,0,,0,0,,,0,,13,5,7,1,41.67,11,a24be938,https://a.espncdn.com/i/headshots/cricket/players/full/a24be938.png,https://www.espncricinfo.com/cricketers/vr-iyer-a24be938
2025,Vijaykumar Vyshak,54e52590,Punjab Kings,5,0,0,0,,,0,0,102,17.0,181,4,25.5,10.65,31,30.39,18,10,6,2,62.5,22,54e52590,https://a.espncdn.com/i/headshots/cricket/players/full/54e52590.png,https://www.espncricinfo.com/cricketers/vijaykumar-vyshak-54e52590
2025,W O'Rourke,cb9b8664,Lucknow Super Giants,3,0,0,0,,,0,0,62,10.33,132,6,10.33,12.77,15,24.19,14,6,8,0,42.86,12,cb9b8664,https://a.espncdn.com/i/headshots/cricket/players/full/cb9b8664.png,https://www.espncricinfo.com/cricketers/w-o-rourke-cb9b8664
2025,WG Jacks,9caf69a1,Mumbai Indians,13,233,172,10,23.3,135.47,22,11,84,14.0,120,6,14.0,8.57,31,36.9,16,9,7,0,56.25,18,9caf69a1,https://a.espncdn.com/i/headshots/cricket/players/full/9caf69a1.png,https://www.espncricinfo.com/cricketers/wg-jacks-9caf69a1
2025,Washington Sundar,f19ccfad,Gujarat Titans,6,133,80,5,26.6,166.25,10,7,65,10.83,111,2,32.5,10.25,15,23.08,15,9,6,0,60.0,18,f19ccfad,https://a.espncdn.com/i/headshots/cricket/players/full/f19ccfad.png,https://www.espncricinfo.com/cricketers/washington-sundar-f19ccfad
2025,XC Bartlett,3b53243a,Punjab Kings,4,11,15,1,11.0,73.33,1,0,60,10.0,96,2,30.0,9.6,28,46.67,18,10,6,2,62.5,22,3b53243a,https://a.espncdn.com/i/headshots/cricket/players/full/3b53243a.png,https://www.espncricinfo.com/cricketers/xc-bartlett-3b53243a
2025,YBK Jaiswal,6c19c6e5,Rajasthan Royals,14,559,350,13,43.0,159.71,60,28,0,,0,0,,,0,,14,4,9,1,30.77,9,6c19c6e5,https://a.espncdn.com/i/headshots/cricket/players/full/6c19c6e5.png,https://www.espncricinfo.com/cricketers/ybk-jaiswal-6c19c6e5
2025,YS Chahal,57ee1fde,Punjab Kings,15,0,0,0,,,0,0,270,45.0,430,16,16.88,9.56,72,26.67,18,10,6,2,62.5,22,57ee1fde,https://a.espncdn.com/i/headshots/cricket/players/full/57ee1fde.png,https://www.espncricinfo.com/cricketers/ys-chahal-57ee1fde
2025,Yash Dayal,7210d461,Royal Challengers Bengaluru,15,4,8,2,2.0,50.0,0,0,294,49.0,470,13,22.62,9.59,91,30.95,15,11,4,0,73.33,22,7210d461,https://a.espncdn.com/i/headshots/cricket/players/full/7210d461.png,https://www.espncricinfo.com/cricketers/yash-dayal-7210d461
2025,Yash Thakur,4b31f3a3,Punjab Kings,2,0,0,0,,,0,0,39,6.5,79,1,39.0,12.15,10,25.64,18,10,6,2,62.5,22,4b31f3a3,https://a.espncdn.com/i/headshots/cricket/players/full/4b31f3a3.png,https://www.espncricinfo.com/cricketers/yash-thakur-4b31f3a3
2025,Yudhvir Singh,4885bbe6,Rajasthan Royals,4,0,0,0,,,0,0,66,11.0,131,4,16.5,11.91,26,39.39,14,4,9,1,30.77,9,4885bbe6,https://a.espncdn.com/i/headshots/cricket/players/full/4885bbe6.png,https://www.espncricinfo.com/cricketers/yudhvir-singh-4885bbe6
2025,Zeeshan Ansari,36619795,Sunrisers Hyderabad,10,0,0,0,,,0,0,203,33.83,333,6,33.83,9.84,47,23.15,14,6,7,1,46.15,13,36619795,https://a.espncdn.com/i/headshots/cricket/players/full/36619795.png,https://www.espncricinfo.com/cricketers/zeeshan-ansari-36619795
2026,A Badoni,872b03f7,Lucknow Super Giants,10,215,141,10,21.5,152.48,23,9,6,1.0,14,0,,14.0,0,0.0,14,4,9,1,30.77,9,872b03f7,https://a.espncdn.com/i/headshots/cricket/players/full/872b03f7.png,https://www.espncricinfo.com/cricketers/a-badoni-872b03f7
2026,A Kamboj,fcc21ace,Chennai Super Kings,14,58,36,1,58.0,161.11,3,4,302,50.33,530,21,14.38,10.53,112,37.09,14,6,8,0,42.86,12,fcc21ace,https://a.espncdn.com/i/headshots/cricket/players/full/fcc21ace.png,https://www.espncricinfo.com/cricketers/a-kamboj-fcc21ace
2026,A Mhatre,b2b4f545,Chennai Super Kings,6,201,112,5,40.2,179.46,20,12,0,,0,0,,,0,,14,6,8,0,42.86,12,b2b4f545,https://a.espncdn.com/i/headshots/cricket/players/full/b2b4f545.png,https://www.espncricinfo.com/cricketers/a-mhatre-b2b4f545
2026,A Nortje,acdc62f5,Lucknow Super Giants,1,0,1,1,0.0,0.0,0,0,24,4.0,39,0,,9.75,7,29.17,14,4,9,1,30.77,9,acdc62f5,https://a.espncdn.com/i/headshots/cricket/players/full/acdc62f5.png,https://www.espncricinfo.com/cricketers/a-nortje-acdc62f5
2026,A Raghuvanshi,d7017798,Kolkata Knight Riders,13,422,287,9,46.89,147.04,40,19,0,,0,0,,,0,,14,5,7,2,41.67,12,d7017798,https://a.espncdn.com/i/headshots/cricket/players/full/d7017798.png,https://www.espncricinfo.com/cricketers/a-raghuvanshi-d7017798
2026,AA Kulkarni,2d140b79,Lucknow Super Giants,2,17,25,2,8.5,68.0,1,0,0,,0,0,,,0,,14,4,9,1,30.77,9,2d140b79,https://a.espncdn.com/i/headshots/cricket/players/full/2d140b79.png,https://www.espncricinfo.com/cricketers/aa-kulkarni-2d140b79
2026,AF Milne,350bb1b1,Rajasthan Royals,1,2,2,0,,100.0,0,0,20,3.33,41,0,,12.3,2,10.0,16,9,7,0,56.25,18,350bb1b1,https://a.espncdn.com/i/headshots/cricket/players/full/350bb1b1.png,https://www.espncricinfo.com/cricketers/af-milne-350bb1b1
2026,AJ Hosein,4d7f517e,Chennai Super Kings,7,5,3,0,,166.67,0,0,148,24.67,198,8,18.5,8.03,58,39.19,14,6,8,0,42.86,12,4d7f517e,https://a.espncdn.com/i/headshots/cricket/players/full/4d7f517e.png,https://www.espncricinfo.com/cricketers/aj-hosein-4d7f517e
2026,AK Markram,6a26221c,Lucknow Super Giants,12,231,166,9,25.67,139.16,20,11,36,6.0,83,0,,13.83,8,22.22,14,4,9,1,30.77,9,6a26221c,https://a.espncdn.com/i/headshots/cricket/players/full/6a26221c.png,https://www.espncricinfo.com/cricketers/ak-markram-6a26221c
2026,AM Ghazanfar,9ca68676,Mumbai Indians,11,2,3,0,,66.67,0,0,233,38.83,389,15,15.53,10.02,69,29.61,14,4,10,0,28.57,8,9ca68676,https://a.espncdn.com/i/headshots/cricket/players/full/9ca68676.png,https://www.espncricinfo.com/cricketers/am-ghazanfar-9ca68676
2026,AM Rahane,29e95537,Kolkata Knight Riders,14,335,248,12,27.92,135.08,25,18,0,,0,0,,,0,,14,5,7,2,41.67,12,29e95537,https://a.espncdn.com/i/headshots/cricket/players/full/29e95537.png,https://www.espncricinfo.com/cricketers/am-rahane-29e95537
2026,AR Patel,2e171977,Delhi Capitals,14,173,131,11,15.73,132.06,16,6,264,44.0,360,11,24.0,8.18,80,30.3,14,7,7,0,50.0,14,2e171977,https://a.espncdn.com/i/headshots/cricket/players/full/2e171977.png,https://www.espncricinfo.com/cricketers/ar-patel-2e171977
2026,AS Roy,e4cdf230,Kolkata Knight Riders,14,52,39,5,10.4,133.33,3,2,163,27.17,261,9,18.11,9.61,50,30.67,14,5,7,2,41.67,12,e4cdf230,https://a.espncdn.com/i/headshots/cricket/players/full/e4cdf230.png,https://www.espncricinfo.com/cricketers/as-roy-e4cdf230
2026,Abdul Samad,8e514b4c,Lucknow Super Giants,8,116,88,6,19.33,131.82,10,5,1,0.17,6,0,,36.0,0,0.0,14,4,9,1,30.77,9,8e514b4c,https://a.espncdn.com/i/headshots/cricket/players/full/8e514b4c.png,https://www.espncricinfo.com/cricketers/abdul-samad-8e514b4c
2026,Abhinandan Singh,82c10dac,Royal Challengers Bengaluru,3,0,0,0,,,0,0,58,9.67,122,3,19.33,12.62,15,25.86,16,11,5,0,68.75,22,82c10dac,https://a.espncdn.com/i/headshots/cricket/players/full/82c10dac.png,https://www.espncricinfo.com/cricketers/abhinandan-singh-82c10dac
2026,Abhishek Sharma,f29185a1,Sunrisers Hyderabad,15,563,275,15,37.53,204.73,50,43,29,4.83,49,0,,10.14,6,20.69,15,9,6,0,60.0,18,f29185a1,https://a.espncdn.com/i/headshots/cricket/players/full/f29185a1.png,https://www.espncricinfo.com/cricketers/abhishek-sharma-f29185a1
2026,Abishek Porel,ad3b6e95,Delhi Capitals,4,108,88,4,27.0,122.73,15,1,0,,0,0,,,0,,14,7,7,0,50.0,14,ad3b6e95,https://a.espncdn.com/i/headshots/cricket/players/full/ad3b6e95.png,https://www.espncricinfo.com/cricketers/abishek-porel-ad3b6e95
2026,Akash Singh,b483905d,Lucknow Super Giants,2,0,0,0,,,0,0,42,7.0,80,4,10.5,11.43,18,42.86,14,4,9,1,30.77,9,b483905d,https://a.espncdn.com/i/headshots/cricket/players/full/b483905d.png,https://www.espncricinfo.com/cricketers/akash-singh-b483905d
2026,Akshat Raghuwanshi,d8d67045,Lucknow Super Giants,3,29,25,3,9.67,116.0,1,1,0,,0,0,,,0,,14,4,9,1,30.77,9,d8d67045,https://a.espncdn.com/i/headshots/cricket/players/full/d8d67045.png,https://www.espncricinfo.com/cricketers/akshat-raghuwanshi-d8d67045
2026,Aniket Verma,a3b0600d,Sunrisers Hyderabad,10,79,54,6,13.17,146.3,6,5,0,,0,0,,,0,,15,9,6,0,60.0,18,a3b0600d,https://a.espncdn.com/i/headshots/cricket/players/full/a3b0600d.png,https://www.espncricinfo.com/cricketers/aniket-verma-a3b0600d
2026,Arjun Tendulkar,44aac2f0,Lucknow Super Giants,1,5,5,0,,100.0,0,0,24,4.0,36,1,24.0,9.0,6,25.0,14,4,9,1,30.77,9,44aac2f0,https://a.espncdn.com/i/headshots/cricket/players/full/44aac2f0.png,https://www.espncricinfo.com/cricketers/arjun-tendulkar-44aac2f0
2026,Arshad Khan,12314277,Gujarat Titans,8,23,11,1,23.0,209.09,1,2,104,17.33,172,6,17.33,9.92,43,41.35,17,10,7,0,58.82,20,12314277,https://a.espncdn.com/i/headshots/cricket/players/full/12314277.png,https://www.espncricinfo.com/cricketers/arshad-khan-12314277
2026,Arshdeep Singh,244048f6,Punjab Kings,14,1,1,0,,100.0,0,0,318,53.0,541,14,22.71,10.21,108,33.96,14,7,6,1,53.85,15,244048f6,https://a.espncdn.com/i/headshots/cricket/players/full/244048f6.png,https://www.espncricinfo.com/cricketers/arshdeep-singh-244048f6
2026,Ashok Sharma,50c09020,Gujarat Titans,6,1,4,0,,25.0,0,0,126,21.0,228,6,21.0,10.86,48,38.1,17,10,7,0,58.82,20,50c09020,https://a.espncdn.com/i/headshots/cricket/players/full/50c09020.png,https://www.espncricinfo.com/cricketers/ashok-sharma-50c09020
2026,Ashutosh Sharma,84d9c311,Delhi Capitals,8,171,92,5,34.2,185.87,15,12,0,,0,0,,,0,,14,7,7,0,50.0,14,84d9c311,https://a.espncdn.com/i/headshots/cricket/players/full/84d9c311.png,https://www.espncricinfo.com/cricketers/ashutosh-sharma-84d9c311
2026,Ashwani Kumar,d45c29b1,Mumbai Indians,3,1,6,0,,16.67,0,0,60,10.0,102,6,10.0,10.2,22,36.67,14,4,10,0,28.57,8,d45c29b1,https://a.espncdn.com/i/headshots/cricket/players/full/d45c29b1.png,https://www.espncricinfo.com/cricketers/ashwani-kumar-d45c29b1
2026,Auqib Nabi,7c3c0337,Delhi Capitals,5,14,3,1,14.0,466.67,2,1,78,13.0,149,0,,11.46,24,30.77,14,7,7,0,50.0,14,7c3c0337,https://a.espncdn.com/i/headshots/cricket/players/full/7c3c0337.png,https://www.espncricinfo.com/cricketers/auqib-nabi-7c3c0337
2026,Avesh Khan,eef2536f,Lucknow Super Giants,7,6,6,1,6.0,100.0,1,0,148,24.67,273,6,24.67,11.07,42,28.38,14,4,9,1,30.77,9,eef2536f,https://a.espncdn.com/i/headshots/cricket/players/full/eef2536f.png,https://www.espncricinfo.com/cricketers/avesh-khan-eef2536f
2026,Azmatullah Omarzai,8f6dd463,Punjab Kings,3,52,27,2,26.0,192.59,3,5,66,11.0,103,3,22.0,9.36,23,34.85,14,7,6,1,53.85,15,8f6dd463,https://a.espncdn.com/i/headshots/cricket/players/full/8f6dd463.png,https://www.espncricinfo.com/cricketers/azmatullah-omarzai-8f6dd463
2026,B Kumar,2e81a32d,Royal Challengers Bengaluru,16,34,26,0,,130.77,3,1,378,63.0,501,28,13.5,7.95,149,39.42,16,11,5,0,68.75,22,2e81a32d,https://a.espncdn.com/i/headshots/cricket/players/full/2e81a32d.png,https://www.espncricinfo.com/cricketers/b-kumar-2e81a32d
2026,B Muzarabani,449f4e3c,Kolkata Knight Riders,2,0,0,0,,,0,0,42,7.0,75,4,10.5,10.71,12,28.57,14,5,7,2,41.67,12,449f4e3c,https://a.espncdn.com/i/headshots/cricket/players/full/449f4e3c.png,https://www.espncricinfo.com/cricketers/b-muzarabani-449f4e3c
2026,B Sai Sudharsan,d5130a30,Gujarat Titans,17,722,454,16,45.12,159.03,75,30,0,,0,0,,,0,,17,10,7,0,58.82,20,d5130a30,https://a.espncdn.com/i/headshots/cricket/players/full/d5130a30.png,https://www.espncricinfo.com/cricketers/b-sai-sudharsan-d5130a30
2026,BJ Dwarshuis,e1b9f3a9,Punjab Kings,1,0,0,0,,,0,0,24,4.0,51,1,24.0,12.75,6,25.0,14,7,6,1,53.85,15,e1b9f3a9,https://a.espncdn.com/i/headshots/cricket/players/full/e1b9f3a9.png,https://www.espncricinfo.com/cricketers/bj-dwarshuis-e1b9f3a9
2026,Brijesh Sharma,133bbd61,Rajasthan Royals,13,2,4,0,,50.0,0,0,273,45.5,450,14,19.5,9.89,84,30.77,16,9,7,0,56.25,18,133bbd61,https://a.espncdn.com/i/headshots/cricket/players/full/133bbd61.png,https://www.espncricinfo.com/cricketers/brijesh-sharma-133bbd61
2026,C Bosch,172dff15,Mumbai Indians,6,50,31,1,50.0,161.29,5,2,121,20.17,195,12,10.08,9.67,44,36.36,14,4,10,0,28.57,8,172dff15,https://a.espncdn.com/i/headshots/cricket/players/full/172dff15.png,https://www.espncricinfo.com/cricketers/c-bosch-172dff15
2026,C Connolly,fe366f34,Punjab Kings,14,491,299,11,44.64,164.21,43,32,0,,0,0,,,0,,14,7,6,1,53.85,15,fe366f34,https://a.espncdn.com/i/headshots/cricket/players/full/fe366f34.png,https://www.espncricinfo.com/cricketers/c-connolly-fe366f34
2026,C Green,eaa76d3c,Kolkata Knight Riders,14,322,220,9,35.78,146.36,22,17,132,22.0,234,7,18.86,10.64,43,32.58,14,5,7,2,41.67,12,eaa76d3c,https://a.espncdn.com/i/headshots/cricket/players/full/eaa76d3c.png,https://www.espncricinfo.com/cricketers/c-green-eaa76d3c
2026,CV Varun,5b7ab5a9,Kolkata Knight Riders,11,5,6,2,2.5,83.33,1,0,246,41.0,360,11,22.36,8.78,77,31.3,14,5,7,2,41.67,12,5b7ab5a9,https://a.espncdn.com/i/headshots/cricket/players/full/5b7ab5a9.png,https://www.espncricinfo.com/cricketers/cv-varun-5b7ab5a9
2026,D Brevis,844e79d1,Chennai Super Kings,11,151,118,8,18.88,127.97,8,10,0,,0,0,,,0,,14,6,8,0,42.86,12,844e79d1,https://a.espncdn.com/i/headshots/cricket/players/full/844e79d1.png,https://www.espncricinfo.com/cricketers/d-brevis-844e79d1
2026,D Ferreira,f0af99a7,Rajasthan Royals,15,317,177,9,35.22,179.1,26,23,18,3.0,41,1,18.0,13.67,2,11.11,16,9,7,0,56.25,18,f0af99a7,https://a.espncdn.com/i/headshots/cricket/players/full/f0af99a7.png,https://www.espncricinfo.com/cricketers/d-ferreira-f0af99a7
2026,D Madushanka,de7d833e,Sunrisers Hyderabad,1,0,0,0,,,0,0,24,4.0,36,1,24.0,9.0,8,33.33,15,9,6,0,60.0,18,de7d833e,https://a.espncdn.com/i/headshots/cricket/players/full/de7d833e.png,https://www.espncricinfo.com/cricketers/d-madushanka-de7d833e
2026,D Padikkal,2c25d4f5,Royal Challengers Bengaluru,16,464,275,14,33.14,168.73,49,24,0,,0,0,,,0,,16,11,5,0,68.75,22,2c25d4f5,https://a.espncdn.com/i/headshots/cricket/players/full/2c25d4f5.png,https://www.espncricinfo.com/cricketers/d-padikkal-2c25d4f5
2026,DA Miller,d67d5f00,Delhi Capitals,11,211,137,7,30.14,154.01,15,14,0,,0,0,,,0,,14,7,7,0,50.0,14,d67d5f00,https://a.espncdn.com/i/headshots/cricket/players/full/d67d5f00.png,https://www.espncricinfo.com/cricketers/da-miller-d67d5f00
2026,DA Payne,6c79c098,Sunrisers Hyderabad,2,6,5,0,,120.0,0,0,30,5.0,70,2,15.0,14.0,5,16.67,15,9,6,0,60.0,18,6c79c098,https://a.espncdn.com/i/headshots/cricket/players/full/6c79c098.png,https://www.espncricinfo.com/cricketers/da-payne-6c79c098
2026,DL Chahar,23eeb873,Mumbai Indians,8,25,19,2,12.5,131.58,3,1,153,25.5,265,8,19.12,10.39,57,37.25,14,4,10,0,28.57,8,23eeb873,https://a.espncdn.com/i/headshots/cricket/players/full/23eeb873.png,https://www.espncricinfo.com/cricketers/dl-chahar-23eeb873
2026,DS Rathi,13fc5c6d,Lucknow Super Giants,10,2,5,0,,40.0,0,0,234,39.0,397,5,46.8,10.18,54,23.08,14,4,9,1,30.77,9,13fc5c6d,https://a.espncdn.com/i/headshots/cricket/players/full/13fc5c6d.png,https://www.espncricinfo.com/cricketers/ds-rathi-13fc5c6d
2026,DV Malewar,9e6032fa,Mumbai Indians,2,2,5,2,1.0,40.0,0,0,0,,0,0,,,0,,14,4,10,0,28.57,8,9e6032fa,https://a.espncdn.com/i/headshots/cricket/players/full/9e6032fa.png,https://www.espncricinfo.com/cricketers/dv-malewar-9e6032fa
2026,Dhruv Jurel,bcf325d2,Rajasthan Royals,16,515,333,16,32.19,154.65,47,24,0,,0,0,,,0,,16,9,7,0,56.25,18,bcf325d2,https://a.espncdn.com/i/headshots/cricket/players/full/bcf325d2.png,https://www.espncricinfo.com/cricketers/dhruv-jurel-bcf325d2
2026,E Malinga,5750bcb4,Sunrisers Hyderabad,15,7,17,1,7.0,41.18,0,0,326,54.33,507,20,16.3,9.33,114,34.97,15,9,6,0,60.0,18,5750bcb4,https://a.espncdn.com/i/headshots/cricket/players/full/5750bcb4.png,https://www.espncricinfo.com/cricketers/e-malinga-5750bcb4
2026,FH Allen,bf74b130,Kolkata Knight Riders,11,349,163,11,31.73,214.11,33,28,0,,0,0,,,0,,14,5,7,2,41.67,12,bf74b130,https://a.espncdn.com/i/headshots/cricket/players/full/bf74b130.png,https://www.espncricinfo.com/cricketers/fh-allen-bf74b130
2026,GD Phillips,9a46c4e5,Gujarat Titans,6,67,54,4,16.75,124.07,4,2,0,,0,0,,,0,,17,10,7,0,58.82,20,9a46c4e5,https://a.espncdn.com/i/headshots/cricket/players/full/9a46c4e5.png,https://www.espncricinfo.com/cricketers/gd-phillips-9a46c4e5
2026,GF Linde,e5437608,Lucknow Super Giants,3,31,21,3,10.33,147.62,6,0,37,6.17,55,1,37.0,8.92,10,27.03,14,4,9,1,30.77,9,e5437608,https://a.espncdn.com/i/headshots/cricket/players/full/e5437608.png,https://www.espncricinfo.com/cricketers/gf-linde-e5437608
2026,Gurjapneet Singh,cc61ee8f,Chennai Super Kings,8,0,0,0,,,0,0,151,25.17,233,4,37.75,9.26,46,30.46,14,6,8,0,42.86,12,cc61ee8f,https://a.espncdn.com/i/headshots/cricket/players/full/cc61ee8f.png,https://www.espncricinfo.com/cricketers/gurjapneet-singh-cc61ee8f
2026,H Klaasen,235c2bb6,Sunrisers Hyderabad,15,624,390,13,48.0,160.0,48,31,0,,0,0,,,0,,15,9,6,0,60.0,18,235c2bb6,https://a.espncdn.com/i/headshots/cricket/players/full/235c2bb6.png,https://www.espncricinfo.com/cricketers/h-klaasen-235c2bb6
2026,HH Pandya,dbe50b21,Mumbai Indians,10,206,149,9,22.89,138.26,21,7,136,22.67,259,4,34.0,11.43,39,28.68,14,4,10,0,28.57,8,dbe50b21,https://a.espncdn.com/i/headshots/cricket/players/full/dbe50b21.png,https://www.espncricinfo.com/cricketers/hh-pandya-dbe50b21
2026,HV Patel,f986ca1a,Sunrisers Hyderabad,5,10,9,2,5.0,111.11,2,0,82,13.67,148,0,,10.83,15,18.29,15,9,6,0,60.0,18,f986ca1a,https://a.espncdn.com/i/headshots/cricket/players/full/f986ca1a.png,https://www.espncricinfo.com/cricketers/hv-patel-f986ca1a
2026,Harpreet Brar,c05edf8e,Punjab Kings,2,5,3,0,,166.67,1,0,48,8.0,60,2,24.0,7.5,16,33.33,14,7,6,1,53.85,15,c05edf8e,https://a.espncdn.com/i/headshots/cricket/players/full/c05edf8e.png,https://www.espncricinfo.com/cricketers/harpreet-brar-c05edf8e
2026,Harsh Dubey,25228673,Sunrisers Hyderabad,8,13,9,2,6.5,144.44,2,0,132,22.0,228,8,16.5,10.36,36,27.27,15,9,6,0,60.0,18,25228673,https://a.espncdn.com/i/headshots/cricket/players/full/25228673.png,https://www.espncricinfo.com/cricketers/harsh-dubey-25228673
2026,Himmat Singh,ebcfef83,Lucknow Super Giants,6,92,65,3,30.67,141.54,5,5,0,,0,0,,,0,,14,4,9,1,30.77,9,ebcfef83,https://a.espncdn.com/i/headshots/cricket/players/full/ebcfef83.png,https://www.espncricinfo.com/cricketers/himmat-singh-ebcfef83
2026,Ishan Kishan,752f7486,Sunrisers Hyderabad,15,602,330,14,43.0,182.42,60,32,0,,0,0,,,0,,15,9,6,0,60.0,18,752f7486,https://a.espncdn.com/i/headshots/cricket/players/full/752f7486.png,https://www.espncricinfo.com/cricketers/ishan-kishan-752f7486
2026,J Overton,59559bc2,Chennai Super Kings,10,136,85,5,27.2,160.0,13,6,168,28.0,249,14,12.0,8.89,55,32.74,14,6,8,0,42.86,12,59559bc2,https://a.espncdn.com/i/headshots/cricket/players/full/59559bc2.png,https://www.espncricinfo.com/cricketers/j-overton-59559bc2
2026,JA Duffy,dadbdb68,Royal Challengers Bengaluru,6,0,0,0,,,0,0,144,24.0,263,9,16.0,10.96,54,37.5,16,11,5,0,68.75,22,dadbdb68,https://a.espncdn.com/i/headshots/cricket/players/full/dadbdb68.png,https://www.espncricinfo.com/cricketers/ja-duffy-dadbdb68
2026,JC Archer,5574750c,Rajasthan Royals,16,64,46,6,10.67,139.13,4,4,360,60.0,559,25,14.4,9.32,154,42.78,16,9,7,0,56.25,18,5574750c,https://a.espncdn.com/i/headshots/cricket/players/full/5574750c.png,https://www.espncricinfo.com/cricketers/jc-archer-5574750c
2026,JC Buttler,99b75528,Gujarat Titans,17,526,345,14,37.57,152.46,51,26,0,,0,0,,,0,,17,10,7,0,58.82,20,99b75528,https://a.espncdn.com/i/headshots/cricket/players/full/99b75528.png,https://www.espncricinfo.com/cricketers/jc-buttler-99b75528
2026,JD Unadkat,1e66c162,Sunrisers Hyderabad,4,4,3,0,,133.33,0,0,77,12.83,140,4,19.25,10.91,21,27.27,15,9,6,0,60.0,18,1e66c162,https://a.espncdn.com/i/headshots/cricket/players/full/1e66c162.png,https://www.espncricinfo.com/cricketers/jd-unadkat-1e66c162
2026,JG Bethell,3c55c703,Royal Challengers Bengaluru,7,96,77,7,13.71,124.68,12,3,0,,0,0,,,0,,16,11,5,0,68.75,22,3c55c703,https://a.espncdn.com/i/headshots/cricket/players/full/3c55c703.png,https://www.espncricinfo.com/cricketers/jg-bethell-3c55c703
2026,JJ Bumrah,462411b3,Mumbai Indians,13,7,7,1,7.0,100.0,1,0,294,49.0,410,4,73.5,8.37,105,35.71,14,4,10,0,28.57,8,462411b3,https://a.espncdn.com/i/headshots/cricket/players/full/462411b3.png,https://www.espncricinfo.com/cricketers/jj-bumrah-462411b3
2026,JM Sharma,800d2d97,Royal Challengers Bengaluru,16,116,95,9,12.89,122.11,9,6,0,,0,0,,,0,,16,11,5,0,68.75,22,800d2d97,https://a.espncdn.com/i/headshots/cricket/players/full/800d2d97.png,https://www.espncricinfo.com/cricketers/jm-sharma-800d2d97
2026,JO Holder,0f721006,Gujarat Titans,11,65,52,5,13.0,125.0,3,3,230,38.33,290,17,13.53,7.57,92,40.0,17,10,7,0,58.82,20,0f721006,https://a.espncdn.com/i/headshots/cricket/players/full/0f721006.png,https://www.espncricinfo.com/cricketers/jo-holder-0f721006
2026,JP Inglis,989889ff,Lucknow Super Giants,5,266,142,5,53.2,187.32,32,12,0,,0,0,,,0,,14,4,9,1,30.77,9,989889ff,https://a.espncdn.com/i/headshots/cricket/players/full/989889ff.png,https://www.espncricinfo.com/cricketers/jp-inglis-989889ff
2026,JR Hazlewood,03806cf8,Royal Challengers Bengaluru,13,0,1,1,0.0,0.0,0,0,309,51.5,494,15,20.6,9.59,118,38.19,16,11,5,0,68.75,22,03806cf8,https://a.espncdn.com/i/headshots/cricket/players/full/03806cf8.png,https://www.espncricinfo.com/cricketers/jr-hazlewood-03806cf8
2026,K Khejroliya,fa2f1dde,Gujarat Titans,1,0,0,0,,,0,0,12,2.0,31,0,,15.5,3,25.0,17,10,7,0,58.82,20,fa2f1dde,https://a.espncdn.com/i/headshots/cricket/players/full/fa2f1dde.png,https://www.espncricinfo.com/cricketers/k-khejroliya-fa2f1dde
2026,K Rabada,e62dd25d,Gujarat Titans,17,47,38,2,23.5,123.68,5,2,388,64.67,626,29,13.38,9.68,167,43.04,17,10,7,0,58.82,20,e62dd25d,https://a.espncdn.com/i/headshots/cricket/players/full/e62dd25d.png,https://www.espncricinfo.com/cricketers/k-rabada-e62dd25d
2026,KA Jamieson,68c56d09,Delhi Capitals,2,12,13,1,12.0,92.31,1,1,42,7.0,90,2,21.0,12.86,11,26.19,14,7,7,0,50.0,14,68c56d09,https://a.espncdn.com/i/headshots/cricket/players/full/68c56d09.png,https://www.espncricinfo.com/cricketers/ka-jamieson-68c56d09
2026,KH Pandya,5b8c830e,Royal Challengers Bengaluru,16,226,153,6,37.67,147.71,20,11,303,50.5,425,14,21.64,8.42,86,28.38,16,11,5,0,68.75,22,5b8c830e,https://a.espncdn.com/i/headshots/cricket/players/full/5b8c830e.png,https://www.espncricinfo.com/cricketers/kh-pandya-5b8c830e
2026,KK Ahmed,a2f46292,Chennai Super Kings,5,0,0,0,,,0,0,101,16.83,146,2,50.5,8.67,40,39.6,14,6,8,0,42.86,12,a2f46292,https://a.espncdn.com/i/headshots/cricket/players/full/a2f46292.png,https://www.espncricinfo.com/cricketers/kk-ahmed-a2f46292
2026,KK Nair,944533a5,Delhi Capitals,2,18,18,2,9.0,100.0,3,0,0,,0,0,,,0,,14,7,7,0,50.0,14,944533a5,https://a.espncdn.com/i/headshots/cricket/players/full/944533a5.png,https://www.espncricinfo.com/cricketers/kk-nair-944533a5
2026,KL Rahul,b17e2f24,Delhi Capitals,14,593,339,14,42.36,174.93,56,31,0,,0,0,,,0,,14,7,7,0,50.0,14,b17e2f24,https://a.espncdn.com/i/headshots/cricket/players/full/b17e2f24.png,https://www.espncricinfo.com/cricketers/kl-rahul-b17e2f24
2026,Kartik Sharma,7b679de5,Chennai Super Kings,11,295,216,9,32.78,136.57,24,16,0,,0,0,,,0,,14,6,8,0,42.86,12,7b679de5,https://a.espncdn.com/i/headshots/cricket/players/full/7b679de5.png,https://www.espncricinfo.com/cricketers/kartik-sharma-7b679de5
2026,Kartik Tyagi,5d2eea49,Kolkata Knight Riders,14,11,10,3,3.67,110.0,1,1,306,51.0,498,18,17.0,9.76,107,34.97,14,5,7,2,41.67,12,5d2eea49,https://a.espncdn.com/i/headshots/cricket/players/full/5d2eea49.png,https://www.espncricinfo.com/cricketers/kartik-tyagi-5d2eea49
2026,Krish Bhagat,e48a4814,Mumbai Indians,3,10,21,1,10.0,47.62,0,0,36,6.0,63,0,,10.5,15,41.67,14,4,10,0,28.57,8,e48a4814,https://a.espncdn.com/i/headshots/cricket/players/full/e48a4814.png,https://www.espncricinfo.com/cricketers/krish-bhagat-e48a4814
2026,Kuldeep Yadav,8d2c70ad,Delhi Capitals,12,9,21,2,4.5,42.86,0,0,222,37.0,381,10,22.2,10.3,58,26.13,14,7,7,0,50.0,14,8d2c70ad,https://a.espncdn.com/i/headshots/cricket/players/full/8d2c70ad.png,https://www.espncricinfo.com/cricketers/kuldeep-yadav-8d2c70ad
2026,Kumar Kushagra,57ca01b3,Gujarat Titans,1,18,14,1,18.0,128.57,3,0,0,,0,0,,,0,,17,10,7,0,58.82,20,57ca01b3,https://a.espncdn.com/i/headshots/cricket/players/full/57ca01b3.png,https://www.espncricinfo.com/cricketers/kumar-kushagra-57ca01b3
2026,L Ngidi,f834dcfc,Delhi Capitals,12,4,6,2,2.0,66.67,0,0,248,41.33,340,13,19.08,8.23,94,37.9,14,7,7,0,50.0,14,f834dcfc,https://a.espncdn.com/i/headshots/cricket/players/full/f834dcfc.png,https://www.espncricinfo.com/cricketers/l-ngidi-f834dcfc
2026,LG Pretorius,60aa2db3,Rajasthan Royals,2,7,8,1,7.0,87.5,0,0,0,,0,0,,,0,,16,9,7,0,56.25,18,60aa2db3,https://a.espncdn.com/i/headshots/cricket/players/full/60aa2db3.png,https://www.espncricinfo.com/cricketers/lg-pretorius-60aa2db3
2026,LH Ferguson,2f9d0389,Punjab Kings,3,0,0,0,,,0,0,66,11.0,141,1,66.0,12.82,20,30.3,14,7,6,1,53.85,15,2f9d0389,https://a.espncdn.com/i/headshots/cricket/players/full/2f9d0389.png,https://www.espncricinfo.com/cricketers/lh-ferguson-2f9d0389
2026,LS Livingstone,50c6bc2b,Sunrisers Hyderabad,2,15,25,2,7.5,60.0,0,1,0,,0,0,,,0,,15,9,6,0,60.0,18,50c6bc2b,https://a.espncdn.com/i/headshots/cricket/players/full/50c6bc2b.png,https://www.espncricinfo.com/cricketers/ls-livingstone-50c6bc2b
2026,M Jansen,81c36ee9,Punjab Kings,13,51,45,4,12.75,113.33,1,3,284,47.33,483,9,31.56,10.2,80,28.17,14,7,6,1,53.85,15,81c36ee9,https://a.espncdn.com/i/headshots/cricket/players/full/81c36ee9.png,https://www.espncricinfo.com/cricketers/m-jansen-81c36ee9
2026,M Markande,a9fd84fb,Mumbai Indians,3,0,0,0,,,0,0,30,5.0,76,0,,15.2,5,16.67,14,4,10,0,28.57,8,a9fd84fb,https://a.espncdn.com/i/headshots/cricket/players/full/a9fd84fb.png,https://www.espncricinfo.com/cricketers/m-markande-a9fd84fb
2026,M Pathirana,64839cb3,Kolkata Knight Riders,1,0,0,0,,,0,0,8,1.33,9,0,,6.75,4,50.0,14,5,7,2,41.67,12,64839cb3,https://a.espncdn.com/i/headshots/cricket/players/full/64839cb3.png,https://www.espncricinfo.com/cricketers/m-pathirana-64839cb3
2026,M Prasidh Krishna,85e0cf10,Gujarat Titans,12,6,7,0,,85.71,1,0,234,39.0,407,16,14.62,10.44,78,33.33,17,10,7,0,58.82,20,85e0cf10,https://a.espncdn.com/i/headshots/cricket/players/full/85e0cf10.png,https://www.espncricinfo.com/cricketers/m-prasidh-krishna-85e0cf10
2026,M Shahrukh Khan,7dcb9bc9,Gujarat Titans,9,43,33,3,14.33,130.3,3,2,0,,0,0,,,0,,17,10,7,0,58.82,20,7dcb9bc9,https://a.espncdn.com/i/headshots/cricket/players/full/7dcb9bc9.png,https://www.espncricinfo.com/cricketers/m-shahrukh-khan-7dcb9bc9
2026,M Siddharth,cf0ccafa,Lucknow Super Giants,4,0,0,0,,,0,0,90,15.0,145,6,15.0,9.67,26,28.89,14,4,9,1,30.77,9,cf0ccafa,https://a.espncdn.com/i/headshots/cricket/players/full/cf0ccafa.png,https://www.espncricinfo.com/cricketers/m-siddharth-cf0ccafa
2026,M Tiwari,fb5f69e4,Delhi Capitals,3,18,8,0,,225.0,2,1,60,10.0,87,4,15.0,8.7,19,31.67,14,7,7,0,50.0,14,fb5f69e4,https://a.espncdn.com/i/headshots/cricket/players/full/fb5f69e4.png,https://www.espncricinfo.com/cricketers/m-tiwari-fb5f69e4
2026,MA Starc,3fb19989,Delhi Capitals,6,0,2,1,0.0,0.0,0,0,132,22.0,224,11,12.0,10.18,52,39.39,14,7,7,0,50.0,14,3fb19989,https://a.espncdn.com/i/headshots/cricket/players/full/3fb19989.png,https://www.espncricinfo.com/cricketers/ma-starc-3fb19989
2026,MD Choudhary,1c84109e,Lucknow Super Giants,10,170,120,6,28.33,141.67,11,12,0,,0,0,,,0,,14,4,9,1,30.77,9,1c84109e,https://a.espncdn.com/i/headshots/cricket/players/full/1c84109e.png,https://www.espncricinfo.com/cricketers/md-choudhary-1c84109e
2026,MD Shanaka,3ff033bb,Rajasthan Royals,7,63,46,4,15.75,136.96,3,4,36,6.0,60,1,36.0,10.0,7,19.44,16,9,7,0,56.25,18,3ff033bb,https://a.espncdn.com/i/headshots/cricket/players/full/3ff033bb.png,https://www.espncricinfo.com/cricketers/md-shanaka-3ff033bb
2026,MJ Henry,e84ac20c,Chennai Super Kings,3,7,10,2,3.5,70.0,1,0,60,10.0,130,2,30.0,13.0,9,15.0,14,6,8,0,42.86,12,e84ac20c,https://a.espncdn.com/i/headshots/cricket/players/full/e84ac20c.png,https://www.espncricinfo.com/cricketers/mj-henry-e84ac20c
2026,MJ Santner,e4a0deae,Mumbai Indians,4,26,19,0,,136.84,3,0,84,14.0,125,5,16.8,8.93,31,36.9,14,4,10,0,28.57,8,e4a0deae,https://a.espncdn.com/i/headshots/cricket/players/full/e4a0deae.png,https://www.espncricinfo.com/cricketers/mj-santner-e4a0deae
2026,MJ Suthar,025c4400,Gujarat Titans,4,0,0,0,,,0,0,36,6.0,68,2,18.0,11.33,13,36.11,17,10,7,0,58.82,20,025c4400,https://a.espncdn.com/i/headshots/cricket/players/full/025c4400.png,https://www.espncricinfo.com/cricketers/mj-suthar-025c4400
2026,MK Pandey,93b4fc78,Kolkata Knight Riders,6,70,49,2,35.0,142.86,8,2,0,,0,0,,,0,,14,5,7,2,41.67,12,93b4fc78,https://a.espncdn.com/i/headshots/cricket/players/full/93b4fc78.png,https://www.espncricinfo.com/cricketers/mk-pandey-93b4fc78
2026,MP Stoinis,d9273ee7,Punjab Kings,13,216,119,6,36.0,181.51,23,11,47,7.83,98,2,23.5,12.51,10,21.28,14,7,6,1,53.85,15,d9273ee7,https://a.espncdn.com/i/headshots/cricket/players/full/d9273ee7.png,https://www.espncricinfo.com/cricketers/mp-stoinis-d9273ee7
2026,MP Yadav,b1ad996b,Lucknow Super Giants,4,5,5,1,5.0,100.0,1,0,96,16.0,182,0,,11.38,35,36.46,14,4,9,1,30.77,9,b1ad996b,https://a.espncdn.com/i/headshots/cricket/players/full/b1ad996b.png,https://www.espncricinfo.com/cricketers/mp-yadav-b1ad996b
2026,MR Marsh,3d8feaf8,Lucknow Super Giants,13,563,343,14,40.21,164.14,51,36,0,,0,0,,,0,,14,4,9,1,30.77,9,3d8feaf8,https://a.espncdn.com/i/headshots/cricket/players/full/3d8feaf8.png,https://www.espncricinfo.com/cricketers/mr-marsh-3d8feaf8
2026,MW Short,a90e53ec,Chennai Super Kings,3,60,50,3,20.0,120.0,6,1,19,3.17,39,0,,12.32,5,26.32,14,6,8,0,42.86,12,a90e53ec,https://a.espncdn.com/i/headshots/cricket/players/full/a90e53ec.png,https://www.espncricinfo.com/cricketers/mw-short-a90e53ec
2026,Mayank Rawat,2b801189,Mumbai Indians,1,0,0,0,,,0,0,0,,0,0,,,0,,14,4,10,0,28.57,8,2b801189,https://a.espncdn.com/i/headshots/cricket/players/full/2b801189.png,https://www.espncricinfo.com/cricketers/mayank-rawat-2b801189
2026,Mohammed Shami,8cf9814c,Lucknow Super Giants,13,31,22,5,6.2,140.91,2,3,306,51.0,459,12,25.5,9.0,127,41.5,14,4,9,1,30.77,9,8cf9814c,https://a.espncdn.com/i/headshots/cricket/players/full/8cf9814c.png,https://www.espncricinfo.com/cricketers/mohammed-shami-8cf9814c
2026,Mohammed Siraj,2f49c897,Gujarat Titans,17,5,16,2,2.5,31.25,1,0,372,62.0,562,19,19.58,9.06,164,44.09,17,10,7,0,58.82,20,2f49c897,https://a.espncdn.com/i/headshots/cricket/players/full/2f49c897.png,https://www.espncricinfo.com/cricketers/mohammed-siraj-2f49c897
2026,Mohsin Khan,c33d8116,Lucknow Super Giants,7,0,4,2,0.0,0.0,0,0,168,28.0,228,11,15.27,8.14,63,37.5,14,4,9,1,30.77,9,c33d8116,https://a.espncdn.com/i/headshots/cricket/players/full/c33d8116.png,https://www.espncricinfo.com/cricketers/mohsin-khan-c33d8116
2026,Mukesh Choudhary,765a4731,Chennai Super Kings,8,2,2,0,,100.0,0,0,168,28.0,249,8,21.0,8.89,67,39.88,14,6,8,0,42.86,12,765a4731,https://a.espncdn.com/i/headshots/cricket/players/full/765a4731.png,https://www.espncricinfo.com/cricketers/mukesh-choudhary-765a4731
2026,Mukesh Kumar,2cffab74,Delhi Capitals,10,0,0,0,,,0,0,188,31.33,353,6,31.33,11.27,61,32.45,14,7,7,0,50.0,14,2cffab74,https://a.espncdn.com/i/headshots/cricket/players/full/2cffab74.png,https://www.espncricinfo.com/cricketers/mukesh-kumar-2cffab74
2026,N Burger,465aa633,Rajasthan Royals,13,14,9,1,14.0,155.56,0,1,261,43.5,440,14,18.64,10.11,100,38.31,16,9,7,0,56.25,18,465aa633,https://a.espncdn.com/i/headshots/cricket/players/full/465aa633.png,https://www.espncricinfo.com/cricketers/n-burger-465aa633
2026,N Pooran,3241e3fd,Lucknow Super Giants,14,234,183,15,15.6,127.87,11,19,0,,0,0,,,0,,14,4,9,1,30.77,9,3241e3fd,https://a.espncdn.com/i/headshots/cricket/players/full/3241e3fd.png,https://www.espncricinfo.com/cricketers/n-pooran-3241e3fd
2026,N Rana,fb2d1dda,Delhi Capitals,9,225,149,9,25.0,151.01,27,10,24,4.0,55,0,,13.75,7,29.17,14,7,7,0,50.0,14,fb2d1dda,https://a.espncdn.com/i/headshots/cricket/players/full/fb2d1dda.png,https://www.espncricinfo.com/cricketers/n-rana-fb2d1dda
2026,N Sindhu,3cea23da,Gujarat Titans,8,63,50,5,12.6,126.0,7,2,0,,0,0,,,0,,17,10,7,0,58.82,20,3cea23da,https://a.espncdn.com/i/headshots/cricket/players/full/3cea23da.png,https://www.espncricinfo.com/cricketers/n-sindhu-3cea23da
2026,N Wadhera,d1a60072,Punjab Kings,8,65,57,6,10.83,114.04,4,4,0,,0,0,,,0,,14,7,6,1,53.85,15,d1a60072,https://a.espncdn.com/i/headshots/cricket/players/full/d1a60072.png,https://www.espncricinfo.com/cricketers/n-wadhera-d1a60072
2026,Naman Dhir,fffa744b,Mumbai Indians,14,318,216,12,26.5,147.22,31,13,0,,0,0,,,0,,14,4,10,0,28.57,8,fffa744b,https://a.espncdn.com/i/headshots/cricket/players/full/fffa744b.png,https://www.espncricinfo.com/cricketers/naman-dhir-fffa744b
2026,Navdeep Saini,21d4e29b,Kolkata Knight Riders,2,0,0,0,,,0,0,18,3.0,37,0,,12.33,5,27.78,14,5,7,2,41.67,12,,,
2026,Nithish Kumar Reddy,aad0c365,Sunrisers Hyderabad,14,302,176,10,30.2,171.59,19,21,186,31.0,323,8,23.25,10.42,54,29.03,15,9,6,0,60.0,18,aad0c365,https://a.espncdn.com/i/headshots/cricket/players/full/aad0c365.png,https://www.espncricinfo.com/cricketers/nithish-kumar-reddy-aad0c365
2026,Noor Ahmad,efc04be7,Chennai Super Kings,14,11,23,3,3.67,47.83,0,1,306,51.0,428,13,23.54,8.39,85,27.78,14,6,8,0,42.86,12,efc04be7,https://a.espncdn.com/i/headshots/cricket/players/full/efc04be7.png,https://www.espncricinfo.com/cricketers/noor-ahmad-efc04be7
2026,P Nissanka,8ee36b18,Delhi Capitals,10,278,173,10,27.8,160.69,33,12,0,,0,0,,,0,,14,7,7,0,50.0,14,8ee36b18,https://a.espncdn.com/i/headshots/cricket/players/full/8ee36b18.png,https://www.espncricinfo.com/cricketers/p-nissanka-8ee36b18
2026,P Simran Singh,9418198b,Punjab Kings,14,510,300,12,42.5,170.0,55,23,0,,0,0,,,0,,14,7,6,1,53.85,15,9418198b,https://a.espncdn.com/i/headshots/cricket/players/full/9418198b.png,https://www.espncricinfo.com/cricketers/p-simran-singh-9418198b
2026,PD Salt,3d284ca3,Royal Challengers Bengaluru,6,202,120,6,33.67,168.33,16,11,0,,0,0,,,0,,16,11,5,0,68.75,22,3d284ca3,https://a.espncdn.com/i/headshots/cricket/players/full/3d284ca3.png,https://www.espncricinfo.com/cricketers/pd-salt-3d284ca3
2026,PJ Cummins,ded9240e,Sunrisers Hyderabad,8,30,19,3,10.0,157.89,1,3,192,32.0,307,8,24.0,9.59,67,34.9,15,9,6,0,60.0,18,ded9240e,https://a.espncdn.com/i/headshots/cricket/players/full/ded9240e.png,https://www.espncricinfo.com/cricketers/pj-cummins-ded9240e
2026,PP Hinge,ece7b6b3,Sunrisers Hyderabad,7,3,9,1,3.0,33.33,0,0,156,26.0,305,14,11.14,11.73,60,38.46,15,9,6,0,60.0,18,ece7b6b3,https://a.espncdn.com/i/headshots/cricket/players/full/ece7b6b3.png,https://www.espncricinfo.com/cricketers/pp-hinge-ece7b6b3
2026,PR Veer,e148e6bd,Chennai Super Kings,6,90,67,2,45.0,134.33,10,3,12,2.0,25,0,,12.5,5,41.67,14,6,8,0,42.86,12,e148e6bd,https://a.espncdn.com/i/headshots/cricket/players/full/e148e6bd.png,https://www.espncricinfo.com/cricketers/pr-veer-e148e6bd
2026,PVD Chameera,327b58d3,Delhi Capitals,1,0,3,0,,0.0,0,0,12,2.0,18,0,,9.0,5,41.67,14,7,7,0,50.0,14,327b58d3,https://a.espncdn.com/i/headshots/cricket/players/full/327b58d3.png,https://www.espncricinfo.com/cricketers/pvd-chameera-327b58d3
2026,Prince Yadav,80b2fb19,Lucknow Super Giants,14,0,1,0,,0.0,0,0,313,52.17,463,16,19.56,8.88,114,36.42,14,4,9,1,30.77,9,80b2fb19,https://a.espncdn.com/i/headshots/cricket/players/full/80b2fb19.png,https://www.espncricinfo.com/cricketers/prince-yadav-80b2fb19
2026,Priyansh Arya,b5797845,Punjab Kings,13,364,171,13,28.0,212.87,27,32,0,,0,0,,,0,,14,7,6,1,53.85,15,b5797845,https://a.espncdn.com/i/headshots/cricket/players/full/b5797845.png,https://www.espncricinfo.com/cricketers/priyansh-arya-b5797845
2026,Q de Kock,372455c4,Mumbai Indians,3,132,81,2,66.0,162.96,9,9,0,,0,0,,,0,,14,4,10,0,28.57,8,372455c4,https://a.espncdn.com/i/headshots/cricket/players/full/372455c4.png,https://www.espncricinfo.com/cricketers/q-de-kock-372455c4
2026,R Minz,bafd0398,Mumbai Indians,2,6,4,1,6.0,150.0,1,0,0,,0,0,,,0,,14,4,10,0,28.57,8,bafd0398,https://a.espncdn.com/i/headshots/cricket/players/full/bafd0398.png,https://www.espncricinfo.com/cricketers/r-minz-bafd0398
2026,R Parag,04a418e8,Rajasthan Royals,14,309,195,13,23.77,158.46,24,21,24,4.0,38,2,12.0,9.5,5,20.83,16,9,7,0,56.25,18,04a418e8,https://a.espncdn.com/i/headshots/cricket/players/full/04a418e8.png,https://www.espncricinfo.com/cricketers/r-parag-04a418e8
2026,R Powell,650d5e49,Kolkata Knight Riders,11,190,140,4,47.5,135.71,16,10,0,,0,0,,,0,,14,5,7,2,41.67,12,650d5e49,https://a.espncdn.com/i/headshots/cricket/players/full/650d5e49.png,https://www.espncricinfo.com/cricketers/r-powell-650d5e49
2026,R Sai Kishore,c7a995d3,Gujarat Titans,3,0,0,0,,,0,0,24,4.0,46,1,24.0,11.5,6,25.0,17,10,7,0,58.82,20,c7a995d3,https://a.espncdn.com/i/headshots/cricket/players/full/c7a995d3.png,https://www.espncricinfo.com/cricketers/r-sai-kishore-c7a995d3
2026,R Shepherd,c5aef772,Royal Challengers Bengaluru,15,83,65,4,20.75,127.69,6,5,150,25.0,298,7,21.43,11.92,35,23.33,16,11,5,0,68.75,22,c5aef772,https://a.espncdn.com/i/headshots/cricket/players/full/c5aef772.png,https://www.espncricinfo.com/cricketers/r-shepherd-c5aef772
2026,R Smaran,c1e53c3f,Sunrisers Hyderabad,6,19,25,3,6.33,76.0,3,0,0,,0,0,,,0,,15,9,6,0,60.0,18,c1e53c3f,https://a.espncdn.com/i/headshots/cricket/players/full/c1e53c3f.png,https://www.espncricinfo.com/cricketers/r-smaran-c1e53c3f
2026,R Tewatia,39a2dfa8,Gujarat Titans,16,190,131,7,27.14,145.04,20,8,0,,0,0,,,0,,17,10,7,0,58.82,20,39a2dfa8,https://a.espncdn.com/i/headshots/cricket/players/full/39a2dfa8.png,https://www.espncricinfo.com/cricketers/r-tewatia-39a2dfa8
2026,RA Bawa,ba6b2f91,Mumbai Indians,3,16,14,1,16.0,114.29,1,0,24,4.0,50,2,12.0,12.5,7,29.17,14,4,10,0,28.57,8,ba6b2f91,https://a.espncdn.com/i/headshots/cricket/players/full/ba6b2f91.png,https://www.espncricinfo.com/cricketers/ra-bawa-ba6b2f91
2026,RA Jadeja,fe93fd9d,Rajasthan Royals,14,266,196,4,66.5,135.71,24,5,198,33.0,277,10,19.8,8.39,50,25.25,16,9,7,0,56.25,18,fe93fd9d,https://a.espncdn.com/i/headshots/cricket/players/full/fe93fd9d.png,https://www.espncricinfo.com/cricketers/ra-jadeja-fe93fd9d
2026,RD Chahar,2ed569a0,Chennai Super Kings,1,0,0,0,,,0,0,24,4.0,46,0,,11.5,4,16.67,14,6,8,0,42.86,12,2ed569a0,https://a.espncdn.com/i/headshots/cricket/players/full/2ed569a0.png,https://www.espncricinfo.com/cricketers/rd-chahar-2ed569a0
2026,RD Gaikwad,45a43fe2,Chennai Super Kings,14,337,272,12,28.08,123.9,29,12,0,,0,0,,,0,,14,6,8,0,42.86,12,45a43fe2,https://a.espncdn.com/i/headshots/cricket/players/full/45a43fe2.png,https://www.espncricinfo.com/cricketers/rd-gaikwad-45a43fe2
2026,RD Rickelton,e66732f8,Mumbai Indians,12,448,240,11,40.73,186.67,31,38,0,,0,0,,,0,,14,4,10,0,28.57,8,e66732f8,https://a.espncdn.com/i/headshots/cricket/players/full/e66732f8.png,https://www.espncricinfo.com/cricketers/rd-rickelton-e66732f8
2026,RG Sharma,740742ef,Mumbai Indians,9,283,179,9,31.44,158.1,21,21,0,,0,0,,,0,,14,4,10,0,28.57,8,740742ef,https://a.espncdn.com/i/headshots/cricket/players/full/740742ef.png,https://www.espncricinfo.com/cricketers/rg-sharma-740742ef
2026,RK Singh,0a509d6b,Kolkata Knight Riders,14,299,198,7,42.71,151.01,28,11,0,,0,0,,,0,,14,5,7,2,41.67,12,0a509d6b,https://a.espncdn.com/i/headshots/cricket/players/full/0a509d6b.png,https://www.espncricinfo.com/cricketers/rk-singh-0a509d6b
2026,RM Patidar,c740ea83,Royal Challengers Bengaluru,15,501,259,12,41.75,193.44,30,42,0,,0,0,,,0,,16,11,5,0,68.75,22,c740ea83,https://a.espncdn.com/i/headshots/cricket/players/full/c740ea83.png,https://www.espncricinfo.com/cricketers/rm-patidar-c740ea83
2026,RR Pant,919a3be2,Lucknow Super Giants,14,313,227,9,34.78,137.89,30,11,0,,0,0,,,0,,14,4,9,1,30.77,9,919a3be2,https://a.espncdn.com/i/headshots/cricket/players/full/919a3be2.png,https://www.espncricinfo.com/cricketers/rr-pant-919a3be2
2026,RS Ghosh,dee07622,Chennai Super Kings,1,0,0,0,,,0,0,18,3.0,24,1,18.0,8.0,6,33.33,14,6,8,0,42.86,12,dee07622,https://a.espncdn.com/i/headshots/cricket/players/full/dee07622.png,https://www.espncricinfo.com/cricketers/rs-ghosh-dee07622
2026,Raghu Sharma,5b615e7c,Mumbai Indians,6,0,0,0,,,0,0,90,15.0,130,1,90.0,8.67,23,25.56,14,4,10,0,28.57,8,5b615e7c,https://a.espncdn.com/i/headshots/cricket/players/full/5b615e7c.png,https://www.espncricinfo.com/cricketers/raghu-sharma-5b615e7c
2026,Ramandeep Singh,be24ead0,Kolkata Knight Riders,8,82,68,5,16.4,120.59,8,2,16,2.67,31,1,16.0,11.62,1,6.25,14,5,7,2,41.67,12,be24ead0,https://a.espncdn.com/i/headshots/cricket/players/full/be24ead0.png,https://www.espncricinfo.com/cricketers/ramandeep-singh-be24ead0
2026,Rashid Khan,5f547c8b,Gujarat Titans,17,50,41,5,10.0,121.95,4,2,341,56.83,516,21,16.24,9.08,109,31.96,17,10,7,0,58.82,20,5f547c8b,https://a.espncdn.com/i/headshots/cricket/players/full/5f547c8b.png,https://www.espncricinfo.com/cricketers/rashid-khan-5f547c8b
2026,Rasikh Salam,b8527c3d,Royal Challengers Bengaluru,12,3,2,0,,150.0,0,0,257,42.83,405,19,13.53,9.46,82,31.91,16,11,5,0,68.75,22,b8527c3d,https://a.espncdn.com/i/headshots/cricket/players/full/b8527c3d.png,https://www.espncricinfo.com/cricketers/rasikh-salam-b8527c3d
2026,Ravi Bishnoi,df064e1a,Rajasthan Royals,9,0,3,2,0.0,0.0,0,0,156,26.0,257,11,14.18,9.88,40,25.64,16,9,7,0,56.25,18,df064e1a,https://a.espncdn.com/i/headshots/cricket/players/full/df064e1a.png,https://www.espncricinfo.com/cricketers/ravi-bishnoi-df064e1a
2026,Ravi Singh,548516a6,Rajasthan Royals,1,4,2,1,4.0,200.0,1,0,0,,0,0,,,0,,16,9,7,0,56.25,18,548516a6,https://a.espncdn.com/i/headshots/cricket/players/full/548516a6.png,https://www.espncricinfo.com/cricketers/ravi-singh-548516a6
2026,S Arora,d7423da1,Sunrisers Hyderabad,13,121,77,7,17.29,157.14,9,9,0,,0,0,,,0,,15,9,6,0,60.0,18,d7423da1,https://a.espncdn.com/i/headshots/cricket/players/full/d7423da1.png,https://www.espncricinfo.com/cricketers/s-arora-d7423da1
2026,S Dube,a4e37e47,Chennai Super Kings,13,270,170,7,38.57,158.82,24,15,30,5.0,64,1,30.0,12.8,6,20.0,14,6,8,0,42.86,12,a4e37e47,https://a.espncdn.com/i/headshots/cricket/players/full/a4e37e47.png,https://www.espncricinfo.com/cricketers/s-dube-a4e37e47
2026,SA Yadav,271f83cd,Mumbai Indians,13,270,183,13,20.77,147.54,28,10,0,,0,0,,,0,,14,4,10,0,28.57,8,271f83cd,https://a.espncdn.com/i/headshots/cricket/players/full/271f83cd.png,https://www.espncricinfo.com/cricketers/sa-yadav-271f83cd
2026,SB Dubey,6b2ff18f,Rajasthan Royals,7,81,58,4,20.25,139.66,8,3,0,,0,0,,,0,,16,9,7,0,56.25,18,6b2ff18f,https://a.espncdn.com/i/headshots/cricket/players/full/6b2ff18f.png,https://www.espncricinfo.com/cricketers/sb-dubey-6b2ff18f
2026,SE Rutherford,d014d5ac,Mumbai Indians,8,123,74,5,24.6,166.22,5,12,0,,0,0,,,0,,14,4,10,0,28.57,8,d014d5ac,https://a.espncdn.com/i/headshots/cricket/players/full/d014d5ac.png,https://www.espncricinfo.com/cricketers/se-rutherford-d014d5ac
2026,SH Johnson,83c3e8e3,Chennai Super Kings,3,0,1,1,0.0,0.0,0,0,66,11.0,112,2,33.0,10.18,26,39.39,14,6,8,0,42.86,12,83c3e8e3,https://a.espncdn.com/i/headshots/cricket/players/full/83c3e8e3.png,https://www.espncricinfo.com/cricketers/sh-johnson-83c3e8e3
2026,SN Khan,f088b960,Chennai Super Kings,8,161,94,7,23.0,171.28,23,6,0,,0,0,,,0,,14,6,8,0,42.86,12,f088b960,https://a.espncdn.com/i/headshots/cricket/players/full/f088b960.png,https://www.espncricinfo.com/cricketers/sn-khan-f088b960
2026,SN Thakur,1abb78f8,Mumbai Indians,9,24,30,2,12.0,80.0,2,0,132,22.0,270,12,11.0,12.27,36,27.27,14,4,10,0,28.57,8,1abb78f8,https://a.espncdn.com/i/headshots/cricket/players/full/1abb78f8.png,https://www.espncricinfo.com/cricketers/sn-thakur-1abb78f8
2026,SO Hetmyer,48a1d7b7,Rajasthan Royals,8,78,69,6,13.0,113.04,5,3,0,,0,0,,,0,,16,9,7,0,56.25,18,48a1d7b7,https://a.espncdn.com/i/headshots/cricket/players/full/48a1d7b7.png,https://www.espncricinfo.com/cricketers/so-hetmyer-48a1d7b7
2026,SP Narine,9d430b40,Kolkata Knight Riders,13,40,32,3,13.33,125.0,2,4,309,51.5,340,17,18.18,6.6,133,43.04,14,5,7,2,41.67,12,9d430b40,https://a.espncdn.com/i/headshots/cricket/players/full/9d430b40.png,https://www.espncricinfo.com/cricketers/sp-narine-9d430b40
2026,SR Dubey,11061889,Kolkata Knight Riders,4,4,2,0,,200.0,1,0,77,12.83,106,5,15.4,8.26,37,48.05,14,5,7,2,41.67,12,11061889,https://a.espncdn.com/i/headshots/cricket/players/full/11061889.png,https://www.espncricinfo.com/cricketers/sr-dubey-11061889
2026,SS Iyer,85ec8e33,Punjab Kings,14,498,293,9,55.33,169.97,39,30,0,,0,0,,,0,,14,7,6,1,53.85,15,85ec8e33,https://a.espncdn.com/i/headshots/cricket/players/full/85ec8e33.png,https://www.espncricinfo.com/cricketers/ss-iyer-85ec8e33
2026,SS Mishra,92500ad5,Rajasthan Royals,2,1,3,0,,33.33,0,0,38,6.33,67,2,19.0,10.58,15,39.47,16,9,7,0,56.25,18,92500ad5,https://a.espncdn.com/i/headshots/cricket/players/full/92500ad5.png,https://www.espncricinfo.com/cricketers/ss-mishra-92500ad5
2026,SU Parakh,926c7443,Delhi Capitals,4,46,33,4,11.5,139.39,5,2,0,,0,0,,,0,,14,7,7,0,50.0,14,926c7443,https://a.espncdn.com/i/headshots/cricket/players/full/926c7443.png,https://www.espncricinfo.com/cricketers/su-parakh-926c7443
2026,SV Samson,a4cc73aa,Chennai Super Kings,14,477,285,12,39.75,167.37,53,24,0,,0,0,,,0,,14,6,8,0,42.86,12,a4cc73aa,https://a.espncdn.com/i/headshots/cricket/players/full/a4cc73aa.png,https://www.espncricinfo.com/cricketers/sv-samson-a4cc73aa
2026,Sakib Hussain,280fff14,Sunrisers Hyderabad,11,5,7,0,,71.43,1,0,252,42.0,397,15,16.8,9.45,86,34.13,15,9,6,0,60.0,18,280fff14,https://a.espncdn.com/i/headshots/cricket/players/full/280fff14.png,https://www.espncricinfo.com/cricketers/sakib-hussain-280fff14
2026,Salil Arora,d7423da1,Sunrisers Hyderabad,1,35,21,1,35.0,166.67,2,2,0,,0,0,,,0,,15,9,6,0,60.0,18,,,
2026,Sameer Rizvi,f89d3b11,Delhi Capitals,11,252,171,7,36.0,147.37,15,17,0,,0,0,,,0,,14,7,7,0,50.0,14,f89d3b11,https://a.espncdn.com/i/headshots/cricket/players/full/f89d3b11.png,https://www.espncricinfo.com/cricketers/sameer-rizvi-f89d3b11
2026,Sandeep Sharma,ce820073,Rajasthan Royals,6,0,0,0,,,0,0,118,19.67,224,5,23.6,11.39,31,26.27,16,9,7,0,56.25,18,ce820073,https://a.espncdn.com/i/headshots/cricket/players/full/ce820073.png,https://www.espncricinfo.com/cricketers/sandeep-sharma-ce820073
2026,Shahbaz Ahmed,f9e6e7ef,Lucknow Super Giants,5,58,41,0,,141.46,4,3,67,11.17,130,5,13.4,11.64,16,23.88,14,4,9,1,30.77,9,f9e6e7ef,https://a.espncdn.com/i/headshots/cricket/players/full/f9e6e7ef.png,https://www.espncricinfo.com/cricketers/shahbaz-ahmed-f9e6e7ef
2026,Shashank Singh,26989d80,Punjab Kings,12,132,70,6,22.0,188.57,11,8,60,10.0,88,4,15.0,8.8,16,26.67,14,7,6,1,53.85,15,26989d80,https://a.espncdn.com/i/headshots/cricket/players/full/26989d80.png,https://www.espncricinfo.com/cricketers/shashank-singh-26989d80
2026,Shivang Kumar,7b44eb3e,Sunrisers Hyderabad,13,53,45,6,8.83,117.78,6,1,234,39.0,375,9,26.0,9.62,62,26.5,15,9,6,0,60.0,18,7b44eb3e,https://a.espncdn.com/i/headshots/cricket/players/full/7b44eb3e.png,https://www.espncricinfo.com/cricketers/shivang-kumar-7b44eb3e
2026,Shubman Gill,b4b99816,Gujarat Titans,16,732,449,16,45.75,163.03,74,33,0,,0,0,,,0,,17,10,7,0,58.82,20,b4b99816,https://a.espncdn.com/i/headshots/cricket/players/full/b4b99816.png,https://www.espncricinfo.com/cricketers/shubman-gill-b4b99816
2026,Suryansh Shedge,970ddd24,Punjab Kings,7,158,90,4,39.5,175.56,9,12,0,,0,0,,,0,,14,7,6,1,53.85,15,970ddd24,https://a.espncdn.com/i/headshots/cricket/players/full/970ddd24.png,https://www.espncricinfo.com/cricketers/suryansh-shedge-970ddd24
2026,Suyash Sharma,9440ef41,Royal Challengers Bengaluru,12,0,0,0,,,0,0,245,40.83,376,9,27.22,9.21,71,28.98,16,11,5,0,68.75,22,9440ef41,https://a.espncdn.com/i/headshots/cricket/players/full/9440ef41.png,https://www.espncricinfo.com/cricketers/suyash-sharma-9440ef41
2026,T Dahiya,f12fe2a1,Kolkata Knight Riders,2,12,15,2,6.0,80.0,2,0,0,,0,0,,,0,,14,5,7,2,41.67,12,f12fe2a1,https://a.espncdn.com/i/headshots/cricket/players/full/f12fe2a1.png,https://www.espncricinfo.com/cricketers/t-dahiya-f12fe2a1
2026,T Natarajan,ce794613,Delhi Capitals,10,1,2,0,,50.0,0,0,191,31.83,356,5,38.2,11.18,42,21.99,14,7,7,0,50.0,14,ce794613,https://a.espncdn.com/i/headshots/cricket/players/full/ce794613.png,https://www.espncricinfo.com/cricketers/t-natarajan-ce794613
2026,T Stubbs,85b3fab2,Delhi Capitals,14,275,216,6,45.83,127.31,18,9,0,,0,0,,,0,,14,7,7,0,50.0,14,85b3fab2,https://a.espncdn.com/i/headshots/cricket/players/full/85b3fab2.png,https://www.espncricinfo.com/cricketers/t-stubbs-85b3fab2
2026,T Vijay,51ec3919,Delhi Capitals,1,0,0,0,,,0,0,12,2.0,29,0,,14.5,2,16.67,14,7,7,0,50.0,14,51ec3919,https://a.espncdn.com/i/headshots/cricket/players/full/51ec3919.png,https://www.espncricinfo.com/cricketers/t-vijay-51ec3919
2026,TA Boult,a818c1be,Mumbai Indians,5,8,4,1,8.0,200.0,0,1,97,16.17,188,2,48.5,11.63,25,25.77,14,4,10,0,28.57,8,a818c1be,https://a.espncdn.com/i/headshots/cricket/players/full/a818c1be.png,https://www.espncricinfo.com/cricketers/ta-boult-a818c1be
2026,TH David,f1f99156,Royal Challengers Bengaluru,16,305,159,9,33.89,191.82,22,23,6,1.0,18,0,,18.0,1,16.67,16,11,5,0,68.75,22,f1f99156,https://a.espncdn.com/i/headshots/cricket/players/full/f1f99156.png,https://www.espncricinfo.com/cricketers/th-david-f1f99156
2026,TL Seifert,4663bd23,Kolkata Knight Riders,3,19,18,3,6.33,105.56,2,1,0,,0,0,,,0,,14,5,7,2,41.67,12,4663bd23,https://a.espncdn.com/i/headshots/cricket/players/full/4663bd23.png,https://www.espncricinfo.com/cricketers/tl-seifert-4663bd23
2026,TM Head,12b610c2,Sunrisers Hyderabad,15,410,240,15,27.33,170.83,46,23,6,1.0,7,1,6.0,7.0,1,16.67,15,9,6,0,60.0,18,12b610c2,https://a.espncdn.com/i/headshots/cricket/players/full/12b610c2.png,https://www.espncricinfo.com/cricketers/tm-head-12b610c2
2026,TU Deshpande,46a9bea1,Rajasthan Royals,7,26,14,2,13.0,185.71,0,3,138,23.0,275,4,34.5,11.96,36,26.09,16,9,7,0,56.25,18,46a9bea1,https://a.espncdn.com/i/headshots/cricket/players/full/46a9bea1.png,https://www.espncricinfo.com/cricketers/tu-deshpande-46a9bea1
2026,Tilak Varma,b0482a1d,Mumbai Indians,14,359,246,12,29.92,145.93,30,17,0,,0,0,,,0,,14,4,10,0,28.57,8,b0482a1d,https://a.espncdn.com/i/headshots/cricket/players/full/b0482a1d.png,https://www.espncricinfo.com/cricketers/tilak-varma-b0482a1d
2026,Urvil Patel,cf59b3f0,Chennai Super Kings,7,129,64,7,18.43,201.56,6,14,0,,0,0,,,0,,14,6,8,0,42.86,12,cf59b3f0,https://a.espncdn.com/i/headshots/cricket/players/full/cf59b3f0.png,https://www.espncricinfo.com/cricketers/urvil-patel-cf59b3f0
2026,V Kohli,ba607b88,Royal Challengers Bengaluru,16,675,406,12,56.25,166.26,73,25,0,,0,0,,,0,,16,11,5,0,68.75,22,ba607b88,https://a.espncdn.com/i/headshots/cricket/players/full/ba607b88.png,https://www.espncricinfo.com/cricketers/v-kohli-ba607b88
2026,V Nigam,5ffc0565,Delhi Capitals,5,15,10,1,15.0,150.0,2,0,54,9.0,113,2,27.0,12.56,13,24.07,14,7,7,0,50.0,14,5ffc0565,https://a.espncdn.com/i/headshots/cricket/players/full/5ffc0565.png,https://www.espncricinfo.com/cricketers/v-nigam-5ffc0565
2026,V Suryavanshi,470f446b,Rajasthan Royals,16,776,326,16,48.5,238.04,63,72,0,,0,0,,,0,,16,9,7,0,56.25,18,470f446b,https://a.espncdn.com/i/headshots/cricket/players/full/470f446b.png,https://www.espncricinfo.com/cricketers/v-suryavanshi-470f446b
2026,VG Arora,7c3b3b78,Kolkata Knight Riders,11,1,3,0,,33.33,0,0,228,38.0,390,11,20.73,10.26,69,30.26,14,5,7,2,41.67,12,7c3b3b78,https://a.espncdn.com/i/headshots/cricket/players/full/7c3b3b78.png,https://www.espncricinfo.com/cricketers/vg-arora-7c3b3b78
2026,VR Iyer,a24be938,Royal Challengers Bengaluru,7,209,112,4,52.25,186.61,21,13,0,,0,0,,,0,,16,11,5,0,68.75,22,a24be938,https://a.espncdn.com/i/headshots/cricket/players/full/a24be938.png,https://www.espncricinfo.com/cricketers/vr-iyer-a24be938
2026,Vijaykumar Vyshak,54e52590,Punjab Kings,10,2,4,0,,50.0,0,0,186,31.0,330,9,20.67,10.65,48,25.81,14,7,6,1,53.85,15,54e52590,https://a.espncdn.com/i/headshots/cricket/players/full/54e52590.png,https://www.espncricinfo.com/cricketers/vijaykumar-vyshak-54e52590
2026,Vishnu Vinod,0494fa6e,Punjab Kings,1,15,8,0,,187.5,1,1,0,,0,0,,,0,,14,7,6,1,53.85,15,0494fa6e,https://a.espncdn.com/i/headshots/cricket/players/full/0494fa6e.png,https://www.espncricinfo.com/cricketers/vishnu-vinod-0494fa6e
2026,WG Jacks,9caf69a1,Mumbai Indians,7,139,75,5,27.8,185.33,12,9,53,8.83,94,2,26.5,10.64,20,37.74,14,4,10,0,28.57,8,9caf69a1,https://a.espncdn.com/i/headshots/cricket/players/full/9caf69a1.png,https://www.espncricinfo.com/cricketers/wg-jacks-9caf69a1
2026,Washington Sundar,f19ccfad,Gujarat Titans,17,377,249,10,37.7,151.41,40,12,55,9.17,84,1,55.0,9.16,14,25.45,17,10,7,0,58.82,20,f19ccfad,https://a.espncdn.com/i/headshots/cricket/players/full/f19ccfad.png,https://www.espncricinfo.com/cricketers/washington-sundar-f19ccfad
2026,XC Bartlett,3b53243a,Punjab Kings,9,29,13,1,29.0,223.08,2,2,201,33.5,388,5,40.2,11.58,54,26.87,14,7,6,1,53.85,15,3b53243a,https://a.espncdn.com/i/headshots/cricket/players/full/3b53243a.png,https://www.espncricinfo.com/cricketers/xc-bartlett-3b53243a
2026,YBK Jaiswal,6c19c6e5,Rajasthan Royals,16,427,280,14,30.5,152.5,52,18,0,,0,0,,,0,,16,9,7,0,56.25,18,6c19c6e5,https://a.espncdn.com/i/headshots/cricket/players/full/6c19c6e5.png,https://www.espncricinfo.com/cricketers/ybk-jaiswal-6c19c6e5
2026,YS Chahal,57ee1fde,Punjab Kings,14,0,0,0,,,0,0,246,41.0,385,12,20.5,9.39,53,21.54,14,7,6,1,53.85,15,57ee1fde,https://a.espncdn.com/i/headshots/cricket/players/full/57ee1fde.png,https://www.espncricinfo.com/cricketers/ys-chahal-57ee1fde
2026,Yash Raj Punja,02dfebbe,Rajasthan Royals,8,0,0,0,,,0,0,180,30.0,279,9,20.0,9.3,47,26.11,16,9,7,0,56.25,18,02dfebbe,https://a.espncdn.com/i/headshots/cricket/players/full/02dfebbe.png,https://www.espncricinfo.com/cricketers/yash-raj-punja-02dfebbe
2026,Yash Thakur,4b31f3a3,Punjab Kings,1,0,0,0,,,0,0,24,4.0,55,2,12.0,13.75,8,33.33,14,7,6,1,53.85,15,4b31f3a3,https://a.espncdn.com/i/headshots/cricket/players/full/4b31f3a3.png,https://www.espncricinfo.com/cricketers/yash-thakur-4b31f3a3
