match_id,innings,batting_team,runs,wickets,legal_balls,overs
501219,1,Kochi Tuskers Kerala,132,7,120,20.0
501219,2,Kolkata Knight Riders,126,9,120,20.0
1254101,1,Delhi Capitals,164,5,120,20.0
1254101,2,Royal Challengers Bangalore,166,3,120,20.0
1473448,1,Rajasthan Royals,182,9,120,20.0
1473448,2,Chennai Super Kings,176,6,120,20.0
1178425,1,Chennai Super Kings,179,4,120,20.0
1178425,2,Delhi Capitals,99,10,98,16.2
1254084,1,Chennai Super Kings,218,4,120,20.0
1254084,2,Mumbai Indians,219,6,120,20.0
1082644,1,Mumbai Indians,173,5,120,20.0
1082644,2,Kolkata Knight Riders,164,8,120,20.0
1359531,1,Mumbai Indians,218,5,120,20.0
1359531,2,Gujarat Titans,191,8,120,20.0
1082629,1,Gujarat Lions,161,10,119,19.5
1082629,2,Rising Pune Supergiant,167,5,119,19.5
1312200,1,Rajasthan Royals,130,9,120,20.0
1312200,2,Gujarat Titans,133,3,109,18.1
548332,1,Rajasthan Royals,146,4,120,20.0
548332,2,Chennai Super Kings,147,3,120,20.0
1178405,1,Delhi Capitals,155,7,120,20.0
1178405,2,Sunrisers Hyderabad,116,10,113,18.5
598023,1,Rajasthan Royals,117,10,118,19.4
598023,2,Royal Challengers Bangalore,123,3,107,17.5
829743,1,Sunrisers Hyderabad,176,4,120,20.0
829743,2,Kolkata Knight Riders,101,4,72,12.0
598006,1,Mumbai Indians,209,5,120,20.0
598006,2,Delhi Daredevils,165,9,120,20.0
734003,1,Rajasthan Royals,148,8,120,20.0
734003,2,Chennai Super Kings,149,5,118,19.4
598066,1,Kings XI Punjab,183,8,120,20.0
598066,2,Mumbai Indians,133,9,115,19.1
1527681,1,Mumbai Indians,162,6,120,20.0
1527681,2,Delhi Capitals,164,4,109,18.1
980939,1,Rising Pune Supergiants,160,5,120,20.0
980939,2,Kolkata Knight Riders,162,8,117,19.3
1216511,1,Mumbai Indians,193,4,120,20.0
1216511,2,Rajasthan Royals,136,10,109,18.1
392231,1,Chennai Super Kings,188,3,120,20.0
392231,2,Kolkata Knight Riders,189,3,120,20.0
392232,1,Delhi Daredevils,134,7,120,20.0
392232,2,Royal Challengers Bangalore,135,3,114,19.0
1304064,1,Mumbai Indians,151,6,120,20.0
1304064,2,Royal Challengers Bangalore,152,3,111,18.3
1473509,1,Mumbai Indians,228,5,120,20.0
1473509,2,Gujarat Titans,208,6,120,20.0
1178408,1,Chennai Super Kings,132,5,120,20.0
1178408,2,Sunrisers Hyderabad,137,4,101,16.5
1254092,1,Delhi Capitals,127,9,120,20.0
1254092,2,Kolkata Knight Riders,130,7,110,18.2
1254058,1,Mumbai Indians,159,9,120,20.0
1254058,2,Royal Challengers Bangalore,160,8,120,20.0
1082602,1,Royal Challengers Bangalore,142,5,120,20.0
1082602,2,Mumbai Indians,145,6,113,18.5
1422134,1,Kolkata Knight Riders,272,7,120,20.0
1422134,2,Delhi Capitals,166,10,104,17.2
1527690,1,Sunrisers Hyderabad,219,6,120,20.0
1527690,2,Punjab Kings,223,4,113,18.5
1136590,1,Chennai Super Kings,211,4,120,20.0
1136590,2,Delhi Daredevils,198,5,120,20.0
335985,1,Mumbai Indians,165,7,120,20.0
335985,2,Royal Challengers Bangalore,166,5,118,19.4
980941,1,Mumbai Indians,189,6,120,20.0
980941,2,Kings XI Punjab,164,7,120,20.0
548355,1,Chennai Super Kings,173,8,120,20.0
548355,2,Mumbai Indians,174,8,120,20.0
733975,1,Delhi Daredevils,152,5,120,20.0
733975,2,Rajasthan Royals,156,3,111,18.3
1254072,1,Chennai Super Kings,220,3,120,20.0
1254072,2,Kolkata Knight Riders,202,10,115,19.1
1082635,1,Mumbai Indians,212,3,120,20.0
1082635,2,Delhi Daredevils,66,10,82,13.4
729307,1,Kings XI Punjab,132,9,120,20.0
729307,2,Kolkata Knight Riders,109,10,110,18.2
1426269,1,Kolkata Knight Riders,223,6,120,20.0
1426269,2,Rajasthan Royals,224,8,120,20.0
1178428,1,Rajasthan Royals,115,9,120,20.0
1178428,2,Delhi Capitals,121,5,97,16.1
1473486,1,Chennai Super Kings,190,10,116,19.2
1473486,2,Punjab Kings,194,6,118,19.4
1254085,1,Rajasthan Royals,220,3,120,20.0
1254085,2,Sunrisers Hyderabad,165,8,120,20.0
1304104,1,Rajasthan Royals,160,6,120,20.0
1304104,2,Delhi Capitals,161,2,109,18.1
1359483,1,Kolkata Knight Riders,204,7,120,20.0
1359483,2,Royal Challengers Bangalore,123,10,106,17.4
1304080,1,Rajasthan Royals,222,2,120,20.0
1304080,2,Delhi Capitals,207,8,120,20.0
981015,1,Sunrisers Hyderabad,162,8,120,20.0
981015,2,Kolkata Knight Riders,140,8,120,20.0
1304114,1,Chennai Super Kings,150,6,120,20.0
1304114,2,Rajasthan Royals,151,5,118,19.4
501237,1,Mumbai Indians,159,5,120,20.0
501237,2,Kings XI Punjab,136,8,120,20.0
1082593,1,Gujarat Lions,183,4,120,20.0
1082593,2,Kolkata Knight Riders,184,0,89,14.5
1473494,1,Kolkata Knight Riders,179,6,120,20.0
1473494,2,Chennai Super Kings,183,8,118,19.4
548374,1,Kings XI Punjab,141,8,120,20.0
548374,2,Delhi Daredevils,145,4,110,18.2
980991,1,Kings XI Punjab,179,4,120,20.0
980991,2,Sunrisers Hyderabad,180,3,118,19.4
598021,1,Kings XI Punjab,123,9,120,20.0
598021,2,Sunrisers Hyderabad,127,5,113,18.5
548368,1,Kolkata Knight Riders,158,6,120,20.0
548368,2,Chennai Super Kings,160,5,120,20.0
501222,1,Kolkata Knight Riders,171,5,120,20.0
501222,2,Royal Challengers Bangalore,175,1,109,18.1
1082597,1,Kolkata Knight Riders,178,7,120,20.0
1082597,2,Mumbai Indians,180,6,119,19.5
1082632,1,Gujarat Lions,208,7,120,20.0
1082632,2,Delhi Daredevils,214,3,105,17.3
1359512,1,Lucknow Super Giants,257,5,120,20.0
1359512,2,Punjab Kings,201,10,119,19.5
1426311,1,Sunrisers Hyderabad,175,9,120,20.0
1426311,2,Rajasthan Royals,139,7,120,20.0
548356,1,Deccan Chargers,181,2,120,20.0
548356,2,Royal Challengers Bangalore,185,5,113,18.5
1359495,1,Lucknow Super Giants,159,8,120,20.0
1359495,2,Punjab Kings,161,8,117,19.3
336034,1,Royal Challengers Bangalore,156,8,120,20.0
336034,2,Deccan Chargers,153,6,120,20.0
1473446,1,Gujarat Titans,196,8,120,20.0
1473446,2,Mumbai Indians,160,6,120,20.0
1426266,1,Lucknow Super Giants,161,7,120,20.0
1426266,2,Kolkata Knight Riders,162,2,94,15.4
1136562,1,Delhi Daredevils,166,7,120,20.0
1136562,2,Kings XI Punjab,167,4,113,18.5
734035,1,Royal Challengers Bangalore,154,6,120,20.0
734035,2,Chennai Super Kings,160,2,106,17.4
598032,1,Sunrisers Hyderabad,144,9,120,20.0
598032,2,Rajasthan Royals,146,2,107,17.5
548350,1,Royal Challengers Bangalore,158,5,120,20.0
548350,2,Kings XI Punjab,163,6,119,19.5
1136606,1,Sunrisers Hyderabad,179,4,120,20.0
1136606,2,Chennai Super Kings,180,2,114,19.0
1473461,1,Royal Challengers Bengaluru,163,7,120,20.0
1473461,2,Delhi Capitals,169,4,107,17.5
1304066,1,Rajasthan Royals,165,6,120,20.0
1304066,2,Lucknow Super Giants,162,8,120,20.0
1082637,1,Kings XI Punjab,189,3,120,20.0
1082637,2,Gujarat Lions,192,4,118,19.4
419156,1,Kings XI Punjab,174,3,120,20.0
419156,2,Deccan Chargers,178,5,115,19.1
980943,1,Sunrisers Hyderabad,118,8,120,20.0
980943,2,Rising Pune Supergiants,94,3,66,11.0
392207,1,Kolkata Knight Riders,153,3,120,20.0
392207,2,Kings XI Punjab,154,4,120,20.0
548381,1,Chennai Super Kings,190,3,120,20.0
548381,2,Kolkata Knight Riders,192,5,118,19.4
1304061,1,Delhi Capitals,149,3,120,20.0
1304061,2,Lucknow Super Giants,155,4,118,19.4
1304105,1,Chennai Super Kings,97,10,96,16.0
1304105,2,Mumbai Indians,103,5,89,14.5
734005,1,Royal Challengers Bangalore,186,4,120,20.0
734005,2,Delhi Daredevils,170,7,120,20.0
598061,1,Pune Warriors,170,4,120,20.0
598061,2,Kolkata Knight Riders,163,7,120,20.0
335993,1,Kolkata Knight Riders,147,9,120,20.0
335993,2,Chennai Super Kings,152,1,102,17.0
1473460,1,Gujarat Titans,217,6,120,20.0
1473460,2,Rajasthan Royals,159,10,116,19.2
1178400,1,Rajasthan Royals,151,7,120,20.0
1178400,2,Chennai Super Kings,155,6,120,20.0
829787,1,Sunrisers Hyderabad,201,4,120,20.0
829787,2,Rajasthan Royals,194,7,120,20.0
1216510,1,Kings XI Punjab,206,3,120,20.0
1216510,2,Royal Challengers Bangalore,109,10,102,17.0
548342,1,Delhi Daredevils,207,5,120,20.0
548342,2,Mumbai Indians,170,9,120,20.0
829751,1,Mumbai Indians,157,8,120,20.0
829751,2,Sunrisers Hyderabad,137,8,120,20.0
548375,1,Kolkata Knight Riders,136,4,120,20.0
548375,2,Pune Warriors,102,8,120,20.0
501259,1,Pune Warriors,136,9,120,20.0
501259,2,Deccan Chargers,138,4,116,19.2
1422131,1,Delhi Capitals,191,5,120,20.0
1422131,2,Chennai Super Kings,171,6,120,20.0
1473511,1,Royal Challengers Bengaluru,190,9,120,20.0
1473511,2,Punjab Kings,184,7,120,20.0
829725,1,Kings XI Punjab,165,7,120,20.0
829725,2,Delhi Daredevils,169,5,119,19.5
1178411,1,Mumbai Indians,161,5,120,20.0
1178411,2,Rajasthan Royals,162,5,115,19.1
1216517,1,Mumbai Indians,176,6,120,20.0
1216517,2,Kings XI Punjab,176,6,120,20.0
1216517,3,Kings XI Punjab,5,2,6,1.0
1216517,4,Mumbai Indians,5,1,6,1.0
1216517,5,Mumbai Indians,11,1,6,1.0
1216517,6,Kings XI Punjab,15,0,4,0.4
501200,1,Kochi Tuskers Kerala,161,5,120,20.0
501200,2,Royal Challengers Bangalore,162,4,112,18.4
1473451,1,Royal Challengers Bengaluru,169,8,120,20.0
1473451,2,Gujarat Titans,170,2,107,17.5
733995,1,Mumbai Indians,157,6,120,20.0
733995,2,Chennai Super Kings,160,6,117,19.3
1216501,1,Kolkata Knight Riders,167,10,120,20.0
1216501,2,Chennai Super Kings,157,5,120,20.0
1136616,1,Kings XI Punjab,153,10,118,19.4
1136616,2,Chennai Super Kings,159,5,115,19.1
1473457,1,Sunrisers Hyderabad,152,8,120,20.0
1473457,2,Gujarat Titans,153,3,100,16.4
1216506,1,Kings XI Punjab,153,6,120,20.0
1216506,2,Chennai Super Kings,154,1,113,18.5
501258,1,Rajasthan Royals,97,10,111,18.3
501258,2,Kochi Tuskers Kerala,98,2,44,7.2
419152,1,Mumbai Indians,183,4,120,20.0
419152,2,Delhi Daredevils,144,7,120,20.0
1178422,1,Kolkata Knight Riders,232,2,120,20.0
1178422,2,Mumbai Indians,198,7,120,20.0
1473445,1,Royal Challengers Bengaluru,196,7,120,20.0
1473445,2,Chennai Super Kings,146,8,120,20.0
1473493,1,Mumbai Indians,155,8,120,20.0
1473493,2,Gujarat Titans,147,7,114,19.0
598002,1,Mumbai Indians,148,6,120,20.0
598002,2,Chennai Super Kings,139,9,120,20.0
598053,1,Kolkata Knight Riders,152,6,120,20.0
598053,2,Pune Warriors,106,10,117,19.3
980967,1,Gujarat Lions,126,6,120,20.0
980967,2,Sunrisers Hyderabad,129,5,114,19.0
598046,1,Mumbai Indians,139,5,120,20.0
598046,2,Chennai Super Kings,79,10,92,15.2
1426296,1,Royal Challengers Bengaluru,241,7,120,20.0
1426296,2,Punjab Kings,181,10,102,17.0
829803,1,Kings XI Punjab,106,6,60,10.0
829803,2,Royal Challengers Bangalore,84,6,60,10.0
1082643,1,Gujarat Lions,154,10,116,19.2
1082643,2,Sunrisers Hyderabad,158,2,109,18.1
1216522,1,Rajasthan Royals,177,6,120,20.0
1216522,2,Royal Challengers Bangalore,179,3,118,19.4
548345,1,Delhi Daredevils,152,6,120,20.0
548345,2,Rajasthan Royals,151,3,120,20.0
335992,1,Royal Challengers Bangalore,135,8,120,20.0
335992,2,Rajasthan Royals,138,3,103,17.1
1304051,1,Rajasthan Royals,210,6,120,20.0
1304051,2,Sunrisers Hyderabad,149,7,120,20.0
733971,1,Chennai Super Kings,148,3,102,17.0
733971,2,Kolkata Knight Riders,114,9,102,17.0
336039,1,Kings XI Punjab,112,8,120,20.0
336039,2,Chennai Super Kings,116,1,89,14.5
598004,1,Royal Challengers Bangalore,130,8,120,20.0
598004,2,Sunrisers Hyderabad,130,7,120,20.0
598004,3,Sunrisers Hyderabad,20,0,6,1.0
598004,4,Royal Challengers Bangalore,15,0,6,1.0
1426288,1,Sunrisers Hyderabad,201,3,120,20.0
1426288,2,Rajasthan Royals,200,7,120,20.0
336025,1,Kolkata Knight Riders,149,5,120,20.0
336025,2,Chennai Super Kings,55,0,48,8.0
419112,1,Kings XI Punjab,203,3,120,20.0
419112,2,Royal Challengers Bangalore,204,2,113,18.5
597998,1,Delhi Daredevils,128,10,120,20.0
597998,2,Kolkata Knight Riders,129,4,112,18.4
598063,1,Mumbai Indians,166,8,120,20.0
598063,2,Rajasthan Royals,152,7,120,20.0
501245,1,Chennai Super Kings,114,4,120,20.0
501245,2,Kolkata Knight Riders,61,2,60,10.0
980913,1,Kings XI Punjab,111,9,120,20.0
980913,2,Delhi Daredevils,113,2,81,13.3
1304110,1,Delhi Capitals,159,7,120,20.0
1304110,2,Punjab Kings,142,9,120,20.0
1082636,1,Royal Challengers Bangalore,158,6,120,20.0
1082636,2,Kolkata Knight Riders,159,4,91,15.1
1178409,1,Mumbai Indians,168,5,120,20.0
1178409,2,Delhi Capitals,128,9,120,20.0
1527683,1,Sunrisers Hyderabad,156,9,120,20.0
1527683,2,Lucknow Super Giants,160,5,119,19.5
829783,1,Delhi Daredevils,152,6,120,20.0
829783,2,Mumbai Indians,153,5,117,19.3
1216521,1,Chennai Super Kings,114,9,120,20.0
1216521,2,Mumbai Indians,116,0,74,12.2
733981,1,Delhi Daredevils,178,5,120,20.0
733981,2,Chennai Super Kings,181,2,118,19.4
335999,1,Deccan Chargers,164,8,120,20.0
335999,2,Kings XI Punjab,167,3,113,18.5
1422137,1,Royal Challengers Bengaluru,183,3,120,20.0
1422137,2,Rajasthan Royals,189,4,115,19.1
980997,1,Delhi Daredevils,121,6,120,20.0
980997,2,Rising Pune Supergiants,76,1,66,11.0
1136617,1,Sunrisers Hyderabad,139,7,120,20.0
1136617,2,Chennai Super Kings,140,8,115,19.1
1473504,1,Chennai Super Kings,230,5,120,20.0
1473504,2,Gujarat Titans,147,10,111,18.3
501214,1,Rajasthan Royals,81,10,92,15.2
501214,2,Kolkata Knight Riders,85,2,83,13.5
392221,1,Kolkata Knight Riders,173,4,120,20.0
392221,2,Royal Challengers Bangalore,176,4,116,19.2
734033,1,Kings XI Punjab,179,4,120,20.0
734033,2,Rajasthan Royals,163,8,120,20.0
729281,1,Delhi Daredevils,145,4,120,20.0
729281,2,Royal Challengers Bangalore,146,2,100,16.4
1254063,1,Royal Challengers Bangalore,149,8,120,20.0
1254063,2,Sunrisers Hyderabad,143,9,120,20.0
1359505,1,Punjab Kings,214,8,120,20.0
1359505,2,Mumbai Indians,201,6,120,20.0
392197,1,Mumbai Indians,187,6,120,20.0
392197,2,Kolkata Knight Riders,95,9,92,15.2
1178421,1,Delhi Capitals,187,5,120,20.0
1178421,2,Royal Challengers Bangalore,171,7,120,20.0
1359530,1,Kolkata Knight Riders,149,8,120,20.0
1359530,2,Rajasthan Royals,151,1,79,13.1
335998,1,Delhi Daredevils,191,5,120,20.0
335998,2,Royal Challengers Bangalore,181,5,120,20.0
548363,1,Mumbai Indians,182,1,120,20.0
548363,2,Kolkata Knight Riders,155,4,120,20.0
548320,1,Rajasthan Royals,131,5,120,20.0
548320,2,Kolkata Knight Riders,137,5,116,19.2
1426276,1,Mumbai Indians,179,9,120,20.0
1426276,2,Rajasthan Royals,183,1,112,18.4
392189,1,Delhi Daredevils,189,5,120,20.0
392189,2,Chennai Super Kings,180,9,120,20.0
829759,1,Sunrisers Hyderabad,150,6,120,20.0
829759,2,Kings XI Punjab,130,9,120,20.0
1136601,1,Mumbai Indians,210,6,120,20.0
1136601,2,Kolkata Knight Riders,108,10,109,18.1
1136607,1,Mumbai Indians,168,6,120,20.0
1136607,2,Rajasthan Royals,171,3,108,18.0
981019,1,Sunrisers Hyderabad,208,7,120,20.0
981019,2,Royal Challengers Bangalore,200,7,120,20.0
1426289,1,Kolkata Knight Riders,169,10,119,19.5
1426289,2,Mumbai Indians,145,10,113,18.5
1216532,1,Sunrisers Hyderabad,162,4,120,20.0
1216532,2,Delhi Capitals,147,7,120,20.0
1304106,1,Punjab Kings,209,9,120,20.0
1304106,2,Royal Challengers Bangalore,155,9,120,20.0
419120,1,Deccan Chargers,171,6,120,20.0
419120,2,Delhi Daredevils,161,9,120,20.0
1082624,1,Rising Pune Supergiant,157,3,120,20.0
1082624,2,Royal Challengers Bangalore,96,9,120,20.0
1136565,1,Kolkata Knight Riders,202,6,120,20.0
1136565,2,Chennai Super Kings,205,5,119,19.5
1529284,1,Mumbai Indians,243,5,120,20.0
1529284,2,Sunrisers Hyderabad,249,4,112,18.4
392213,1,Royal Challengers Bangalore,105,10,120,20.0
392213,2,Rajasthan Royals,107,3,90,15.0
392224,1,Chennai Super Kings,129,10,118,19.4
392224,2,Royal Challengers Bangalore,132,8,118,19.4
1082650,1,Mumbai Indians,129,8,120,20.0
1082650,2,Rising Pune Supergiant,128,6,120,20.0
598013,1,Kolkata Knight Riders,180,4,120,20.0
598013,2,Sunrisers Hyderabad,132,7,120,20.0
1529311,1,Lucknow Super Giants,196,6,120,20.0
1529311,2,Punjab Kings,200,3,108,18.0
1359476,1,Punjab Kings,191,5,120,20.0
1359476,2,Kolkata Knight Riders,146,7,96,16.0
548349,1,Rajasthan Royals,141,6,120,20.0
548349,2,Delhi Daredevils,144,4,92,15.2
1304082,1,Royal Challengers Bangalore,68,10,97,16.1
1304082,2,Sunrisers Hyderabad,72,1,48,8.0
1529308,1,Mumbai Indians,147,8,120,20.0
1529308,2,Kolkata Knight Riders,148,6,113,18.5
1178419,1,Mumbai Indians,155,4,120,20.0
1178419,2,Chennai Super Kings,109,10,106,17.4
548336,1,Royal Challengers Bangalore,189,3,120,20.0
548336,2,Rajasthan Royals,143,7,120,20.0
598031,1,Kings XI Punjab,149,6,120,20.0
598031,2,Kolkata Knight Riders,150,4,110,18.2
336035,1,Kings XI Punjab,174,6,120,20.0
336035,2,Kolkata Knight Riders,175,7,118,19.4
1216537,1,Kings XI Punjab,185,4,120,20.0
1216537,2,Rajasthan Royals,186,3,105,17.3
1426312,1,Sunrisers Hyderabad,113,10,111,18.3
1426312,2,Kolkata Knight Riders,114,2,63,10.3
1082639,1,Kings XI Punjab,167,6,120,20.0
1082639,2,Kolkata Knight Riders,153,6,120,20.0
1254080,1,Sunrisers Hyderabad,171,3,120,20.0
1254080,2,Chennai Super Kings,173,3,111,18.3
598018,1,Sunrisers Hyderabad,119,8,120,20.0
598018,2,Pune Warriors,108,10,114,19.0
392229,1,Kings XI Punjab,134,7,120,20.0
392229,2,Deccan Chargers,133,8,120,20.0
1082649,1,Kolkata Knight Riders,107,10,113,18.5
1082649,2,Mumbai Indians,111,4,87,14.3
501216,1,Deccan Chargers,168,4,120,20.0
501216,2,Delhi Daredevils,152,7,120,20.0
1178402,1,Mumbai Indians,187,5,120,20.0
1178402,2,Rajasthan Royals,188,6,117,19.3
419161,1,Mumbai Indians,133,8,120,20.0
419161,2,Kolkata Knight Riders,135,1,105,17.3
548366,1,Deccan Chargers,190,4,120,20.0
548366,2,Kings XI Punjab,194,6,120,20.0
1422122,1,Rajasthan Royals,193,4,120,20.0
1422122,2,Lucknow Super Giants,173,6,120,20.0
548337,1,Pune Warriors,146,2,120,20.0
548337,2,Delhi Daredevils,148,2,96,16.0
734043,1,Kolkata Knight Riders,163,8,120,20.0
734043,2,Kings XI Punjab,135,8,120,20.0
501240,1,Rajasthan Royals,147,6,120,20.0
501240,2,Chennai Super Kings,149,2,112,18.4
1082610,1,Royal Challengers Bangalore,213,2,120,20.0
1082610,2,Gujarat Lions,192,7,120,20.0
392238,1,Chennai Super Kings,146,5,120,20.0
392238,2,Royal Challengers Bangalore,149,4,113,18.5
1254077,1,Delhi Capitals,159,4,120,20.0
1254077,2,Sunrisers Hyderabad,159,7,120,20.0
1254077,3,Sunrisers Hyderabad,7,0,6,1.0
1254077,4,Delhi Capitals,8,0,6,1.0
1136574,1,Mumbai Indians,213,6,120,20.0
1136574,2,Royal Challengers Bangalore,167,8,120,20.0
1426297,1,Gujarat Titans,231,3,120,20.0
1426297,2,Chennai Super Kings,196,8,120,20.0
1136619,1,Sunrisers Hyderabad,174,7,120,20.0
1136619,2,Kolkata Knight Riders,160,9,120,20.0
1359507,1,Chennai Super Kings,235,4,120,20.0
1359507,2,Kolkata Knight Riders,186,8,120,20.0
980945,1,Gujarat Lions,172,6,120,20.0
980945,2,Delhi Daredevils,171,5,120,20.0
1136599,1,Sunrisers Hyderabad,146,10,120,20.0
1136599,2,Royal Challengers Bangalore,141,6,120,20.0
1254083,1,Punjab Kings,179,5,120,20.0
1254083,2,Royal Challengers Bangalore,145,8,120,20.0
980961,1,Gujarat Lions,149,7,120,20.0
980961,2,Delhi Daredevils,150,2,104,17.2
501257,1,Kings XI Punjab,170,6,120,20.0
501257,2,Delhi Daredevils,141,8,120,20.0
598035,1,Delhi Daredevils,164,5,120,20.0
598035,2,Pune Warriors,149,4,120,20.0
501198,1,Chennai Super Kings,153,4,120,20.0
501198,2,Kolkata Knight Riders,151,7,120,20.0
1082646,1,Royal Challengers Bangalore,161,6,120,20.0
1082646,2,Delhi Daredevils,151,10,120,20.0
829775,1,Mumbai Indians,172,3,120,20.0
829775,2,Kings XI Punjab,149,7,120,20.0
548334,1,Mumbai Indians,163,6,120,20.0
548334,2,Kings XI Punjab,164,4,117,19.3
1529273,1,Mumbai Indians,199,5,120,20.0
1529273,2,Gujarat Titans,100,10,95,15.5
501242,1,Kochi Tuskers Kerala,156,5,120,20.0
501242,2,Kolkata Knight Riders,139,7,120,20.0
1136587,1,Chennai Super Kings,169,5,120,20.0
1136587,2,Mumbai Indians,170,2,118,19.4
829817,1,Mumbai Indians,187,6,120,20.0
829817,2,Chennai Super Kings,162,10,114,19.0
1136602,1,Delhi Daredevils,187,5,120,20.0
1136602,2,Sunrisers Hyderabad,191,1,113,18.5
829739,1,Delhi Daredevils,146,8,120,20.0
829739,2,Kolkata Knight Riders,147,4,109,18.1
1473474,1,Punjab Kings,157,6,120,20.0
1473474,2,Royal Challengers Bengaluru,159,3,113,18.5
392191,1,Royal Challengers Bangalore,168,9,120,20.0
392191,2,Kings XI Punjab,173,3,114,19.0
1529294,1,Delhi Capitals,142,8,120,20.0
1529294,2,Kolkata Knight Riders,147,2,86,14.2
980905,1,Kings XI Punjab,161,6,120,20.0
980905,2,Gujarat Lions,162,5,106,17.4
1178403,1,Kings XI Punjab,173,4,120,20.0
1178403,2,Royal Challengers Bangalore,174,2,116,19.2
1082608,1,Delhi Daredevils,168,7,120,20.0
1082608,2,Kolkata Knight Riders,169,6,119,19.5
1529303,1,Kolkata Knight Riders,247,2,120,20.0
1529303,2,Gujarat Titans,218,4,120,20.0
1216527,1,Kings XI Punjab,223,2,120,20.0
1216527,2,Rajasthan Royals,226,6,117,19.3
598043,1,Rajasthan Royals,132,6,120,20.0
598043,2,Kolkata Knight Riders,133,2,104,17.2
1216512,1,Kolkata Knight Riders,163,5,120,20.0
1216512,2,Sunrisers Hyderabad,163,6,120,20.0
1216512,3,Sunrisers Hyderabad,2,2,3,0.3
1216512,4,Kolkata Knight Riders,3,0,4,0.4
501234,1,Kings XI Punjab,119,6,120,20.0
501234,2,Kolkata Knight Riders,120,2,104,17.2
501247,1,Kochi Tuskers Kerala,125,9,120,20.0
501247,2,Royal Challengers Bangalore,128,1,79,13.1
598034,1,Chennai Super Kings,200,3,120,20.0
598034,2,Kolkata Knight Riders,186,4,120,20.0
419157,1,Mumbai Indians,191,4,120,20.0
419157,2,Royal Challengers Bangalore,134,9,120,20.0
829757,1,Delhi Daredevils,95,10,110,18.2
829757,2,Royal Challengers Bangalore,99,0,63,10.3
829727,1,Sunrisers Hyderabad,127,5,120,20.0
829727,2,Rajasthan Royals,131,4,120,20.0
1254064,1,Delhi Capitals,147,8,120,20.0
1254064,2,Rajasthan Royals,150,7,118,19.4
1254075,1,Kolkata Knight Riders,133,9,120,20.0
1254075,2,Rajasthan Royals,134,4,113,18.5
501213,1,Pune Warriors,187,5,120,20.0
501213,2,Delhi Daredevils,190,7,116,19.2
1216520,1,Kolkata Knight Riders,149,9,120,20.0
1216520,2,Kings XI Punjab,150,2,113,18.5
1254113,1,Royal Challengers Bangalore,156,6,120,20.0
1254113,2,Chennai Super Kings,157,4,109,18.1
392206,1,Chennai Super Kings,163,10,120,20.0
392206,2,Delhi Daredevils,145,8,120,20.0
598054,1,Royal Challengers Bangalore,183,4,120,20.0
598054,2,Delhi Daredevils,179,7,120,20.0
980947,1,Kolkata Knight Riders,174,5,120,20.0
980947,2,Mumbai Indians,178,4,108,18.0
548359,1,Kings XI Punjab,170,5,120,20.0
548359,2,Deccan Chargers,145,8,120,20.0
501225,1,Kochi Tuskers Kerala,109,10,120,20.0
501225,2,Rajasthan Royals,111,2,85,14.1
1136598,1,Rajasthan Royals,152,9,120,20.0
1136598,2,Kings XI Punjab,155,4,112,18.4
392230,1,Delhi Daredevils,150,3,120,20.0
392230,2,Rajasthan Royals,136,9,120,20.0
1473503,1,Sunrisers Hyderabad,231,6,120,20.0
1473503,2,Royal Challengers Bengaluru,189,10,119,19.5
1178417,1,Royal Challengers Bangalore,202,4,120,20.0
1178417,2,Kings XI Punjab,185,7,120,20.0
598051,1,Chennai Super Kings,223,3,120,20.0
598051,2,Sunrisers Hyderabad,146,8,120,20.0
1254095,1,Sunrisers Hyderabad,141,7,120,20.0
1254095,2,Royal Challengers Bangalore,137,6,120,20.0
1359528,1,Royal Challengers Bangalore,199,6,120,20.0
1359528,2,Mumbai Indians,200,4,99,16.3
1359518,1,Delhi Capitals,130,8,120,20.0
1359518,2,Gujarat Titans,125,6,120,20.0
548319,1,Pune Warriors,115,10,114,19.0
548319,2,Kings XI Punjab,116,3,106,17.4
1216539,1,Delhi Capitals,175,3,120,20.0
1216539,2,Chennai Super Kings,131,7,120,20.0
392184,1,Kolkata Knight Riders,101,10,118,19.4
392184,2,Deccan Chargers,104,2,79,13.1
1359533,1,Punjab Kings,167,7,120,20.0
1359533,2,Delhi Capitals,136,8,120,20.0
1216531,1,Royal Challengers Bangalore,171,6,120,20.0
1216531,2,Kings XI Punjab,177,2,120,20.0
1473483,1,Delhi Capitals,162,8,120,20.0
1473483,2,Royal Challengers Bengaluru,165,4,111,18.3
1426263,1,Royal Challengers Bengaluru,196,8,120,20.0
1426263,2,Mumbai Indians,199,3,93,15.3
980963,1,Kolkata Knight Riders,164,3,120,20.0
980963,2,Kings XI Punjab,157,9,120,20.0
548369,1,Kings XI Punjab,136,8,120,20.0
548369,2,Delhi Daredevils,140,5,114,19.0
1254104,1,Chennai Super Kings,156,7,120,20.0
1254104,2,Mumbai Indians,136,8,120,20.0
548377,1,Rajasthan Royals,162,6,120,20.0
548377,2,Mumbai Indians,163,0,108,18.0
392201,1,Deccan Chargers,148,9,120,20.0
392201,2,Delhi Daredevils,150,4,112,18.4
980933,1,Delhi Daredevils,164,4,120,20.0
980933,2,Mumbai Indians,154,7,120,20.0
501246,1,Mumbai Indians,178,4,120,20.0
501246,2,Delhi Daredevils,146,10,119,19.5
419160,1,Deccan Chargers,145,7,120,20.0
419160,2,Delhi Daredevils,134,7,120,20.0
829761,1,Kolkata Knight Riders,171,7,120,20.0
829761,2,Delhi Daredevils,158,6,120,20.0
1426265,1,Punjab Kings,147,8,120,20.0
1426265,2,Rajasthan Royals,152,7,119,19.5
1254105,1,Sunrisers Hyderabad,134,9,120,20.0
1254105,2,Delhi Capitals,139,2,107,17.5
1359539,1,Sunrisers Hyderabad,186,5,120,20.0
1359539,2,Royal Challengers Bangalore,187,2,116,19.2
1422124,1,Punjab Kings,176,6,120,20.0
1422124,2,Royal Challengers Bengaluru,178,6,116,19.2
548367,1,Royal Challengers Bangalore,171,6,120,20.0
548367,2,Mumbai Indians,173,5,118,19.4
598058,1,Chennai Super Kings,141,4,120,20.0
598058,2,Rajasthan Royals,144,5,103,17.1
734031,1,Mumbai Indians,173,10,117,19.3
734031,2,Delhi Daredevils,158,4,120,20.0
501260,1,Kings XI Punjab,232,2,120,20.0
501260,2,Royal Challengers Bangalore,121,10,102,17.0
1426264,1,Lucknow Super Giants,167,7,120,20.0
1426264,2,Delhi Capitals,170,4,109,18.1
1304052,1,Kolkata Knight Riders,128,10,113,18.5
1304052,2,Royal Challengers Bangalore,132,7,116,19.2
1304059,1,Rajasthan Royals,169,3,120,20.0
1304059,2,Royal Challengers Bangalore,173,6,115,19.1
1136572,1,Kings XI Punjab,197,7,120,20.0
1136572,2,Chennai Super Kings,193,5,120,20.0
1473490,1,Kolkata Knight Riders,206,4,120,20.0
1473490,2,Rajasthan Royals,205,8,120,20.0
980965,1,Delhi Daredevils,162,7,120,20.0
980965,2,Rising Pune Supergiants,166,3,115,19.1
734013,1,Chennai Super Kings,138,4,120,20.0
734013,2,Royal Challengers Bangalore,142,5,119,19.5
1082614,1,Mumbai Indians,142,8,120,20.0
1082614,2,Delhi Daredevils,128,7,120,20.0
501243,1,Deccan Chargers,175,5,120,20.0
501243,2,Delhi Daredevils,179,6,114,19.0
1473447,1,Sunrisers Hyderabad,163,10,112,18.4
1473447,2,Delhi Capitals,166,3,96,16.0
598062,1,Chennai Super Kings,168,4,120,20.0
598062,2,Delhi Daredevils,135,9,120,20.0
1175361,1,Kolkata Knight Riders,218,4,120,20.0
1175361,2,Kings XI Punjab,190,4,120,20.0
598068,1,Royal Challengers Bangalore,106,2,48,8.0
598068,2,Chennai Super Kings,82,6,48,8.0
1216516,1,Sunrisers Hyderabad,164,5,120,20.0
1216516,2,Chennai Super Kings,157,5,120,20.0
1312199,1,Royal Challengers Bangalore,157,8,120,20.0
1312199,2,Rajasthan Royals,161,3,109,18.1
1304100,1,Royal Challengers Bangalore,192,3,120,20.0
1304100,2,Sunrisers Hyderabad,125,10,116,19.2
419126,1,Deccan Chargers,148,9,120,20.0
419126,2,Rajasthan Royals,151,2,94,15.4
548351,1,Mumbai Indians,120,9,120,20.0
548351,2,Pune Warriors,119,6,120,20.0
1529264,1,Sunrisers Hyderabad,216,6,120,20.0
1529264,2,Rajasthan Royals,159,10,114,19.0
829765,1,Chennai Super Kings,134,6,120,20.0
829765,2,Kolkata Knight Riders,132,9,120,20.0
1426260,1,Kolkata Knight Riders,137,9,120,20.0
1426260,2,Chennai Super Kings,141,3,106,17.4
598072,1,Rajasthan Royals,165,6,120,20.0
598072,2,Mumbai Indians,169,6,119,19.5
598022,1,Kolkata Knight Riders,119,9,120,20.0
598022,2,Chennai Super Kings,124,6,115,19.1
729317,1,Sunrisers Hyderabad,172,5,120,20.0
729317,2,Mumbai Indians,157,7,120,20.0
734029,1,Chennai Super Kings,185,3,120,20.0
734029,2,Sunrisers Hyderabad,189,4,118,19.4
1359486,1,Mumbai Indians,157,8,120,20.0
1359486,2,Chennai Super Kings,159,3,109,18.1
981013,1,Gujarat Lions,158,10,120,20.0
981013,2,Royal Challengers Bangalore,159,6,110,18.2
1216540,1,Royal Challengers Bangalore,194,2,120,20.0
1216540,2,Kolkata Knight Riders,112,9,120,20.0
501255,1,Kolkata Knight Riders,89,4,78,13.0
501255,2,Royal Challengers Bangalore,105,6,74,12.2
598014,1,Kings XI Punjab,124,10,113,18.5
598014,2,Rajasthan Royals,126,4,116,19.2
419127,1,Kolkata Knight Riders,183,5,120,20.0
419127,2,Kings XI Punjab,144,6,120,20.0
1136603,1,Chennai Super Kings,176,4,120,20.0
1136603,2,Rajasthan Royals,177,6,119,19.5
980911,1,Rising Pune Supergiants,163,5,120,20.0
980911,2,Gujarat Lions,164,3,108,18.0
336017,1,Kolkata Knight Riders,133,6,120,20.0
336017,2,Delhi Daredevils,110,10,107,17.5
1473453,1,Lucknow Super Giants,203,8,120,20.0
1473453,2,Mumbai Indians,191,5,120,20.0
419137,1,Chennai Super Kings,246,5,120,20.0
419137,2,Rajasthan Royals,223,5,120,20.0
1359506,1,Royal Challengers Bangalore,189,9,120,20.0
1359506,2,Rajasthan Royals,182,6,120,20.0
501207,1,Kochi Tuskers Kerala,148,8,120,20.0
501207,2,Pune Warriors,151,6,113,18.5
598008,1,Kolkata Knight Riders,154,8,120,20.0
598008,2,Royal Challengers Bangalore,158,2,105,17.3
981001,1,Kolkata Knight Riders,124,8,120,20.0
981001,2,Gujarat Lions,125,4,81,13.3
1216498,1,Kings XI Punjab,126,7,120,20.0
1216498,2,Sunrisers Hyderabad,114,10,119,19.5
1529293,1,Lucknow Super Giants,209,3,114,19.0
1529293,2,Royal Challengers Bengaluru,203,6,114,19.0
1216500,1,Delhi Capitals,184,8,120,20.0
1216500,2,Rajasthan Royals,138,10,118,19.4
1175356,1,Royal Challengers Bangalore,70,10,103,17.1
1175356,2,Chennai Super Kings,71,3,106,17.4
598017,1,Delhi Daredevils,152,5,120,20.0
598017,2,Royal Challengers Bangalore,152,7,120,20.0
598017,3,Royal Challengers Bangalore,15,0,6,1.0
598017,4,Delhi Daredevils,11,2,6,1.0
598020,1,Chennai Super Kings,169,4,120,20.0
598020,2,Delhi Daredevils,83,10,105,17.3
1082611,1,Sunrisers Hyderabad,191,4,120,20.0
1082611,2,Delhi Daredevils,176,5,120,20.0
733973,1,Kings XI Punjab,168,5,120,20.0
733973,2,Mumbai Indians,170,5,115,19.1
1175368,1,Kings XI Punjab,166,9,120,20.0
1175368,2,Delhi Capitals,152,10,116,19.2
548313,1,Pune Warriors,166,6,120,20.0
548313,2,Kings XI Punjab,144,8,120,20.0
1527680,1,Chennai Super Kings,209,5,120,20.0
1527680,2,Punjab Kings,210,5,112,18.4
392215,1,Mumbai Indians,116,10,120,20.0
392215,2,Delhi Daredevils,118,3,113,18.5
598040,1,Kolkata Knight Riders,136,7,120,20.0
598040,2,Delhi Daredevils,137,3,107,17.5
1529297,1,Mumbai Indians,166,7,120,20.0
1529297,2,Royal Challengers Bengaluru,167,8,120,20.0
501202,1,Kings XI Punjab,112,8,119,19.5
501202,2,Pune Warriors,113,3,79,13.1
1426268,1,Sunrisers Hyderabad,287,3,120,20.0
1426268,2,Royal Challengers Bengaluru,262,7,120,20.0
501199,1,Deccan Chargers,137,8,120,20.0
501199,2,Rajasthan Royals,141,2,113,18.5
548317,1,Mumbai Indians,197,6,120,20.0
548317,2,Rajasthan Royals,170,10,118,19.4
1178426,1,Mumbai Indians,162,5,120,20.0
1178426,2,Sunrisers Hyderabad,162,6,120,20.0
1178426,3,Sunrisers Hyderabad,8,2,4,0.4
1178426,4,Mumbai Indians,9,0,3,0.3
1178395,1,Royal Challengers Bangalore,149,8,120,20.0
1178395,2,Delhi Capitals,152,6,113,18.5
419153,1,Kolkata Knight Riders,139,8,120,20.0
419153,2,Chennai Super Kings,143,1,81,13.3
829729,1,Mumbai Indians,183,7,120,20.0
829729,2,Chennai Super Kings,189,4,100,16.4
1359492,1,Punjab Kings,153,8,120,20.0
1359492,2,Gujarat Titans,154,4,119,19.5
1426302,1,Delhi Capitals,208,4,120,20.0
1426302,2,Lucknow Super Giants,189,9,120,20.0
1136610,1,Mumbai Indians,186,8,120,20.0
1136610,2,Kings XI Punjab,183,5,120,20.0
1359540,1,Punjab Kings,187,5,120,20.0
1359540,2,Rajasthan Royals,189,6,118,19.4
729309,1,Mumbai Indians,125,7,120,20.0
729309,2,Delhi Daredevils,126,4,113,18.5
335989,1,Chennai Super Kings,208,5,120,20.0
335989,2,Mumbai Indians,202,7,120,20.0
1178410,1,Royal Challengers Bangalore,213,4,120,20.0
1178410,2,Kolkata Knight Riders,203,5,120,20.0
829733,1,Kings XI Punjab,155,9,120,20.0
829733,2,Kolkata Knight Riders,159,6,107,17.5
1254079,1,Royal Challengers Bangalore,171,5,120,20.0
1254079,2,Delhi Capitals,170,4,120,20.0
1529283,1,Punjab Kings,222,4,120,20.0
1529283,2,Rajasthan Royals,228,4,116,19.2
1535463,1,Rajasthan Royals,243,8,120,20.0
1535463,2,Sunrisers Hyderabad,196,10,116,19.2
1254076,1,Chennai Super Kings,191,4,120,20.0
1254076,2,Royal Challengers Bangalore,122,9,120,20.0
1175370,1,Mumbai Indians,170,5,120,20.0
1175370,2,Chennai Super Kings,133,8,120,20.0
1254069,1,Chennai Super Kings,188,9,120,20.0
1254069,2,Rajasthan Royals,143,9,120,20.0
1216544,1,Royal Challengers Bangalore,145,6,120,20.0
1216544,2,Chennai Super Kings,150,2,112,18.4
1304090,1,Rajasthan Royals,158,6,120,20.0
1304090,2,Mumbai Indians,161,5,116,19.2
1473468,1,Punjab Kings,111,10,93,15.3
1473468,2,Kolkata Knight Riders,95,10,91,15.1
1082594,1,Rising Pune Supergiant,163,6,120,20.0
1082594,2,Kings XI Punjab,164,4,114,19.0
1136605,1,Delhi Daredevils,181,4,120,20.0
1136605,2,Royal Challengers Bangalore,187,5,114,19.0
980975,1,Kolkata Knight Riders,158,4,120,20.0
980975,2,Gujarat Lions,164,5,108,18.0
598069,1,Kolkata Knight Riders,130,7,120,20.0
598069,2,Sunrisers Hyderabad,132,5,113,18.5
734023,1,Chennai Super Kings,154,4,120,20.0
734023,2,Kolkata Knight Riders,156,2,108,18.0
1254074,1,Mumbai Indians,131,6,120,20.0
1254074,2,Punjab Kings,132,1,106,17.4
335995,1,Delhi Daredevils,158,8,120,20.0
335995,2,Kings XI Punjab,162,6,117,19.3
392216,1,Deccan Chargers,168,5,120,20.0
392216,2,Kings XI Punjab,169,7,119,19.5
598042,1,Royal Challengers Bangalore,187,3,120,20.0
598042,2,Pune Warriors,170,9,120,20.0
981017,1,Gujarat Lions,162,7,120,20.0
981017,2,Sunrisers Hyderabad,163,6,116,19.2
1359482,1,Punjab Kings,197,5,120,20.0
1359482,2,Rajasthan Royals,192,7,120,20.0
1473459,1,Punjab Kings,219,6,120,20.0
1473459,2,Chennai Super Kings,201,5,120,20.0
1178412,1,Kings XI Punjab,163,7,120,20.0
1178412,2,Delhi Capitals,166,5,118,19.4
1254100,1,Rajasthan Royals,164,5,120,20.0
1254100,2,Sunrisers Hyderabad,167,3,111,18.3
548379,1,Chennai Super Kings,187,5,120,20.0
548379,2,Mumbai Indians,149,9,120,20.0
1527687,1,Gujarat Titans,210,4,120,20.0
1527687,2,Delhi Capitals,209,8,120,20.0
980977,1,Royal Challengers Bangalore,175,6,120,20.0
980977,2,Kings XI Punjab,174,4,120,20.0
1136597,1,Mumbai Indians,181,4,120,20.0
1136597,2,Kolkata Knight Riders,168,6,120,20.0
548343,1,Kings XI Punjab,156,8,120,20.0
548343,2,Chennai Super Kings,149,8,120,20.0
1370352,1,Gujarat Titans,233,3,120,20.0
1370352,2,Mumbai Indians,171,10,110,18.2
1082617,1,Kolkata Knight Riders,131,10,117,19.3
1082617,2,Royal Challengers Bangalore,49,10,58,9.4
1359544,1,Royal Challengers Bangalore,197,5,120,20.0
1359544,2,Gujarat Titans,198,4,115,19.1
1473450,1,Lucknow Super Giants,171,7,120,20.0
1473450,2,Punjab Kings,177,2,98,16.2
1473472,1,Delhi Capitals,203,8,120,20.0
1473472,2,Gujarat Titans,204,3,116,19.2
336036,1,Mumbai Indians,145,7,120,20.0
336036,2,Rajasthan Royals,146,5,120,20.0
1359511,1,Rajasthan Royals,202,5,120,20.0
1359511,2,Chennai Super Kings,170,6,120,20.0
1535464,1,Rajasthan Royals,214,6,120,20.0
1535464,2,Gujarat Titans,219,3,112,18.4
548344,1,Kolkata Knight Riders,190,4,120,20.0
548344,2,Royal Challengers Bangalore,143,6,120,20.0
1473454,1,Delhi Capitals,183,6,120,20.0
1473454,2,Chennai Super Kings,158,5,120,20.0
1216538,1,Mumbai Indians,208,5,120,20.0
1216538,2,Sunrisers Hyderabad,174,7,120,20.0
980957,1,Rising Pune Supergiants,159,5,120,20.0
980957,2,Mumbai Indians,161,2,111,18.3
501228,1,Pune Warriors,141,6,120,20.0
501228,2,Chennai Super Kings,145,2,117,19.3
598015,1,Pune Warriors,159,5,120,20.0
598015,2,Chennai Super Kings,135,8,120,20.0
598056,1,Sunrisers Hyderabad,150,7,120,20.0
598056,2,Kings XI Punjab,120,9,120,20.0
501269,1,Kolkata Knight Riders,147,7,120,20.0
501269,2,Mumbai Indians,148,6,116,19.2
1136600,1,Rajasthan Royals,158,8,120,20.0
1136600,2,Kings XI Punjab,143,7,120,20.0
1304056,1,Gujarat Titans,171,6,120,20.0
1304056,2,Delhi Capitals,157,9,120,20.0
598003,1,Pune Warriors,99,9,120,20.0
598003,2,Kings XI Punjab,100,2,74,12.2
1082622,1,Delhi Daredevils,160,6,120,20.0
1082622,2,Kolkata Knight Riders,161,3,98,16.2
598011,1,Mumbai Indians,183,3,120,20.0
598011,2,Pune Warriors,142,8,120,20.0
1473444,1,Sunrisers Hyderabad,190,9,120,20.0
1473444,2,Lucknow Super Giants,193,5,97,16.1
729287,1,Mumbai Indians,115,9,120,20.0
729287,2,Royal Challengers Bangalore,116,3,105,17.3
419119,1,Mumbai Indians,151,9,120,20.0
419119,2,Royal Challengers Bangalore,155,3,115,19.1
1136576,1,Kings XI Punjab,193,3,120,20.0
1136576,2,Sunrisers Hyderabad,178,5,120,20.0
1304091,1,Lucknow Super Giants,195,3,120,20.0
1304091,2,Delhi Capitals,189,7,120,20.0
1422121,1,Kolkata Knight Riders,208,7,120,20.0
1422121,2,Sunrisers Hyderabad,204,7,120,20.0
1359527,1,Punjab Kings,179,7,120,20.0
1359527,2,Kolkata Knight Riders,182,5,120,20.0
1529279,1,Rajasthan Royals,228,6,120,20.0
1529279,2,Sunrisers Hyderabad,229,5,111,18.3
1175367,1,Chennai Super Kings,175,5,120,20.0
1175367,2,Rajasthan Royals,167,8,120,20.0
1254093,1,Rajasthan Royals,90,9,120,20.0
1254093,2,Mumbai Indians,94,2,50,8.2
1136591,1,Royal Challengers Bangalore,167,7,120,20.0
1136591,2,Mumbai Indians,153,7,120,20.0
1527678,1,Lucknow Super Giants,141,10,112,18.4
1527678,2,Delhi Capitals,145,4,103,17.1
1216529,1,Delhi Capitals,162,4,120,20.0
1216529,2,Mumbai Indians,166,5,118,19.4
1178399,1,Kings XI Punjab,197,4,120,20.0
1178399,2,Mumbai Indians,198,7,120,20.0
501241,1,Mumbai Indians,160,7,120,20.0
501241,2,Pune Warriors,139,7,120,20.0
829773,1,Sunrisers Hyderabad,192,7,120,20.0
829773,2,Chennai Super Kings,170,6,120,20.0
829815,1,Sunrisers Hyderabad,113,10,120,20.0
829815,2,Mumbai Indians,114,1,83,13.5
336029,1,Royal Challengers Bangalore,126,8,120,20.0
336029,2,Chennai Super Kings,112,8,120,20.0
1527682,1,Rajasthan Royals,210,6,120,20.0
1527682,2,Gujarat Titans,204,8,120,20.0
980985,1,Mumbai Indians,124,9,120,20.0
980985,2,Kings XI Punjab,127,3,102,17.0
501232,1,Royal Challengers Bangalore,181,5,120,20.0
501232,2,Pune Warriors,155,5,120,20.0
501256,1,Deccan Chargers,135,6,120,20.0
501256,2,Mumbai Indians,125,8,120,20.0
1136569,1,Mumbai Indians,194,7,120,20.0
1136569,2,Delhi Daredevils,195,3,120,20.0
1529266,1,Lucknow Super Giants,146,10,120,20.0
1529266,2,Royal Challengers Bengaluru,149,5,91,15.1
1175362,1,Mumbai Indians,187,8,120,20.0
1175362,2,Royal Challengers Bangalore,181,5,120,20.0
336009,1,Delhi Daredevils,187,5,120,20.0
336009,2,Chennai Super Kings,188,6,120,20.0
1136596,1,Delhi Daredevils,163,5,120,20.0
1136596,2,Sunrisers Hyderabad,164,3,119,19.5
980969,1,Rising Pune Supergiants,191,6,120,20.0
980969,2,Royal Challengers Bangalore,195,3,117,19.3
336013,1,Chennai Super Kings,181,4,120,20.0
336013,2,Kings XI Punjab,163,9,120,20.0
548371,1,Chennai Super Kings,120,7,120,20.0
548371,2,Kings XI Punjab,123,4,99,16.3
1216524,1,Sunrisers Hyderabad,219,2,120,20.0
1216524,2,Delhi Capitals,131,10,114,19.0
1359522,1,Rajasthan Royals,118,10,107,17.5
1359522,2,Gujarat Titans,119,1,83,13.5
548378,1,Kolkata Knight Riders,162,4,120,20.0
548378,2,Delhi Daredevils,144,8,120,20.0
1529312,1,Rajasthan Royals,205,8,120,20.0
1529312,2,Mumbai Indians,175,9,120,20.0
829799,1,Sunrisers Hyderabad,185,5,120,20.0
829799,2,Kings XI Punjab,180,7,120,20.0
1178414,1,Royal Challengers Bangalore,161,7,120,20.0
1178414,2,Chennai Super Kings,160,8,120,20.0
1529278,1,Delhi Capitals,264,2,120,20.0
1529278,2,Punjab Kings,265,4,113,18.5
734047,1,Kings XI Punjab,226,6,120,20.0
734047,2,Chennai Super Kings,202,7,120,20.0
829719,1,Royal Challengers Bangalore,166,10,119,19.5
829719,2,Sunrisers Hyderabad,172,2,104,17.2
1422128,1,Royal Challengers Bengaluru,182,6,120,20.0
1422128,2,Kolkata Knight Riders,186,3,101,16.5
419107,1,Mumbai Indians,212,7,120,20.0
419107,2,Rajasthan Royals,208,7,120,20.0
1216496,1,Rajasthan Royals,216,7,120,20.0
1216496,2,Chennai Super Kings,200,6,120,20.0
419115,1,Rajasthan Royals,92,10,119,19.5
419115,2,Royal Challengers Bangalore,93,0,64,10.4
501235,1,Pune Warriors,143,7,120,20.0
501235,2,Rajasthan Royals,144,4,117,19.3
501264,1,Deccan Chargers,198,2,120,20.0
501264,2,Kings XI Punjab,116,10,114,19.0
1304076,1,Rajasthan Royals,217,5,120,20.0
1304076,2,Kolkata Knight Riders,210,10,118,19.4
501226,1,Chennai Super Kings,142,6,120,20.0
501226,2,Pune Warriors,117,9,120,20.0
336023,1,Rajasthan Royals,197,1,120,20.0
336023,2,Royal Challengers Bangalore,132,9,120,20.0
1359494,1,Royal Challengers Bangalore,174,6,120,20.0
1359494,2,Delhi Capitals,151,9,120,20.0
1254110,1,Chennai Super Kings,136,5,120,20.0
1254110,2,Delhi Capitals,139,7,118,19.4
1529302,1,Chennai Super Kings,187,5,120,20.0
1529302,2,Lucknow Super Giants,188,3,100,16.4
1136584,1,Royal Challengers Bangalore,205,8,120,20.0
1136584,2,Chennai Super Kings,207,5,118,19.4
1082642,1,Delhi Daredevils,168,8,120,20.0
1082642,2,Rising Pune Supergiant,161,7,120,20.0
1426273,1,Sunrisers Hyderabad,266,7,120,20.0
1426273,2,Delhi Capitals,199,10,115,19.1
1304077,1,Royal Challengers Bangalore,181,6,120,20.0
1304077,2,Lucknow Super Giants,163,8,120,20.0
1082595,1,Royal Challengers Bangalore,157,8,120,20.0
1082595,2,Delhi Daredevils,142,9,120,20.0
1304069,1,Punjab Kings,198,5,120,20.0
1304069,2,Mumbai Indians,186,9,120,20.0
1359524,1,Royal Challengers Bangalore,181,4,120,20.0
1359524,2,Delhi Capitals,187,3,100,16.4
1304057,1,Punjab Kings,180,8,120,20.0
1304057,2,Chennai Super Kings,126,10,108,18.0
335994,1,Mumbai Indians,154,7,120,20.0
335994,2,Deccan Chargers,155,0,73,12.1
829791,1,Kings XI Punjab,183,5,120,20.0
829791,2,Kolkata Knight Riders,184,9,119,19.5
1535465,1,Gujarat Titans,155,8,120,20.0
1535465,2,Royal Challengers Bengaluru,161,5,108,18.0
392183,1,Kings XI Punjab,104,7,72,12.0
392183,2,Delhi Daredevils,58,0,29,4.5
1254065,1,Punjab Kings,106,8,120,20.0
1254065,2,Chennai Super Kings,107,4,94,15.4
1254096,1,Mumbai Indians,155,6,120,20.0
1254096,2,Kolkata Knight Riders,159,3,91,15.1
336033,1,Rajasthan Royals,211,5,120,20.0
336033,2,Chennai Super Kings,201,7,120,20.0
729299,1,Kolkata Knight Riders,150,7,120,20.0
729299,2,Royal Challengers Bangalore,148,5,120,20.0
980935,1,Kings XI Punjab,143,6,120,20.0
980935,2,Sunrisers Hyderabad,146,5,107,17.5
829705,1,Mumbai Indians,168,3,120,20.0
829705,2,Kolkata Knight Riders,170,3,111,18.3
1178398,1,Kolkata Knight Riders,108,9,120,20.0
1178398,2,Chennai Super Kings,111,3,104,17.2
1370350,1,Chennai Super Kings,172,7,120,20.0
1370350,2,Gujarat Titans,157,10,120,20.0
548335,1,Deccan Chargers,126,7,120,20.0
548335,2,Kolkata Knight Riders,127,5,114,19.0
598026,1,Rajasthan Royals,185,4,120,20.0
598026,2,Chennai Super Kings,186,5,119,19.5
548321,1,Deccan Chargers,157,8,120,20.0
548321,2,Delhi Daredevils,162,5,115,19.1
392192,1,Deccan Chargers,168,9,120,20.0
392192,2,Mumbai Indians,156,7,120,20.0
1216547,1,Royal Challengers Bangalore,201,3,120,20.0
1216547,2,Mumbai Indians,201,5,120,20.0
1216547,3,Mumbai Indians,7,1,6,1.0
1216547,4,Royal Challengers Bangalore,11,0,6,1.0
1136586,1,Delhi Daredevils,219,4,120,20.0
1136586,2,Kolkata Knight Riders,164,9,120,20.0
1473501,1,Mumbai Indians,180,5,120,20.0
1473501,2,Delhi Capitals,121,10,110,18.2
829737,1,Mumbai Indians,209,7,120,20.0
829737,2,Royal Challengers Bangalore,191,7,120,20.0
1527675,1,Kolkata Knight Riders,220,4,120,20.0
1527675,2,Mumbai Indians,224,4,115,19.1
980953,1,Sunrisers Hyderabad,194,5,120,20.0
980953,2,Royal Challengers Bangalore,179,6,120,20.0
1304092,1,Chennai Super Kings,202,2,120,20.0
1304092,2,Sunrisers Hyderabad,189,6,120,20.0
980931,1,Royal Challengers Bangalore,185,3,120,20.0
980931,2,Rising Pune Supergiants,172,9,120,20.0
1304094,1,Gujarat Titans,143,8,120,20.0
1304094,2,Punjab Kings,145,2,96,16.0
1359513,1,Kolkata Knight Riders,179,7,120,20.0
1359513,2,Gujarat Titans,180,3,107,17.5
419109,1,Royal Challengers Bangalore,135,7,120,20.0
419109,2,Kolkata Knight Riders,136,3,116,19.2
1178415,1,Rajasthan Royals,191,6,120,20.0
1178415,2,Delhi Capitals,193,4,116,19.2
1529272,1,Punjab Kings,254,7,120,20.0
1529272,2,Lucknow Super Giants,200,5,120,20.0
734039,1,Delhi Daredevils,115,10,109,18.1
734039,2,Kings XI Punjab,119,3,83,13.5
1178401,1,Kolkata Knight Riders,178,7,120,20.0
1178401,2,Delhi Capitals,180,3,113,18.5
733989,1,Sunrisers Hyderabad,134,9,120,20.0
733989,2,Rajasthan Royals,102,10,119,19.5
1216518,1,Rajasthan Royals,154,6,120,20.0
1216518,2,Sunrisers Hyderabad,156,2,109,18.1
392208,1,Mumbai Indians,149,4,120,20.0
392208,2,Royal Challengers Bangalore,150,1,109,18.1
336027,1,Kolkata Knight Riders,147,8,120,20.0
336027,2,Rajasthan Royals,150,4,99,16.3
1178423,1,Sunrisers Hyderabad,212,6,120,20.0
1178423,2,Kings XI Punjab,167,8,120,20.0
392219,1,Kolkata Knight Riders,123,8,120,20.0
392219,2,Delhi Daredevils,125,3,103,17.1
1473470,1,Sunrisers Hyderabad,162,5,120,20.0
1473470,2,Mumbai Indians,166,6,109,18.1
419123,1,Royal Challengers Bangalore,171,5,120,20.0
419123,2,Chennai Super Kings,135,7,120,20.0
336032,1,Mumbai Indians,176,8,120,20.0
336032,2,Delhi Daredevils,179,5,119,19.5
1359487,1,Gujarat Titans,204,4,120,20.0
1359487,2,Kolkata Knight Riders,207,7,120,20.0
1359543,1,Sunrisers Hyderabad,200,5,120,20.0
1359543,2,Mumbai Indians,201,2,108,18.0
548365,1,Rajasthan Royals,170,4,120,20.0
548365,2,Pune Warriors,125,9,120,20.0
829811,1,Rajasthan Royals,199,6,120,20.0
829811,2,Kolkata Knight Riders,190,9,120,20.0
1216545,1,Sunrisers Hyderabad,142,4,120,20.0
1216545,2,Kolkata Knight Riders,145,3,108,18.0
1216546,1,Delhi Capitals,164,5,120,20.0
1216546,2,Kings XI Punjab,167,5,114,19.0
1175364,1,Mumbai Indians,176,7,120,20.0
1175364,2,Kings XI Punjab,177,2,112,18.4
1304098,1,Punjab Kings,189,5,120,20.0
1304098,2,Rajasthan Royals,190,4,118,19.4
501270,1,Royal Challengers Bangalore,185,4,120,20.0
501270,2,Mumbai Indians,142,8,120,20.0
1473479,1,Royal Challengers Bengaluru,205,5,120,20.0
1473479,2,Rajasthan Royals,194,9,120,20.0
1359516,1,Rajasthan Royals,212,7,120,20.0
1359516,2,Mumbai Indians,214,4,117,19.3
392222,1,Kings XI Punjab,119,9,120,20.0
392222,2,Mumbai Indians,122,2,98,16.2
734041,1,Rajasthan Royals,189,4,120,20.0
734041,2,Mumbai Indians,195,5,88,14.4
1304107,1,Kolkata Knight Riders,177,6,120,20.0
1304107,2,Sunrisers Hyderabad,123,8,120,20.0
1216497,1,Kolkata Knight Riders,194,6,120,20.0
1216497,2,Delhi Capitals,135,9,120,20.0
1136604,1,Kolkata Knight Riders,245,6,120,20.0
1136604,2,Kings XI Punjab,214,8,120,20.0
1304113,1,Gujarat Titans,168,5,120,20.0
1304113,2,Royal Challengers Bangalore,170,2,112,18.4
1529281,1,Kolkata Knight Riders,155,7,120,20.0
1529281,2,Lucknow Super Giants,155,8,120,20.0
1529281,3,Lucknow Super Giants,1,2,3,0.3
1529281,4,Kolkata Knight Riders,4,0,1,0.1
1082621,1,Royal Challengers Bangalore,134,10,120,20.0
1082621,2,Gujarat Lions,135,3,83,13.5
1359499,1,Mumbai Indians,192,5,120,20.0
1359499,2,Sunrisers Hyderabad,178,10,119,19.5
336022,1,Delhi Daredevils,118,4,66,11.0
336022,2,Kings XI Punjab,94,3,48,8.0
598070,1,Chennai Super Kings,192,1,120,20.0
598070,2,Mumbai Indians,144,10,112,18.4
548354,1,Rajasthan Royals,177,6,120,20.0
548354,2,Kings XI Punjab,134,8,120,20.0
1473510,1,Mumbai Indians,203,6,120,20.0
1473510,2,Punjab Kings,207,5,114,19.0
1082648,1,Sunrisers Hyderabad,128,7,120,20.0
1082648,2,Kolkata Knight Riders,48,3,32,5.2
1254094,1,Chennai Super Kings,134,6,120,20.0
1254094,2,Punjab Kings,139,4,78,13.0
1426290,1,Gujarat Titans,147,10,117,19.3
1426290,2,Royal Challengers Bengaluru,152,6,82,13.4
1529289,1,Punjab Kings,163,9,120,20.0
1529289,2,Gujarat Titans,167,6,119,19.5
1254071,1,Punjab Kings,120,10,118,19.4
1254071,2,Sunrisers Hyderabad,121,1,112,18.4
1527686,1,Rajasthan Royals,150,3,66,11.0
1527686,2,Mumbai Indians,123,9,66,11.0
1426293,1,Sunrisers Hyderabad,173,8,120,20.0
1426293,2,Mumbai Indians,174,3,104,17.2
1082600,1,Sunrisers Hyderabad,158,8,120,20.0
1082600,2,Mumbai Indians,159,6,112,18.4
598050,1,Mumbai Indians,170,6,120,20.0
598050,2,Kolkata Knight Riders,105,10,110,18.2
1422139,1,Lucknow Super Giants,163,5,120,20.0
1422139,2,Gujarat Titans,130,10,113,18.5
392233,1,Rajasthan Royals,101,9,120,20.0
392233,2,Kolkata Knight Riders,102,6,117,19.3
419132,1,Kings XI Punjab,163,10,120,20.0
419132,2,Mumbai Indians,164,6,117,19.3
336004,1,Mumbai Indians,162,8,120,20.0
336004,2,Delhi Daredevils,133,10,113,18.5
419154,1,Rajasthan Royals,130,6,120,20.0
419154,2,Royal Challengers Bangalore,132,5,94,15.4
392182,1,Royal Challengers Bangalore,133,8,120,20.0
392182,2,Rajasthan Royals,58,10,91,15.1
1254089,1,Chennai Super Kings,189,4,120,20.0
1254089,2,Rajasthan Royals,190,3,105,17.3
392194,1,Royal Challengers Bangalore,149,7,120,20.0
392194,2,Delhi Daredevils,150,4,116,19.2
1175359,1,Kings XI Punjab,184,4,120,20.0
1175359,2,Rajasthan Royals,170,9,120,20.0
729305,1,Royal Challengers Bangalore,70,10,90,15.0
729305,2,Rajasthan Royals,71,4,78,13.0
335983,1,Chennai Super Kings,240,5,120,20.0
335983,2,Kings XI Punjab,207,4,120,20.0
1136581,1,Mumbai Indians,167,7,120,20.0
1136581,2,Rajasthan Royals,168,7,118,19.4
1529265,1,Chennai Super Kings,192,5,120,20.0
1529265,2,Kolkata Knight Riders,160,7,120,20.0
1473491,1,Punjab Kings,236,5,120,20.0
1473491,2,Lucknow Super Giants,199,7,120,20.0
980995,1,Kolkata Knight Riders,183,5,120,20.0
980995,2,Royal Challengers Bangalore,186,1,112,18.4
1082591,1,Sunrisers Hyderabad,207,4,120,20.0
1082591,2,Royal Challengers Bangalore,172,10,118,19.4
981011,1,Delhi Daredevils,138,8,120,20.0
981011,2,Royal Challengers Bangalore,139,4,109,18.1
980971,1,Kings XI Punjab,181,5,120,20.0
980971,2,Delhi Daredevils,172,5,120,20.0
734037,1,Sunrisers Hyderabad,160,7,120,20.0
734037,2,Kolkata Knight Riders,161,6,86,14.2
829821,1,Royal Challengers Bangalore,139,8,120,20.0
829821,2,Chennai Super Kings,140,7,119,19.5
1426267,1,Chennai Super Kings,206,4,120,20.0
1426267,2,Mumbai Indians,186,6,120,20.0
734011,1,Rajasthan Royals,201,6,120,20.0
734011,2,Delhi Daredevils,139,9,120,20.0
729279,1,Kolkata Knight Riders,163,5,120,20.0
729279,2,Mumbai Indians,122,7,120,20.0
829707,1,Chennai Super Kings,150,7,120,20.0
829707,2,Delhi Daredevils,149,9,120,20.0
548362,1,Royal Challengers Bangalore,173,3,120,20.0
548362,2,Pune Warriors,138,9,120,20.0
419130,1,Mumbai Indians,172,7,120,20.0
419130,2,Deccan Chargers,131,10,106,17.4
501268,1,Royal Challengers Bangalore,175,4,120,20.0
501268,2,Chennai Super Kings,177,4,118,19.4
1529299,1,Gujarat Titans,168,5,120,20.0
1529299,2,Sunrisers Hyderabad,86,10,89,14.5
1136620,1,Sunrisers Hyderabad,178,6,120,20.0
1136620,2,Chennai Super Kings,181,2,111,18.3
1254108,1,Royal Challengers Bangalore,165,6,120,20.0
1254108,2,Mumbai Indians,111,10,109,18.1
1082592,1,Mumbai Indians,184,8,120,20.0
1082592,2,Rising Pune Supergiant,187,3,119,19.5
1216530,1,Kolkata Knight Riders,191,7,120,20.0
1216530,2,Rajasthan Royals,131,9,120,20.0
1136583,1,Sunrisers Hyderabad,118,10,112,18.4
1136583,2,Mumbai Indians,87,10,113,18.5
1473463,1,Gujarat Titans,180,6,120,20.0
1473463,2,Lucknow Super Giants,186,4,117,19.3
598052,1,Kings XI Punjab,145,6,120,20.0
598052,2,Rajasthan Royals,147,2,114,19.0
980955,1,Kings XI Punjab,154,10,119,19.5
980955,2,Gujarat Lions,131,9,120,20.0
980915,1,Sunrisers Hyderabad,142,7,120,20.0
980915,2,Kolkata Knight Riders,146,2,110,18.2
981005,1,Kings XI Punjab,172,7,120,20.0
981005,2,Rising Pune Supergiants,173,6,120,20.0
392210,1,Rajasthan Royals,211,4,120,20.0
392210,2,Kings XI Punjab,133,8,120,20.0
501230,1,Kolkata Knight Riders,148,7,120,20.0
501230,2,Delhi Daredevils,131,9,120,20.0
1082616,1,Kings XI Punjab,188,7,120,20.0
1082616,2,Gujarat Lions,162,7,120,20.0
1422125,1,Chennai Super Kings,206,6,120,20.0
1422125,2,Gujarat Titans,143,8,120,20.0
829717,1,Kings XI Punjab,177,5,120,20.0
829717,2,Mumbai Indians,159,7,120,20.0
392234,1,Chennai Super Kings,116,9,120,20.0
392234,2,Kings XI Punjab,92,8,120,20.0
1473441,1,Lucknow Super Giants,209,8,120,20.0
1473441,2,Delhi Capitals,211,9,117,19.3
1473508,1,Punjab Kings,101,10,85,14.1
1473508,2,Royal Challengers Bengaluru,106,2,60,10.0
548347,1,Chennai Super Kings,139,5,120,20.0
548347,2,Kolkata Knight Riders,140,5,118,19.4
419135,1,Kolkata Knight Riders,181,6,120,20.0
419135,2,Deccan Chargers,157,5,120,20.0
392185,1,Chennai Super Kings,179,5,120,20.0
392185,2,Royal Challengers Bangalore,87,10,92,15.2
829805,1,Mumbai Indians,171,4,120,20.0
829805,2,Kolkata Knight Riders,166,7,120,20.0
1082628,1,Royal Challengers Bangalore,162,8,120,20.0
1082628,2,Mumbai Indians,165,6,119,19.5
1254106,1,Kolkata Knight Riders,171,4,120,20.0
1254106,2,Rajasthan Royals,85,10,97,16.1
734009,1,Mumbai Indians,141,5,120,20.0
734009,2,Kolkata Knight Riders,142,4,112,18.4
1304102,1,Kolkata Knight Riders,165,9,120,20.0
1304102,2,Mumbai Indians,113,10,105,17.3
1254081,1,Rajasthan Royals,171,4,120,20.0
1254081,2,Mumbai Indians,172,3,111,18.3
1178394,1,Mumbai Indians,136,7,120,20.0
1178394,2,Sunrisers Hyderabad,96,10,106,17.4
419128,1,Delhi Daredevils,183,4,120,20.0
419128,2,Royal Challengers Bangalore,166,9,120,20.0
1304085,1,Rajasthan Royals,144,8,120,20.0
1304085,2,Royal Challengers Bangalore,115,10,117,19.3
1181768,1,Mumbai Indians,149,8,120,20.0
1181768,2,Chennai Super Kings,148,7,120,20.0
392239,1,Deccan Chargers,143,6,120,20.0
392239,2,Royal Challengers Bangalore,137,9,120,20.0
1359525,1,Gujarat Titans,227,2,120,20.0
1359525,2,Lucknow Super Giants,171,7,120,20.0
1359481,1,Delhi Capitals,162,8,120,20.0
1359481,2,Gujarat Titans,163,4,109,18.1
1178413,1,Kolkata Knight Riders,159,8,120,20.0
1178413,2,Sunrisers Hyderabad,161,1,90,15.0
1426285,1,Delhi Capitals,153,9,120,20.0
1426285,2,Kolkata Knight Riders,157,3,99,16.3
598033,1,Mumbai Indians,194,7,120,20.0
598033,2,Royal Challengers Bangalore,136,7,120,20.0
1136614,1,Sunrisers Hyderabad,172,9,120,20.0
1136614,2,Kolkata Knight Riders,173,5,118,19.4
1216514,1,Rajasthan Royals,154,6,120,20.0
1216514,2,Royal Challengers Bangalore,158,2,115,19.1
729293,1,Chennai Super Kings,177,7,120,20.0
729293,2,Delhi Daredevils,84,9,94,15.4
1426307,1,Punjab Kings,214,5,120,20.0
1426307,2,Sunrisers Hyderabad,215,6,115,19.1
501266,1,Chennai Super Kings,128,8,120,20.0
501266,2,Royal Challengers Bangalore,129,2,108,18.0
1529288,1,Sunrisers Hyderabad,165,10,114,19.0
1529288,2,Kolkata Knight Riders,169,3,110,18.2
548315,1,Kolkata Knight Riders,165,8,120,20.0
548315,2,Royal Challengers Bangalore,123,9,120,20.0
733987,1,Kings XI Punjab,231,4,120,20.0
733987,2,Chennai Super Kings,187,6,120,20.0
733979,1,Rajasthan Royals,170,6,120,20.0
733979,2,Kolkata Knight Riders,160,6,120,20.0
1136573,1,Kolkata Knight Riders,200,9,120,20.0
1136573,2,Delhi Daredevils,129,10,86,14.2
598010,1,Delhi Daredevils,114,8,120,20.0
598010,2,Sunrisers Hyderabad,115,7,116,19.2
419117,1,Deccan Chargers,170,8,120,20.0
419117,2,Kings XI Punjab,164,8,120,20.0
392212,1,Deccan Chargers,145,6,120,20.0
392212,2,Mumbai Indians,126,8,120,20.0
1178406,1,Royal Challengers Bangalore,171,7,120,20.0
1178406,2,Mumbai Indians,172,5,114,19.0
419151,1,Deccan Chargers,151,6,120,20.0
419151,2,Royal Challengers Bangalore,138,10,118,19.4
419158,1,Rajasthan Royals,132,9,120,20.0
419158,2,Kolkata Knight Riders,133,2,97,16.1
501262,1,Pune Warriors,118,7,120,20.0
501262,2,Kolkata Knight Riders,119,3,100,16.4
1216528,1,Chennai Super Kings,167,6,120,20.0
1216528,2,Sunrisers Hyderabad,147,8,120,20.0
1237181,1,Delhi Capitals,156,7,120,20.0
1237181,2,Mumbai Indians,157,5,112,18.4
829713,1,Kolkata Knight Riders,177,6,120,20.0
829713,2,Royal Challengers Bangalore,179,7,114,19.0
548380,1,Chennai Super Kings,222,5,120,20.0
548380,2,Delhi Daredevils,136,10,101,16.5
1359542,1,Lucknow Super Giants,176,8,120,20.0
1359542,2,Kolkata Knight Riders,175,7,120,20.0
1136567,1,Mumbai Indians,147,8,120,20.0
1136567,2,Sunrisers Hyderabad,151,9,120,20.0
1529300,1,Kolkata Knight Riders,192,4,120,20.0
1529300,2,Royal Challengers Bengaluru,194,4,115,19.1
1426303,1,Rajasthan Royals,144,9,120,20.0
1426303,2,Punjab Kings,145,5,113,18.5
501251,1,Kings XI Punjab,163,8,120,20.0
501251,2,Mumbai Indians,87,10,77,12.5
1082631,1,Kolkata Knight Riders,155,8,120,20.0
1082631,2,Rising Pune Supergiant,158,6,116,19.2
1370353,1,Gujarat Titans,214,4,120,20.0
1370353,2,Chennai Super Kings,171,5,90,15.0
1359536,1,Gujarat Titans,188,9,120,20.0
1359536,2,Sunrisers Hyderabad,154,9,120,20.0
1359523,1,Mumbai Indians,139,8,120,20.0
1359523,2,Chennai Super Kings,140,4,106,17.4
980983,1,Sunrisers Hyderabad,146,8,120,20.0
980983,2,Delhi Daredevils,150,3,109,18.1
335984,1,Rajasthan Royals,129,8,120,20.0
335984,2,Delhi Daredevils,132,1,91,15.1
1422130,1,Sunrisers Hyderabad,162,8,120,20.0
1422130,2,Gujarat Titans,168,3,115,19.1
1426262,1,Rajasthan Royals,196,3,120,20.0
1426262,2,Gujarat Titans,199,7,120,20.0
548358,1,Pune Warriors,125,6,120,20.0
548358,2,Rajasthan Royals,126,3,98,16.2
598071,1,Sunrisers Hyderabad,132,7,120,20.0
598071,2,Rajasthan Royals,135,6,116,19.2
1527685,1,Kolkata Knight Riders,25,2,22,3.4
1254082,1,Kolkata Knight Riders,154,6,120,20.0
1254082,2,Delhi Capitals,156,3,99,16.3
981007,1,Mumbai Indians,172,8,120,20.0
981007,2,Gujarat Lions,173,4,107,17.5
392235,1,Mumbai Indians,165,8,120,20.0
392235,2,Delhi Daredevils,166,6,105,17.3
1359500,1,Lucknow Super Giants,154,7,120,20.0
1359500,2,Rajasthan Royals,144,6,120,20.0
1473500,1,Chennai Super Kings,187,8,120,20.0
1473500,2,Rajasthan Royals,188,4,103,17.1
419111,1,Rajasthan Royals,141,6,120,20.0
419111,2,Delhi Daredevils,142,4,103,17.1
548316,1,Chennai Super Kings,110,8,120,20.0
548316,2,Delhi Daredevils,111,2,80,13.2
501201,1,Delhi Daredevils,95,10,106,17.4
501201,2,Mumbai Indians,99,2,101,16.5
1359475,1,Chennai Super Kings,178,7,120,20.0
1359475,2,Gujarat Titans,182,5,116,19.2
1535462,1,Royal Challengers Bengaluru,254,5,120,20.0
1535462,2,Gujarat Titans,162,10,117,19.3
1359479,1,Mumbai Indians,171,7,120,20.0
1359479,2,Royal Challengers Bangalore,172,2,98,16.2
548373,1,Rajasthan Royals,126,8,120,20.0
548373,2,Deccan Chargers,128,5,112,18.4
829785,1,Royal Challengers Bangalore,226,3,120,20.0
829785,2,Kings XI Punjab,88,10,82,13.4
1216493,1,Delhi Capitals,157,8,120,20.0
1216493,2,Kings XI Punjab,157,8,120,20.0
1216493,3,Kings XI Punjab,2,2,3,0.3
1216493,4,Delhi Capitals,3,0,2,0.2
1136580,1,Chennai Super Kings,182,3,120,20.0
1136580,2,Sunrisers Hyderabad,178,6,120,20.0
729291,1,Rajasthan Royals,191,5,120,20.0
729291,2,Kings XI Punjab,193,3,112,18.4
1136564,1,Rajasthan Royals,125,9,120,20.0
1136564,2,Sunrisers Hyderabad,127,1,96,16.0
1136592,1,Delhi Daredevils,196,6,103,17.1
1136592,2,Rajasthan Royals,146,5,72,12.0
419116,1,Delhi Daredevils,185,6,120,20.0
419116,2,Chennai Super Kings,190,5,115,19.1
1359541,1,Chennai Super Kings,223,3,120,20.0
1359541,2,Delhi Capitals,146,9,120,20.0
1473480,1,Chennai Super Kings,154,10,119,19.5
1473480,2,Sunrisers Hyderabad,155,5,112,18.4
1473498,1,Delhi Capitals,199,3,120,20.0
1473498,2,Gujarat Titans,205,0,114,19.0
1359529,1,Chennai Super Kings,167,8,120,20.0
1359529,2,Delhi Capitals,140,8,120,20.0
392204,1,Royal Challengers Bangalore,145,9,120,20.0
392204,2,Kings XI Punjab,137,7,120,20.0
1304081,1,Gujarat Titans,156,9,120,20.0
1304081,2,Kolkata Knight Riders,148,8,120,20.0
501209,1,Rajasthan Royals,159,4,120,20.0
501209,2,Kolkata Knight Riders,160,1,111,18.3
1473475,1,Chennai Super Kings,176,5,120,20.0
1473475,2,Mumbai Indians,177,1,94,15.4
501254,1,Kochi Tuskers Kerala,178,7,120,20.0
501254,2,Kings XI Punjab,181,4,113,18.5
1082630,1,Sunrisers Hyderabad,185,3,120,20.0
1082630,2,Delhi Daredevils,189,4,115,19.1
1216515,1,Delhi Capitals,228,4,120,20.0
1216515,2,Kolkata Knight Riders,210,8,120,20.0
1082607,1,Rising Pune Supergiant,161,8,120,20.0
1082607,2,Royal Challengers Bangalore,134,9,120,20.0
1473466,1,Mumbai Indians,205,5,120,20.0
1473466,2,Delhi Capitals,193,10,114,19.0
501208,1,Deccan Chargers,175,5,120,20.0
501208,2,Royal Challengers Bangalore,142,9,120,20.0
598009,1,Rajasthan Royals,145,5,120,20.0
598009,2,Pune Warriors,148,3,112,18.4
419164,1,Deccan Chargers,82,10,111,18.3
419164,2,Royal Challengers Bangalore,86,1,83,13.5
1136579,1,Delhi Daredevils,174,5,120,20.0
1136579,2,Royal Challengers Bangalore,176,4,108,18.0
829777,1,Rajasthan Royals,189,2,120,20.0
829777,2,Delhi Daredevils,175,7,120,20.0
1181767,1,Delhi Capitals,147,9,120,20.0
1181767,2,Chennai Super Kings,151,4,114,19.0
548325,1,Mumbai Indians,92,10,116,19.2
548325,2,Delhi Daredevils,93,3,89,14.5
598041,1,Chennai Super Kings,186,4,120,20.0
598041,2,Kings XI Punjab,171,6,120,20.0
419118,1,Rajasthan Royals,168,7,120,20.0
419118,2,Kolkata Knight Riders,134,5,120,20.0
419138,1,Mumbai Indians,178,5,120,20.0
419138,2,Deccan Chargers,115,10,110,18.2
501221,1,Mumbai Indians,164,4,120,20.0
501221,2,Chennai Super Kings,156,9,120,20.0
1304063,1,Chennai Super Kings,154,7,120,20.0
1304063,2,Sunrisers Hyderabad,155,2,106,17.4
1473439,1,Sunrisers Hyderabad,286,6,120,20.0
1473439,2,Rajasthan Royals,242,6,120,20.0
501248,1,Kings XI Punjab,119,8,120,20.0
501248,2,Pune Warriors,120,5,103,17.1
1178404,1,Kolkata Knight Riders,161,8,120,20.0
1178404,2,Chennai Super Kings,162,5,118,19.4
1216542,1,Sunrisers Hyderabad,201,6,120,20.0
1216542,2,Kings XI Punjab,132,10,101,16.5
1359496,1,Kolkata Knight Riders,185,6,120,20.0
1359496,2,Mumbai Indians,186,5,106,17.4
1527691,1,Chennai Super Kings,212,2,120,20.0
1527691,2,Delhi Capitals,189,10,120,20.0
1254090,1,Royal Challengers Bangalore,164,7,120,20.0
1254090,2,Punjab Kings,158,6,120,20.0
1082640,1,Gujarat Lions,195,5,120,20.0
1082640,2,Delhi Daredevils,197,8,118,19.4
1082609,1,Sunrisers Hyderabad,159,6,120,20.0
1082609,2,Kings XI Punjab,154,10,118,19.4
1359517,1,Royal Challengers Bangalore,126,9,120,20.0
1359517,2,Lucknow Super Giants,108,10,119,19.5
1178416,1,Sunrisers Hyderabad,175,3,120,20.0
1178416,2,Chennai Super Kings,176,4,119,19.5
1304115,1,Delhi Capitals,159,7,120,20.0
1304115,2,Mumbai Indians,160,5,115,19.1
1527679,1,Sunrisers Hyderabad,226,8,120,20.0
1527679,2,Kolkata Knight Riders,161,10,96,16.0
598036,1,Royal Challengers Bangalore,171,6,120,20.0
598036,2,Rajasthan Royals,173,6,119,19.5
1175369,1,Royal Challengers Bangalore,158,4,120,20.0
1175369,2,Rajasthan Royals,164,3,119,19.5
1136613,1,Rajasthan Royals,164,5,120,20.0
1136613,2,Royal Challengers Bangalore,134,10,116,19.2
1529285,1,Royal Challengers Bengaluru,155,10,116,19.2
1529285,2,Gujarat Titans,158,6,95,15.5
1304084,1,Punjab Kings,187,4,120,20.0
1304084,2,Chennai Super Kings,176,6,120,20.0
501239,1,Kolkata Knight Riders,169,4,120,20.0
501239,2,Deccan Chargers,149,6,120,20.0
1426274,1,Kolkata Knight Riders,222,6,120,20.0
1426274,2,Royal Challengers Bengaluru,221,10,120,20.0
1529310,1,Sunrisers Hyderabad,255,4,120,20.0
1529310,2,Royal Challengers Bengaluru,200,4,120,20.0
729315,1,Rajasthan Royals,152,5,120,20.0
729315,2,Kolkata Knight Riders,152,8,120,20.0
729315,3,Kolkata Knight Riders,11,2,6,1.0
729315,4,Rajasthan Royals,11,0,6,1.0
1473455,1,Rajasthan Royals,205,4,120,20.0
1473455,2,Punjab Kings,155,9,120,20.0
548327,1,Pune Warriors,182,6,120,20.0
548327,2,Royal Challengers Bangalore,186,4,120,20.0
548307,1,Kolkata Knight Riders,97,9,72,12.0
548307,2,Delhi Daredevils,100,2,67,11.1
980979,1,Sunrisers Hyderabad,137,8,120,20.0
980979,2,Rising Pune Supergiants,133,8,120,20.0
598044,1,Delhi Daredevils,80,10,115,19.1
598044,2,Sunrisers Hyderabad,81,4,83,13.5
1473497,1,Punjab Kings,219,5,120,20.0
1473497,2,Rajasthan Royals,209,7,120,20.0
501236,1,Chennai Super Kings,165,5,120,20.0
501236,2,Deccan Chargers,146,8,120,20.0
598064,1,Royal Challengers Bangalore,190,3,120,20.0
598064,2,Kings XI Punjab,194,4,108,18.0
1304053,1,Chennai Super Kings,210,7,120,20.0
1304053,2,Lucknow Super Giants,211,4,117,19.3
419146,1,Mumbai Indians,154,9,120,20.0
419146,2,Kings XI Punjab,158,4,116,19.2
1473442,1,Punjab Kings,243,5,120,20.0
1473442,2,Gujarat Titans,232,5,120,20.0
1216508,1,Mumbai Indians,195,5,120,20.0
1216508,2,Kolkata Knight Riders,146,9,120,20.0
733983,1,Mumbai Indians,187,5,120,20.0
733983,2,Royal Challengers Bangalore,168,8,120,20.0
1304116,1,Sunrisers Hyderabad,157,8,120,20.0
1304116,2,Punjab Kings,160,5,91,15.1
1529290,1,Lucknow Super Giants,228,5,120,20.0
1529290,2,Mumbai Indians,229,4,112,18.4
501212,1,Deccan Chargers,165,8,120,20.0
501212,2,Kings XI Punjab,166,2,106,17.4
1254067,1,Royal Challengers Bangalore,204,4,120,20.0
1254067,2,Kolkata Knight Riders,166,8,120,20.0
1175366,1,Sunrisers Hyderabad,231,2,120,20.0
1175366,2,Royal Challengers Bangalore,113,10,119,19.5
829771,1,Kolkata Knight Riders,111,4,60,10.0
829771,2,Royal Challengers Bangalore,115,3,58,9.4
392181,1,Mumbai Indians,165,7,120,20.0
392181,2,Chennai Super Kings,146,7,120,20.0
1181764,1,Chennai Super Kings,131,4,120,20.0
1181764,2,Mumbai Indians,132,4,111,18.3
1529298,1,Punjab Kings,210,5,120,20.0
1529298,2,Delhi Capitals,216,7,114,19.0
1082634,1,Rising Pune Supergiant,148,8,120,20.0
1082634,2,Sunrisers Hyderabad,136,9,120,20.0
598029,1,Kolkata Knight Riders,159,6,120,20.0
598029,2,Mumbai Indians,162,5,119,19.5
392223,1,Delhi Daredevils,173,7,120,20.0
392223,2,Deccan Chargers,161,10,118,19.4
1178427,1,Kings XI Punjab,183,6,120,20.0
1178427,2,Kolkata Knight Riders,185,3,108,18.0
1304089,1,Royal Challengers Bangalore,170,6,120,20.0
1304089,2,Gujarat Titans,174,4,117,19.3
981003,1,Sunrisers Hyderabad,158,7,120,20.0
981003,2,Delhi Daredevils,161,4,120,20.0
1082623,1,Sunrisers Hyderabad,207,3,120,20.0
1082623,2,Kings XI Punjab,181,9,120,20.0
1426280,1,Kolkata Knight Riders,261,6,120,20.0
1426280,2,Punjab Kings,262,2,112,18.4
1312198,1,Royal Challengers Bangalore,207,4,120,20.0
1312198,2,Lucknow Super Giants,193,6,120,20.0
392220,1,Deccan Chargers,166,7,120,20.0
392220,2,Rajasthan Royals,113,10,117,19.3
1136582,1,Kings XI Punjab,143,8,120,20.0
1136582,2,Delhi Daredevils,139,8,120,20.0
501244,1,Royal Challengers Bangalore,205,6,120,20.0
501244,2,Kings XI Punjab,120,9,120,20.0
1216513,1,Kings XI Punjab,178,4,120,20.0
1216513,2,Chennai Super Kings,181,0,106,17.4
1237177,1,Mumbai Indians,200,5,120,20.0
1237177,2,Delhi Capitals,143,8,120,20.0
1473487,1,Mumbai Indians,217,2,120,20.0
1473487,2,Rajasthan Royals,117,10,97,16.1
1473484,1,Gujarat Titans,209,4,120,20.0
1473484,2,Rajasthan Royals,212,2,95,15.5
1082603,1,Rising Pune Supergiant,171,8,120,20.0
1082603,2,Gujarat Lions,172,3,108,18.0
1473495,1,Punjab Kings,122,1,61,10.1
336011,1,Deccan Chargers,140,8,120,20.0
336011,2,Rajasthan Royals,141,2,96,16.0
597999,1,Royal Challengers Bangalore,156,5,120,20.0
597999,2,Mumbai Indians,154,5,120,20.0
1304050,1,Lucknow Super Giants,158,6,120,20.0
1304050,2,Gujarat Titans,161,5,118,19.4
980937,1,Royal Challengers Bangalore,180,2,120,20.0
980937,2,Gujarat Lions,182,4,117,19.3
1426270,1,Gujarat Titans,89,10,105,17.3
1426270,2,Delhi Capitals,92,4,53,8.5
1529307,1,Lucknow Super Giants,220,5,120,20.0
1529307,2,Rajasthan Royals,225,3,115,19.1
335990,1,Deccan Chargers,214,5,120,20.0
335990,2,Rajasthan Royals,217,7,119,19.5
548346,1,Deccan Chargers,100,10,112,18.4
548346,2,Mumbai Indians,101,5,109,18.1
598019,1,Rajasthan Royals,179,3,120,20.0
598019,2,Mumbai Indians,92,10,110,18.2
392236,1,Royal Challengers Bangalore,170,4,120,20.0
392236,2,Deccan Chargers,158,6,120,20.0
1136612,1,Delhi Daredevils,162,5,120,20.0
1136612,2,Chennai Super Kings,128,6,120,20.0
392237,1,Delhi Daredevils,153,8,120,20.0
392237,2,Deccan Chargers,154,4,106,17.4
1527688,1,Kolkata Knight Riders,181,4,120,20.0
1527688,2,Lucknow Super Giants,182,7,120,20.0
1304112,1,Lucknow Super Giants,210,0,120,20.0
1304112,2,Kolkata Knight Riders,208,8,120,20.0
598047,1,Pune Warriors,178,4,120,20.0
598047,2,Rajasthan Royals,182,5,119,19.5
1082605,1,Delhi Daredevils,188,6,120,20.0
1082605,2,Kings XI Punjab,137,9,120,20.0
829819,1,Royal Challengers Bangalore,180,4,120,20.0
829819,2,Rajasthan Royals,109,10,114,19.0
1359497,1,Gujarat Titans,177,7,120,20.0
1359497,2,Rajasthan Royals,179,7,116,19.2
734001,1,Sunrisers Hyderabad,157,3,120,20.0
734001,2,Mumbai Indians,160,3,112,18.4
501238,1,Delhi Daredevils,140,6,120,20.0
501238,2,Kochi Tuskers Kerala,141,3,90,15.0
548324,1,Rajasthan Royals,195,2,120,20.0
548324,2,Royal Challengers Bangalore,136,10,119,19.5
1473477,1,Lucknow Super Giants,159,6,120,20.0
1473477,2,Delhi Capitals,161,2,107,17.5
1359509,1,Gujarat Titans,207,6,120,20.0
1359509,2,Mumbai Indians,152,9,120,20.0
598000,1,Sunrisers Hyderabad,126,6,120,20.0
598000,2,Pune Warriors,104,10,113,18.5
1216523,1,Kolkata Knight Riders,164,6,120,20.0
1216523,2,Kings XI Punjab,162,5,120,20.0
419141,1,Rajasthan Royals,159,10,119,19.5
419141,2,Deccan Chargers,157,10,119,19.5
336019,1,Kings XI Punjab,221,3,120,20.0
336019,2,Rajasthan Royals,180,7,120,20.0
1359508,1,Delhi Capitals,144,9,120,20.0
1359508,2,Sunrisers Hyderabad,137,6,120,20.0
336038,1,Rajasthan Royals,192,9,120,20.0
336038,2,Delhi Daredevils,87,10,97,16.1
1426278,1,Delhi Capitals,224,4,120,20.0
1426278,2,Gujarat Titans,220,8,120,20.0
1254098,1,Kolkata Knight Riders,171,6,120,20.0
1254098,2,Chennai Super Kings,172,8,120,20.0
1422127,1,Rajasthan Royals,185,5,120,20.0
1422127,2,Delhi Capitals,173,5,120,20.0
1359485,1,Rajasthan Royals,199,4,120,20.0
1359485,2,Delhi Capitals,142,9,120,20.0
1254088,1,Mumbai Indians,235,9,120,20.0
1254088,2,Sunrisers Hyderabad,193,8,120,20.0
336001,1,Chennai Super Kings,169,6,120,20.0
336001,2,Delhi Daredevils,172,2,114,19.0
501267,1,Kolkata Knight Riders,175,7,120,20.0
501267,2,Mumbai Indians,178,5,120,20.0
336028,1,Kings XI Punjab,189,4,120,20.0
336028,2,Mumbai Indians,188,10,120,20.0
980929,1,Gujarat Lions,135,8,120,20.0
980929,2,Sunrisers Hyderabad,137,0,89,14.5
734025,1,Kings XI Punjab,156,8,120,20.0
734025,2,Mumbai Indians,159,3,114,19.0
1216541,1,Mumbai Indians,195,5,120,20.0
1216541,2,Rajasthan Royals,196,2,110,18.2
1254115,1,Royal Challengers Bangalore,138,7,120,20.0
1254115,2,Kolkata Knight Riders,139,6,118,19.4
1175365,1,Kolkata Knight Riders,185,8,120,20.0
1175365,2,Delhi Capitals,185,6,120,20.0
1175365,3,Delhi Capitals,10,1,6,1.0
1175365,4,Kolkata Knight Riders,7,1,6,1.0
548306,1,Chennai Super Kings,112,10,119,19.5
548306,2,Mumbai Indians,115,3,101,16.5
729297,1,Chennai Super Kings,140,6,120,20.0
729297,2,Rajasthan Royals,133,10,119,19.5
1473473,1,Lucknow Super Giants,180,5,120,20.0
1473473,2,Rajasthan Royals,178,5,120,20.0
1422136,1,Chennai Super Kings,165,5,120,20.0
1422136,2,Sunrisers Hyderabad,166,4,109,18.1
1529309,1,Gujarat Titans,229,4,120,20.0
1529309,2,Chennai Super Kings,140,10,82,13.4
419133,1,Royal Challengers Bangalore,161,4,120,20.0
419133,2,Chennai Super Kings,162,5,113,18.5
829813,1,Delhi Daredevils,187,5,120,20.0
829813,2,Royal Challengers Bangalore,2,0,7,1.1
733991,1,Kings XI Punjab,198,8,120,20.0
733991,2,Royal Challengers Bangalore,166,9,120,20.0
1254059,1,Chennai Super Kings,188,7,120,20.0
1254059,2,Delhi Capitals,190,3,112,18.4
598065,1,Sunrisers Hyderabad,136,9,120,20.0
598065,2,Rajasthan Royals,113,9,120,20.0
1529305,1,Rajasthan Royals,193,8,120,20.0
1529305,2,Delhi Capitals,197,5,116,19.2
1529304,1,Royal Challengers Bengaluru,222,4,120,20.0
1529304,2,Punjab Kings,199,8,120,20.0
548341,1,Deccan Chargers,177,4,120,20.0
548341,2,Pune Warriors,159,7,120,20.0
1304062,1,Punjab Kings,189,9,120,20.0
1304062,2,Gujarat Titans,190,4,120,20.0
1216526,1,Kolkata Knight Riders,148,5,120,20.0
1216526,2,Mumbai Indians,149,2,101,16.5
392188,1,Deccan Chargers,184,6,120,20.0
392188,2,Royal Challengers Bangalore,160,8,120,20.0
1473449,1,Kolkata Knight Riders,116,10,98,16.2
1473449,2,Mumbai Indians,121,2,77,12.5
829789,1,Chennai Super Kings,158,5,120,20.0
829789,2,Mumbai Indians,159,4,116,19.2
1175363,1,Rajasthan Royals,198,2,120,20.0
1175363,2,Sunrisers Hyderabad,201,5,114,19.0
1473440,1,Mumbai Indians,155,9,120,20.0
1473440,2,Chennai Super Kings,158,6,115,19.1
419155,1,Chennai Super Kings,112,9,121,20.1
419155,2,Delhi Daredevils,113,4,112,18.4
501265,1,Delhi Daredevils,56,3,61,10.1
598055,1,Pune Warriors,112,8,120,20.0
598055,2,Mumbai Indians,116,5,113,18.5
1254091,1,Sunrisers Hyderabad,134,7,120,20.0
1254091,2,Chennai Super Kings,139,4,118,19.4
980959,1,Royal Challengers Bangalore,185,7,120,20.0
980959,2,Kolkata Knight Riders,189,5,115,19.1
501205,1,Royal Challengers Bangalore,140,4,120,20.0
501205,2,Mumbai Indians,143,1,111,18.3
1304109,1,Rajasthan Royals,178,6,120,20.0
1304109,2,Lucknow Super Giants,154,8,120,20.0
419122,1,Kolkata Knight Riders,155,3,120,20.0
419122,2,Mumbai Indians,156,3,111,18.3
1254117,1,Chennai Super Kings,192,3,120,20.0
1254117,2,Kolkata Knight Riders,165,9,120,20.0
729289,1,Kolkata Knight Riders,166,5,120,20.0
729289,2,Delhi Daredevils,167,6,117,19.3
829749,1,Rajasthan Royals,130,9,120,20.0
829749,2,Royal Challengers Bangalore,134,1,97,16.1
1473482,1,Mumbai Indians,215,7,120,20.0
1473482,2,Lucknow Super Giants,161,10,120,20.0
392190,1,Rajasthan Royals,150,6,120,20.0
392190,2,Kolkata Knight Riders,150,8,120,20.0
392190,3,Kolkata Knight Riders,15,1,6,1.0
392190,4,Rajasthan Royals,18,0,4,0.4
1216494,1,Kolkata Knight Riders,84,8,120,20.0
1216494,2,Royal Challengers Bangalore,85,2,81,13.3
419149,1,Delhi Daredevils,111,10,118,19.4
419149,2,Kings XI Punjab,112,3,112,18.4
548329,1,Deccan Chargers,187,4,120,20.0
548329,2,Delhi Daredevils,193,1,100,16.4
1304093,1,Rajasthan Royals,152,5,120,20.0
1304093,2,Kolkata Knight Riders,158,3,115,19.1
980907,1,Royal Challengers Bangalore,227,4,120,20.0
980907,2,Sunrisers Hyderabad,182,6,120,20.0
1473481,1,Punjab Kings,201,4,120,20.0
1473481,2,Kolkata Knight Riders,7,0,6,1.0
1216533,1,Chennai Super Kings,125,5,120,20.0
1216533,2,Rajasthan Royals,126,3,105,17.3
980949,1,Rising Pune Supergiants,195,3,120,20.0
980949,2,Gujarat Lions,196,7,120,20.0
980927,1,Royal Challengers Bangalore,170,7,120,20.0
980927,2,Mumbai Indians,171,4,108,18.0
1304073,1,Royal Challengers Bangalore,189,5,120,20.0
1304073,2,Delhi Capitals,173,7,120,20.0
1529291,1,Delhi Capitals,155,7,120,20.0
1529291,2,Chennai Super Kings,159,2,105,17.3
1529269,1,Royal Challengers Bengaluru,175,8,120,20.0
1529269,2,Delhi Capitals,179,5,119,19.5
1359491,1,Rajasthan Royals,175,8,120,20.0
1359491,2,Chennai Super Kings,172,6,120,20.0
829779,1,Chennai Super Kings,148,9,120,20.0
829779,2,Royal Challengers Bangalore,124,10,118,19.4
734017,1,Mumbai Indians,178,3,120,20.0
734017,2,Rajasthan Royals,153,8,120,20.0
1527674,1,Sunrisers Hyderabad,201,9,120,20.0
1527674,2,Royal Challengers Bengaluru,203,4,94,15.4
419110,1,Deccan Chargers,190,4,120,20.0
419110,2,Chennai Super Kings,159,9,120,20.0
501223,1,Delhi Daredevils,231,4,120,20.0
501223,2,Kings XI Punjab,202,6,120,20.0
1178430,1,Chennai Super Kings,170,5,120,20.0
1178430,2,Kings XI Punjab,173,4,108,18.0
336018,1,Chennai Super Kings,156,6,120,20.0
336018,2,Mumbai Indians,158,1,83,13.5
598073,1,Mumbai Indians,148,9,120,20.0
598073,2,Chennai Super Kings,125,9,120,20.0
729311,1,Sunrisers Hyderabad,145,5,120,20.0
729311,2,Chennai Super Kings,146,5,117,19.3
829731,1,Delhi Daredevils,167,4,120,20.0
829731,2,Sunrisers Hyderabad,163,8,120,20.0
392225,1,Rajasthan Royals,145,7,120,20.0
392225,2,Mumbai Indians,143,10,119,19.5
548310,1,Royal Challengers Bangalore,157,8,120,20.0
548310,2,Delhi Daredevils,137,7,120,20.0
548360,1,Mumbai Indians,141,6,120,20.0
548360,2,Royal Challengers Bangalore,142,1,108,18.0
419136,1,Kings XI Punjab,181,5,120,20.0
419136,2,Royal Challengers Bangalore,184,4,115,19.1
501220,1,Kings XI Punjab,195,7,120,20.0
501220,2,Rajasthan Royals,147,7,120,20.0
1529274,1,Sunrisers Hyderabad,242,2,120,20.0
1529274,2,Delhi Capitals,195,9,120,20.0
1426306,1,Royal Challengers Bengaluru,218,5,120,20.0
1426306,2,Chennai Super Kings,191,7,120,20.0
336002,1,Deccan Chargers,165,10,120,20.0
336002,2,Royal Challengers Bangalore,171,5,114,19.0
1529286,1,Rajasthan Royals,225,6,120,20.0
1529286,2,Delhi Capitals,226,3,115,19.1
829763,1,Royal Challengers Bangalore,200,7,120,20.0
1136570,1,Kolkata Knight Riders,138,8,120,20.0
1136570,2,Sunrisers Hyderabad,139,5,114,19.0
336014,1,Kolkata Knight Riders,204,4,120,20.0
336014,2,Deccan Chargers,181,7,120,20.0
548311,1,Chennai Super Kings,193,6,120,20.0
548311,2,Deccan Chargers,119,10,103,17.1
1181766,1,Sunrisers Hyderabad,162,8,120,20.0
1181766,2,Delhi Capitals,165,8,119,19.5
1426283,1,Gujarat Titans,200,3,120,20.0
1426283,2,Royal Challengers Bengaluru,206,1,96,16.0
1426299,1,Rajasthan Royals,141,5,120,20.0
1426299,2,Chennai Super Kings,145,5,110,18.2
1473456,1,Lucknow Super Giants,238,3,120,20.0
1473456,2,Kolkata Knight Riders,234,7,120,20.0
598028,1,Kings XI Punjab,171,4,120,20.0
598028,2,Delhi Daredevils,164,7,120,20.0
392227,1,Mumbai Indians,147,5,120,20.0
392227,2,Chennai Super Kings,151,3,115,19.1
1216507,1,Sunrisers Hyderabad,158,4,120,20.0
1216507,2,Rajasthan Royals,163,5,119,19.5
1529271,1,Rajasthan Royals,155,9,120,20.0
1529271,2,Kolkata Knight Riders,161,6,118,19.4
336000,1,Rajasthan Royals,196,7,120,20.0
336000,2,Kolkata Knight Riders,151,10,115,19.1
501224,1,Mumbai Indians,172,4,120,20.0
501224,2,Deccan Chargers,135,8,120,20.0
1529268,1,Kolkata Knight Riders,180,10,120,20.0
1529268,2,Gujarat Titans,181,5,118,19.4
1359498,1,Chennai Super Kings,226,6,120,20.0
1359498,2,Royal Challengers Bangalore,218,8,120,20.0
419106,1,Kolkata Knight Riders,161,4,120,20.0
419106,2,Deccan Chargers,150,7,120,20.0
1473465,1,Rajasthan Royals,173,4,120,20.0
1473465,2,Royal Challengers Bengaluru,175,1,105,17.3
1254112,1,Mumbai Indians,129,8,120,20.0
1254112,2,Delhi Capitals,132,6,115,19.1
729313,1,Royal Challengers Bangalore,124,8,120,20.0
729313,2,Kings XI Punjab,127,5,113,18.5
419131,1,Delhi Daredevils,177,4,120,20.0
419131,2,Kolkata Knight Riders,137,9,120,20.0
1473505,1,Sunrisers Hyderabad,278,3,120,20.0
1473505,2,Kolkata Knight Riders,168,10,112,18.4
548308,1,Pune Warriors,129,9,120,20.0
548308,2,Mumbai Indians,101,9,120,20.0
829781,1,Kolkata Knight Riders,167,7,120,20.0
829781,2,Sunrisers Hyderabad,132,9,120,20.0
419147,1,Chennai Super Kings,138,8,120,20.0
419147,2,Deccan Chargers,139,4,115,19.1
336005,1,Chennai Super Kings,109,10,114,19.0
336005,2,Rajasthan Royals,110,2,86,14.2
1426298,1,Kolkata Knight Riders,157,7,96,16.0
1426298,2,Mumbai Indians,139,8,96,16.0
1359502,1,Kolkata Knight Riders,127,10,120,20.0
1359502,2,Delhi Capitals,128,6,116,19.2
419165,1,Chennai Super Kings,168,5,120,20.0
419165,2,Mumbai Indians,146,9,120,20.0
1473443,1,Rajasthan Royals,151,9,120,20.0
1473443,2,Kolkata Knight Riders,153,2,105,17.3
1422135,1,Gujarat Titans,199,4,120,20.0
1422135,2,Punjab Kings,200,7,119,19.5
1426305,1,Lucknow Super Giants,214,6,120,20.0
1426305,2,Mumbai Indians,196,6,120,20.0
1216492,1,Mumbai Indians,162,9,120,20.0
1216492,2,Chennai Super Kings,166,5,116,19.2
733999,1,Royal Challengers Bangalore,190,5,120,20.0
733999,2,Rajasthan Royals,191,5,113,18.5
336037,1,Deccan Chargers,147,8,120,20.0
336037,2,Chennai Super Kings,148,3,116,19.2
829767,1,Kings XI Punjab,118,8,120,20.0
829767,2,Delhi Daredevils,119,1,83,13.5
734015,1,Sunrisers Hyderabad,142,8,120,20.0
734015,2,Kolkata Knight Riders,146,3,118,19.4
1304074,1,Punjab Kings,151,10,120,20.0
1304074,2,Sunrisers Hyderabad,152,3,113,18.5
392218,1,Mumbai Indians,157,2,120,20.0
392218,2,Royal Challengers Bangalore,141,7,120,20.0
1359477,1,Lucknow Super Giants,193,6,120,20.0
1359477,2,Delhi Capitals,143,9,120,20.0
419125,1,Chennai Super Kings,180,2,120,20.0
419125,2,Mumbai Indians,181,5,114,19.0
1529270,1,Sunrisers Hyderabad,194,9,120,20.0
1529270,2,Chennai Super Kings,184,8,120,20.0
1175360,1,Delhi Capitals,147,6,120,20.0
1175360,2,Chennai Super Kings,150,4,118,19.4
1237180,1,Delhi Capitals,189,3,120,20.0
1237180,2,Sunrisers Hyderabad,172,8,120,20.0
548370,1,Kolkata Knight Riders,140,7,120,20.0
548370,2,Mumbai Indians,108,10,115,19.1
734049,1,Kings XI Punjab,199,4,120,20.0
734049,2,Kolkata Knight Riders,200,7,117,19.3
419143,1,Kings XI Punjab,153,6,120,20.0
419143,2,Rajasthan Royals,157,1,90,15.0
1082599,1,Delhi Daredevils,205,4,120,20.0
1082599,2,Rising Pune Supergiant,108,10,97,16.1
335997,1,Kolkata Knight Riders,137,8,120,20.0
335997,2,Mumbai Indians,138,3,112,18.4
1473478,1,Sunrisers Hyderabad,143,8,120,20.0
1473478,2,Mumbai Indians,146,3,94,15.4
980923,1,Mumbai Indians,142,6,120,20.0
980923,2,Sunrisers Hyderabad,145,3,105,17.3
1304070,1,Gujarat Titans,192,4,120,20.0
1304070,2,Rajasthan Royals,155,9,120,20.0
1422123,1,Gujarat Titans,168,6,120,20.0
1422123,2,Mumbai Indians,162,9,120,20.0
1082645,1,Kings XI Punjab,73,10,95,15.5
1082645,2,Rising Pune Supergiant,78,1,72,12.0
1473452,1,Kolkata Knight Riders,200,6,120,20.0
1473452,2,Sunrisers Hyderabad,120,10,100,16.4
1082627,1,Sunrisers Hyderabad,209,3,120,20.0
1082627,2,Kolkata Knight Riders,161,7,120,20.0
1426294,1,Delhi Capitals,221,8,120,20.0
1426294,2,Rajasthan Royals,201,8,120,20.0
980925,1,Kings XI Punjab,138,8,120,20.0
980925,2,Kolkata Knight Riders,141,4,103,17.1
1426272,1,Chennai Super Kings,176,6,120,20.0
1426272,2,Lucknow Super Giants,180,2,114,19.0
1473467,1,Lucknow Super Giants,166,7,120,20.0
1473467,2,Chennai Super Kings,168,5,117,19.3
829711,1,Chennai Super Kings,209,4,120,20.0
829711,2,Sunrisers Hyderabad,164,6,120,20.0
1485779,1,Punjab Kings,206,8,120,20.0
1485779,2,Delhi Capitals,208,4,117,19.3
1359503,1,Sunrisers Hyderabad,134,7,120,20.0
1359503,2,Chennai Super Kings,138,3,112,18.4
419129,1,Rajasthan Royals,177,8,120,20.0
419129,2,Chennai Super Kings,160,6,120,20.0
1254111,1,Rajasthan Royals,185,10,120,20.0
1254111,2,Punjab Kings,183,4,120,20.0
1426279,1,Royal Challengers Bengaluru,206,7,120,20.0
1426279,2,Sunrisers Hyderabad,171,8,120,20.0
1254097,1,Delhi Capitals,154,6,120,20.0
1254097,2,Rajasthan Royals,121,6,120,20.0
1304095,1,Royal Challengers Bangalore,173,8,120,20.0
1304095,2,Chennai Super Kings,160,8,120,20.0
1359493,1,Sunrisers Hyderabad,228,4,120,20.0
1359493,2,Kolkata Knight Riders,205,7,120,20.0
1178418,1,Kolkata Knight Riders,175,6,120,20.0
1178418,2,Rajasthan Royals,177,7,116,19.2
1304096,1,Delhi Capitals,207,3,120,20.0
1304096,2,Sunrisers Hyderabad,186,8,120,20.0
1473471,1,Royal Challengers Bengaluru,95,9,84,14.0
1473471,2,Punjab Kings,98,5,73,12.1
1082625,1,Gujarat Lions,153,9,120,20.0
1082625,2,Mumbai Indians,153,10,120,20.0
1082625,3,Mumbai Indians,11,2,5,0.5
1082625,4,Gujarat Lions,6,0,6,1.0
392186,1,Kings XI Punjab,158,6,120,20.0
392186,2,Kolkata Knight Riders,79,1,56,9.2
829801,1,Chennai Super Kings,119,6,120,20.0
829801,2,Delhi Daredevils,120,4,100,16.4
335987,1,Kings XI Punjab,166,8,119,19.5
335987,2,Rajasthan Royals,168,4,109,18.1
501229,1,Deccan Chargers,129,7,120,20.0
501229,2,Kochi Tuskers Kerala,74,10,99,16.3
419134,1,Delhi Daredevils,188,6,120,20.0
419134,2,Rajasthan Royals,121,10,106,17.4
734027,1,Kolkata Knight Riders,195,4,120,20.0
734027,2,Royal Challengers Bangalore,165,5,120,20.0
501227,1,Delhi Daredevils,160,6,120,20.0
501227,2,Royal Challengers Bangalore,161,7,117,19.3
829741,1,Rajasthan Royals,191,6,120,20.0
829741,2,Kings XI Punjab,191,6,120,20.0
829741,3,Kings XI Punjab,15,2,6,1.0
829741,4,Rajasthan Royals,6,2,3,0.3
548312,1,Rajasthan Royals,164,5,120,20.0
548312,2,Kolkata Knight Riders,142,10,120,20.0
419148,1,Kolkata Knight Riders,160,9,120,20.0
419148,2,Royal Challengers Bangalore,162,3,103,17.1
980951,1,Delhi Daredevils,186,8,120,20.0
980951,2,Kolkata Knight Riders,159,10,111,18.3
1178424,1,Royal Challengers Bangalore,62,7,30,5.0
1178424,2,Rajasthan Royals,41,1,20,3.2
1359521,1,Kolkata Knight Riders,171,9,120,20.0
1359521,2,Sunrisers Hyderabad,166,8,120,20.0
1359504,1,Gujarat Titans,135,6,120,20.0
1359504,2,Lucknow Super Giants,128,7,120,20.0
548339,1,Kings XI Punjab,168,3,120,20.0
548339,2,Mumbai Indians,171,6,119,19.5
1254107,1,Punjab Kings,125,7,120,20.0
1254107,2,Sunrisers Hyderabad,120,7,120,20.0
829809,1,Kings XI Punjab,130,7,120,20.0
829809,2,Chennai Super Kings,134,3,101,16.5
980993,1,Mumbai Indians,206,4,120,20.0
980993,2,Delhi Daredevils,126,10,115,19.1
335982,1,Kolkata Knight Riders,222,3,120,20.0
335982,2,Royal Challengers Bangalore,82,10,91,15.1
548323,1,Kings XI Punjab,134,9,120,20.0
548323,2,Kolkata Knight Riders,132,7,120,20.0
1422126,1,Sunrisers Hyderabad,277,3,120,20.0
1422126,2,Mumbai Indians,246,5,120,20.0
501204,1,Delhi Daredevils,151,6,120,20.0
501204,2,Rajasthan Royals,152,4,111,18.3
1473507,1,Lucknow Super Giants,227,3,120,20.0
1473507,2,Royal Challengers Bengaluru,230,4,112,18.4
1136575,1,Rajasthan Royals,160,8,120,20.0
1136575,2,Kolkata Knight Riders,163,3,113,18.5
336020,1,Delhi Daredevils,194,4,120,20.0
336020,2,Deccan Chargers,182,9,120,20.0
1426286,1,Mumbai Indians,144,7,120,20.0
1426286,2,Lucknow Super Giants,145,6,116,19.2
1136561,1,Mumbai Indians,165,4,120,20.0
1136561,2,Chennai Super Kings,169,9,119,19.5
1216535,1,Delhi Capitals,110,9,120,20.0
1216535,2,Mumbai Indians,111,1,86,14.2
336021,1,Kolkata Knight Riders,67,10,92,15.2
336021,2,Mumbai Indians,68,2,33,5.3
501203,1,Kolkata Knight Riders,163,4,120,20.0
501203,2,Deccan Chargers,154,8,120,20.0
419163,1,Chennai Super Kings,142,7,120,20.0
419163,2,Deccan Chargers,104,10,116,19.2
829721,1,Mumbai Indians,164,6,120,20.0
829721,2,Rajasthan Royals,165,3,115,19.1
392205,1,Deccan Chargers,141,5,120,20.0
392205,2,Rajasthan Royals,142,7,118,19.4
1304048,1,Mumbai Indians,177,5,120,20.0
1304048,2,Delhi Capitals,179,6,110,18.2
1529313,1,Delhi Capitals,203,5,120,20.0
1529313,2,Kolkata Knight Riders,163,10,112,18.4
1082601,1,Kings XI Punjab,170,9,120,20.0
1082601,2,Kolkata Knight Riders,171,2,99,16.3
1304108,1,Chennai Super Kings,133,5,120,20.0
1304108,2,Gujarat Titans,137,3,115,19.1
1254070,1,Mumbai Indians,137,9,120,20.0
1254070,2,Delhi Capitals,138,4,115,19.1
1082596,1,Gujarat Lions,135,7,120,20.0
1082596,2,Sunrisers Hyderabad,140,1,93,15.3
1304055,1,Rajasthan Royals,193,8,120,20.0
1304055,2,Mumbai Indians,170,8,120,20.0
1178397,1,Sunrisers Hyderabad,150,4,120,20.0
1178397,2,Kings XI Punjab,151,4,119,19.5
1136566,1,Rajasthan Royals,153,5,107,17.5
1136566,2,Delhi Daredevils,60,4,36,6.0
1136577,1,Chennai Super Kings,204,5,120,20.0
1136577,2,Rajasthan Royals,140,10,111,18.3
1082604,1,Kolkata Knight Riders,172,6,120,20.0
1082604,2,Sunrisers Hyderabad,155,6,120,20.0
1473488,1,Gujarat Titans,224,6,120,20.0
1473488,2,Sunrisers Hyderabad,186,6,120,20.0
1136615,1,Delhi Daredevils,174,4,120,20.0
1136615,2,Mumbai Indians,163,10,117,19.3
1422119,1,Royal Challengers Bengaluru,173,6,120,20.0
1422119,2,Chennai Super Kings,176,4,112,18.4
548333,1,Pune Warriors,192,3,120,20.0
548333,2,Delhi Daredevils,172,7,120,20.0
501252,1,Rajasthan Royals,146,6,120,20.0
501252,2,Royal Challengers Bangalore,151,1,102,17.0
1426275,1,Punjab Kings,142,10,120,20.0
1426275,2,Gujarat Titans,146,7,115,19.1
598048,1,Sunrisers Hyderabad,161,6,120,20.0
598048,2,Royal Challengers Bangalore,162,3,106,17.4
1082641,1,Kings XI Punjab,230,3,120,20.0
1082641,2,Mumbai Indians,223,6,120,20.0
1426271,1,Mumbai Indians,192,7,120,20.0
1426271,2,Punjab Kings,183,10,115,19.1
1136595,1,Royal Challengers Bangalore,127,9,120,20.0
1136595,2,Chennai Super Kings,128,4,108,18.0
1473438,1,Kolkata Knight Riders,174,8,120,20.0
1473438,2,Royal Challengers Bengaluru,177,3,98,16.2
1304071,1,Kolkata Knight Riders,175,8,120,20.0
1304071,2,Sunrisers Hyderabad,176,3,107,17.5
598049,1,Delhi Daredevils,154,4,120,20.0
598049,2,Rajasthan Royals,155,1,107,17.5
548330,1,Chennai Super Kings,164,5,120,20.0
548330,2,Pune Warriors,151,7,120,20.0
392195,1,Kings XI Punjab,139,6,120,20.0
392195,2,Rajasthan Royals,112,7,120,20.0
548361,1,Rajasthan Royals,126,6,120,20.0
548361,2,Chennai Super Kings,127,6,109,18.1
829709,1,Rajasthan Royals,162,7,120,20.0
829709,2,Kings XI Punjab,136,8,120,20.0
419114,1,Mumbai Indians,218,7,120,20.0
419114,2,Delhi Daredevils,120,9,99,16.3
1527676,1,Chennai Super Kings,127,10,118,19.4
1527676,2,Rajasthan Royals,128,2,73,12.1
419159,1,Kings XI Punjab,192,3,120,20.0
419159,2,Chennai Super Kings,195,4,118,19.4
392203,1,Mumbai Indians,148,6,120,20.0
392203,2,Kolkata Knight Riders,139,6,120,20.0
1082626,1,Delhi Daredevils,67,10,103,17.1
1082626,2,Kings XI Punjab,68,0,47,7.5
980973,1,Sunrisers Hyderabad,177,3,120,20.0
980973,2,Mumbai Indians,92,10,99,16.3
392217,1,Rajasthan Royals,140,7,120,20.0
392217,2,Chennai Super Kings,141,3,110,18.2
1304101,1,Chennai Super Kings,208,6,120,20.0
1304101,2,Delhi Capitals,117,10,106,17.4
419121,1,Kings XI Punjab,136,8,120,20.0
419121,2,Chennai Super Kings,136,7,120,20.0
419121,3,Chennai Super Kings,9,2,5,0.5
419121,4,Kings XI Punjab,10,1,4,0.4
1304088,1,Lucknow Super Giants,153,8,120,20.0
1304088,2,Punjab Kings,133,8,120,20.0
734007,1,Sunrisers Hyderabad,205,5,120,20.0
734007,2,Kings XI Punjab,211,4,112,18.4
1216503,1,Mumbai Indians,191,4,120,20.0
1216503,2,Kings XI Punjab,143,8,120,20.0
1136593,1,Chennai Super Kings,177,5,120,20.0
1136593,2,Kolkata Knight Riders,180,4,106,17.4
548376,1,Deccan Chargers,132,7,120,20.0
548376,2,Royal Challengers Bangalore,123,9,120,20.0
1216495,1,Mumbai Indians,149,8,120,20.0
1216495,2,Sunrisers Hyderabad,151,0,103,17.1
501263,1,Mumbai Indians,133,5,120,20.0
501263,2,Rajasthan Royals,134,0,79,13.1
1304047,1,Chennai Super Kings,131,5,120,20.0
1304047,2,Kolkata Knight Riders,133,4,111,18.3
335988,1,Deccan Chargers,142,8,120,20.0
335988,2,Delhi Daredevils,143,1,78,13.0
392211,1,Kolkata Knight Riders,154,3,120,20.0
392211,2,Delhi Daredevils,157,1,114,19.0
829715,1,Delhi Daredevils,184,3,120,20.0
829715,2,Rajasthan Royals,186,7,120,20.0
1529306,1,Chennai Super Kings,180,7,120,20.0
1529306,2,Sunrisers Hyderabad,181,5,114,19.0
1359514,1,Sunrisers Hyderabad,197,6,120,20.0
1359514,2,Delhi Capitals,188,6,120,20.0
336024,1,Mumbai Indians,178,7,120,20.0
336024,2,Deccan Chargers,153,7,120,20.0
1216519,1,Delhi Capitals,196,4,120,20.0
1216519,2,Royal Challengers Bangalore,137,9,120,20.0
1136589,1,Royal Challengers Bangalore,175,4,120,20.0
1136589,2,Kolkata Knight Riders,176,5,115,19.1
1359532,1,Sunrisers Hyderabad,182,6,120,20.0
1359532,2,Lucknow Super Giants,185,3,116,19.2
1422132,1,Mumbai Indians,125,9,120,20.0
1422132,2,Rajasthan Royals,127,4,93,15.3
829753,1,Chennai Super Kings,192,3,120,20.0
829753,2,Kings XI Punjab,95,9,120,20.0
1216543,1,Delhi Capitals,161,7,120,20.0
1216543,2,Rajasthan Royals,148,8,120,20.0
1473489,1,Royal Challengers Bengaluru,213,5,120,20.0
1473489,2,Chennai Super Kings,211,5,120,20.0
980917,1,Mumbai Indians,143,8,120,20.0
980917,2,Gujarat Lions,147,7,120,20.0
1254087,1,Royal Challengers Bangalore,92,10,114,19.0
1254087,2,Kolkata Knight Riders,94,1,60,10.0
1136594,1,Kings XI Punjab,174,6,120,20.0
1136594,2,Mumbai Indians,176,4,114,19.0
729283,1,Chennai Super Kings,205,4,120,20.0
729283,2,Kings XI Punjab,206,4,113,18.5
1426261,1,Sunrisers Hyderabad,182,9,120,20.0
1426261,2,Punjab Kings,180,6,120,20.0
1082633,1,Kings XI Punjab,138,7,120,20.0
1082633,2,Royal Challengers Bangalore,119,10,114,19.0
1304058,1,Lucknow Super Giants,169,7,120,20.0
1304058,2,Sunrisers Hyderabad,157,9,120,20.0
829723,1,Chennai Super Kings,165,9,120,20.0
829723,2,Kolkata Knight Riders,169,3,119,19.5
1082613,1,Kolkata Knight Riders,187,5,120,20.0
1082613,2,Gujarat Lions,188,6,110,18.2
1178429,1,Sunrisers Hyderabad,175,7,120,20.0
1178429,2,Royal Challengers Bangalore,178,6,116,19.2
1422138,1,Mumbai Indians,234,5,120,20.0
1422138,2,Delhi Capitals,205,8,120,20.0
336031,1,Deccan Chargers,175,4,120,20.0
336031,2,Kings XI Punjab,178,4,117,19.3
1529275,1,Rajasthan Royals,159,6,120,20.0
1529275,2,Lucknow Super Giants,119,10,108,18.0
829745,1,Chennai Super Kings,181,8,120,20.0
829745,2,Royal Challengers Bangalore,154,8,120,20.0
1216534,1,Royal Challengers Bangalore,163,5,120,20.0
1216534,2,Sunrisers Hyderabad,153,10,118,19.4
1359538,1,Delhi Capitals,213,2,120,20.0
1359538,2,Punjab Kings,198,8,120,20.0
336006,1,Royal Challengers Bangalore,126,10,116,19.2
336006,2,Kings XI Punjab,127,4,110,18.2
729285,1,Sunrisers Hyderabad,133,6,120,20.0
729285,2,Rajasthan Royals,135,6,117,19.3
1136568,1,Kings XI Punjab,155,10,116,19.2
1136568,2,Royal Challengers Bangalore,159,6,117,19.3
548309,1,Rajasthan Royals,191,4,120,20.0
548309,2,Kings XI Punjab,160,9,120,20.0
1304079,1,Mumbai Indians,155,7,120,20.0
1304079,2,Chennai Super Kings,156,7,120,20.0
501211,1,Chennai Super Kings,183,5,120,20.0
501211,2,Royal Challengers Bangalore,162,7,120,20.0
1216504,1,Kolkata Knight Riders,174,6,120,20.0
1216504,2,Rajasthan Royals,137,9,120,20.0
1473506,1,Mumbai Indians,184,7,120,20.0
1473506,2,Punjab Kings,187,3,111,18.3
980903,1,Delhi Daredevils,98,10,106,17.4
980903,2,Kolkata Knight Riders,99,1,85,14.1
1175357,1,Sunrisers Hyderabad,181,3,120,20.0
1175357,2,Kolkata Knight Riders,183,4,118,19.4
501218,1,Pune Warriors,118,10,104,17.2
501218,2,Mumbai Indians,124,3,120,20.0
1359478,1,Rajasthan Royals,203,5,120,20.0
1359478,2,Sunrisers Hyderabad,131,8,120,20.0
548314,1,Deccan Chargers,138,9,120,20.0
548314,2,Mumbai Indians,142,5,120,20.0
1216525,1,Royal Challengers Bangalore,169,4,120,20.0
1216525,2,Chennai Super Kings,132,8,120,20.0
1178420,1,Sunrisers Hyderabad,160,8,120,20.0
1178420,2,Rajasthan Royals,161,3,115,19.1
1529295,1,Gujarat Titans,229,4,120,20.0
1529295,2,Rajasthan Royals,152,10,99,16.3
336003,1,Kings XI Punjab,178,6,120,20.0
336003,2,Kolkata Knight Riders,169,6,120,20.0
1175372,1,Royal Challengers Bangalore,205,3,120,20.0
1175372,2,Kolkata Knight Riders,206,5,115,19.1
829823,1,Mumbai Indians,202,5,120,20.0
829823,2,Chennai Super Kings,161,8,120,20.0
1216536,1,Kolkata Knight Riders,172,5,120,20.0
1216536,2,Chennai Super Kings,178,4,120,20.0
1426309,1,Sunrisers Hyderabad,159,10,117,19.3
1426309,2,Kolkata Knight Riders,164,2,82,13.4
392214,1,Chennai Super Kings,185,3,108,18.0
392214,2,Kings XI Punjab,174,3,108,18.0
501215,1,Chennai Super Kings,131,4,102,17.0
501215,2,Kochi Tuskers Kerala,135,3,90,15.0
1304049,1,Royal Challengers Bangalore,205,2,120,20.0
1304049,2,Punjab Kings,208,5,114,19.0
1216502,1,Royal Challengers Bangalore,120,7,120,20.0
1216502,2,Sunrisers Hyderabad,121,5,85,14.1
1359490,1,Delhi Capitals,172,10,118,19.4
1359490,2,Mumbai Indians,173,4,120,20.0
598024,1,Mumbai Indians,161,4,120,20.0
598024,2,Delhi Daredevils,165,1,102,17.0
829769,1,Mumbai Indians,187,5,120,20.0
829769,2,Rajasthan Royals,179,7,120,20.0
1136585,1,Sunrisers Hyderabad,132,6,120,20.0
1136585,2,Kings XI Punjab,119,10,116,19.2
1304078,1,Punjab Kings,115,10,120,20.0
1304078,2,Delhi Capitals,119,1,63,10.3
1529292,1,Sunrisers Hyderabad,235,4,120,20.0
1529292,2,Punjab Kings,202,7,120,20.0
1254086,1,Punjab Kings,166,6,120,20.0
1254086,2,Delhi Capitals,167,3,106,17.4
733997,1,Kings XI Punjab,149,8,120,20.0
733997,2,Kolkata Knight Riders,150,1,108,18.0
1304103,1,Gujarat Titans,144,4,120,20.0
1304103,2,Lucknow Super Giants,82,10,83,13.5
1473492,1,Delhi Capitals,133,7,120,20.0
1254103,1,Rajasthan Royals,149,9,120,20.0
1254103,2,Royal Challengers Bangalore,153,3,103,17.1
1082620,1,Rising Pune Supergiant,182,5,120,20.0
1082620,2,Kolkata Knight Riders,184,3,109,18.1
501253,1,Chennai Super Kings,176,4,120,20.0
501253,2,Delhi Daredevils,158,6,120,20.0
1529296,1,Lucknow Super Giants,203,8,120,20.0
1529296,2,Chennai Super Kings,208,5,116,19.2
1529301,1,Punjab Kings,200,8,120,20.0
1529301,2,Mumbai Indians,205,4,119,19.5
1082612,1,Kings XI Punjab,198,4,120,20.0
1082612,2,Mumbai Indians,199,2,93,15.3
1312197,1,Rajasthan Royals,188,6,120,20.0
1312197,2,Gujarat Titans,191,3,117,19.3
1473462,1,Chennai Super Kings,103,9,120,20.0
1473462,2,Kolkata Knight Riders,107,2,61,10.1
1426295,1,Lucknow Super Giants,165,4,120,20.0
1426295,2,Sunrisers Hyderabad,167,0,58,9.4
419140,1,Delhi Daredevils,184,5,120,20.0
419140,2,Royal Challengers Bangalore,147,9,120,20.0
1359534,1,Royal Challengers Bangalore,171,5,120,20.0
1359534,2,Rajasthan Royals,59,10,63,10.3
1370351,1,Mumbai Indians,182,8,120,20.0
1370351,2,Lucknow Super Giants,101,10,99,16.3
1473502,1,Lucknow Super Giants,235,2,120,20.0
1473502,2,Gujarat Titans,202,9,120,20.0
1178431,1,Kolkata Knight Riders,133,7,120,20.0
1178431,2,Mumbai Indians,134,1,97,16.1
336007,1,Chennai Super Kings,144,7,120,20.0
336007,2,Deccan Chargers,148,3,108,18.0
980921,1,Royal Challengers Bangalore,191,5,120,20.0
980921,2,Delhi Daredevils,192,3,115,19.1
1359537,1,Lucknow Super Giants,177,4,120,20.0
1359537,2,Mumbai Indians,172,5,120,20.0
734019,1,Delhi Daredevils,164,7,120,20.0
734019,2,Kings XI Punjab,165,6,118,19.4
392202,1,Chennai Super Kings,164,5,120,20.0
392202,2,Rajasthan Royals,126,9,117,19.3
1304075,1,Chennai Super Kings,169,5,120,20.0
1304075,2,Gujarat Titans,170,7,119,19.5
335996,1,Chennai Super Kings,178,5,120,20.0
335996,2,Royal Challengers Bangalore,165,10,118,19.4
1359520,1,Punjab Kings,214,3,120,20.0
1359520,2,Mumbai Indians,216,4,113,18.5
548353,1,Kolkata Knight Riders,150,5,120,20.0
548353,2,Pune Warriors,143,8,120,20.0
1254109,1,Sunrisers Hyderabad,115,8,120,20.0
1254109,2,Kolkata Knight Riders,119,4,118,19.4
980919,1,Rising Pune Supergiants,152,7,120,20.0
980919,2,Kings XI Punjab,153,4,112,18.4
1527684,1,Royal Challengers Bengaluru,250,3,120,20.0
1527684,2,Chennai Super Kings,207,10,118,19.4
1529282,1,Delhi Capitals,75,10,99,16.3
1529282,2,Royal Challengers Bengaluru,77,1,39,6.3
336015,1,Delhi Daredevils,156,7,120,20.0
336015,2,Rajasthan Royals,159,7,114,19.0
1178393,1,Chennai Super Kings,160,3,120,20.0
1178393,2,Kings XI Punjab,138,5,120,20.0
501210,1,Mumbai Indians,182,2,120,20.0
501210,2,Kochi Tuskers Kerala,184,2,114,19.0
1529280,1,Chennai Super Kings,158,7,120,20.0
1529280,2,Gujarat Titans,162,2,100,16.4
1359515,1,Chennai Super Kings,200,4,120,20.0
1359515,2,Punjab Kings,201,6,120,20.0
1473464,1,Punjab Kings,245,6,120,20.0
1473464,2,Sunrisers Hyderabad,247,2,111,18.3
1426284,1,Chennai Super Kings,212,3,120,20.0
1426284,2,Sunrisers Hyderabad,134,10,113,18.5
1082638,1,Mumbai Indians,138,7,120,20.0
1082638,2,Sunrisers Hyderabad,140,3,110,18.2
733977,1,Sunrisers Hyderabad,155,6,120,20.0
733977,2,Royal Challengers Bangalore,158,6,119,19.5
1422120,1,Delhi Capitals,174,9,120,20.0
1422120,2,Punjab Kings,177,6,116,19.2
980989,1,Rising Pune Supergiants,103,6,106,17.4
980989,2,Kolkata Knight Riders,66,2,30,5.0
548331,1,Kings XI Punjab,163,6,120,20.0
548331,2,Royal Challengers Bangalore,166,5,117,19.3
1359489,1,Royal Challengers Bangalore,212,2,120,20.0
1359489,2,Lucknow Super Giants,213,9,120,20.0
548322,1,Chennai Super Kings,155,5,120,20.0
548322,2,Pune Warriors,156,3,116,19.2
501231,1,Mumbai Indians,94,8,120,20.0
501231,2,Rajasthan Royals,95,3,109,18.1
598060,1,Sunrisers Hyderabad,178,3,120,20.0
598060,2,Mumbai Indians,184,4,117,19.3
1254068,1,Punjab Kings,195,4,120,20.0
1254068,2,Delhi Capitals,198,4,110,18.2
1136611,1,Royal Challengers Bangalore,218,6,120,20.0
1136611,2,Sunrisers Hyderabad,204,3,120,20.0
1254060,1,Kolkata Knight Riders,187,6,120,20.0
1254060,2,Sunrisers Hyderabad,177,5,120,20.0
1304072,1,Lucknow Super Giants,199,4,120,20.0
1304072,2,Mumbai Indians,181,9,120,20.0
1359501,1,Royal Challengers Bangalore,174,4,120,20.0
1359501,2,Punjab Kings,150,10,110,18.2
392200,1,Kings XI Punjab,119,8,120,20.0
392200,2,Mumbai Indians,116,7,120,20.0
1304060,1,Mumbai Indians,161,4,120,20.0
1304060,2,Kolkata Knight Riders,162,5,96,16.0
729301,1,Sunrisers Hyderabad,184,1,120,20.0
729301,2,Delhi Daredevils,180,4,120,20.0
1254062,1,Mumbai Indians,152,10,120,20.0
1254062,2,Kolkata Knight Riders,142,7,120,20.0
335986,1,Deccan Chargers,110,10,112,18.4
335986,2,Kolkata Knight Riders,112,5,114,19.0
1304067,1,Gujarat Titans,162,7,120,20.0
1304067,2,Sunrisers Hyderabad,168,3,115,19.1
1254116,1,Delhi Capitals,135,5,120,20.0
1254116,2,Kolkata Knight Riders,136,7,119,19.5
501206,1,Chennai Super Kings,188,4,120,20.0
501206,2,Kings XI Punjab,193,4,115,19.1
548328,1,Kings XI Punjab,124,7,120,20.0
548328,2,Kolkata Knight Riders,127,2,99,16.3
1426310,1,Royal Challengers Bengaluru,172,8,120,20.0
1426310,2,Rajasthan Royals,174,6,114,19.0
1529276,1,Chennai Super Kings,207,6,120,20.0
1529276,2,Mumbai Indians,104,10,114,19.0
1216499,1,Royal Challengers Bangalore,164,6,120,20.0
1216499,2,Mumbai Indians,166,5,115,19.1
1304097,1,Mumbai Indians,177,6,120,20.0
1304097,2,Gujarat Titans,172,5,120,20.0
1529277,1,Gujarat Titans,205,3,120,20.0
1529277,2,Royal Challengers Bengaluru,206,5,113,18.5
1359484,1,Sunrisers Hyderabad,121,8,120,20.0
1359484,2,Lucknow Super Giants,127,5,96,16.0
419124,1,Rajasthan Royals,183,5,120,20.0
419124,2,Kings XI Punjab,152,10,115,19.1
734045,1,Mumbai Indians,173,8,120,20.0
734045,2,Chennai Super Kings,176,3,112,18.4
1216505,1,Royal Challengers Bangalore,152,7,120,20.0
1216505,2,Delhi Capitals,154,4,114,19.0
829735,1,Chennai Super Kings,156,4,120,20.0
829735,2,Rajasthan Royals,157,2,110,18.2
598057,1,Royal Challengers Bangalore,115,9,120,20.0
598057,2,Kolkata Knight Riders,116,5,116,19.2
598012,1,Royal Challengers Bangalore,165,6,120,20.0
598012,2,Chennai Super Kings,166,6,119,19.5
419144,1,Kolkata Knight Riders,181,3,120,20.0
419144,2,Delhi Daredevils,167,8,120,20.0
336010,1,Kolkata Knight Riders,129,7,96,16.0
336010,2,Royal Challengers Bangalore,124,4,96,16.0
1527692,1,Lucknow Super Giants,164,8,120,20.0
1527692,2,Gujarat Titans,165,3,112,18.4
598005,1,Rajasthan Royals,144,6,120,20.0
598005,2,Kolkata Knight Riders,125,10,114,19.0
1304086,1,Sunrisers Hyderabad,195,6,120,20.0
1304086,2,Gujarat Titans,199,5,120,20.0
548318,1,Royal Challengers Bangalore,205,8,120,20.0
548318,2,Chennai Super Kings,208,5,120,20.0
1426287,1,Chennai Super Kings,162,7,120,20.0
1426287,2,Punjab Kings,163,3,107,17.5
1304111,1,Sunrisers Hyderabad,193,6,120,20.0
1304111,2,Mumbai Indians,190,7,120,20.0
419162,1,Mumbai Indians,184,5,120,20.0
419162,2,Royal Challengers Bangalore,149,9,120,20.0
1426282,1,Lucknow Super Giants,196,5,120,20.0
1426282,2,Rajasthan Royals,199,3,114,19.0
1254078,1,Punjab Kings,123,9,120,20.0
1254078,2,Kolkata Knight Riders,126,5,100,16.4
829807,1,Sunrisers Hyderabad,135,3,66,11.0
829807,2,Royal Challengers Bangalore,83,4,35,5.5
1136608,1,Kings XI Punjab,88,10,91,15.1
1136608,2,Royal Challengers Bangalore,92,0,49,8.1
501249,1,Chennai Super Kings,196,3,120,20.0
501249,2,Rajasthan Royals,133,10,117,19.3
1304083,1,Lucknow Super Giants,168,6,120,20.0
1304083,2,Mumbai Indians,132,8,120,20.0
1136563,1,Royal Challengers Bangalore,176,7,120,20.0
1136563,2,Kolkata Knight Riders,177,6,113,18.5
1359535,1,Chennai Super Kings,144,6,120,20.0
1359535,2,Kolkata Knight Riders,147,4,111,18.3
548348,1,Deccan Chargers,186,4,120,20.0
548348,2,Pune Warriors,173,5,120,20.0
598038,1,Chennai Super Kings,164,3,120,20.0
598038,2,Pune Warriors,127,9,120,20.0
1359526,1,Rajasthan Royals,214,2,120,20.0
1359526,2,Sunrisers Hyderabad,217,6,120,20.0
1473458,1,Royal Challengers Bengaluru,221,5,120,20.0
1473458,2,Mumbai Indians,209,9,120,20.0
1304054,1,Punjab Kings,137,10,110,18.2
1304054,2,Kolkata Knight Riders,141,4,87,14.3
733985,1,Delhi Daredevils,160,5,120,20.0
733985,2,Kolkata Knight Riders,161,2,110,18.2
729295,1,Kings XI Punjab,193,6,120,20.0
729295,2,Sunrisers Hyderabad,121,10,116,19.2
1473485,1,Kolkata Knight Riders,204,9,120,20.0
1473485,2,Delhi Capitals,190,9,120,20.0
1082606,1,Gujarat Lions,176,4,120,20.0
1082606,2,Mumbai Indians,177,4,117,19.3
598027,1,Royal Challengers Bangalore,263,5,120,20.0
598027,2,Pune Warriors,133,9,120,20.0
1175371,1,Delhi Capitals,129,8,120,20.0
1175371,2,Sunrisers Hyderabad,131,5,111,18.3
1254066,1,Mumbai Indians,150,5,120,20.0
1254066,2,Sunrisers Hyderabad,137,10,118,19.4
1473469,1,Delhi Capitals,188,5,120,20.0
1473469,2,Rajasthan Royals,188,5,120,20.0
1473469,3,Rajasthan Royals,11,2,5,0.5
1473469,4,Delhi Capitals,13,0,4,0.4
548357,1,Delhi Daredevils,153,9,120,20.0
548357,2,Kolkata Knight Riders,154,4,112,18.4
419108,1,Kings XI Punjab,142,9,120,20.0
419108,2,Delhi Daredevils,146,5,119,19.5
1082618,1,Rising Pune Supergiant,160,6,120,20.0
1082618,2,Mumbai Indians,157,8,120,20.0
598039,1,Mumbai Indians,129,4,120,20.0
598039,2,Sunrisers Hyderabad,130,3,108,18.0
829797,1,Chennai Super Kings,157,5,120,20.0
829797,2,Rajasthan Royals,145,9,120,20.0
1473476,1,Gujarat Titans,198,3,120,20.0
1473476,2,Kolkata Knight Riders,159,8,120,20.0
548364,1,Delhi Daredevils,114,5,120,20.0
548364,2,Chennai Super Kings,115,1,92,15.2
980987,1,Royal Challengers Bangalore,248,3,120,20.0
980987,2,Gujarat Lions,104,10,112,18.4
1254061,1,Punjab Kings,221,6,120,20.0
1254061,2,Rajasthan Royals,217,7,120,20.0
1527689,1,Royal Challengers Bengaluru,201,8,120,20.0
1527689,2,Rajasthan Royals,202,4,108,18.0
1359488,1,Punjab Kings,143,9,120,20.0
1359488,2,Sunrisers Hyderabad,145,2,103,17.1
1178396,1,Rajasthan Royals,139,3,120,20.0
1178396,2,Kolkata Knight Riders,140,2,83,13.5
419139,1,Kolkata Knight Riders,200,3,120,20.0
419139,2,Kings XI Punjab,204,2,110,18.2
1304087,1,Kolkata Knight Riders,146,9,120,20.0
1304087,2,Delhi Capitals,150,6,114,19.0
1136609,1,Rajasthan Royals,142,10,114,19.0
1136609,2,Kolkata Knight Riders,145,4,108,18.0
1359480,1,Chennai Super Kings,217,7,120,20.0
1359480,2,Lucknow Super Giants,205,7,120,20.0
1359510,1,Kolkata Knight Riders,200,5,120,20.0
1359510,2,Royal Challengers Bangalore,179,8,120,20.0
980999,1,Royal Challengers Bangalore,211,3,90,15.0
980999,2,Kings XI Punjab,120,9,84,14.0
548326,1,Deccan Chargers,196,2,120,20.0
548326,2,Rajasthan Royals,197,5,118,19.4
1136571,1,Rajasthan Royals,217,4,120,20.0
1136571,2,Royal Challengers Bangalore,198,6,120,20.0
598007,1,Kings XI Punjab,138,10,119,19.5
598007,2,Chennai Super Kings,139,0,104,17.2
392209,1,Chennai Super Kings,178,3,120,20.0
392209,2,Deccan Chargers,100,10,88,14.4
1527693,1,Royal Challengers Bengaluru,240,4,120,20.0
1527693,2,Mumbai Indians,222,6,120,20.0
419150,1,Mumbai Indians,174,5,120,20.0
419150,2,Rajasthan Royals,137,8,120,20.0
336008,1,Rajasthan Royals,103,10,98,16.2
336008,2,Mumbai Indians,104,3,91,15.1
598025,1,Pune Warriors,185,4,120,20.0
598025,2,Kings XI Punjab,186,3,119,19.5
598030,1,Sunrisers Hyderabad,159,6,120,20.0
598030,2,Chennai Super Kings,160,5,118,19.4
1426300,1,Royal Challengers Bengaluru,187,9,120,20.0
1426300,2,Delhi Capitals,140,10,115,19.1
1426291,1,Chennai Super Kings,167,9,120,20.0
1426291,2,Punjab Kings,139,9,120,20.0
1422129,1,Lucknow Super Giants,199,8,120,20.0
1422129,2,Punjab Kings,178,5,120,20.0
1304065,1,Delhi Capitals,215,5,120,20.0
1304065,2,Kolkata Knight Riders,171,10,118,19.4
1426292,1,Kolkata Knight Riders,235,6,120,20.0
1426292,2,Lucknow Super Giants,137,10,97,16.1
1426277,1,Chennai Super Kings,210,4,120,20.0
1426277,2,Lucknow Super Giants,213,4,117,19.3
1175358,1,Delhi Capitals,213,6,120,20.0
1175358,2,Mumbai Indians,176,9,116,19.2
829747,1,Delhi Daredevils,190,4,120,20.0
829747,2,Mumbai Indians,153,9,120,20.0
1136588,1,Sunrisers Hyderabad,151,7,120,20.0
1136588,2,Rajasthan Royals,140,6,120,20.0
1426281,1,Delhi Capitals,257,4,120,20.0
1426281,2,Mumbai Indians,247,9,120,20.0
419142,1,Chennai Super Kings,165,4,120,20.0
419142,2,Mumbai Indians,141,9,120,20.0
598045,1,Royal Challengers Bangalore,174,5,120,20.0
598045,2,Kings XI Punjab,176,3,109,18.1
1216509,1,Chennai Super Kings,179,4,120,20.0
1216509,2,Delhi Capitals,185,5,119,19.5
598016,1,Kings XI Punjab,157,9,120,20.0
598016,2,Kolkata Knight Riders,153,9,120,20.0
598067,1,Pune Warriors,172,5,120,20.0
598067,2,Delhi Daredevils,134,9,120,20.0
501261,1,Chennai Super Kings,152,5,120,20.0
501261,2,Kochi Tuskers Kerala,141,5,120,20.0
1082615,1,Sunrisers Hyderabad,176,3,120,20.0
1082615,2,Rising Pune Supergiant,179,4,120,20.0
980909,1,Kolkata Knight Riders,187,5,120,20.0
980909,2,Mumbai Indians,188,4,115,19.1
1178407,1,Kings XI Punjab,182,6,120,20.0
1178407,2,Rajasthan Royals,170,7,120,20.0
1527677,1,Gujarat Titans,162,6,120,20.0
1527677,2,Punjab Kings,165,7,115,19.1
729303,1,Mumbai Indians,141,7,120,20.0
729303,2,Chennai Super Kings,142,3,114,19.0
336016,1,Royal Challengers Bangalore,143,8,120,20.0
336016,2,Kings XI Punjab,144,1,94,15.4
336040,1,Chennai Super Kings,163,5,120,20.0
336040,2,Rajasthan Royals,164,7,120,20.0
336012,1,Royal Challengers Bangalore,122,9,108,18.0
336012,2,Mumbai Indians,126,1,96,16.0
392199,1,Kolkata Knight Riders,139,6,120,20.0
392199,2,Royal Challengers Bangalore,143,5,119,19.5
548352,1,Chennai Super Kings,160,6,120,20.0
548352,2,Deccan Chargers,150,5,120,20.0
1529267,1,Mumbai Indians,195,6,120,20.0
1529267,2,Punjab Kings,198,3,99,16.3
733993,1,Delhi Daredevils,143,7,120,20.0
733993,2,Sunrisers Hyderabad,44,2,26,4.2
980981,1,Royal Challengers Bangalore,151,4,120,20.0
980981,2,Mumbai Indians,153,4,112,18.4
1254114,1,Delhi Capitals,172,5,120,20.0
1254114,2,Chennai Super Kings,173,6,118,19.4
981009,1,Kolkata Knight Riders,171,6,120,20.0
981009,2,Sunrisers Hyderabad,149,8,120,20.0
501233,1,Delhi Daredevils,157,7,120,20.0
501233,2,Kochi Tuskers Kerala,119,10,113,18.5
1082647,1,Rising Pune Supergiant,162,4,120,20.0
1082647,2,Mumbai Indians,142,9,120,20.0
392228,1,Kolkata Knight Riders,160,5,120,20.0
392228,2,Deccan Chargers,166,4,120,20.0
598059,1,Delhi Daredevils,120,7,120,20.0
598059,2,Kings XI Punjab,121,5,102,17.0
1254099,1,Punjab Kings,135,6,120,20.0
1254099,2,Mumbai Indians,137,4,114,19.0
501250,1,Deccan Chargers,136,8,120,20.0
501250,2,Pune Warriors,137,4,110,18.2
392198,1,Delhi Daredevils,143,7,120,20.0
392198,2,Rajasthan Royals,147,5,112,18.4
1529287,1,Mumbai Indians,159,7,120,20.0
1529287,2,Chennai Super Kings,160,2,109,18.1
1082598,1,Royal Challengers Bangalore,148,4,120,20.0
1082598,2,Kings XI Punjab,150,2,87,14.3
1422133,1,Lucknow Super Giants,181,5,120,20.0
1422133,2,Royal Challengers Bengaluru,153,10,118,19.4
1254102,1,Kolkata Knight Riders,165,7,120,20.0
1254102,2,Punjab Kings,168,5,117,19.3
734021,1,Royal Challengers Bangalore,160,6,120,20.0
734021,2,Sunrisers Hyderabad,161,3,118,19.4
1304068,1,Chennai Super Kings,216,4,120,20.0
1304068,2,Royal Challengers Bangalore,193,9,120,20.0
392226,1,Delhi Daredevils,120,9,120,20.0
392226,2,Kings XI Punjab,123,4,115,19.1
419145,1,Royal Challengers Bangalore,184,6,120,20.0
419145,2,Deccan Chargers,186,3,116,19.2
598037,1,Mumbai Indians,174,3,120,20.0
598037,2,Kings XI Punjab,170,10,120,20.0
1136618,1,Kolkata Knight Riders,169,7,120,20.0
1136618,2,Rajasthan Royals,144,4,120,20.0
1473499,1,Lucknow Super Giants,205,7,120,20.0
1473499,2,Sunrisers Hyderabad,206,5,110,18.2
980901,1,Mumbai Indians,121,8,120,20.0
980901,2,Rising Pune Supergiants,126,1,88,14.4
419113,1,Chennai Super Kings,164,3,120,20.0
419113,2,Kolkata Knight Riders,109,10,116,19.2
829795,1,Royal Challengers Bangalore,235,1,120,20.0
829795,2,Mumbai Indians,196,7,120,20.0
392196,1,Chennai Super Kings,165,6,120,20.0
392196,2,Deccan Chargers,169,4,117,19.3
1136578,1,Kolkata Knight Riders,191,7,120,20.0
1136578,2,Kings XI Punjab,126,1,67,11.1
1359519,1,Lucknow Super Giants,125,7,116,19.2
1254073,1,Rajasthan Royals,177,9,120,20.0
1254073,2,Royal Challengers Bangalore,181,0,99,16.3
336026,1,Royal Challengers Bangalore,154,7,120,20.0
336026,2,Delhi Daredevils,158,5,110,18.2
1237178,1,Royal Challengers Bangalore,131,7,120,20.0
1237178,2,Sunrisers Hyderabad,132,4,118,19.4
335991,1,Kings XI Punjab,182,10,120,20.0
335991,2,Mumbai Indians,116,9,120,20.0
501271,1,Chennai Super Kings,205,5,120,20.0
501271,2,Royal Challengers Bangalore,147,8,120,20.0
829793,1,Sunrisers Hyderabad,163,4,120,20.0
829793,2,Delhi Daredevils,157,4,120,20.0
1304099,1,Lucknow Super Giants,176,7,120,20.0
1304099,2,Kolkata Knight Riders,101,10,87,14.3
598001,1,Rajasthan Royals,165,7,120,20.0
598001,2,Delhi Daredevils,160,6,120,20.0
548372,1,Royal Challengers Bangalore,215,1,120,20.0
548372,2,Delhi Daredevils,194,9,120,20.0
