match_id,season,date,city,venue,match_type,team1,team2,toss_winner,toss_decision,winner,win_by_runs,win_by_wickets,player_of_match,match_number
501219,2011,2011-04-20,Kolkata,Eden Gardens,T20,Kolkata Knight Riders,Kochi Tuskers Kerala,Kolkata Knight Riders,field,Kochi Tuskers Kerala,6.0,,DPMD Jayawardene,22.0
1254101,2021,2021-10-08,Dubai,Dubai International Cricket Stadium,T20,Delhi Capitals,Royal Challengers Bangalore,Royal Challengers Bangalore,field,Royal Challengers Bangalore,,7.0,KS Bharat,56.0
1473448,2025,2025-03-30,Guwahati,"Barsapara Cricket Stadium, Guwahati",T20,Rajasthan Royals,Chennai Super Kings,Chennai Super Kings,field,Rajasthan Royals,6.0,,N Rana,11.0
1178425,2019,2019-05-01,Chennai,MA Chidambaram Stadium,T20,Chennai Super Kings,Delhi Capitals,Delhi Capitals,field,Chennai Super Kings,80.0,,MS Dhoni,50.0
1254084,2021,2021-05-01,Delhi,"Arun Jaitley Stadium, Delhi",T20,Chennai Super Kings,Mumbai Indians,Mumbai Indians,field,Mumbai Indians,,4.0,KA Pollard,27.0
1082644,2017,2017-05-13,Kolkata,Eden Gardens,T20,Kolkata Knight Riders,Mumbai Indians,Kolkata Knight Riders,field,Mumbai Indians,9.0,,AT Rayudu,54.0
1359531,2023,2023-05-12,Mumbai,"Wankhede Stadium, Mumbai",T20,Mumbai Indians,Gujarat Titans,Gujarat Titans,field,Mumbai Indians,27.0,,SA Yadav,57.0
1082629,2017,2017-05-01,Pune,Maharashtra Cricket Association Stadium,T20,Rising Pune Supergiant,Gujarat Lions,Rising Pune Supergiant,field,Rising Pune Supergiant,,5.0,BA Stokes,39.0
1312200,2022,2022-05-29,Ahmedabad,"Narendra Modi Stadium, Ahmedabad",T20,Rajasthan Royals,Gujarat Titans,Rajasthan Royals,bat,Gujarat Titans,,7.0,HH Pandya,
548332,2012,2012-04-21,Chennai,"MA Chidambaram Stadium, Chepauk",T20,Chennai Super Kings,Rajasthan Royals,Rajasthan Royals,bat,Chennai Super Kings,,7.0,F du Plessis,26.0
1178405,2019,2019-04-14,Hyderabad,Rajiv Gandhi International Stadium,T20,Delhi Capitals,Sunrisers Hyderabad,Sunrisers Hyderabad,field,Delhi Capitals,39.0,,KMA Paul,30.0
598023,2013,2013-04-20,Bangalore,M Chinnaswamy Stadium,T20,Royal Challengers Bangalore,Rajasthan Royals,Royal Challengers Bangalore,field,Royal Challengers Bangalore,,7.0,R Vinay Kumar,27.0
829743,2015,2015-04-22,Visakhapatnam,Dr. Y.S. Rajasekhara Reddy ACA-VDCA Cricket Stadium,T20,Sunrisers Hyderabad,Kolkata Knight Riders,Kolkata Knight Riders,field,Sunrisers Hyderabad,16.0,,DA Warner,19.0
598006,2013,2013-04-09,Mumbai,Wankhede Stadium,T20,Mumbai Indians,Delhi Daredevils,Mumbai Indians,bat,Mumbai Indians,44.0,,KD Karthik,10.0
734003,2014,2014-05-13,Ranchi,JSCA International Stadium Complex,T20,Chennai Super Kings,Rajasthan Royals,Rajasthan Royals,bat,Chennai Super Kings,,5.0,RA Jadeja,37.0
598066,2013,2013-05-18,Dharamsala,Himachal Pradesh Cricket Association Stadium,T20,Kings XI Punjab,Mumbai Indians,Mumbai Indians,field,Kings XI Punjab,50.0,,Azhar Mahmood,69.0
1527681,2026,2026-04-04,Delhi,"Arun Jaitley Stadium, Delhi",T20,Mumbai Indians,Delhi Capitals,Delhi Capitals,field,Delhi Capitals,,6.0,Sameer Rizvi,8.0
980939,2016,2016-04-24,Pune,Maharashtra Cricket Association Stadium,T20,Rising Pune Supergiants,Kolkata Knight Riders,Kolkata Knight Riders,field,Kolkata Knight Riders,,2.0,SA Yadav,20.0
1216511,2020/21,2020-10-06,Abu Dhabi,Sheikh Zayed Stadium,T20,Mumbai Indians,Rajasthan Royals,Mumbai Indians,bat,Mumbai Indians,57.0,,SA Yadav,20.0
392231,2009,2009-05-18,Centurion,SuperSport Park,T20,Chennai Super Kings,Kolkata Knight Riders,Chennai Super Kings,bat,Kolkata Knight Riders,,7.0,BJ Hodge,51.0
392232,2009,2009-05-19,Johannesburg,New Wanderers Stadium,T20,Royal Challengers Bangalore,Delhi Daredevils,Delhi Daredevils,bat,Royal Challengers Bangalore,,7.0,JH Kallis,52.0
1304064,2022,2022-04-09,Pune,"Maharashtra Cricket Association Stadium, Pune",T20,Mumbai Indians,Royal Challengers Bangalore,Royal Challengers Bangalore,field,Royal Challengers Bangalore,,7.0,Anuj Rawat,18.0
1473509,2025,2025-05-30,New Chandigarh,"Maharaja Yadavindra Singh International Cricket Stadium, New Chandigarh",T20,Mumbai Indians,Gujarat Titans,Mumbai Indians,bat,Mumbai Indians,20.0,,RG Sharma,
1178408,2019,2019-04-17,Hyderabad,Rajiv Gandhi International Stadium,T20,Chennai Super Kings,Sunrisers Hyderabad,Chennai Super Kings,bat,Sunrisers Hyderabad,,6.0,DA Warner,33.0
1254092,2021,2021-09-28,Sharjah,Sharjah Cricket Stadium,T20,Delhi Capitals,Kolkata Knight Riders,Kolkata Knight Riders,field,Kolkata Knight Riders,,3.0,SP Narine,41.0
1254058,2021,2021-04-09,Chennai,"MA Chidambaram Stadium, Chepauk, Chennai",T20,Mumbai Indians,Royal Challengers Bangalore,Royal Challengers Bangalore,field,Royal Challengers Bangalore,,2.0,HV Patel,1.0
1082602,2017,2017-04-14,Bangalore,M Chinnaswamy Stadium,T20,Royal Challengers Bangalore,Mumbai Indians,Mumbai Indians,field,Mumbai Indians,,4.0,KA Pollard,12.0
1422134,2024,2024-04-03,Visakhapatnam,"Dr. Y.S. Rajasekhara Reddy ACA-VDCA Cricket Stadium, Visakhapatnam",T20,Kolkata Knight Riders,Delhi Capitals,Kolkata Knight Riders,bat,Kolkata Knight Riders,106.0,,SP Narine,16.0
1527690,2026,2026-04-11,New Chandigarh,"Maharaja Yadavindra Singh International Cricket Stadium, New Chandigarh",T20,Sunrisers Hyderabad,Punjab Kings,Punjab Kings,field,Punjab Kings,,6.0,SS Iyer,17.0
1136590,2018,2018-04-30,Pune,Maharashtra Cricket Association Stadium,T20,Chennai Super Kings,Delhi Daredevils,Delhi Daredevils,field,Chennai Super Kings,13.0,,SR Watson,30.0
335985,2007/08,2008-04-20,Mumbai,Wankhede Stadium,T20,Mumbai Indians,Royal Challengers Bangalore,Mumbai Indians,bat,Royal Challengers Bangalore,,5.0,MV Boucher,5.0
980941,2016,2016-04-25,Chandigarh,"Punjab Cricket Association IS Bindra Stadium, Mohali",T20,Kings XI Punjab,Mumbai Indians,Kings XI Punjab,field,Mumbai Indians,25.0,,PA Patel,21.0
548355,2012,2012-05-06,Mumbai,Wankhede Stadium,T20,Mumbai Indians,Chennai Super Kings,Mumbai Indians,field,Mumbai Indians,,2.0,DR Smith,49.0
733975,2014,2014-05-03,Delhi,Feroz Shah Kotla,T20,Delhi Daredevils,Rajasthan Royals,Rajasthan Royals,field,Rajasthan Royals,,7.0,KK Nair,23.0
1254072,2021,2021-04-21,Mumbai,"Wankhede Stadium, Mumbai",T20,Chennai Super Kings,Kolkata Knight Riders,Kolkata Knight Riders,field,Chennai Super Kings,18.0,,F du Plessis,15.0
1082635,2017,2017-05-06,Delhi,Feroz Shah Kotla,T20,Delhi Daredevils,Mumbai Indians,Delhi Daredevils,field,Mumbai Indians,146.0,,LMP Simmons,45.0
729307,2014,2014-04-26,Abu Dhabi,Sheikh Zayed Stadium,T20,Kolkata Knight Riders,Kings XI Punjab,Kolkata Knight Riders,field,Kings XI Punjab,23.0,,Sandeep Sharma,15.0
1426269,2024,2024-04-16,Kolkata,"Eden Gardens, Kolkata",T20,Kolkata Knight Riders,Rajasthan Royals,Rajasthan Royals,field,Rajasthan Royals,,2.0,JC Buttler,31.0
1178428,2019,2019-05-04,Delhi,Arun Jaitley Stadium,T20,Rajasthan Royals,Delhi Capitals,Rajasthan Royals,bat,Delhi Capitals,,5.0,A Mishra,53.0
1473486,2025,2025-04-30,Chennai,"MA Chidambaram Stadium, Chepauk, Chennai",T20,Chennai Super Kings,Punjab Kings,Punjab Kings,field,Punjab Kings,,4.0,SS Iyer,49.0
1254085,2021,2021-05-02,Delhi,"Arun Jaitley Stadium, Delhi",T20,Rajasthan Royals,Sunrisers Hyderabad,Sunrisers Hyderabad,field,Rajasthan Royals,55.0,,JC Buttler,28.0
1304104,2022,2022-05-11,Navi Mumbai,"Dr DY Patil Sports Academy, Mumbai",T20,Rajasthan Royals,Delhi Capitals,Delhi Capitals,field,Delhi Capitals,,8.0,MR Marsh,58.0
1359483,2023,2023-04-06,Kolkata,"Eden Gardens, Kolkata",T20,Kolkata Knight Riders,Royal Challengers Bangalore,Royal Challengers Bangalore,field,Kolkata Knight Riders,81.0,,SN Thakur,9.0
1304080,2022,2022-04-22,Mumbai,"Wankhede Stadium, Mumbai",T20,Rajasthan Royals,Delhi Capitals,Delhi Capitals,field,Rajasthan Royals,15.0,,JC Buttler,34.0
981015,2016,2016-05-25,Delhi,Feroz Shah Kotla,T20,Sunrisers Hyderabad,Kolkata Knight Riders,Kolkata Knight Riders,field,Sunrisers Hyderabad,22.0,,MC Henriques,
1304114,2022,2022-05-20,Mumbai,"Brabourne Stadium, Mumbai",T20,Chennai Super Kings,Rajasthan Royals,Chennai Super Kings,bat,Rajasthan Royals,,5.0,R Ashwin,68.0
501237,2011,2011-05-02,Mumbai,Wankhede Stadium,T20,Mumbai Indians,Kings XI Punjab,Kings XI Punjab,field,Mumbai Indians,23.0,,KA Pollard,40.0
1082593,2017,2017-04-07,Rajkot,Saurashtra Cricket Association Stadium,T20,Gujarat Lions,Kolkata Knight Riders,Kolkata Knight Riders,field,Kolkata Knight Riders,,10.0,CA Lynn,3.0
1473494,2025,2025-05-07,Kolkata,"Eden Gardens, Kolkata",T20,Kolkata Knight Riders,Chennai Super Kings,Kolkata Knight Riders,bat,Chennai Super Kings,,2.0,Noor Ahmad,57.0
548374,2012,2012-05-19,Dharamsala,Himachal Pradesh Cricket Association Stadium,T20,Kings XI Punjab,Delhi Daredevils,Delhi Daredevils,field,Delhi Daredevils,,6.0,UT Yadav,69.0
980991,2016,2016-05-15,Chandigarh,"Punjab Cricket Association IS Bindra Stadium, Mohali",T20,Kings XI Punjab,Sunrisers Hyderabad,Kings XI Punjab,bat,Sunrisers Hyderabad,,7.0,HM Amla,46.0
598021,2013,2013-04-19,Hyderabad,"Rajiv Gandhi International Stadium, Uppal",T20,Sunrisers Hyderabad,Kings XI Punjab,Kings XI Punjab,bat,Sunrisers Hyderabad,,5.0,GH Vihari,25.0
548368,2012,2012-05-14,Kolkata,Eden Gardens,T20,Kolkata Knight Riders,Chennai Super Kings,Chennai Super Kings,field,Chennai Super Kings,,5.0,MEK Hussey,63.0
501222,2011,2011-04-22,Kolkata,Eden Gardens,T20,Kolkata Knight Riders,Royal Challengers Bangalore,Royal Challengers Bangalore,field,Royal Challengers Bangalore,,9.0,CH Gayle,24.0
1082597,2017,2017-04-09,Mumbai,Wankhede Stadium,T20,Mumbai Indians,Kolkata Knight Riders,Mumbai Indians,field,Mumbai Indians,,4.0,N Rana,7.0
1082632,2017,2017-05-04,Delhi,Feroz Shah Kotla,T20,Delhi Daredevils,Gujarat Lions,Delhi Daredevils,field,Delhi Daredevils,,7.0,RR Pant,42.0
1359512,2023,2023-04-28,Chandigarh,"Punjab Cricket Association IS Bindra Stadium, Mohali, Chandigarh",T20,Lucknow Super Giants,Punjab Kings,Punjab Kings,field,Lucknow Super Giants,56.0,,MP Stoinis,38.0
1426311,2024,2024-05-24,Chennai,"MA Chidambaram Stadium, Chepauk, Chennai",T20,Sunrisers Hyderabad,Rajasthan Royals,Rajasthan Royals,field,Sunrisers Hyderabad,36.0,,Shahbaz Ahmed,
548356,2012,2012-05-06,Bangalore,M Chinnaswamy Stadium,T20,Royal Challengers Bangalore,Deccan Chargers,Royal Challengers Bangalore,field,Royal Challengers Bangalore,,5.0,AB de Villiers,50.0
1359495,2023,2023-04-15,Lucknow,"Bharat Ratna Shri Atal Bihari Vajpayee Ekana Cricket Stadium, Lucknow",T20,Lucknow Super Giants,Punjab Kings,Punjab Kings,field,Punjab Kings,,2.0,Sikandar Raza,21.0
336034,2007/08,2008-05-03,Bangalore,M Chinnaswamy Stadium,T20,Royal Challengers Bangalore,Deccan Chargers,Deccan Chargers,field,Royal Challengers Bangalore,3.0,,P Kumar,21.0
1473446,2025,2025-03-29,Ahmedabad,"Narendra Modi Stadium, Ahmedabad",T20,Gujarat Titans,Mumbai Indians,Mumbai Indians,field,Gujarat Titans,36.0,,M Prasidh Krishna,9.0
1426266,2024,2024-04-14,Kolkata,"Eden Gardens, Kolkata",T20,Lucknow Super Giants,Kolkata Knight Riders,Kolkata Knight Riders,field,Kolkata Knight Riders,,8.0,PD Salt,28.0
1136562,2018,2018-04-08,Chandigarh,Punjab Cricket Association IS Bindra Stadium,T20,Delhi Daredevils,Kings XI Punjab,Kings XI Punjab,field,Kings XI Punjab,,6.0,KL Rahul,2.0
734035,2014,2014-05-24,Bangalore,M Chinnaswamy Stadium,T20,Royal Challengers Bangalore,Chennai Super Kings,Chennai Super Kings,field,Chennai Super Kings,,8.0,MS Dhoni,53.0
598032,2013,2013-04-27,Jaipur,Sawai Mansingh Stadium,T20,Rajasthan Royals,Sunrisers Hyderabad,Sunrisers Hyderabad,bat,Rajasthan Royals,,8.0,JP Faulkner,36.0
548350,2012,2012-05-02,Bangalore,M Chinnaswamy Stadium,T20,Royal Challengers Bangalore,Kings XI Punjab,Kings XI Punjab,field,Kings XI Punjab,,4.0,Azhar Mahmood,44.0
1136606,2018,2018-05-13,Pune,Maharashtra Cricket Association Stadium,T20,Sunrisers Hyderabad,Chennai Super Kings,Chennai Super Kings,field,Chennai Super Kings,,8.0,AT Rayudu,46.0
1473461,2025,2025-04-10,Bengaluru,"M Chinnaswamy Stadium, Bengaluru",T20,Royal Challengers Bengaluru,Delhi Capitals,Delhi Capitals,field,Delhi Capitals,,6.0,KL Rahul,24.0
1304066,2022,2022-04-10,Mumbai,"Wankhede Stadium, Mumbai",T20,Rajasthan Royals,Lucknow Super Giants,Lucknow Super Giants,field,Rajasthan Royals,3.0,,YS Chahal,20.0
1082637,2017,2017-05-07,Chandigarh,"Punjab Cricket Association IS Bindra Stadium, Mohali",T20,Kings XI Punjab,Gujarat Lions,Gujarat Lions,field,Gujarat Lions,,6.0,DR Smith,47.0
419156,2009/10,2010-04-16,Dharamsala,Himachal Pradesh Cricket Association Stadium,T20,Kings XI Punjab,Deccan Chargers,Deccan Chargers,field,Deccan Chargers,,5.0,RG Sharma,51.0
980943,2016,2016-04-26,Hyderabad,"Rajiv Gandhi International Stadium, Uppal",T20,Sunrisers Hyderabad,Rising Pune Supergiants,Rising Pune Supergiants,field,Rising Pune Supergiants,34.0,,AB Dinda,22.0
392207,2009,2009-05-03,Port Elizabeth,St George's Park,T20,Kings XI Punjab,Kolkata Knight Riders,Kolkata Knight Riders,bat,Kings XI Punjab,,6.0,DPMD Jayawardene,27.0
548381,2012,2012-05-27,Chennai,"MA Chidambaram Stadium, Chepauk",T20,Kolkata Knight Riders,Chennai Super Kings,Chennai Super Kings,bat,Kolkata Knight Riders,,5.0,MS Bisla,
1304061,2022,2022-04-07,Mumbai,"Dr DY Patil Sports Academy, Mumbai",T20,Delhi Capitals,Lucknow Super Giants,Lucknow Super Giants,field,Lucknow Super Giants,,6.0,Q de Kock,15.0
1304105,2022,2022-05-12,Mumbai,"Wankhede Stadium, Mumbai",T20,Chennai Super Kings,Mumbai Indians,Mumbai Indians,field,Mumbai Indians,,5.0,DR Sams,59.0
734005,2014,2014-05-13,Bangalore,M Chinnaswamy Stadium,T20,Royal Challengers Bangalore,Delhi Daredevils,Delhi Daredevils,field,Royal Challengers Bangalore,16.0,,Yuvraj Singh,38.0
598061,2013,2013-05-15,Ranchi,JSCA International Stadium Complex,T20,Kolkata Knight Riders,Pune Warriors,Kolkata Knight Riders,field,Pune Warriors,7.0,,MK Pandey,65.0
335993,2007/08,2008-04-26,Chennai,"MA Chidambaram Stadium, Chepauk",T20,Chennai Super Kings,Kolkata Knight Riders,Kolkata Knight Riders,bat,Chennai Super Kings,,9.0,JDP Oram,11.0
1473460,2025,2025-04-09,Ahmedabad,"Narendra Modi Stadium, Ahmedabad",T20,Gujarat Titans,Rajasthan Royals,Rajasthan Royals,field,Gujarat Titans,58.0,,B Sai Sudharsan,23.0
1178400,2019,2019-04-11,Jaipur,Sawai Mansingh Stadium,T20,Rajasthan Royals,Chennai Super Kings,Chennai Super Kings,field,Chennai Super Kings,,4.0,MS Dhoni,25.0
829787,2015,2015-05-07,Mumbai,Brabourne Stadium,T20,Rajasthan Royals,Sunrisers Hyderabad,Rajasthan Royals,field,Sunrisers Hyderabad,7.0,,EJG Morgan,41.0
1216510,2020/21,2020-09-24,,Dubai International Cricket Stadium,T20,Kings XI Punjab,Royal Challengers Bangalore,Royal Challengers Bangalore,field,Kings XI Punjab,97.0,,KL Rahul,6.0
548342,2012,2012-04-27,Delhi,Feroz Shah Kotla,T20,Delhi Daredevils,Mumbai Indians,Mumbai Indians,field,Delhi Daredevils,37.0,,V Sehwag,36.0
829751,2015,2015-04-25,Mumbai,Wankhede Stadium,T20,Mumbai Indians,Sunrisers Hyderabad,Mumbai Indians,bat,Mumbai Indians,20.0,,SL Malinga,23.0
548375,2012,2012-05-19,Pune,Subrata Roy Sahara Stadium,T20,Pune Warriors,Kolkata Knight Riders,Kolkata Knight Riders,bat,Kolkata Knight Riders,34.0,,Shakib Al Hasan,70.0
501259,2011,2011-05-16,Mumbai,Dr DY Patil Sports Academy,T20,Pune Warriors,Deccan Chargers,Deccan Chargers,field,Deccan Chargers,,6.0,A Mishra,62.0
1422131,2024,2024-03-31,Visakhapatnam,"Dr. Y.S. Rajasekhara Reddy ACA-VDCA Cricket Stadium, Visakhapatnam",T20,Delhi Capitals,Chennai Super Kings,Delhi Capitals,bat,Delhi Capitals,20.0,,KK Ahmed,13.0
1473511,2025,2025-06-03,Ahmedabad,"Narendra Modi Stadium, Ahmedabad",T20,Royal Challengers Bengaluru,Punjab Kings,Punjab Kings,field,Royal Challengers Bengaluru,6.0,,KH Pandya,
829725,2015,2015-04-15,Pune,Maharashtra Cricket Association Stadium,T20,Kings XI Punjab,Delhi Daredevils,Kings XI Punjab,bat,Delhi Daredevils,,5.0,MA Agarwal,10.0
1178411,2019,2019-04-20,Jaipur,Sawai Mansingh Stadium,T20,Mumbai Indians,Rajasthan Royals,Rajasthan Royals,field,Rajasthan Royals,,5.0,SPD Smith,36.0
1216517,2020/21,2020-10-18,,Dubai International Cricket Stadium,T20,Mumbai Indians,Kings XI Punjab,Mumbai Indians,bat,,,,KL Rahul,36.0
501200,2011,2011-04-09,Kochi,Nehru Stadium,T20,Kochi Tuskers Kerala,Royal Challengers Bangalore,Kochi Tuskers Kerala,bat,Royal Challengers Bangalore,,6.0,AB de Villiers,3.0
1473451,2025,2025-04-02,Bengaluru,"M Chinnaswamy Stadium, Bengaluru",T20,Royal Challengers Bengaluru,Gujarat Titans,Gujarat Titans,field,Gujarat Titans,,8.0,Mohammed Siraj,14.0
733995,2014,2014-05-10,Mumbai,Wankhede Stadium,T20,Mumbai Indians,Chennai Super Kings,Chennai Super Kings,field,Chennai Super Kings,,4.0,DR Smith,33.0
1216501,2020/21,2020-10-07,Abu Dhabi,Sheikh Zayed Stadium,T20,Kolkata Knight Riders,Chennai Super Kings,Kolkata Knight Riders,bat,Kolkata Knight Riders,10.0,,RA Tripathi,21.0
1136616,2018,2018-05-20,Pune,Maharashtra Cricket Association Stadium,T20,Kings XI Punjab,Chennai Super Kings,Chennai Super Kings,field,Chennai Super Kings,,5.0,L Ngidi,56.0
1473457,2025,2025-04-06,Hyderabad,"Rajiv Gandhi International Stadium, Uppal, Hyderabad",T20,Sunrisers Hyderabad,Gujarat Titans,Gujarat Titans,field,Gujarat Titans,,7.0,Mohammed Siraj,19.0
1216506,2020/21,2020-11-01,Abu Dhabi,Sheikh Zayed Stadium,T20,Kings XI Punjab,Chennai Super Kings,Chennai Super Kings,field,Chennai Super Kings,,9.0,RD Gaikwad,53.0
501258,2011,2011-05-15,Indore,Holkar Cricket Stadium,T20,Kochi Tuskers Kerala,Rajasthan Royals,Kochi Tuskers Kerala,field,Kochi Tuskers Kerala,,8.0,BJ Hodge,61.0
419152,2009/10,2010-04-13,Mumbai,Brabourne Stadium,T20,Mumbai Indians,Delhi Daredevils,Mumbai Indians,bat,Mumbai Indians,39.0,,KA Pollard,47.0
1178422,2019,2019-04-28,Kolkata,Eden Gardens,T20,Kolkata Knight Riders,Mumbai Indians,Mumbai Indians,field,Kolkata Knight Riders,34.0,,AD Russell,47.0
1473445,2025,2025-03-28,Chennai,"MA Chidambaram Stadium, Chepauk, Chennai",T20,Royal Challengers Bengaluru,Chennai Super Kings,Chennai Super Kings,field,Royal Challengers Bengaluru,50.0,,RM Patidar,8.0
1473493,2025,2025-05-06,Mumbai,"Wankhede Stadium, Mumbai",T20,Mumbai Indians,Gujarat Titans,Gujarat Titans,field,Gujarat Titans,,3.0,Shubman Gill,56.0
598002,2013,2013-04-06,Chennai,"MA Chidambaram Stadium, Chepauk",T20,Chennai Super Kings,Mumbai Indians,Mumbai Indians,bat,Mumbai Indians,9.0,,KA Pollard,5.0
598053,2013,2013-05-09,Pune,Subrata Roy Sahara Stadium,T20,Pune Warriors,Kolkata Knight Riders,Kolkata Knight Riders,bat,Kolkata Knight Riders,46.0,,G Gambhir,56.0
980967,2016,2016-05-06,Hyderabad,"Rajiv Gandhi International Stadium, Uppal",T20,Sunrisers Hyderabad,Gujarat Lions,Sunrisers Hyderabad,field,Sunrisers Hyderabad,,5.0,B Kumar,34.0
598046,2013,2013-05-05,Mumbai,Wankhede Stadium,T20,Mumbai Indians,Chennai Super Kings,Mumbai Indians,bat,Mumbai Indians,60.0,,MG Johnson,49.0
1426296,2024,2024-05-09,Dharamsala,"Himachal Pradesh Cricket Association Stadium, Dharamsala",T20,Royal Challengers Bengaluru,Punjab Kings,Punjab Kings,field,Royal Challengers Bengaluru,60.0,,V Kohli,58.0
829803,2015,2015-05-13,Chandigarh,"Punjab Cricket Association Stadium, Mohali",T20,Kings XI Punjab,Royal Challengers Bangalore,Royal Challengers Bangalore,field,Kings XI Punjab,22.0,,AR Patel,50.0
1082643,2017,2017-05-13,Kanpur,Green Park,T20,Gujarat Lions,Sunrisers Hyderabad,Sunrisers Hyderabad,field,Sunrisers Hyderabad,,8.0,Mohammed Siraj,53.0
1216522,2020/21,2020-10-17,,Dubai International Cricket Stadium,T20,Rajasthan Royals,Royal Challengers Bangalore,Rajasthan Royals,bat,Royal Challengers Bangalore,,7.0,AB de Villiers,33.0
548345,2012,2012-04-29,Delhi,Feroz Shah Kotla,T20,Delhi Daredevils,Rajasthan Royals,Delhi Daredevils,bat,Delhi Daredevils,1.0,,V Sehwag,39.0
335992,2007/08,2008-04-26,Bangalore,M Chinnaswamy Stadium,T20,Royal Challengers Bangalore,Rajasthan Royals,Rajasthan Royals,field,Rajasthan Royals,,7.0,SR Watson,12.0
1304051,2022,2022-03-29,Pune,"Maharashtra Cricket Association Stadium, Pune",T20,Rajasthan Royals,Sunrisers Hyderabad,Sunrisers Hyderabad,field,Rajasthan Royals,61.0,,SV Samson,5.0
733971,2014,2014-05-02,Ranchi,JSCA International Stadium Complex,T20,Chennai Super Kings,Kolkata Knight Riders,Chennai Super Kings,bat,Chennai Super Kings,34.0,,RA Jadeja,21.0
336039,2007/08,2008-05-31,Mumbai,Wankhede Stadium,T20,Chennai Super Kings,Kings XI Punjab,Kings XI Punjab,bat,Chennai Super Kings,,9.0,M Ntini,
598004,2013,2013-04-07,Hyderabad,"Rajiv Gandhi International Stadium, Uppal",T20,Sunrisers Hyderabad,Royal Challengers Bangalore,Royal Challengers Bangalore,bat,,,,GH Vihari,7.0
1426288,2024,2024-05-02,Hyderabad,"Rajiv Gandhi International Stadium, Uppal, Hyderabad",T20,Sunrisers Hyderabad,Rajasthan Royals,Sunrisers Hyderabad,bat,Sunrisers Hyderabad,1.0,,B Kumar,50.0
336025,2007/08,2008-05-18,Kolkata,Eden Gardens,T20,Kolkata Knight Riders,Chennai Super Kings,Kolkata Knight Riders,bat,Chennai Super Kings,3.0,,M Ntini,41.0
419112,2009/10,2010-03-16,Bangalore,M Chinnaswamy Stadium,T20,Royal Challengers Bangalore,Kings XI Punjab,Kings XI Punjab,bat,Royal Challengers Bangalore,,8.0,JH Kallis,7.0
597998,2013,2013-04-03,Kolkata,Eden Gardens,T20,Kolkata Knight Riders,Delhi Daredevils,Kolkata Knight Riders,field,Kolkata Knight Riders,,6.0,SP Narine,1.0
598063,2013,2013-05-15,Mumbai,Wankhede Stadium,T20,Mumbai Indians,Rajasthan Royals,Rajasthan Royals,field,Mumbai Indians,14.0,,AP Tare,66.0
501245,2011,2011-05-07,Kolkata,Eden Gardens,T20,Kolkata Knight Riders,Chennai Super Kings,Chennai Super Kings,bat,Kolkata Knight Riders,10.0,,Iqbal Abdulla,48.0
980913,2016,2016-04-15,Delhi,Feroz Shah Kotla,T20,Delhi Daredevils,Kings XI Punjab,Delhi Daredevils,field,Delhi Daredevils,,8.0,A Mishra,7.0
1304110,2022,2022-05-16,Navi Mumbai,"Dr DY Patil Sports Academy, Mumbai",T20,Delhi Capitals,Punjab Kings,Punjab Kings,field,Delhi Capitals,17.0,,SN Thakur,64.0
1082636,2017,2017-05-07,Bangalore,M Chinnaswamy Stadium,T20,Royal Challengers Bangalore,Kolkata Knight Riders,Kolkata Knight Riders,field,Kolkata Knight Riders,,6.0,SP Narine,46.0
1178409,2019,2019-04-18,Delhi,Arun Jaitley Stadium,T20,Mumbai Indians,Delhi Capitals,Mumbai Indians,bat,Mumbai Indians,40.0,,HH Pandya,34.0
1527683,2026,2026-04-05,Hyderabad,"Rajiv Gandhi International Stadium, Uppal, Hyderabad",T20,Sunrisers Hyderabad,Lucknow Super Giants,Lucknow Super Giants,field,Lucknow Super Giants,,5.0,Mohammed Shami,10.0
829783,2015,2015-05-05,Mumbai,Wankhede Stadium,T20,Mumbai Indians,Delhi Daredevils,Delhi Daredevils,bat,Mumbai Indians,,5.0,Harbhajan Singh,39.0
1216521,2020/21,2020-10-23,,Sharjah Cricket Stadium,T20,Chennai Super Kings,Mumbai Indians,Mumbai Indians,field,Mumbai Indians,,10.0,TA Boult,41.0
733981,2014,2014-05-05,Delhi,Feroz Shah Kotla,T20,Delhi Daredevils,Chennai Super Kings,Chennai Super Kings,field,Chennai Super Kings,,8.0,DR Smith,26.0
335999,2007/08,2008-05-01,Hyderabad,"Rajiv Gandhi International Stadium, Uppal",T20,Deccan Chargers,Kings XI Punjab,Kings XI Punjab,field,Kings XI Punjab,,7.0,SE Marsh,19.0
1422137,2024,2024-04-06,Jaipur,"Sawai Mansingh Stadium, Jaipur",T20,Royal Challengers Bengaluru,Rajasthan Royals,Rajasthan Royals,field,Rajasthan Royals,,6.0,JC Buttler,19.0
980997,2016,2016-05-17,Visakhapatnam,Dr. Y.S. Rajasekhara Reddy ACA-VDCA Cricket Stadium,T20,Rising Pune Supergiants,Delhi Daredevils,Rising Pune Supergiants,field,Rising Pune Supergiants,19.0,,AB Dinda,49.0
1136617,2018,2018-05-22,Mumbai,Wankhede Stadium,T20,Sunrisers Hyderabad,Chennai Super Kings,Chennai Super Kings,field,Chennai Super Kings,,2.0,F du Plessis,
1473504,2025,2025-05-25,Ahmedabad,"Narendra Modi Stadium, Ahmedabad",T20,Chennai Super Kings,Gujarat Titans,Chennai Super Kings,bat,Chennai Super Kings,83.0,,D Brevis,67.0
501214,2011,2011-04-17,Kolkata,Eden Gardens,T20,Kolkata Knight Riders,Rajasthan Royals,Kolkata Knight Riders,field,Kolkata Knight Riders,,8.0,L Balaji,17.0
392221,2009,2009-05-12,Centurion,SuperSport Park,T20,Royal Challengers Bangalore,Kolkata Knight Riders,Royal Challengers Bangalore,field,Royal Challengers Bangalore,,6.0,LRPL Taylor,41.0
734033,2014,2014-05-23,Chandigarh,"Punjab Cricket Association Stadium, Mohali",T20,Kings XI Punjab,Rajasthan Royals,Rajasthan Royals,field,Kings XI Punjab,16.0,,SE Marsh,52.0
729281,2014,2014-04-17,,Sharjah Cricket Stadium,T20,Delhi Daredevils,Royal Challengers Bangalore,Royal Challengers Bangalore,field,Royal Challengers Bangalore,,8.0,YS Chahal,2.0
1254063,2021,2021-04-14,Chennai,"MA Chidambaram Stadium, Chepauk, Chennai",T20,Royal Challengers Bangalore,Sunrisers Hyderabad,Sunrisers Hyderabad,field,Royal Challengers Bangalore,6.0,,GJ Maxwell,6.0
1359505,2023,2023-04-22,Mumbai,"Wankhede Stadium, Mumbai",T20,Punjab Kings,Mumbai Indians,Mumbai Indians,field,Punjab Kings,13.0,,SM Curran,31.0
392197,2009,2009-04-27,Port Elizabeth,St George's Park,T20,Kolkata Knight Riders,Mumbai Indians,Mumbai Indians,bat,Mumbai Indians,92.0,,SR Tendulkar,17.0
1178421,2019,2019-04-28,Delhi,Arun Jaitley Stadium,T20,Delhi Capitals,Royal Challengers Bangalore,Delhi Capitals,bat,Delhi Capitals,16.0,,S Dhawan,46.0
1359530,2023,2023-05-11,Kolkata,"Eden Gardens, Kolkata",T20,Kolkata Knight Riders,Rajasthan Royals,Rajasthan Royals,field,Rajasthan Royals,,9.0,YBK Jaiswal,56.0
335998,2007/08,2008-04-30,Delhi,Feroz Shah Kotla,T20,Delhi Daredevils,Royal Challengers Bangalore,Royal Challengers Bangalore,field,Delhi Daredevils,10.0,,GD McGrath,17.0
548363,2012,2012-05-12,Kolkata,Eden Gardens,T20,Kolkata Knight Riders,Mumbai Indians,Mumbai Indians,bat,Mumbai Indians,27.0,,RG Sharma,58.0
548320,2012,2012-04-13,Kolkata,Eden Gardens,T20,Kolkata Knight Riders,Rajasthan Royals,Rajasthan Royals,bat,Kolkata Knight Riders,,5.0,Shakib Al Hasan,15.0
1426276,2024,2024-04-22,Jaipur,"Sawai Mansingh Stadium, Jaipur",T20,Mumbai Indians,Rajasthan Royals,Mumbai Indians,bat,Rajasthan Royals,,9.0,Sandeep Sharma,38.0
392189,2009,2009-04-23,Durban,Kingsmead,T20,Chennai Super Kings,Delhi Daredevils,Delhi Daredevils,bat,Delhi Daredevils,9.0,,AB de Villiers,9.0
829759,2015,2015-04-27,Chandigarh,"Punjab Cricket Association Stadium, Mohali",T20,Kings XI Punjab,Sunrisers Hyderabad,Kings XI Punjab,field,Sunrisers Hyderabad,20.0,,TA Boult,27.0
1136601,2018,2018-05-09,Kolkata,Eden Gardens,T20,Mumbai Indians,Kolkata Knight Riders,Kolkata Knight Riders,field,Mumbai Indians,102.0,,Ishan Kishan,41.0
1136607,2018,2018-05-13,Mumbai,Wankhede Stadium,T20,Mumbai Indians,Rajasthan Royals,Rajasthan Royals,field,Rajasthan Royals,,7.0,JC Buttler,47.0
981019,2016,2016-05-29,Bangalore,M Chinnaswamy Stadium,T20,Royal Challengers Bangalore,Sunrisers Hyderabad,Sunrisers Hyderabad,bat,Sunrisers Hyderabad,8.0,,BCJ Cutting,
1426289,2024,2024-05-03,Mumbai,"Wankhede Stadium, Mumbai",T20,Kolkata Knight Riders,Mumbai Indians,Mumbai Indians,field,Kolkata Knight Riders,24.0,,VR Iyer,51.0
1216532,2020/21,2020-09-29,Abu Dhabi,Sheikh Zayed Stadium,T20,Sunrisers Hyderabad,Delhi Capitals,Delhi Capitals,field,Sunrisers Hyderabad,15.0,,Rashid Khan,11.0
1304106,2022,2022-05-13,Mumbai,"Brabourne Stadium, Mumbai",T20,Punjab Kings,Royal Challengers Bangalore,Royal Challengers Bangalore,field,Punjab Kings,54.0,,JM Bairstow,60.0
419120,2009/10,2010-03-21,Cuttack,Barabati Stadium,T20,Deccan Chargers,Delhi Daredevils,Deccan Chargers,bat,Deccan Chargers,10.0,,A Symonds,15.0
1082624,2017,2017-04-29,Pune,Maharashtra Cricket Association Stadium,T20,Rising Pune Supergiant,Royal Challengers Bangalore,Royal Challengers Bangalore,field,Rising Pune Supergiant,61.0,,LH Ferguson,34.0
1136565,2018,2018-04-10,Chennai,MA Chidambaram Stadium,T20,Kolkata Knight Riders,Chennai Super Kings,Chennai Super Kings,field,Chennai Super Kings,,5.0,SW Billings,5.0
1529284,2026,2026-04-29,Mumbai,"Wankhede Stadium, Mumbai",T20,Mumbai Indians,Sunrisers Hyderabad,Mumbai Indians,bat,Sunrisers Hyderabad,,6.0,H Klaasen,41.0
392213,2009,2009-05-07,Centurion,SuperSport Park,T20,Royal Challengers Bangalore,Rajasthan Royals,Rajasthan Royals,field,Rajasthan Royals,,7.0,A Singh,33.0
392224,2009,2009-05-14,Durban,Kingsmead,T20,Royal Challengers Bangalore,Chennai Super Kings,Chennai Super Kings,bat,Royal Challengers Bangalore,,2.0,LRPL Taylor,44.0
1082650,2017,2017-05-21,Hyderabad,"Rajiv Gandhi International Stadium, Uppal",T20,Mumbai Indians,Rising Pune Supergiant,Mumbai Indians,bat,Mumbai Indians,1.0,,KH Pandya,
598013,2013,2013-04-14,Kolkata,Eden Gardens,T20,Kolkata Knight Riders,Sunrisers Hyderabad,Kolkata Knight Riders,bat,Kolkata Knight Riders,48.0,,G Gambhir,17.0
1529311,2026,2026-05-23,Lucknow,"Bharat Ratna Shri Atal Bihari Vajpayee Ekana Cricket Stadium, Lucknow",T20,Lucknow Super Giants,Punjab Kings,Punjab Kings,field,Punjab Kings,,7.0,SS Iyer,68.0
1359476,2023,2023-04-01,Chandigarh,"Punjab Cricket Association IS Bindra Stadium, Mohali, Chandigarh",T20,Punjab Kings,Kolkata Knight Riders,Kolkata Knight Riders,field,Punjab Kings,7.0,,Arshdeep Singh,2.0
548349,2012,2012-05-01,Jaipur,Sawai Mansingh Stadium,T20,Rajasthan Royals,Delhi Daredevils,Rajasthan Royals,bat,Delhi Daredevils,,6.0,P Negi,43.0
1304082,2022,2022-04-23,Mumbai,"Brabourne Stadium, Mumbai",T20,Royal Challengers Bangalore,Sunrisers Hyderabad,Sunrisers Hyderabad,field,Sunrisers Hyderabad,,9.0,M Jansen,36.0
1529308,2026,2026-05-20,Kolkata,"Eden Gardens, Kolkata",T20,Mumbai Indians,Kolkata Knight Riders,Kolkata Knight Riders,field,Kolkata Knight Riders,,4.0,MK Pandey,65.0
1178419,2019,2019-04-26,Chennai,MA Chidambaram Stadium,T20,Mumbai Indians,Chennai Super Kings,Chennai Super Kings,field,Mumbai Indians,46.0,,RG Sharma,44.0
548336,2012,2012-04-23,Jaipur,Sawai Mansingh Stadium,T20,Rajasthan Royals,Royal Challengers Bangalore,Rajasthan Royals,field,Royal Challengers Bangalore,46.0,,AB de Villiers,30.0
598031,2013,2013-04-26,Kolkata,Eden Gardens,T20,Kolkata Knight Riders,Kings XI Punjab,Kings XI Punjab,bat,Kolkata Knight Riders,,6.0,JH Kallis,35.0
336035,2007/08,2008-05-25,Kolkata,Eden Gardens,T20,Kolkata Knight Riders,Kings XI Punjab,Kings XI Punjab,bat,Kolkata Knight Riders,,3.0,Umar Gul,52.0
1216537,2020/21,2020-10-30,Abu Dhabi,Sheikh Zayed Stadium,T20,Kings XI Punjab,Rajasthan Royals,Rajasthan Royals,field,Rajasthan Royals,,7.0,BA Stokes,50.0
1426312,2024,2024-05-26,Chennai,"MA Chidambaram Stadium, Chepauk, Chennai",T20,Sunrisers Hyderabad,Kolkata Knight Riders,Sunrisers Hyderabad,bat,Kolkata Knight Riders,,8.0,MA Starc,
1082639,2017,2017-05-09,Chandigarh,"Punjab Cricket Association IS Bindra Stadium, Mohali",T20,Kings XI Punjab,Kolkata Knight Riders,Kolkata Knight Riders,field,Kings XI Punjab,14.0,,MM Sharma,49.0
1254080,2021,2021-04-28,Delhi,"Arun Jaitley Stadium, Delhi",T20,Sunrisers Hyderabad,Chennai Super Kings,Sunrisers Hyderabad,bat,Chennai Super Kings,,7.0,RD Gaikwad,23.0
598018,2013,2013-04-17,Pune,Maharashtra Cricket Association Stadium,T20,Pune Warriors,Sunrisers Hyderabad,Pune Warriors,field,Sunrisers Hyderabad,11.0,,A Mishra,22.0
392229,2009,2009-05-17,Johannesburg,New Wanderers Stadium,T20,Deccan Chargers,Kings XI Punjab,Deccan Chargers,field,Kings XI Punjab,1.0,,Yuvraj Singh,49.0
1082649,2017,2017-05-19,Bangalore,M Chinnaswamy Stadium,T20,Mumbai Indians,Kolkata Knight Riders,Mumbai Indians,field,Mumbai Indians,,6.0,KV Sharma,
501216,2011,2011-04-19,Delhi,Feroz Shah Kotla,T20,Delhi Daredevils,Deccan Chargers,Deccan Chargers,bat,Deccan Chargers,16.0,,S Sohal,19.0
1178402,2019,2019-04-13,Mumbai,Wankhede Stadium,T20,Mumbai Indians,Rajasthan Royals,Rajasthan Royals,field,Rajasthan Royals,,4.0,JC Buttler,27.0
419161,2009/10,2010-04-19,Kolkata,Eden Gardens,T20,Kolkata Knight Riders,Mumbai Indians,Mumbai Indians,bat,Kolkata Knight Riders,,9.0,M Kartik,56.0
548366,2012,2012-05-13,Chandigarh,"Punjab Cricket Association Stadium, Mohali",T20,Kings XI Punjab,Deccan Chargers,Deccan Chargers,bat,Kings XI Punjab,,4.0,DJ Hussey,61.0
1422122,2024,2024-03-24,Jaipur,"Sawai Mansingh Stadium, Jaipur",T20,Rajasthan Royals,Lucknow Super Giants,Rajasthan Royals,bat,Rajasthan Royals,20.0,,SV Samson,4.0
548337,2012,2012-04-24,Pune,Subrata Roy Sahara Stadium,T20,Pune Warriors,Delhi Daredevils,Pune Warriors,bat,Delhi Daredevils,,8.0,V Sehwag,31.0
734043,2014,2014-05-27,Kolkata,Eden Gardens,T20,Kings XI Punjab,Kolkata Knight Riders,Kings XI Punjab,field,Kolkata Knight Riders,28.0,,UT Yadav,
501240,2011,2011-05-04,Chennai,"MA Chidambaram Stadium, Chepauk",T20,Chennai Super Kings,Rajasthan Royals,Rajasthan Royals,bat,Chennai Super Kings,,8.0,MEK Hussey,43.0
1082610,2017,2017-04-18,Rajkot,Saurashtra Cricket Association Stadium,T20,Gujarat Lions,Royal Challengers Bangalore,Gujarat Lions,field,Royal Challengers Bangalore,21.0,,CH Gayle,20.0
392238,2009,2009-05-23,Johannesburg,New Wanderers Stadium,T20,Royal Challengers Bangalore,Chennai Super Kings,Royal Challengers Bangalore,field,Royal Challengers Bangalore,,6.0,MK Pandey,
1254077,2021,2021-04-25,Chennai,"MA Chidambaram Stadium, Chepauk, Chennai",T20,Delhi Capitals,Sunrisers Hyderabad,Delhi Capitals,bat,,,,PP Shaw,20.0
1136574,2018,2018-04-17,Mumbai,Wankhede Stadium,T20,Mumbai Indians,Royal Challengers Bangalore,Royal Challengers Bangalore,field,Mumbai Indians,46.0,,RG Sharma,14.0
1426297,2024,2024-05-10,Ahmedabad,"Narendra Modi Stadium, Ahmedabad",T20,Gujarat Titans,Chennai Super Kings,Chennai Super Kings,field,Gujarat Titans,35.0,,Shubman Gill,59.0
1136619,2018,2018-05-25,Kolkata,Eden Gardens,T20,Sunrisers Hyderabad,Kolkata Knight Riders,Kolkata Knight Riders,field,Sunrisers Hyderabad,14.0,,Rashid Khan,
1359507,2023,2023-04-23,Kolkata,"Eden Gardens, Kolkata",T20,Chennai Super Kings,Kolkata Knight Riders,Kolkata Knight Riders,field,Chennai Super Kings,49.0,,AM Rahane,33.0
980945,2016,2016-04-27,Delhi,Feroz Shah Kotla,T20,Delhi Daredevils,Gujarat Lions,Delhi Daredevils,field,Gujarat Lions,1.0,,CH Morris,23.0
1136599,2018,2018-05-07,Hyderabad,Rajiv Gandhi International Stadium,T20,Sunrisers Hyderabad,Royal Challengers Bangalore,Royal Challengers Bangalore,field,Sunrisers Hyderabad,5.0,,KS Williamson,39.0
1254083,2021,2021-04-30,Ahmedabad,"Narendra Modi Stadium, Ahmedabad",T20,Punjab Kings,Royal Challengers Bangalore,Royal Challengers Bangalore,field,Punjab Kings,34.0,,Harpreet Brar,26.0
980961,2016,2016-05-03,Rajkot,Saurashtra Cricket Association Stadium,T20,Gujarat Lions,Delhi Daredevils,Delhi Daredevils,field,Delhi Daredevils,,8.0,RR Pant,31.0
501257,2011,2011-05-15,Dharamsala,Himachal Pradesh Cricket Association Stadium,T20,Kings XI Punjab,Delhi Daredevils,Delhi Daredevils,field,Kings XI Punjab,29.0,,PP Chawla,60.0
598035,2013,2013-04-28,Raipur,Shaheed Veer Narayan Singh International Stadium,T20,Delhi Daredevils,Pune Warriors,Pune Warriors,field,Delhi Daredevils,15.0,,DA Warner,39.0
501198,2011,2011-04-08,Chennai,"MA Chidambaram Stadium, Chepauk",T20,Chennai Super Kings,Kolkata Knight Riders,Chennai Super Kings,bat,Chennai Super Kings,2.0,,S Anirudha,1.0
1082646,2017,2017-05-14,Delhi,Feroz Shah Kotla,T20,Delhi Daredevils,Royal Challengers Bangalore,Royal Challengers Bangalore,bat,Royal Challengers Bangalore,10.0,,HV Patel,56.0
829775,2015,2015-05-03,Chandigarh,"Punjab Cricket Association Stadium, Mohali",T20,Kings XI Punjab,Mumbai Indians,Mumbai Indians,bat,Mumbai Indians,23.0,,LMP Simmons,35.0
548334,2012,2012-04-22,Mumbai,Wankhede Stadium,T20,Mumbai Indians,Kings XI Punjab,Mumbai Indians,bat,Kings XI Punjab,,6.0,SE Marsh,28.0
1529273,2026,2026-04-20,Ahmedabad,"Narendra Modi Stadium, Ahmedabad",T20,Mumbai Indians,Gujarat Titans,Gujarat Titans,field,Mumbai Indians,99.0,,Tilak Varma,30.0
501242,2011,2011-05-05,Kochi,Nehru Stadium,T20,Kochi Tuskers Kerala,Kolkata Knight Riders,Kolkata Knight Riders,field,Kochi Tuskers Kerala,17.0,,BJ Hodge,45.0
1136587,2018,2018-04-28,Pune,Maharashtra Cricket Association Stadium,T20,Chennai Super Kings,Mumbai Indians,Mumbai Indians,field,Mumbai Indians,,8.0,RG Sharma,27.0
829817,2015,2015-05-19,Mumbai,Wankhede Stadium,T20,Chennai Super Kings,Mumbai Indians,Mumbai Indians,bat,Mumbai Indians,25.0,,KA Pollard,
1136602,2018,2018-05-10,Delhi,Arun Jaitley Stadium,T20,Delhi Daredevils,Sunrisers Hyderabad,Delhi Daredevils,bat,Sunrisers Hyderabad,,9.0,S Dhawan,42.0
829739,2015,2015-04-20,Delhi,Feroz Shah Kotla,T20,Delhi Daredevils,Kolkata Knight Riders,Kolkata Knight Riders,field,Kolkata Knight Riders,,6.0,UT Yadav,17.0
1473474,2025,2025-04-20,Mohali,"Maharaja Yadavindra Singh International Cricket Stadium, Mullanpur",T20,Punjab Kings,Royal Challengers Bengaluru,Royal Challengers Bengaluru,field,Royal Challengers Bengaluru,,7.0,V Kohli,37.0
392191,2009,2009-04-24,Durban,Kingsmead,T20,Royal Challengers Bangalore,Kings XI Punjab,Royal Challengers Bangalore,bat,Kings XI Punjab,,7.0,RS Bopara,11.0
1529294,2026,2026-05-08,Delhi,"Arun Jaitley Stadium, Delhi",T20,Delhi Capitals,Kolkata Knight Riders,Kolkata Knight Riders,field,Kolkata Knight Riders,,8.0,FH Allen,51.0
980905,2016,2016-04-11,Chandigarh,"Punjab Cricket Association IS Bindra Stadium, Mohali",T20,Kings XI Punjab,Gujarat Lions,Gujarat Lions,field,Gujarat Lions,,5.0,AJ Finch,3.0
1178403,2019,2019-04-13,Chandigarh,Punjab Cricket Association IS Bindra Stadium,T20,Kings XI Punjab,Royal Challengers Bangalore,Royal Challengers Bangalore,field,Royal Challengers Bangalore,,8.0,AB de Villiers,28.0
1082608,2017,2017-04-17,Delhi,Feroz Shah Kotla,T20,Delhi Daredevils,Kolkata Knight Riders,Delhi Daredevils,bat,Kolkata Knight Riders,,4.0,NM Coulter-Nile,18.0
1529303,2026,2026-05-16,Kolkata,"Eden Gardens, Kolkata",T20,Kolkata Knight Riders,Gujarat Titans,Gujarat Titans,field,Kolkata Knight Riders,29.0,,SP Narine,60.0
1216527,2020/21,2020-09-27,,Sharjah Cricket Stadium,T20,Kings XI Punjab,Rajasthan Royals,Rajasthan Royals,field,Rajasthan Royals,,4.0,SV Samson,9.0
598043,2013,2013-05-03,Kolkata,Eden Gardens,T20,Kolkata Knight Riders,Rajasthan Royals,Rajasthan Royals,bat,Kolkata Knight Riders,,8.0,YK Pathan,47.0
1216512,2020/21,2020-10-18,Abu Dhabi,Sheikh Zayed Stadium,T20,Kolkata Knight Riders,Sunrisers Hyderabad,Sunrisers Hyderabad,field,,,,LH Ferguson,35.0
501234,2011,2011-04-30,Kolkata,Eden Gardens,T20,Kolkata Knight Riders,Kings XI Punjab,Kolkata Knight Riders,field,Kolkata Knight Riders,,8.0,Iqbal Abdulla,37.0
501247,2011,2011-05-08,Bangalore,M Chinnaswamy Stadium,T20,Royal Challengers Bangalore,Kochi Tuskers Kerala,Kochi Tuskers Kerala,bat,Royal Challengers Bangalore,,9.0,CH Gayle,50.0
598034,2013,2013-04-28,Chennai,"MA Chidambaram Stadium, Chepauk",T20,Chennai Super Kings,Kolkata Knight Riders,Kolkata Knight Riders,field,Chennai Super Kings,14.0,,MEK Hussey,38.0
419157,2009/10,2010-04-17,Bangalore,M Chinnaswamy Stadium,T20,Royal Challengers Bangalore,Mumbai Indians,Royal Challengers Bangalore,field,Mumbai Indians,57.0,,R McLaren,52.0
829757,2015,2015-04-26,Delhi,Feroz Shah Kotla,T20,Delhi Daredevils,Royal Challengers Bangalore,Royal Challengers Bangalore,field,Royal Challengers Bangalore,,10.0,VR Aaron,26.0
829727,2015,2015-04-16,Visakhapatnam,Dr. Y.S. Rajasekhara Reddy ACA-VDCA Cricket Stadium,T20,Sunrisers Hyderabad,Rajasthan Royals,Rajasthan Royals,field,Rajasthan Royals,,6.0,AM Rahane,11.0
1254064,2021,2021-04-15,Mumbai,"Wankhede Stadium, Mumbai",T20,Delhi Capitals,Rajasthan Royals,Rajasthan Royals,field,Rajasthan Royals,,3.0,JD Unadkat,7.0
1254075,2021,2021-04-24,Mumbai,"Wankhede Stadium, Mumbai",T20,Kolkata Knight Riders,Rajasthan Royals,Rajasthan Royals,field,Rajasthan Royals,,6.0,CH Morris,18.0
501213,2011,2011-04-17,Mumbai,Dr DY Patil Sports Academy,T20,Pune Warriors,Delhi Daredevils,Delhi Daredevils,field,Delhi Daredevils,,3.0,Yuvraj Singh,16.0
1216520,2020/21,2020-10-26,,Sharjah Cricket Stadium,T20,Kolkata Knight Riders,Kings XI Punjab,Kings XI Punjab,field,Kings XI Punjab,,8.0,CH Gayle,46.0
1254113,2021,2021-09-24,Sharjah,Sharjah Cricket Stadium,T20,Royal Challengers Bangalore,Chennai Super Kings,Chennai Super Kings,field,Chennai Super Kings,,6.0,DJ Bravo,35.0
392206,2009,2009-05-02,Johannesburg,New Wanderers Stadium,T20,Chennai Super Kings,Delhi Daredevils,Delhi Daredevils,field,Chennai Super Kings,18.0,,SB Jakati,26.0
598054,2013,2013-05-10,Delhi,Feroz Shah Kotla,T20,Delhi Daredevils,Royal Challengers Bangalore,Delhi Daredevils,field,Royal Challengers Bangalore,4.0,,JD Unadkat,57.0
980947,2016,2016-04-28,Mumbai,Wankhede Stadium,T20,Mumbai Indians,Kolkata Knight Riders,Mumbai Indians,field,Mumbai Indians,,6.0,RG Sharma,24.0
548359,2012,2012-05-08,Hyderabad,"Rajiv Gandhi International Stadium, Uppal",T20,Deccan Chargers,Kings XI Punjab,Deccan Chargers,field,Kings XI Punjab,25.0,,Mandeep Singh,53.0
501225,2011,2011-04-24,Jaipur,Sawai Mansingh Stadium,T20,Rajasthan Royals,Kochi Tuskers Kerala,Rajasthan Royals,field,Rajasthan Royals,,8.0,SK Warne,28.0
1136598,2018,2018-05-06,Indore,Holkar Cricket Stadium,T20,Rajasthan Royals,Kings XI Punjab,Kings XI Punjab,field,Kings XI Punjab,,6.0,Mujeeb Ur Rahman,38.0
392230,2009,2009-05-17,Bloemfontein,OUTsurance Oval,T20,Delhi Daredevils,Rajasthan Royals,Delhi Daredevils,bat,Delhi Daredevils,14.0,,AB de Villiers,50.0
1473503,2025,2025-05-23,Lucknow,"Bharat Ratna Shri Atal Bihari Vajpayee Ekana Cricket Stadium, Lucknow",T20,Sunrisers Hyderabad,Royal Challengers Bengaluru,Royal Challengers Bengaluru,field,Sunrisers Hyderabad,42.0,,Ishan Kishan,65.0
1178417,2019,2019-04-24,Bengaluru,M.Chinnaswamy Stadium,T20,Royal Challengers Bangalore,Kings XI Punjab,Kings XI Punjab,field,Royal Challengers Bangalore,17.0,,AB de Villiers,42.0
598051,2013,2013-05-08,Hyderabad,"Rajiv Gandhi International Stadium, Uppal",T20,Sunrisers Hyderabad,Chennai Super Kings,Sunrisers Hyderabad,field,Chennai Super Kings,77.0,,SK Raina,54.0
1254095,2021,2021-10-06,Abu Dhabi,"Zayed Cricket Stadium, Abu Dhabi",T20,Sunrisers Hyderabad,Royal Challengers Bangalore,Royal Challengers Bangalore,field,Sunrisers Hyderabad,4.0,,KS Williamson,52.0
1359528,2023,2023-05-09,Mumbai,"Wankhede Stadium, Mumbai",T20,Royal Challengers Bangalore,Mumbai Indians,Mumbai Indians,field,Mumbai Indians,,6.0,SA Yadav,54.0
1359518,2023,2023-05-02,Ahmedabad,"Narendra Modi Stadium, Ahmedabad",T20,Delhi Capitals,Gujarat Titans,Delhi Capitals,bat,Delhi Capitals,5.0,,Mohammed Shami,44.0
548319,2012,2012-04-12,Chandigarh,"Punjab Cricket Association Stadium, Mohali",T20,Kings XI Punjab,Pune Warriors,Kings XI Punjab,field,Kings XI Punjab,,7.0,AD Mascarenhas,14.0
1216539,2020/21,2020-09-25,,Dubai International Cricket Stadium,T20,Delhi Capitals,Chennai Super Kings,Chennai Super Kings,field,Delhi Capitals,44.0,,PP Shaw,7.0
392184,2009,2009-04-19,Cape Town,Newlands,T20,Deccan Chargers,Kolkata Knight Riders,Kolkata Knight Riders,bat,Deccan Chargers,,8.0,RP Singh,4.0
1359533,2023,2023-05-13,Delhi,"Arun Jaitley Stadium, Delhi",T20,Punjab Kings,Delhi Capitals,Delhi Capitals,field,Punjab Kings,31.0,,P Simran Singh,59.0
1216531,2020/21,2020-10-15,,Sharjah Cricket Stadium,T20,Royal Challengers Bangalore,Kings XI Punjab,Royal Challengers Bangalore,bat,Kings XI Punjab,,8.0,KL Rahul,31.0
1473483,2025,2025-04-27,Delhi,"Arun Jaitley Stadium, Delhi",T20,Delhi Capitals,Royal Challengers Bengaluru,Royal Challengers Bengaluru,field,Royal Challengers Bengaluru,,6.0,KH Pandya,46.0
1426263,2024,2024-04-11,Mumbai,"Wankhede Stadium, Mumbai",T20,Royal Challengers Bengaluru,Mumbai Indians,Mumbai Indians,field,Mumbai Indians,,7.0,JJ Bumrah,25.0
980963,2016,2016-05-04,Kolkata,Eden Gardens,T20,Kolkata Knight Riders,Kings XI Punjab,Kings XI Punjab,field,Kolkata Knight Riders,7.0,,AD Russell,32.0
548369,2012,2012-05-15,Delhi,Feroz Shah Kotla,T20,Delhi Daredevils,Kings XI Punjab,Kings XI Punjab,bat,Delhi Daredevils,,5.0,UT Yadav,64.0
1254104,2021,2021-09-19,Dubai,Dubai International Cricket Stadium,T20,Chennai Super Kings,Mumbai Indians,Chennai Super Kings,bat,Chennai Super Kings,20.0,,RD Gaikwad,30.0
548377,2012,2012-05-20,Jaipur,Sawai Mansingh Stadium,T20,Rajasthan Royals,Mumbai Indians,Rajasthan Royals,bat,Mumbai Indians,,10.0,DR Smith,72.0
392201,2009,2009-04-30,Centurion,SuperSport Park,T20,Deccan Chargers,Delhi Daredevils,Delhi Daredevils,field,Delhi Daredevils,,6.0,DP Nannes,21.0
980933,2016,2016-04-23,Delhi,Feroz Shah Kotla,T20,Delhi Daredevils,Mumbai Indians,Mumbai Indians,field,Delhi Daredevils,10.0,,SV Samson,17.0
501246,2011,2011-05-07,Mumbai,Wankhede Stadium,T20,Mumbai Indians,Delhi Daredevils,Delhi Daredevils,field,Mumbai Indians,32.0,,AT Rayudu,49.0
419160,2009/10,2010-04-18,Delhi,Feroz Shah Kotla,T20,Delhi Daredevils,Deccan Chargers,Deccan Chargers,bat,Deccan Chargers,11.0,,A Symonds,55.0
829761,2015,2015-05-07,Kolkata,Eden Gardens,T20,Kolkata Knight Riders,Delhi Daredevils,Kolkata Knight Riders,bat,Kolkata Knight Riders,13.0,,PP Chawla,42.0
1426265,2024,2024-04-13,Mohali,"Maharaja Yadavindra Singh International Cricket Stadium, Mullanpur",T20,Punjab Kings,Rajasthan Royals,Rajasthan Royals,field,Rajasthan Royals,,3.0,SO Hetmyer,27.0
1254105,2021,2021-09-22,Dubai,Dubai International Cricket Stadium,T20,Sunrisers Hyderabad,Delhi Capitals,Sunrisers Hyderabad,bat,Delhi Capitals,,8.0,A Nortje,33.0
1359539,2023,2023-05-18,Hyderabad,"Rajiv Gandhi International Stadium, Uppal, Hyderabad",T20,Sunrisers Hyderabad,Royal Challengers Bangalore,Royal Challengers Bangalore,field,Royal Challengers Bangalore,,8.0,V Kohli,65.0
1422124,2024,2024-03-25,Bengaluru,"M Chinnaswamy Stadium, Bengaluru",T20,Punjab Kings,Royal Challengers Bengaluru,Royal Challengers Bengaluru,field,Royal Challengers Bengaluru,,4.0,V Kohli,6.0
548367,2012,2012-05-14,Bangalore,M Chinnaswamy Stadium,T20,Royal Challengers Bangalore,Mumbai Indians,Mumbai Indians,field,Mumbai Indians,,5.0,AT Rayudu,62.0
598058,2013,2013-05-12,Jaipur,Sawai Mansingh Stadium,T20,Rajasthan Royals,Chennai Super Kings,Rajasthan Royals,field,Rajasthan Royals,,5.0,SR Watson,61.0
734031,2014,2014-05-23,Mumbai,Wankhede Stadium,T20,Mumbai Indians,Delhi Daredevils,Delhi Daredevils,field,Mumbai Indians,15.0,,MEK Hussey,51.0
501260,2011,2011-05-17,Dharamsala,Himachal Pradesh Cricket Association Stadium,T20,Kings XI Punjab,Royal Challengers Bangalore,Kings XI Punjab,bat,Kings XI Punjab,111.0,,AC Gilchrist,63.0
1426264,2024,2024-04-12,Lucknow,"Bharat Ratna Shri Atal Bihari Vajpayee Ekana Cricket Stadium, Lucknow",T20,Lucknow Super Giants,Delhi Capitals,Lucknow Super Giants,bat,Delhi Capitals,,6.0,Kuldeep Yadav,26.0
1304052,2022,2022-03-30,Mumbai,"Dr DY Patil Sports Academy, Mumbai",T20,Kolkata Knight Riders,Royal Challengers Bangalore,Royal Challengers Bangalore,field,Royal Challengers Bangalore,,3.0,PWH de Silva,6.0
1304059,2022,2022-04-05,Mumbai,"Wankhede Stadium, Mumbai",T20,Rajasthan Royals,Royal Challengers Bangalore,Royal Challengers Bangalore,field,Royal Challengers Bangalore,,4.0,KD Karthik,13.0
1136572,2018,2018-04-15,Chandigarh,Punjab Cricket Association IS Bindra Stadium,T20,Kings XI Punjab,Chennai Super Kings,Chennai Super Kings,field,Kings XI Punjab,4.0,,CH Gayle,12.0
1473490,2025,2025-05-04,Kolkata,"Eden Gardens, Kolkata",T20,Kolkata Knight Riders,Rajasthan Royals,Kolkata Knight Riders,bat,Kolkata Knight Riders,1.0,,AD Russell,53.0
980965,2016,2016-05-05,Delhi,Feroz Shah Kotla,T20,Delhi Daredevils,Rising Pune Supergiants,Rising Pune Supergiants,field,Rising Pune Supergiants,,7.0,AM Rahane,33.0
734013,2014,2014-05-18,Ranchi,JSCA International Stadium Complex,T20,Chennai Super Kings,Royal Challengers Bangalore,Chennai Super Kings,bat,Royal Challengers Bangalore,,5.0,AB de Villiers,42.0
1082614,2017,2017-04-22,Mumbai,Wankhede Stadium,T20,Mumbai Indians,Delhi Daredevils,Delhi Daredevils,field,Mumbai Indians,14.0,,MJ McClenaghan,25.0
501243,2011,2011-05-05,Hyderabad,"Rajiv Gandhi International Stadium, Uppal",T20,Deccan Chargers,Delhi Daredevils,Delhi Daredevils,field,Delhi Daredevils,,4.0,V Sehwag,46.0
1473447,2025,2025-03-30,Visakhapatnam,"Dr. Y.S. Rajasekhara Reddy ACA-VDCA Cricket Stadium, Visakhapatnam",T20,Sunrisers Hyderabad,Delhi Capitals,Sunrisers Hyderabad,bat,Delhi Capitals,,7.0,MA Starc,10.0
598062,2013,2013-05-14,Chennai,"MA Chidambaram Stadium, Chepauk",T20,Chennai Super Kings,Delhi Daredevils,Chennai Super Kings,bat,Chennai Super Kings,33.0,,MS Dhoni,64.0
1175361,2019,2019-03-27,Kolkata,Eden Gardens,T20,Kolkata Knight Riders,Kings XI Punjab,Kings XI Punjab,field,Kolkata Knight Riders,28.0,,AD Russell,6.0
598068,2013,2013-05-18,Bangalore,M Chinnaswamy Stadium,T20,Royal Challengers Bangalore,Chennai Super Kings,Chennai Super Kings,field,Royal Challengers Bangalore,24.0,,V Kohli,70.0
1216516,2020/21,2020-10-02,,Dubai International Cricket Stadium,T20,Sunrisers Hyderabad,Chennai Super Kings,Sunrisers Hyderabad,bat,Sunrisers Hyderabad,7.0,,PK Garg,14.0
1312199,2022,2022-05-27,Ahmedabad,"Narendra Modi Stadium, Ahmedabad",T20,Royal Challengers Bangalore,Rajasthan Royals,Rajasthan Royals,field,Rajasthan Royals,,7.0,JC Buttler,
1304100,2022,2022-05-08,Mumbai,"Wankhede Stadium, Mumbai",T20,Royal Challengers Bangalore,Sunrisers Hyderabad,Royal Challengers Bangalore,bat,Royal Challengers Bangalore,67.0,,PWH de Silva,54.0
419126,2009/10,2010-03-26,Ahmedabad,"Sardar Patel Stadium, Motera",T20,Rajasthan Royals,Deccan Chargers,Deccan Chargers,bat,Rajasthan Royals,,8.0,YK Pathan,22.0
548351,2012,2012-05-03,Pune,Subrata Roy Sahara Stadium,T20,Pune Warriors,Mumbai Indians,Mumbai Indians,bat,Mumbai Indians,1.0,,SL Malinga,45.0
1529264,2026,2026-04-13,Hyderabad,"Rajiv Gandhi International Stadium, Uppal, Hyderabad",T20,Sunrisers Hyderabad,Rajasthan Royals,Rajasthan Royals,field,Sunrisers Hyderabad,57.0,,PP Hinge,21.0
829765,2015,2015-04-28,Chennai,"MA Chidambaram Stadium, Chepauk",T20,Chennai Super Kings,Kolkata Knight Riders,Kolkata Knight Riders,field,Chennai Super Kings,2.0,,DJ Bravo,28.0
1426260,2024,2024-04-08,Chennai,"MA Chidambaram Stadium, Chepauk, Chennai",T20,Kolkata Knight Riders,Chennai Super Kings,Chennai Super Kings,field,Chennai Super Kings,,7.0,RA Jadeja,22.0
598072,2013,2013-05-24,Kolkata,Eden Gardens,T20,Mumbai Indians,Rajasthan Royals,Rajasthan Royals,bat,Mumbai Indians,,4.0,Harbhajan Singh,
598022,2013,2013-04-20,Kolkata,Eden Gardens,T20,Kolkata Knight Riders,Chennai Super Kings,Kolkata Knight Riders,bat,Chennai Super Kings,,4.0,RA Jadeja,26.0
729317,2014,2014-04-30,,Dubai International Cricket Stadium,T20,Mumbai Indians,Sunrisers Hyderabad,Mumbai Indians,field,Sunrisers Hyderabad,15.0,,B Kumar,20.0
734029,2014,2014-05-22,Ranchi,JSCA International Stadium Complex,T20,Chennai Super Kings,Sunrisers Hyderabad,Sunrisers Hyderabad,field,Sunrisers Hyderabad,,6.0,DA Warner,50.0
1359486,2023,2023-04-08,Mumbai,"Wankhede Stadium, Mumbai",T20,Mumbai Indians,Chennai Super Kings,Chennai Super Kings,field,Chennai Super Kings,,7.0,RA Jadeja,12.0
981013,2016,2016-05-24,Bangalore,M Chinnaswamy Stadium,T20,Gujarat Lions,Royal Challengers Bangalore,Royal Challengers Bangalore,field,Royal Challengers Bangalore,,4.0,AB de Villiers,
1216540,2020/21,2020-10-12,,Sharjah Cricket Stadium,T20,Royal Challengers Bangalore,Kolkata Knight Riders,Royal Challengers Bangalore,bat,Royal Challengers Bangalore,82.0,,AB de Villiers,28.0
501255,2011,2011-05-14,Bangalore,M Chinnaswamy Stadium,T20,Royal Challengers Bangalore,Kolkata Knight Riders,Royal Challengers Bangalore,field,Royal Challengers Bangalore,,4.0,CH Gayle,58.0
598014,2013,2013-04-14,Jaipur,Sawai Mansingh Stadium,T20,Rajasthan Royals,Kings XI Punjab,Rajasthan Royals,field,Rajasthan Royals,,6.0,JP Faulkner,18.0
419127,2009/10,2010-03-27,Chandigarh,"Punjab Cricket Association Stadium, Mohali",T20,Kings XI Punjab,Kolkata Knight Riders,Kolkata Knight Riders,bat,Kolkata Knight Riders,39.0,,MK Tiwary,23.0
1136603,2018,2018-05-11,Jaipur,Sawai Mansingh Stadium,T20,Chennai Super Kings,Rajasthan Royals,Chennai Super Kings,bat,Rajasthan Royals,,4.0,JC Buttler,43.0
980911,2016,2016-04-14,Rajkot,Saurashtra Cricket Association Stadium,T20,Gujarat Lions,Rising Pune Supergiants,Rising Pune Supergiants,bat,Gujarat Lions,,7.0,AJ Finch,6.0
336017,2007/08,2008-05-13,Kolkata,Eden Gardens,T20,Kolkata Knight Riders,Delhi Daredevils,Kolkata Knight Riders,bat,Kolkata Knight Riders,23.0,,Shoaib Akhtar,35.0
1473453,2025,2025-04-04,Lucknow,"Bharat Ratna Shri Atal Bihari Vajpayee Ekana Cricket Stadium, Lucknow",T20,Lucknow Super Giants,Mumbai Indians,Mumbai Indians,field,Lucknow Super Giants,12.0,,DS Rathi,16.0
419137,2009/10,2010-04-03,Chennai,"MA Chidambaram Stadium, Chepauk",T20,Chennai Super Kings,Rajasthan Royals,Chennai Super Kings,bat,Chennai Super Kings,23.0,,M Vijay,32.0
1359506,2023,2023-04-23,Bengaluru,"M Chinnaswamy Stadium, Bengaluru",T20,Royal Challengers Bangalore,Rajasthan Royals,Rajasthan Royals,field,Royal Challengers Bangalore,7.0,,GJ Maxwell,32.0
501207,2011,2011-04-13,Mumbai,Dr DY Patil Sports Academy,T20,Pune Warriors,Kochi Tuskers Kerala,Kochi Tuskers Kerala,bat,Pune Warriors,,4.0,MD Mishra,10.0
598008,2013,2013-04-11,Bangalore,M Chinnaswamy Stadium,T20,Royal Challengers Bangalore,Kolkata Knight Riders,Royal Challengers Bangalore,field,Royal Challengers Bangalore,,8.0,CH Gayle,12.0
981001,2016,2016-05-19,Kanpur,Green Park,T20,Gujarat Lions,Kolkata Knight Riders,Gujarat Lions,field,Gujarat Lions,,6.0,DR Smith,51.0
1216498,2020/21,2020-10-24,,Dubai International Cricket Stadium,T20,Kings XI Punjab,Sunrisers Hyderabad,Sunrisers Hyderabad,field,Kings XI Punjab,12.0,,CJ Jordan,43.0
1529293,2026,2026-05-07,Lucknow,"Bharat Ratna Shri Atal Bihari Vajpayee Ekana Cricket Stadium, Lucknow",T20,Lucknow Super Giants,Royal Challengers Bengaluru,Royal Challengers Bengaluru,field,Lucknow Super Giants,9.0,,MR Marsh,50.0
1216500,2020/21,2020-10-09,,Sharjah Cricket Stadium,T20,Delhi Capitals,Rajasthan Royals,Rajasthan Royals,field,Delhi Capitals,46.0,,R Ashwin,23.0
1175356,2019,2019-03-23,Chennai,MA Chidambaram Stadium,T20,Royal Challengers Bangalore,Chennai Super Kings,Chennai Super Kings,field,Chennai Super Kings,,7.0,Harbhajan Singh,1.0
598017,2013,2013-04-16,Bangalore,M Chinnaswamy Stadium,T20,Royal Challengers Bangalore,Delhi Daredevils,Royal Challengers Bangalore,field,,,,V Kohli,21.0
598020,2013,2013-04-18,Delhi,Feroz Shah Kotla,T20,Delhi Daredevils,Chennai Super Kings,Chennai Super Kings,bat,Chennai Super Kings,86.0,,MEK Hussey,24.0
1082611,2017,2017-04-19,Hyderabad,"Rajiv Gandhi International Stadium, Uppal",T20,Sunrisers Hyderabad,Delhi Daredevils,Sunrisers Hyderabad,bat,Sunrisers Hyderabad,15.0,,KS Williamson,21.0
733973,2014,2014-05-03,Mumbai,Wankhede Stadium,T20,Mumbai Indians,Kings XI Punjab,Kings XI Punjab,bat,Mumbai Indians,,5.0,CJ Anderson,22.0
1175368,2019,2019-04-01,Chandigarh,Punjab Cricket Association IS Bindra Stadium,T20,Kings XI Punjab,Delhi Capitals,Delhi Capitals,field,Kings XI Punjab,14.0,,SM Curran,13.0
548313,2012,2012-04-08,Pune,Subrata Roy Sahara Stadium,T20,Pune Warriors,Kings XI Punjab,Pune Warriors,bat,Pune Warriors,22.0,,MN Samuels,8.0
1527680,2026,2026-04-03,Chennai,"MA Chidambaram Stadium, Chepauk, Chennai",T20,Chennai Super Kings,Punjab Kings,Punjab Kings,field,Punjab Kings,,5.0,Priyansh Arya,7.0
392215,2009,2009-05-08,East London,Buffalo Park,T20,Delhi Daredevils,Mumbai Indians,Mumbai Indians,bat,Delhi Daredevils,,7.0,A Nehra,35.0
598040,2013,2013-05-01,Raipur,Shaheed Veer Narayan Singh International Stadium,T20,Delhi Daredevils,Kolkata Knight Riders,Kolkata Knight Riders,bat,Delhi Daredevils,,7.0,DA Warner,44.0
1529297,2026,2026-05-10,Raipur,"Shaheed Veer Narayan Singh International Stadium, Raipur",T20,Mumbai Indians,Royal Challengers Bengaluru,Royal Challengers Bengaluru,field,Royal Challengers Bengaluru,,2.0,B Kumar,54.0
501202,2011,2011-04-10,Mumbai,Dr DY Patil Sports Academy,T20,Pune Warriors,Kings XI Punjab,Kings XI Punjab,bat,Pune Warriors,,7.0,SB Wagh,5.0
1426268,2024,2024-04-15,Bengaluru,"M Chinnaswamy Stadium, Bengaluru",T20,Sunrisers Hyderabad,Royal Challengers Bengaluru,Royal Challengers Bengaluru,field,Sunrisers Hyderabad,25.0,,TM Head,30.0
501199,2011,2011-04-09,Hyderabad,"Rajiv Gandhi International Stadium, Uppal",T20,Deccan Chargers,Rajasthan Royals,Rajasthan Royals,field,Rajasthan Royals,,8.0,SK Trivedi,2.0
548317,2012,2012-04-11,Mumbai,Wankhede Stadium,T20,Mumbai Indians,Rajasthan Royals,Rajasthan Royals,field,Mumbai Indians,27.0,,KA Pollard,12.0
1178426,2019,2019-05-02,Mumbai,Wankhede Stadium,T20,Mumbai Indians,Sunrisers Hyderabad,Mumbai Indians,bat,,,,JJ Bumrah,51.0
1178395,2019,2019-04-07,Bengaluru,M.Chinnaswamy Stadium,T20,Royal Challengers Bangalore,Delhi Capitals,Delhi Capitals,field,Delhi Capitals,,4.0,K Rabada,20.0
419153,2009/10,2010-04-13,Chennai,"MA Chidambaram Stadium, Chepauk",T20,Chennai Super Kings,Kolkata Knight Riders,Kolkata Knight Riders,bat,Chennai Super Kings,,9.0,R Ashwin,48.0
829729,2015,2015-04-17,Mumbai,Wankhede Stadium,T20,Mumbai Indians,Chennai Super Kings,Mumbai Indians,bat,Chennai Super Kings,,6.0,A Nehra,12.0
1359492,2023,2023-04-13,Chandigarh,"Punjab Cricket Association IS Bindra Stadium, Mohali, Chandigarh",T20,Punjab Kings,Gujarat Titans,Gujarat Titans,field,Gujarat Titans,,6.0,MM Sharma,18.0
1426302,2024,2024-05-14,Delhi,"Arun Jaitley Stadium, Delhi",T20,Delhi Capitals,Lucknow Super Giants,Lucknow Super Giants,field,Delhi Capitals,19.0,,I Sharma,64.0
1136610,2018,2018-05-16,Mumbai,Wankhede Stadium,T20,Mumbai Indians,Kings XI Punjab,Kings XI Punjab,field,Mumbai Indians,3.0,,JJ Bumrah,50.0
1359540,2023,2023-05-19,Dharamsala,"Himachal Pradesh Cricket Association Stadium, Dharamsala",T20,Punjab Kings,Rajasthan Royals,Rajasthan Royals,field,Rajasthan Royals,,4.0,D Padikkal,66.0
729309,2014,2014-04-27,,Sharjah Cricket Stadium,T20,Delhi Daredevils,Mumbai Indians,Mumbai Indians,bat,Delhi Daredevils,,6.0,M Vijay,16.0
335989,2007/08,2008-04-23,Chennai,"MA Chidambaram Stadium, Chepauk",T20,Chennai Super Kings,Mumbai Indians,Mumbai Indians,field,Chennai Super Kings,6.0,,ML Hayden,8.0
1178410,2019,2019-04-19,Kolkata,Eden Gardens,T20,Royal Challengers Bangalore,Kolkata Knight Riders,Kolkata Knight Riders,field,Royal Challengers Bangalore,10.0,,V Kohli,35.0
829733,2015,2015-04-18,Pune,Maharashtra Cricket Association Stadium,T20,Kings XI Punjab,Kolkata Knight Riders,Kolkata Knight Riders,field,Kolkata Knight Riders,,4.0,AD Russell,14.0
1254079,2021,2021-04-27,Ahmedabad,"Narendra Modi Stadium, Ahmedabad",T20,Royal Challengers Bangalore,Delhi Capitals,Delhi Capitals,field,Royal Challengers Bangalore,1.0,,AB de Villiers,22.0
1529283,2026,2026-04-28,New Chandigarh,"Maharaja Yadavindra Singh International Cricket Stadium, New Chandigarh",T20,Punjab Kings,Rajasthan Royals,Rajasthan Royals,field,Rajasthan Royals,,6.0,D Ferreira,40.0
1535463,2026,2026-05-27,New Chandigarh,"Maharaja Yadavindra Singh International Cricket Stadium, New Chandigarh",T20,Rajasthan Royals,Sunrisers Hyderabad,Sunrisers Hyderabad,field,Rajasthan Royals,47.0,,V Suryavanshi,
1254076,2021,2021-04-25,Mumbai,"Wankhede Stadium, Mumbai",T20,Chennai Super Kings,Royal Challengers Bangalore,Chennai Super Kings,bat,Chennai Super Kings,69.0,,RA Jadeja,19.0
1175370,2019,2019-04-03,Mumbai,Wankhede Stadium,T20,Mumbai Indians,Chennai Super Kings,Chennai Super Kings,field,Mumbai Indians,37.0,,HH Pandya,15.0
1254069,2021,2021-04-19,Mumbai,"Wankhede Stadium, Mumbai",T20,Chennai Super Kings,Rajasthan Royals,Rajasthan Royals,field,Chennai Super Kings,45.0,,MM Ali,12.0
1216544,2020/21,2020-10-25,,Dubai International Cricket Stadium,T20,Royal Challengers Bangalore,Chennai Super Kings,Royal Challengers Bangalore,bat,Chennai Super Kings,,8.0,RD Gaikwad,44.0
1304090,2022,2022-04-30,Navi Mumbai,"Dr DY Patil Sports Academy, Mumbai",T20,Rajasthan Royals,Mumbai Indians,Mumbai Indians,field,Mumbai Indians,,5.0,SA Yadav,44.0
1473468,2025,2025-04-15,Mohali,"Maharaja Yadavindra Singh International Cricket Stadium, Mullanpur",T20,Punjab Kings,Kolkata Knight Riders,Punjab Kings,bat,Punjab Kings,16.0,,YS Chahal,31.0
1082594,2017,2017-04-08,Indore,Holkar Cricket Stadium,T20,Kings XI Punjab,Rising Pune Supergiant,Kings XI Punjab,field,Kings XI Punjab,,6.0,GJ Maxwell,4.0
1136605,2018,2018-05-12,Delhi,Arun Jaitley Stadium,T20,Delhi Daredevils,Royal Challengers Bangalore,Royal Challengers Bangalore,field,Royal Challengers Bangalore,,5.0,AB de Villiers,45.0
980975,2016,2016-05-08,Kolkata,Eden Gardens,T20,Kolkata Knight Riders,Gujarat Lions,Gujarat Lions,field,Gujarat Lions,,5.0,P Kumar,38.0
598069,2013,2013-05-19,Hyderabad,"Rajiv Gandhi International Stadium, Uppal",T20,Sunrisers Hyderabad,Kolkata Knight Riders,Kolkata Knight Riders,bat,Sunrisers Hyderabad,,5.0,PA Patel,72.0
734023,2014,2014-05-20,Kolkata,Eden Gardens,T20,Kolkata Knight Riders,Chennai Super Kings,Kolkata Knight Riders,field,Kolkata Knight Riders,,8.0,RV Uthappa,47.0
1254074,2021,2021-04-23,Chennai,"MA Chidambaram Stadium, Chepauk, Chennai",T20,Mumbai Indians,Punjab Kings,Punjab Kings,field,Punjab Kings,,9.0,KL Rahul,17.0
335995,2007/08,2008-04-27,Chandigarh,"Punjab Cricket Association Stadium, Mohali",T20,Kings XI Punjab,Delhi Daredevils,Delhi Daredevils,bat,Kings XI Punjab,,4.0,SM Katich,13.0
392216,2009,2009-05-09,Kimberley,De Beers Diamond Oval,T20,Deccan Chargers,Kings XI Punjab,Kings XI Punjab,field,Kings XI Punjab,,3.0,DPMD Jayawardene,36.0
598042,2013,2013-05-02,Pune,Subrata Roy Sahara Stadium,T20,Pune Warriors,Royal Challengers Bangalore,Royal Challengers Bangalore,bat,Royal Challengers Bangalore,17.0,,AB de Villiers,46.0
981017,2016,2016-05-27,Delhi,Feroz Shah Kotla,T20,Gujarat Lions,Sunrisers Hyderabad,Sunrisers Hyderabad,field,Sunrisers Hyderabad,,4.0,DA Warner,
1359482,2023,2023-04-05,Guwahati,"Barsapara Cricket Stadium, Guwahati",T20,Punjab Kings,Rajasthan Royals,Rajasthan Royals,field,Punjab Kings,5.0,,NT Ellis,8.0
1473459,2025,2025-04-08,Mohali,"Maharaja Yadavindra Singh International Cricket Stadium, Mullanpur",T20,Punjab Kings,Chennai Super Kings,Punjab Kings,bat,Punjab Kings,18.0,,Priyansh Arya,22.0
1178412,2019,2019-04-20,Delhi,Arun Jaitley Stadium,T20,Kings XI Punjab,Delhi Capitals,Delhi Capitals,field,Delhi Capitals,,5.0,SS Iyer,37.0
1254100,2021,2021-09-27,Dubai,Dubai International Cricket Stadium,T20,Rajasthan Royals,Sunrisers Hyderabad,Rajasthan Royals,bat,Sunrisers Hyderabad,,7.0,JJ Roy,40.0
548379,2012,2012-05-23,Bangalore,M Chinnaswamy Stadium,T20,Chennai Super Kings,Mumbai Indians,Mumbai Indians,field,Chennai Super Kings,38.0,,MS Dhoni,
1527687,2026,2026-04-08,Delhi,"Arun Jaitley Stadium, Delhi",T20,Gujarat Titans,Delhi Capitals,Delhi Capitals,field,Gujarat Titans,1.0,,Rashid Khan,14.0
980977,2016,2016-05-09,Chandigarh,"Punjab Cricket Association IS Bindra Stadium, Mohali",T20,Kings XI Punjab,Royal Challengers Bangalore,Kings XI Punjab,field,Royal Challengers Bangalore,1.0,,SR Watson,39.0
1136597,2018,2018-05-06,Mumbai,Wankhede Stadium,T20,Mumbai Indians,Kolkata Knight Riders,Kolkata Knight Riders,field,Mumbai Indians,13.0,,HH Pandya,37.0
548343,2012,2012-04-28,Chennai,"MA Chidambaram Stadium, Chepauk",T20,Chennai Super Kings,Kings XI Punjab,Kings XI Punjab,bat,Kings XI Punjab,7.0,,Mandeep Singh,37.0
1370352,2023,2023-05-26,Ahmedabad,"Narendra Modi Stadium, Ahmedabad",T20,Gujarat Titans,Mumbai Indians,Mumbai Indians,field,Gujarat Titans,62.0,,Shubman Gill,
1082617,2017,2017-04-23,Kolkata,Eden Gardens,T20,Kolkata Knight Riders,Royal Challengers Bangalore,Royal Challengers Bangalore,field,Kolkata Knight Riders,82.0,,NM Coulter-Nile,27.0
1359544,2023,2023-05-21,Bengaluru,"M Chinnaswamy Stadium, Bengaluru",T20,Royal Challengers Bangalore,Gujarat Titans,Gujarat Titans,field,Gujarat Titans,,6.0,Shubman Gill,70.0
1473450,2025,2025-04-01,Lucknow,"Bharat Ratna Shri Atal Bihari Vajpayee Ekana Cricket Stadium, Lucknow",T20,Lucknow Super Giants,Punjab Kings,Punjab Kings,field,Punjab Kings,,8.0,P Simran Singh,13.0
1473472,2025,2025-04-19,Ahmedabad,"Narendra Modi Stadium, Ahmedabad",T20,Delhi Capitals,Gujarat Titans,Gujarat Titans,field,Gujarat Titans,,7.0,JC Buttler,35.0
336036,2007/08,2008-05-26,Jaipur,Sawai Mansingh Stadium,T20,Rajasthan Royals,Mumbai Indians,Rajasthan Royals,field,Rajasthan Royals,,5.0,Sohail Tanvir,53.0
1359511,2023,2023-04-27,Jaipur,"Sawai Mansingh Stadium, Jaipur",T20,Rajasthan Royals,Chennai Super Kings,Rajasthan Royals,bat,Rajasthan Royals,32.0,,YBK Jaiswal,37.0
1535464,2026,2026-05-29,New Chandigarh,"Maharaja Yadavindra Singh International Cricket Stadium, New Chandigarh",T20,Rajasthan Royals,Gujarat Titans,Rajasthan Royals,bat,Gujarat Titans,,7.0,Shubman Gill,
548344,2012,2012-04-28,Kolkata,Eden Gardens,T20,Kolkata Knight Riders,Royal Challengers Bangalore,Kolkata Knight Riders,bat,Kolkata Knight Riders,47.0,,G Gambhir,38.0
1473454,2025,2025-04-05,Chennai,"MA Chidambaram Stadium, Chepauk, Chennai",T20,Delhi Capitals,Chennai Super Kings,Delhi Capitals,bat,Delhi Capitals,25.0,,KL Rahul,17.0
1216538,2020/21,2020-10-04,,Sharjah Cricket Stadium,T20,Mumbai Indians,Sunrisers Hyderabad,Mumbai Indians,bat,Mumbai Indians,34.0,,TA Boult,17.0
980957,2016,2016-05-01,Pune,Maharashtra Cricket Association Stadium,T20,Rising Pune Supergiants,Mumbai Indians,Mumbai Indians,field,Mumbai Indians,,8.0,RG Sharma,29.0
501228,2011,2011-04-27,Mumbai,Dr DY Patil Sports Academy,T20,Pune Warriors,Chennai Super Kings,Pune Warriors,bat,Chennai Super Kings,,8.0,DE Bollinger,31.0
598015,2013,2013-04-15,Chennai,"MA Chidambaram Stadium, Chepauk",T20,Chennai Super Kings,Pune Warriors,Pune Warriors,bat,Pune Warriors,24.0,,SPD Smith,19.0
598056,2013,2013-05-11,Chandigarh,"Punjab Cricket Association Stadium, Mohali",T20,Kings XI Punjab,Sunrisers Hyderabad,Kings XI Punjab,field,Sunrisers Hyderabad,30.0,,PA Patel,59.0
501269,2011,2011-05-25,Mumbai,Wankhede Stadium,T20,Mumbai Indians,Kolkata Knight Riders,Mumbai Indians,field,Mumbai Indians,,4.0,MM Patel,
1136600,2018,2018-05-08,Jaipur,Sawai Mansingh Stadium,T20,Rajasthan Royals,Kings XI Punjab,Rajasthan Royals,bat,Rajasthan Royals,15.0,,JC Buttler,40.0
1304056,2022,2022-04-02,Pune,"Maharashtra Cricket Association Stadium, Pune",T20,Gujarat Titans,Delhi Capitals,Delhi Capitals,field,Gujarat Titans,14.0,,LH Ferguson,10.0
598003,2013,2013-04-07,Pune,Subrata Roy Sahara Stadium,T20,Pune Warriors,Kings XI Punjab,Pune Warriors,bat,Kings XI Punjab,,8.0,M Vohra,6.0
1082622,2017,2017-04-28,Kolkata,Eden Gardens,T20,Kolkata Knight Riders,Delhi Daredevils,Kolkata Knight Riders,field,Kolkata Knight Riders,,7.0,G Gambhir,32.0
598011,2013,2013-04-13,Mumbai,Wankhede Stadium,T20,Mumbai Indians,Pune Warriors,Mumbai Indians,bat,Mumbai Indians,41.0,,RG Sharma,15.0
1473444,2025,2025-03-27,Hyderabad,"Rajiv Gandhi International Stadium, Uppal, Hyderabad",T20,Sunrisers Hyderabad,Lucknow Super Giants,Lucknow Super Giants,field,Lucknow Super Giants,,5.0,SN Thakur,7.0
729287,2014,2014-04-19,,Dubai International Cricket Stadium,T20,Royal Challengers Bangalore,Mumbai Indians,Royal Challengers Bangalore,field,Royal Challengers Bangalore,,7.0,PA Patel,5.0
419119,2009/10,2010-03-20,Mumbai,Brabourne Stadium,T20,Mumbai Indians,Royal Challengers Bangalore,Mumbai Indians,bat,Royal Challengers Bangalore,,7.0,JH Kallis,14.0
1136576,2018,2018-04-19,Chandigarh,Punjab Cricket Association IS Bindra Stadium,T20,Kings XI Punjab,Sunrisers Hyderabad,Kings XI Punjab,bat,Kings XI Punjab,15.0,,CH Gayle,16.0
1304091,2022,2022-05-01,Mumbai,"Wankhede Stadium, Mumbai",T20,Lucknow Super Giants,Delhi Capitals,Lucknow Super Giants,bat,Lucknow Super Giants,6.0,,Mohsin Khan,45.0
1422121,2024,2024-03-23,Kolkata,"Eden Gardens, Kolkata",T20,Kolkata Knight Riders,Sunrisers Hyderabad,Sunrisers Hyderabad,field,Kolkata Knight Riders,4.0,,AD Russell,3.0
1359527,2023,2023-05-08,Kolkata,"Eden Gardens, Kolkata",T20,Punjab Kings,Kolkata Knight Riders,Punjab Kings,bat,Kolkata Knight Riders,,5.0,AD Russell,53.0
1529279,2026,2026-04-25,Jaipur,"Sawai Mansingh Stadium, Jaipur",T20,Rajasthan Royals,Sunrisers Hyderabad,Sunrisers Hyderabad,field,Sunrisers Hyderabad,,5.0,Ishan Kishan,36.0
1175367,2019,2019-03-31,Chennai,MA Chidambaram Stadium,T20,Chennai Super Kings,Rajasthan Royals,Rajasthan Royals,field,Chennai Super Kings,8.0,,MS Dhoni,12.0
1254093,2021,2021-10-05,Sharjah,Sharjah Cricket Stadium,T20,Rajasthan Royals,Mumbai Indians,Mumbai Indians,field,Mumbai Indians,,8.0,NM Coulter-Nile,51.0
1136591,2018,2018-05-01,Bengaluru,M.Chinnaswamy Stadium,T20,Royal Challengers Bangalore,Mumbai Indians,Mumbai Indians,field,Royal Challengers Bangalore,14.0,,TG Southee,31.0
1527678,2026,2026-04-01,Lucknow,"Bharat Ratna Shri Atal Bihari Vajpayee Ekana Cricket Stadium, Lucknow",T20,Lucknow Super Giants,Delhi Capitals,Delhi Capitals,field,Delhi Capitals,,6.0,Sameer Rizvi,5.0
1216529,2020/21,2020-10-11,Abu Dhabi,Sheikh Zayed Stadium,T20,Delhi Capitals,Mumbai Indians,Delhi Capitals,bat,Mumbai Indians,,5.0,Q de Kock,27.0
1178399,2019,2019-04-10,Mumbai,Wankhede Stadium,T20,Kings XI Punjab,Mumbai Indians,Mumbai Indians,field,Mumbai Indians,,3.0,KA Pollard,24.0
501241,2011,2011-05-04,Mumbai,Dr DY Patil Sports Academy,T20,Pune Warriors,Mumbai Indians,Pune Warriors,field,Mumbai Indians,21.0,,R Sharma,44.0
829773,2015,2015-05-02,Hyderabad,"Rajiv Gandhi International Stadium, Uppal",T20,Sunrisers Hyderabad,Chennai Super Kings,Chennai Super Kings,field,Sunrisers Hyderabad,22.0,,DA Warner,34.0
829815,2015,2015-05-17,Hyderabad,"Rajiv Gandhi International Stadium, Uppal",T20,Sunrisers Hyderabad,Mumbai Indians,Sunrisers Hyderabad,bat,Mumbai Indians,,9.0,MJ McClenaghan,56.0
336029,2007/08,2008-05-21,Chennai,"MA Chidambaram Stadium, Chepauk",T20,Chennai Super Kings,Royal Challengers Bangalore,Royal Challengers Bangalore,bat,Royal Challengers Bangalore,14.0,,A Kumble,46.0
1527682,2026,2026-04-04,Ahmedabad,"Narendra Modi Stadium, Ahmedabad",T20,Rajasthan Royals,Gujarat Titans,Rajasthan Royals,bat,Rajasthan Royals,6.0,,Ravi Bishnoi,9.0
980985,2016,2016-05-13,Visakhapatnam,Dr. Y.S. Rajasekhara Reddy ACA-VDCA Cricket Stadium,T20,Mumbai Indians,Kings XI Punjab,Mumbai Indians,bat,Kings XI Punjab,,7.0,MP Stoinis,43.0
501232,2011,2011-04-29,Bangalore,M Chinnaswamy Stadium,T20,Royal Challengers Bangalore,Pune Warriors,Pune Warriors,field,Royal Challengers Bangalore,26.0,,V Kohli,35.0
501256,2011,2011-05-14,Mumbai,Wankhede Stadium,T20,Mumbai Indians,Deccan Chargers,Deccan Chargers,bat,Deccan Chargers,10.0,,A Mishra,59.0
1136569,2018,2018-04-14,Mumbai,Wankhede Stadium,T20,Mumbai Indians,Delhi Daredevils,Delhi Daredevils,field,Delhi Daredevils,,7.0,JJ Roy,9.0
1529266,2026,2026-04-15,Bengaluru,"M Chinnaswamy Stadium, Bengaluru",T20,Lucknow Super Giants,Royal Challengers Bengaluru,Royal Challengers Bengaluru,field,Royal Challengers Bengaluru,,5.0,JR Hazlewood,23.0
1175362,2019,2019-03-28,Bengaluru,M.Chinnaswamy Stadium,T20,Mumbai Indians,Royal Challengers Bangalore,Royal Challengers Bangalore,field,Mumbai Indians,6.0,,JJ Bumrah,7.0
336009,2007/08,2008-05-08,Delhi,Feroz Shah Kotla,T20,Delhi Daredevils,Chennai Super Kings,Chennai Super Kings,field,Chennai Super Kings,,4.0,MS Dhoni,28.0
1136596,2018,2018-05-05,Hyderabad,Rajiv Gandhi International Stadium,T20,Delhi Daredevils,Sunrisers Hyderabad,Delhi Daredevils,bat,Sunrisers Hyderabad,,7.0,Rashid Khan,36.0
980969,2016,2016-05-07,Bangalore,M Chinnaswamy Stadium,T20,Royal Challengers Bangalore,Rising Pune Supergiants,Royal Challengers Bangalore,field,Royal Challengers Bangalore,,7.0,V Kohli,35.0
336013,2007/08,2008-05-10,Chennai,"MA Chidambaram Stadium, Chepauk",T20,Chennai Super Kings,Kings XI Punjab,Kings XI Punjab,field,Chennai Super Kings,18.0,,L Balaji,31.0
548371,2012,2012-05-17,Dharamsala,Himachal Pradesh Cricket Association Stadium,T20,Kings XI Punjab,Chennai Super Kings,Kings XI Punjab,field,Kings XI Punjab,,6.0,AC Gilchrist,66.0
1216524,2020/21,2020-10-27,,Dubai International Cricket Stadium,T20,Sunrisers Hyderabad,Delhi Capitals,Delhi Capitals,field,Sunrisers Hyderabad,88.0,,WP Saha,47.0
1359522,2023,2023-05-05,Jaipur,"Sawai Mansingh Stadium, Jaipur",T20,Rajasthan Royals,Gujarat Titans,Rajasthan Royals,bat,Gujarat Titans,,9.0,Rashid Khan,48.0
548378,2012,2012-05-22,Pune,Subrata Roy Sahara Stadium,T20,Delhi Daredevils,Kolkata Knight Riders,Kolkata Knight Riders,bat,Kolkata Knight Riders,18.0,,YK Pathan,
1529312,2026,2026-05-24,Mumbai,"Wankhede Stadium, Mumbai",T20,Rajasthan Royals,Mumbai Indians,Mumbai Indians,field,Rajasthan Royals,30.0,,JC Archer,69.0
829799,2015,2015-05-11,Hyderabad,"Rajiv Gandhi International Stadium, Uppal",T20,Sunrisers Hyderabad,Kings XI Punjab,Sunrisers Hyderabad,bat,Sunrisers Hyderabad,5.0,,DA Warner,48.0
1178414,2019,2019-04-21,Bengaluru,M.Chinnaswamy Stadium,T20,Royal Challengers Bangalore,Chennai Super Kings,Chennai Super Kings,field,Royal Challengers Bangalore,1.0,,PA Patel,39.0
1529278,2026,2026-04-25,Delhi,"Arun Jaitley Stadium, Delhi",T20,Delhi Capitals,Punjab Kings,Delhi Capitals,bat,Punjab Kings,,6.0,KL Rahul,35.0
734047,2014,2014-05-30,Mumbai,Wankhede Stadium,T20,Chennai Super Kings,Kings XI Punjab,Chennai Super Kings,field,Kings XI Punjab,24.0,,V Sehwag,
829719,2015,2015-04-13,Bangalore,M Chinnaswamy Stadium,T20,Royal Challengers Bangalore,Sunrisers Hyderabad,Sunrisers Hyderabad,field,Sunrisers Hyderabad,,8.0,DA Warner,8.0
1422128,2024,2024-03-29,Bengaluru,"M Chinnaswamy Stadium, Bengaluru",T20,Royal Challengers Bengaluru,Kolkata Knight Riders,Kolkata Knight Riders,field,Kolkata Knight Riders,,7.0,SP Narine,10.0
419107,2009/10,2010-03-13,Mumbai,Brabourne Stadium,T20,Mumbai Indians,Rajasthan Royals,Mumbai Indians,bat,Mumbai Indians,4.0,,YK Pathan,2.0
1216496,2020/21,2020-09-22,,Sharjah Cricket Stadium,T20,Rajasthan Royals,Chennai Super Kings,Chennai Super Kings,field,Rajasthan Royals,16.0,,SV Samson,4.0
419115,2009/10,2010-03-18,Bangalore,M Chinnaswamy Stadium,T20,Royal Challengers Bangalore,Rajasthan Royals,Royal Challengers Bangalore,field,Royal Challengers Bangalore,,10.0,JH Kallis,10.0
501235,2011,2011-05-01,Jaipur,Sawai Mansingh Stadium,T20,Rajasthan Royals,Pune Warriors,Rajasthan Royals,field,Rajasthan Royals,,6.0,LRPL Taylor,38.0
501264,2011,2011-05-21,Dharamsala,Himachal Pradesh Cricket Association Stadium,T20,Kings XI Punjab,Deccan Chargers,Kings XI Punjab,field,Deccan Chargers,82.0,,S Dhawan,67.0
1304076,2022,2022-04-18,Mumbai,"Brabourne Stadium, Mumbai",T20,Rajasthan Royals,Kolkata Knight Riders,Kolkata Knight Riders,field,Rajasthan Royals,7.0,,YS Chahal,30.0
501226,2011,2011-04-25,Chennai,"MA Chidambaram Stadium, Chepauk",T20,Chennai Super Kings,Pune Warriors,Pune Warriors,field,Chennai Super Kings,25.0,,MEK Hussey,29.0
336023,2007/08,2008-05-17,Jaipur,Sawai Mansingh Stadium,T20,Rajasthan Royals,Royal Challengers Bangalore,Royal Challengers Bangalore,field,Rajasthan Royals,65.0,,GC Smith,39.0
1359494,2023,2023-04-15,Bengaluru,"M Chinnaswamy Stadium, Bengaluru",T20,Royal Challengers Bangalore,Delhi Capitals,Delhi Capitals,field,Royal Challengers Bangalore,23.0,,V Kohli,20.0
1254110,2021,2021-10-04,Dubai,Dubai International Cricket Stadium,T20,Chennai Super Kings,Delhi Capitals,Delhi Capitals,field,Delhi Capitals,,3.0,AR Patel,50.0
1529302,2026,2026-05-15,Lucknow,"Bharat Ratna Shri Atal Bihari Vajpayee Ekana Cricket Stadium, Lucknow",T20,Chennai Super Kings,Lucknow Super Giants,Lucknow Super Giants,field,Lucknow Super Giants,,7.0,MR Marsh,59.0
1136584,2018,2018-04-25,Bengaluru,M.Chinnaswamy Stadium,T20,Royal Challengers Bangalore,Chennai Super Kings,Chennai Super Kings,field,Chennai Super Kings,,5.0,MS Dhoni,24.0
1082642,2017,2017-05-12,Delhi,Feroz Shah Kotla,T20,Delhi Daredevils,Rising Pune Supergiant,Delhi Daredevils,bat,Delhi Daredevils,7.0,,KK Nair,52.0
1426273,2024,2024-04-20,Delhi,"Arun Jaitley Stadium, Delhi",T20,Sunrisers Hyderabad,Delhi Capitals,Delhi Capitals,field,Sunrisers Hyderabad,67.0,,TM Head,35.0
1304077,2022,2022-04-19,Mumbai,"Dr DY Patil Sports Academy, Mumbai",T20,Royal Challengers Bangalore,Lucknow Super Giants,Lucknow Super Giants,field,Royal Challengers Bangalore,18.0,,F du Plessis,31.0
1082595,2017,2017-04-08,Bengaluru,M.Chinnaswamy Stadium,T20,Royal Challengers Bangalore,Delhi Daredevils,Royal Challengers Bangalore,bat,Royal Challengers Bangalore,15.0,,KM Jadhav,5.0
1304069,2022,2022-04-13,Pune,"Maharashtra Cricket Association Stadium, Pune",T20,Punjab Kings,Mumbai Indians,Mumbai Indians,field,Punjab Kings,12.0,,MA Agarwal,23.0
1359524,2023,2023-05-06,Delhi,"Arun Jaitley Stadium, Delhi",T20,Royal Challengers Bangalore,Delhi Capitals,Royal Challengers Bangalore,bat,Delhi Capitals,,7.0,PD Salt,50.0
1304057,2022,2022-04-03,Mumbai,"Brabourne Stadium, Mumbai",T20,Punjab Kings,Chennai Super Kings,Chennai Super Kings,field,Punjab Kings,54.0,,LS Livingstone,11.0
335994,2007/08,2008-04-27,Mumbai,Dr DY Patil Sports Academy,T20,Mumbai Indians,Deccan Chargers,Deccan Chargers,field,Deccan Chargers,,10.0,AC Gilchrist,14.0
829791,2015,2015-05-09,Kolkata,Eden Gardens,T20,Kolkata Knight Riders,Kings XI Punjab,Kings XI Punjab,bat,Kolkata Knight Riders,,1.0,AD Russell,44.0
1535465,2026,2026-05-31,Ahmedabad,"Narendra Modi Stadium, Ahmedabad",T20,Gujarat Titans,Royal Challengers Bengaluru,Royal Challengers Bengaluru,field,Royal Challengers Bengaluru,,5.0,V Kohli,
392183,2009,2009-04-19,Cape Town,Newlands,T20,Delhi Daredevils,Kings XI Punjab,Delhi Daredevils,field,Delhi Daredevils,,10.0,DL Vettori,3.0
1254065,2021,2021-04-16,Mumbai,"Wankhede Stadium, Mumbai",T20,Punjab Kings,Chennai Super Kings,Chennai Super Kings,field,Chennai Super Kings,,6.0,DL Chahar,8.0
1254096,2021,2021-09-23,Abu Dhabi,"Zayed Cricket Stadium, Abu Dhabi",T20,Mumbai Indians,Kolkata Knight Riders,Kolkata Knight Riders,field,Kolkata Knight Riders,,7.0,SP Narine,34.0
336033,2007/08,2008-05-24,Chennai,"MA Chidambaram Stadium, Chepauk",T20,Chennai Super Kings,Rajasthan Royals,Rajasthan Royals,bat,Rajasthan Royals,10.0,,JA Morkel,49.0
729299,2014,2014-04-24,,Sharjah Cricket Stadium,T20,Royal Challengers Bangalore,Kolkata Knight Riders,Royal Challengers Bangalore,field,Kolkata Knight Riders,2.0,,CA Lynn,11.0
980935,2016,2016-04-23,Hyderabad,"Rajiv Gandhi International Stadium, Uppal",T20,Sunrisers Hyderabad,Kings XI Punjab,Sunrisers Hyderabad,field,Sunrisers Hyderabad,,5.0,Mustafizur Rahman,18.0
829705,2015,2015-04-08,Kolkata,Eden Gardens,T20,Kolkata Knight Riders,Mumbai Indians,Kolkata Knight Riders,field,Kolkata Knight Riders,,7.0,M Morkel,1.0
1178398,2019,2019-04-09,Chennai,MA Chidambaram Stadium,T20,Kolkata Knight Riders,Chennai Super Kings,Chennai Super Kings,field,Chennai Super Kings,,7.0,DL Chahar,23.0
1370350,2023,2023-05-23,Chennai,"MA Chidambaram Stadium, Chepauk, Chennai",T20,Chennai Super Kings,Gujarat Titans,Gujarat Titans,field,Chennai Super Kings,15.0,,RD Gaikwad,
548335,2012,2012-04-22,Cuttack,Barabati Stadium,T20,Deccan Chargers,Kolkata Knight Riders,Kolkata Knight Riders,field,Kolkata Knight Riders,,5.0,B Lee,29.0
598026,2013,2013-04-22,Chennai,"MA Chidambaram Stadium, Chepauk",T20,Chennai Super Kings,Rajasthan Royals,Rajasthan Royals,bat,Chennai Super Kings,,5.0,MEK Hussey,30.0
548321,2012,2012-04-19,Delhi,Feroz Shah Kotla,T20,Delhi Daredevils,Deccan Chargers,Deccan Chargers,bat,Delhi Daredevils,,5.0,KP Pietersen,23.0
392192,2009,2009-04-25,Durban,Kingsmead,T20,Deccan Chargers,Mumbai Indians,Deccan Chargers,bat,Deccan Chargers,12.0,,PP Ojha,12.0
1216547,2020/21,2020-09-28,,Dubai International Cricket Stadium,T20,Royal Challengers Bangalore,Mumbai Indians,Mumbai Indians,field,,,,AB de Villiers,10.0
1136586,2018,2018-04-27,Delhi,Arun Jaitley Stadium,T20,Delhi Daredevils,Kolkata Knight Riders,Kolkata Knight Riders,field,Delhi Daredevils,55.0,,SS Iyer,26.0
1473501,2025,2025-05-21,Mumbai,"Wankhede Stadium, Mumbai",T20,Mumbai Indians,Delhi Capitals,Delhi Capitals,field,Mumbai Indians,59.0,,SA Yadav,63.0
829737,2015,2015-04-19,Bangalore,M Chinnaswamy Stadium,T20,Royal Challengers Bangalore,Mumbai Indians,Royal Challengers Bangalore,field,Mumbai Indians,18.0,,Harbhajan Singh,16.0
1527675,2026,2026-03-29,Mumbai,"Wankhede Stadium, Mumbai",T20,Kolkata Knight Riders,Mumbai Indians,Mumbai Indians,field,Mumbai Indians,,6.0,SN Thakur,2.0
980953,2016,2016-04-30,Hyderabad,"Rajiv Gandhi International Stadium, Uppal",T20,Sunrisers Hyderabad,Royal Challengers Bangalore,Royal Challengers Bangalore,field,Sunrisers Hyderabad,15.0,,DA Warner,27.0
1304092,2022,2022-05-01,Pune,"Maharashtra Cricket Association Stadium, Pune",T20,Chennai Super Kings,Sunrisers Hyderabad,Sunrisers Hyderabad,field,Chennai Super Kings,13.0,,RD Gaikwad,46.0
980931,2016,2016-04-22,Pune,Maharashtra Cricket Association Stadium,T20,Rising Pune Supergiants,Royal Challengers Bangalore,Rising Pune Supergiants,field,Royal Challengers Bangalore,13.0,,AB de Villiers,16.0
1304094,2022,2022-05-03,Navi Mumbai,"Dr DY Patil Sports Academy, Mumbai",T20,Gujarat Titans,Punjab Kings,Gujarat Titans,bat,Punjab Kings,,8.0,K Rabada,48.0
1359513,2023,2023-04-29,Kolkata,"Eden Gardens, Kolkata",T20,Kolkata Knight Riders,Gujarat Titans,Gujarat Titans,field,Gujarat Titans,,7.0,J Little,39.0
419109,2009/10,2010-03-14,Kolkata,Eden Gardens,T20,Kolkata Knight Riders,Royal Challengers Bangalore,Kolkata Knight Riders,field,Kolkata Knight Riders,,7.0,MK Tiwary,4.0
1178415,2019,2019-04-22,Jaipur,Sawai Mansingh Stadium,T20,Rajasthan Royals,Delhi Capitals,Delhi Capitals,field,Delhi Capitals,,6.0,RR Pant,40.0
1529272,2026,2026-04-19,New Chandigarh,"Maharaja Yadavindra Singh International Cricket Stadium, New Chandigarh",T20,Punjab Kings,Lucknow Super Giants,Lucknow Super Giants,field,Punjab Kings,54.0,,Priyansh Arya,29.0
734039,2014,2014-05-25,Chandigarh,"Punjab Cricket Association Stadium, Mohali",T20,Kings XI Punjab,Delhi Daredevils,Kings XI Punjab,field,Kings XI Punjab,,7.0,M Vohra,55.0
1178401,2019,2019-04-12,Kolkata,Eden Gardens,T20,Kolkata Knight Riders,Delhi Capitals,Delhi Capitals,field,Delhi Capitals,,7.0,S Dhawan,26.0
733989,2014,2014-05-08,Ahmedabad,"Sardar Patel Stadium, Motera",T20,Rajasthan Royals,Sunrisers Hyderabad,Rajasthan Royals,field,Sunrisers Hyderabad,32.0,,B Kumar,30.0
1216518,2020/21,2020-10-22,,Dubai International Cricket Stadium,T20,Rajasthan Royals,Sunrisers Hyderabad,Sunrisers Hyderabad,field,Sunrisers Hyderabad,,8.0,MK Pandey,40.0
392208,2009,2009-05-03,Johannesburg,New Wanderers Stadium,T20,Royal Challengers Bangalore,Mumbai Indians,Mumbai Indians,bat,Royal Challengers Bangalore,,9.0,JH Kallis,28.0
336027,2007/08,2008-05-20,Kolkata,Eden Gardens,T20,Kolkata Knight Riders,Rajasthan Royals,Rajasthan Royals,field,Rajasthan Royals,,6.0,YK Pathan,44.0
1178423,2019,2019-04-29,Hyderabad,Rajiv Gandhi International Stadium,T20,Sunrisers Hyderabad,Kings XI Punjab,Kings XI Punjab,field,Sunrisers Hyderabad,45.0,,DA Warner,48.0
392219,2009,2009-05-10,Johannesburg,New Wanderers Stadium,T20,Delhi Daredevils,Kolkata Knight Riders,Delhi Daredevils,field,Delhi Daredevils,,7.0,A Mishra,39.0
1473470,2025,2025-04-17,Mumbai,"Wankhede Stadium, Mumbai",T20,Sunrisers Hyderabad,Mumbai Indians,Mumbai Indians,field,Mumbai Indians,,4.0,WG Jacks,33.0
419123,2009/10,2010-03-23,Bangalore,M Chinnaswamy Stadium,T20,Royal Challengers Bangalore,Chennai Super Kings,Chennai Super Kings,field,Royal Challengers Bangalore,36.0,,RV Uthappa,18.0
336032,2007/08,2008-05-24,Delhi,Feroz Shah Kotla,T20,Delhi Daredevils,Mumbai Indians,Delhi Daredevils,field,Delhi Daredevils,,5.0,KD Karthik,50.0
1359487,2023,2023-04-09,Ahmedabad,"Narendra Modi Stadium, Ahmedabad",T20,Gujarat Titans,Kolkata Knight Riders,Gujarat Titans,bat,Kolkata Knight Riders,,3.0,RK Singh,13.0
1359543,2023,2023-05-21,Mumbai,"Wankhede Stadium, Mumbai",T20,Sunrisers Hyderabad,Mumbai Indians,Mumbai Indians,field,Mumbai Indians,,8.0,C Green,69.0
548365,2012,2012-05-13,Jaipur,Sawai Mansingh Stadium,T20,Rajasthan Royals,Pune Warriors,Rajasthan Royals,bat,Rajasthan Royals,45.0,,A Chandila,60.0
829811,2015,2015-05-16,Mumbai,Brabourne Stadium,T20,Rajasthan Royals,Kolkata Knight Riders,Rajasthan Royals,bat,Rajasthan Royals,9.0,,SR Watson,54.0
1216545,2020/21,2020-09-26,Abu Dhabi,Sheikh Zayed Stadium,T20,Sunrisers Hyderabad,Kolkata Knight Riders,Sunrisers Hyderabad,bat,Kolkata Knight Riders,,7.0,Shubman Gill,8.0
1216546,2020/21,2020-10-20,,Dubai International Cricket Stadium,T20,Delhi Capitals,Kings XI Punjab,Delhi Capitals,bat,Kings XI Punjab,,5.0,S Dhawan,38.0
1175364,2019,2019-03-30,Chandigarh,Punjab Cricket Association IS Bindra Stadium,T20,Mumbai Indians,Kings XI Punjab,Kings XI Punjab,field,Kings XI Punjab,,8.0,MA Agarwal,9.0
1304098,2022,2022-05-07,Mumbai,"Wankhede Stadium, Mumbai",T20,Punjab Kings,Rajasthan Royals,Punjab Kings,bat,Rajasthan Royals,,6.0,YBK Jaiswal,52.0
501270,2011,2011-05-27,Chennai,"MA Chidambaram Stadium, Chepauk",T20,Royal Challengers Bangalore,Mumbai Indians,Mumbai Indians,field,Royal Challengers Bangalore,43.0,,CH Gayle,
1473479,2025,2025-04-24,Bengaluru,"M Chinnaswamy Stadium, Bengaluru",T20,Royal Challengers Bengaluru,Rajasthan Royals,Rajasthan Royals,field,Royal Challengers Bengaluru,11.0,,JR Hazlewood,42.0
1359516,2023,2023-04-30,Mumbai,"Wankhede Stadium, Mumbai",T20,Rajasthan Royals,Mumbai Indians,Rajasthan Royals,bat,Mumbai Indians,,6.0,YBK Jaiswal,42.0
392222,2009,2009-05-12,Centurion,SuperSport Park,T20,Kings XI Punjab,Mumbai Indians,Kings XI Punjab,bat,Mumbai Indians,,8.0,Harbhajan Singh,42.0
734041,2014,2014-05-25,Mumbai,Wankhede Stadium,T20,Mumbai Indians,Rajasthan Royals,Mumbai Indians,field,Mumbai Indians,,5.0,CJ Anderson,56.0
1304107,2022,2022-05-14,Pune,"Maharashtra Cricket Association Stadium, Pune",T20,Kolkata Knight Riders,Sunrisers Hyderabad,Kolkata Knight Riders,bat,Kolkata Knight Riders,54.0,,AD Russell,61.0
1216497,2020/21,2020-10-24,Abu Dhabi,Sheikh Zayed Stadium,T20,Kolkata Knight Riders,Delhi Capitals,Delhi Capitals,field,Kolkata Knight Riders,59.0,,CV Varun,42.0
1136604,2018,2018-05-12,Indore,Holkar Cricket Stadium,T20,Kolkata Knight Riders,Kings XI Punjab,Kings XI Punjab,field,Kolkata Knight Riders,31.0,,SP Narine,44.0
1304113,2022,2022-05-19,Mumbai,"Wankhede Stadium, Mumbai",T20,Gujarat Titans,Royal Challengers Bangalore,Gujarat Titans,bat,Royal Challengers Bangalore,,8.0,V Kohli,67.0
1529281,2026,2026-04-26,Lucknow,"Bharat Ratna Shri Atal Bihari Vajpayee Ekana Cricket Stadium, Lucknow",T20,Kolkata Knight Riders,Lucknow Super Giants,Lucknow Super Giants,field,,,,RK Singh,38.0
1082621,2017,2017-04-27,Bangalore,M Chinnaswamy Stadium,T20,Royal Challengers Bangalore,Gujarat Lions,Gujarat Lions,field,Gujarat Lions,,7.0,AJ Tye,31.0
1359499,2023,2023-04-18,Hyderabad,"Rajiv Gandhi International Stadium, Uppal, Hyderabad",T20,Mumbai Indians,Sunrisers Hyderabad,Sunrisers Hyderabad,field,Mumbai Indians,14.0,,C Green,25.0
336022,2007/08,2008-05-17,Delhi,Feroz Shah Kotla,T20,Delhi Daredevils,Kings XI Punjab,Delhi Daredevils,bat,Kings XI Punjab,6.0,,DPMD Jayawardene,40.0
598070,2013,2013-05-21,Delhi,Feroz Shah Kotla,T20,Chennai Super Kings,Mumbai Indians,Chennai Super Kings,bat,Chennai Super Kings,48.0,,MEK Hussey,
548354,2012,2012-05-05,Chandigarh,"Punjab Cricket Association Stadium, Mohali",T20,Kings XI Punjab,Rajasthan Royals,Rajasthan Royals,bat,Rajasthan Royals,43.0,,SR Watson,48.0
1473510,2025,2025-06-01,Ahmedabad,"Narendra Modi Stadium, Ahmedabad",T20,Mumbai Indians,Punjab Kings,Punjab Kings,field,Punjab Kings,,5.0,SS Iyer,
1082648,2017,2017-05-17,Bangalore,M Chinnaswamy Stadium,T20,Sunrisers Hyderabad,Kolkata Knight Riders,Kolkata Knight Riders,field,Kolkata Knight Riders,,7.0,NM Coulter-Nile,
1254094,2021,2021-10-07,Dubai,Dubai International Cricket Stadium,T20,Chennai Super Kings,Punjab Kings,Punjab Kings,field,Punjab Kings,,6.0,KL Rahul,53.0
1426290,2024,2024-05-04,Bengaluru,"M Chinnaswamy Stadium, Bengaluru",T20,Gujarat Titans,Royal Challengers Bengaluru,Royal Challengers Bengaluru,field,Royal Challengers Bengaluru,,4.0,Mohammed Siraj,52.0
1529289,2026,2026-05-03,Ahmedabad,"Narendra Modi Stadium, Ahmedabad",T20,Punjab Kings,Gujarat Titans,Gujarat Titans,field,Gujarat Titans,,4.0,JO Holder,46.0
1254071,2021,2021-04-21,Chennai,"MA Chidambaram Stadium, Chepauk, Chennai",T20,Punjab Kings,Sunrisers Hyderabad,Punjab Kings,bat,Sunrisers Hyderabad,,9.0,JM Bairstow,14.0
1527686,2026,2026-04-07,Guwahati,"Barsapara Cricket Stadium, Guwahati",T20,Rajasthan Royals,Mumbai Indians,Mumbai Indians,field,Rajasthan Royals,27.0,,YBK Jaiswal,13.0
1426293,2024,2024-05-06,Mumbai,"Wankhede Stadium, Mumbai",T20,Sunrisers Hyderabad,Mumbai Indians,Mumbai Indians,field,Mumbai Indians,,7.0,SA Yadav,55.0
1082600,2017,2017-04-12,Mumbai,Wankhede Stadium,T20,Mumbai Indians,Sunrisers Hyderabad,Mumbai Indians,field,Mumbai Indians,,4.0,JJ Bumrah,10.0
598050,2013,2013-05-07,Mumbai,Wankhede Stadium,T20,Mumbai Indians,Kolkata Knight Riders,Mumbai Indians,bat,Mumbai Indians,65.0,,SR Tendulkar,53.0
1422139,2024,2024-04-07,Lucknow,"Bharat Ratna Shri Atal Bihari Vajpayee Ekana Cricket Stadium, Lucknow",T20,Lucknow Super Giants,Gujarat Titans,Lucknow Super Giants,bat,Lucknow Super Giants,33.0,,Yash Thakur,21.0
392233,2009,2009-05-20,Durban,Kingsmead,T20,Kolkata Knight Riders,Rajasthan Royals,Kolkata Knight Riders,field,Kolkata Knight Riders,,4.0,LR Shukla,53.0
419132,2009/10,2010-03-30,Mumbai,Brabourne Stadium,T20,Mumbai Indians,Kings XI Punjab,Mumbai Indians,field,Mumbai Indians,,4.0,SL Malinga,27.0
336004,2007/08,2008-05-04,Mumbai,Dr DY Patil Sports Academy,T20,Mumbai Indians,Delhi Daredevils,Delhi Daredevils,field,Mumbai Indians,29.0,,SM Pollock,23.0
419154,2009/10,2010-04-14,Jaipur,Sawai Mansingh Stadium,T20,Rajasthan Royals,Royal Challengers Bangalore,Rajasthan Royals,bat,Royal Challengers Bangalore,,5.0,KP Pietersen,49.0
392182,2009,2009-04-18,Cape Town,Newlands,T20,Royal Challengers Bangalore,Rajasthan Royals,Royal Challengers Bangalore,bat,Royal Challengers Bangalore,75.0,,R Dravid,2.0
1254089,2021,2021-10-02,Abu Dhabi,"Zayed Cricket Stadium, Abu Dhabi",T20,Chennai Super Kings,Rajasthan Royals,Rajasthan Royals,field,Rajasthan Royals,,7.0,RD Gaikwad,47.0
392194,2009,2009-04-26,Port Elizabeth,St George's Park,T20,Royal Challengers Bangalore,Delhi Daredevils,Royal Challengers Bangalore,bat,Delhi Daredevils,,6.0,TM Dilshan,14.0
1175359,2019,2019-03-25,Jaipur,Sawai Mansingh Stadium,T20,Kings XI Punjab,Rajasthan Royals,Rajasthan Royals,field,Kings XI Punjab,14.0,,CH Gayle,4.0
729305,2014,2014-04-26,Abu Dhabi,Sheikh Zayed Stadium,T20,Rajasthan Royals,Royal Challengers Bangalore,Rajasthan Royals,field,Rajasthan Royals,,6.0,PV Tambe,14.0
335983,2007/08,2008-04-19,Chandigarh,"Punjab Cricket Association Stadium, Mohali",T20,Kings XI Punjab,Chennai Super Kings,Chennai Super Kings,bat,Chennai Super Kings,33.0,,MEK Hussey,2.0
1136581,2018,2018-04-22,Jaipur,Sawai Mansingh Stadium,T20,Mumbai Indians,Rajasthan Royals,Mumbai Indians,bat,Rajasthan Royals,,3.0,JC Archer,21.0
1529265,2026,2026-04-14,Chennai,"MA Chidambaram Stadium, Chepauk, Chennai",T20,Chennai Super Kings,Kolkata Knight Riders,Kolkata Knight Riders,field,Chennai Super Kings,32.0,,Noor Ahmad,22.0
1473491,2025,2025-05-04,Dharamsala,"Himachal Pradesh Cricket Association Stadium, Dharamsala",T20,Punjab Kings,Lucknow Super Giants,Lucknow Super Giants,field,Punjab Kings,37.0,,P Simran Singh,54.0
980995,2016,2016-05-16,Kolkata,Eden Gardens,T20,Kolkata Knight Riders,Royal Challengers Bangalore,Royal Challengers Bangalore,field,Royal Challengers Bangalore,,9.0,V Kohli,48.0
1082591,2017,2017-04-05,Hyderabad,"Rajiv Gandhi International Stadium, Uppal",T20,Sunrisers Hyderabad,Royal Challengers Bangalore,Royal Challengers Bangalore,field,Sunrisers Hyderabad,35.0,,Yuvraj Singh,1.0
981011,2016,2016-05-22,Raipur,Shaheed Veer Narayan Singh International Stadium,T20,Delhi Daredevils,Royal Challengers Bangalore,Royal Challengers Bangalore,field,Royal Challengers Bangalore,,6.0,V Kohli,56.0
980971,2016,2016-05-07,Chandigarh,"Punjab Cricket Association IS Bindra Stadium, Mohali",T20,Kings XI Punjab,Delhi Daredevils,Delhi Daredevils,field,Kings XI Punjab,9.0,,MP Stoinis,36.0
734037,2014,2014-05-24,Kolkata,Eden Gardens,T20,Kolkata Knight Riders,Sunrisers Hyderabad,Kolkata Knight Riders,field,Kolkata Knight Riders,,4.0,YK Pathan,54.0
829821,2015,2015-05-22,Ranchi,JSCA International Stadium Complex,T20,Chennai Super Kings,Royal Challengers Bangalore,Chennai Super Kings,field,Chennai Super Kings,,3.0,A Nehra,
1426267,2024,2024-04-14,Mumbai,"Wankhede Stadium, Mumbai",T20,Chennai Super Kings,Mumbai Indians,Mumbai Indians,field,Chennai Super Kings,20.0,,M Pathirana,29.0
734011,2014,2014-05-15,Ahmedabad,"Sardar Patel Stadium, Motera",T20,Rajasthan Royals,Delhi Daredevils,Delhi Daredevils,field,Rajasthan Royals,62.0,,AM Rahane,41.0
729279,2014,2014-04-16,Abu Dhabi,Sheikh Zayed Stadium,T20,Mumbai Indians,Kolkata Knight Riders,Kolkata Knight Riders,bat,Kolkata Knight Riders,41.0,,JH Kallis,1.0
829707,2015,2015-04-09,Chennai,"MA Chidambaram Stadium, Chepauk",T20,Chennai Super Kings,Delhi Daredevils,Delhi Daredevils,field,Chennai Super Kings,1.0,,A Nehra,2.0
548362,2012,2012-05-11,Pune,Subrata Roy Sahara Stadium,T20,Pune Warriors,Royal Challengers Bangalore,Pune Warriors,field,Royal Challengers Bangalore,35.0,,CH Gayle,57.0
419130,2009/10,2010-03-28,Mumbai,Dr DY Patil Sports Academy,T20,Deccan Chargers,Mumbai Indians,Deccan Chargers,field,Mumbai Indians,41.0,,Harbhajan Singh,25.0
501268,2011,2011-05-24,Mumbai,Wankhede Stadium,T20,Royal Challengers Bangalore,Chennai Super Kings,Chennai Super Kings,field,Chennai Super Kings,,6.0,SK Raina,
1529299,2026,2026-05-12,Ahmedabad,"Narendra Modi Stadium, Ahmedabad",T20,Gujarat Titans,Sunrisers Hyderabad,Sunrisers Hyderabad,field,Gujarat Titans,82.0,,K Rabada,56.0
1136620,2018,2018-05-27,Mumbai,Wankhede Stadium,T20,Sunrisers Hyderabad,Chennai Super Kings,Chennai Super Kings,field,Chennai Super Kings,,8.0,SR Watson,
1254108,2021,2021-09-26,Dubai,Dubai International Cricket Stadium,T20,Royal Challengers Bangalore,Mumbai Indians,Mumbai Indians,field,Royal Challengers Bangalore,54.0,,GJ Maxwell,39.0
1082592,2017,2017-04-06,Pune,Maharashtra Cricket Association Stadium,T20,Rising Pune Supergiant,Mumbai Indians,Rising Pune Supergiant,field,Rising Pune Supergiant,,7.0,SPD Smith,2.0
1216530,2020/21,2020-11-01,,Dubai International Cricket Stadium,T20,Kolkata Knight Riders,Rajasthan Royals,Rajasthan Royals,field,Kolkata Knight Riders,60.0,,PJ Cummins,54.0
1136583,2018,2018-04-24,Mumbai,Wankhede Stadium,T20,Sunrisers Hyderabad,Mumbai Indians,Mumbai Indians,field,Sunrisers Hyderabad,31.0,,Rashid Khan,23.0
1473463,2025,2025-04-12,Lucknow,"Bharat Ratna Shri Atal Bihari Vajpayee Ekana Cricket Stadium, Lucknow",T20,Gujarat Titans,Lucknow Super Giants,Lucknow Super Giants,field,Lucknow Super Giants,,6.0,AK Markram,26.0
598052,2013,2013-05-09,Chandigarh,"Punjab Cricket Association Stadium, Mohali",T20,Kings XI Punjab,Rajasthan Royals,Rajasthan Royals,field,Rajasthan Royals,,8.0,KK Cooper,55.0
980955,2016,2016-05-01,Rajkot,Saurashtra Cricket Association Stadium,T20,Gujarat Lions,Kings XI Punjab,Gujarat Lions,field,Kings XI Punjab,23.0,,AR Patel,28.0
980915,2016,2016-04-16,Hyderabad,"Rajiv Gandhi International Stadium, Uppal",T20,Sunrisers Hyderabad,Kolkata Knight Riders,Sunrisers Hyderabad,bat,Kolkata Knight Riders,,8.0,G Gambhir,8.0
981005,2016,2016-05-21,Visakhapatnam,Dr. Y.S. Rajasekhara Reddy ACA-VDCA Cricket Stadium,T20,Rising Pune Supergiants,Kings XI Punjab,Kings XI Punjab,bat,Rising Pune Supergiants,,4.0,MS Dhoni,53.0
392210,2009,2009-05-05,Durban,Kingsmead,T20,Kings XI Punjab,Rajasthan Royals,Kings XI Punjab,field,Rajasthan Royals,78.0,,GC Smith,30.0
501230,2011,2011-04-28,Delhi,Feroz Shah Kotla,T20,Delhi Daredevils,Kolkata Knight Riders,Delhi Daredevils,field,Kolkata Knight Riders,17.0,,MK Tiwary,33.0
1082616,2017,2017-04-23,Rajkot,Saurashtra Cricket Association Stadium,T20,Gujarat Lions,Kings XI Punjab,Gujarat Lions,field,Kings XI Punjab,26.0,,HM Amla,26.0
1422125,2024,2024-03-26,Chennai,"MA Chidambaram Stadium, Chepauk, Chennai",T20,Chennai Super Kings,Gujarat Titans,Gujarat Titans,field,Chennai Super Kings,63.0,,S Dube,7.0
829717,2015,2015-04-12,Mumbai,Wankhede Stadium,T20,Mumbai Indians,Kings XI Punjab,Mumbai Indians,field,Kings XI Punjab,18.0,,GJ Bailey,7.0
392234,2009,2009-05-20,Durban,Kingsmead,T20,Chennai Super Kings,Kings XI Punjab,Chennai Super Kings,bat,Chennai Super Kings,24.0,,M Muralitharan,54.0
1473441,2025,2025-03-24,Visakhapatnam,"Dr. Y.S. Rajasekhara Reddy ACA-VDCA Cricket Stadium, Visakhapatnam",T20,Lucknow Super Giants,Delhi Capitals,Delhi Capitals,field,Delhi Capitals,,1.0,Ashutosh Sharma,4.0
1473508,2025,2025-05-29,New Chandigarh,"Maharaja Yadavindra Singh International Cricket Stadium, Mullanpur",T20,Punjab Kings,Royal Challengers Bengaluru,Royal Challengers Bengaluru,field,Royal Challengers Bengaluru,,8.0,Suyash Sharma,
548347,2012,2012-04-30,Chennai,"MA Chidambaram Stadium, Chepauk",T20,Chennai Super Kings,Kolkata Knight Riders,Chennai Super Kings,bat,Kolkata Knight Riders,,5.0,G Gambhir,41.0
419135,2009/10,2010-04-01,Kolkata,Eden Gardens,T20,Kolkata Knight Riders,Deccan Chargers,Kolkata Knight Riders,bat,Kolkata Knight Riders,24.0,,SC Ganguly,30.0
392185,2009,2009-04-20,Port Elizabeth,St George's Park,T20,Royal Challengers Bangalore,Chennai Super Kings,Chennai Super Kings,bat,Chennai Super Kings,92.0,,M Muralitharan,5.0
829805,2015,2015-05-14,Mumbai,Wankhede Stadium,T20,Mumbai Indians,Kolkata Knight Riders,Kolkata Knight Riders,field,Mumbai Indians,5.0,,HH Pandya,51.0
1082628,2017,2017-05-01,Mumbai,Wankhede Stadium,T20,Mumbai Indians,Royal Challengers Bangalore,Royal Challengers Bangalore,bat,Mumbai Indians,,5.0,RG Sharma,38.0
1254106,2021,2021-10-07,Sharjah,Sharjah Cricket Stadium,T20,Kolkata Knight Riders,Rajasthan Royals,Rajasthan Royals,field,Kolkata Knight Riders,86.0,,Shivam Mavi,54.0
734009,2014,2014-05-14,Cuttack,Barabati Stadium,T20,Kolkata Knight Riders,Mumbai Indians,Kolkata Knight Riders,field,Kolkata Knight Riders,,6.0,RV Uthappa,40.0
1304102,2022,2022-05-09,Navi Mumbai,"Dr DY Patil Sports Academy, Mumbai",T20,Kolkata Knight Riders,Mumbai Indians,Mumbai Indians,field,Kolkata Knight Riders,52.0,,JJ Bumrah,56.0
1254081,2021,2021-04-29,Delhi,"Arun Jaitley Stadium, Delhi",T20,Rajasthan Royals,Mumbai Indians,Mumbai Indians,field,Mumbai Indians,,7.0,Q de Kock,24.0
1178394,2019,2019-04-06,Hyderabad,Rajiv Gandhi International Stadium,T20,Mumbai Indians,Sunrisers Hyderabad,Sunrisers Hyderabad,field,Mumbai Indians,40.0,,AS Joseph,19.0
419128,2009/10,2010-03-25,Bangalore,M Chinnaswamy Stadium,T20,Royal Challengers Bangalore,Delhi Daredevils,Royal Challengers Bangalore,field,Delhi Daredevils,17.0,,KM Jadhav,20.0
1304085,2022,2022-04-26,Pune,"Maharashtra Cricket Association Stadium, Pune",T20,Rajasthan Royals,Royal Challengers Bangalore,Royal Challengers Bangalore,field,Rajasthan Royals,29.0,,R Parag,39.0
1181768,2019,2019-05-12,Hyderabad,Rajiv Gandhi International Stadium,T20,Mumbai Indians,Chennai Super Kings,Mumbai Indians,bat,Mumbai Indians,1.0,,JJ Bumrah,
392239,2009,2009-05-24,Johannesburg,New Wanderers Stadium,T20,Royal Challengers Bangalore,Deccan Chargers,Royal Challengers Bangalore,field,Deccan Chargers,6.0,,A Kumble,
1359525,2023,2023-05-07,Ahmedabad,"Narendra Modi Stadium, Ahmedabad",T20,Gujarat Titans,Lucknow Super Giants,Lucknow Super Giants,field,Gujarat Titans,56.0,,Shubman Gill,51.0
1359481,2023,2023-04-04,Delhi,"Arun Jaitley Stadium, Delhi",T20,Delhi Capitals,Gujarat Titans,Gujarat Titans,field,Gujarat Titans,,6.0,B Sai Sudharsan,7.0
1178413,2019,2019-04-21,Hyderabad,Rajiv Gandhi International Stadium,T20,Kolkata Knight Riders,Sunrisers Hyderabad,Sunrisers Hyderabad,field,Sunrisers Hyderabad,,9.0,KK Ahmed,38.0
1426285,2024,2024-04-29,Kolkata,"Eden Gardens, Kolkata",T20,Delhi Capitals,Kolkata Knight Riders,Delhi Capitals,bat,Kolkata Knight Riders,,7.0,CV Varun,47.0
598033,2013,2013-04-27,Mumbai,Wankhede Stadium,T20,Mumbai Indians,Royal Challengers Bangalore,Mumbai Indians,bat,Mumbai Indians,58.0,,DR Smith,37.0
1136614,2018,2018-05-19,Hyderabad,Rajiv Gandhi International Stadium,T20,Sunrisers Hyderabad,Kolkata Knight Riders,Sunrisers Hyderabad,bat,Kolkata Knight Riders,,5.0,CA Lynn,54.0
1216514,2020/21,2020-10-03,Abu Dhabi,Sheikh Zayed Stadium,T20,Rajasthan Royals,Royal Challengers Bangalore,Rajasthan Royals,bat,Royal Challengers Bangalore,,8.0,YS Chahal,15.0
729293,2014,2014-04-21,Abu Dhabi,Sheikh Zayed Stadium,T20,Chennai Super Kings,Delhi Daredevils,Chennai Super Kings,bat,Chennai Super Kings,93.0,,SK Raina,8.0
1426307,2024,2024-05-19,Hyderabad,"Rajiv Gandhi International Stadium, Uppal, Hyderabad",T20,Punjab Kings,Sunrisers Hyderabad,Punjab Kings,bat,Sunrisers Hyderabad,,4.0,Abhishek Sharma,69.0
501266,2011,2011-05-22,Bangalore,M Chinnaswamy Stadium,T20,Royal Challengers Bangalore,Chennai Super Kings,Royal Challengers Bangalore,field,Royal Challengers Bangalore,,8.0,CH Gayle,69.0
1529288,2026,2026-05-03,Hyderabad,"Rajiv Gandhi International Stadium, Uppal, Hyderabad",T20,Sunrisers Hyderabad,Kolkata Knight Riders,Sunrisers Hyderabad,bat,Kolkata Knight Riders,,7.0,CV Varun,45.0
548315,2012,2012-04-10,Bangalore,M Chinnaswamy Stadium,T20,Royal Challengers Bangalore,Kolkata Knight Riders,Royal Challengers Bangalore,field,Kolkata Knight Riders,42.0,,L Balaji,10.0
733987,2014,2014-05-07,Cuttack,Barabati Stadium,T20,Kings XI Punjab,Chennai Super Kings,Chennai Super Kings,field,Kings XI Punjab,44.0,,GJ Maxwell,29.0
733979,2014,2014-05-05,Ahmedabad,"Sardar Patel Stadium, Motera",T20,Rajasthan Royals,Kolkata Knight Riders,Kolkata Knight Riders,field,Rajasthan Royals,10.0,,PV Tambe,25.0
1136573,2018,2018-04-16,Kolkata,Eden Gardens,T20,Kolkata Knight Riders,Delhi Daredevils,Delhi Daredevils,field,Kolkata Knight Riders,71.0,,N Rana,13.0
598010,2013,2013-04-12,Delhi,Feroz Shah Kotla,T20,Delhi Daredevils,Sunrisers Hyderabad,Delhi Daredevils,bat,Sunrisers Hyderabad,,3.0,A Mishra,14.0
419117,2009/10,2010-03-19,Cuttack,Barabati Stadium,T20,Deccan Chargers,Kings XI Punjab,Kings XI Punjab,field,Deccan Chargers,6.0,,A Symonds,12.0
392212,2009,2009-05-06,Centurion,SuperSport Park,T20,Deccan Chargers,Mumbai Indians,Deccan Chargers,bat,Deccan Chargers,19.0,,RG Sharma,32.0
1178406,2019,2019-04-15,Mumbai,Wankhede Stadium,T20,Royal Challengers Bangalore,Mumbai Indians,Mumbai Indians,field,Mumbai Indians,,5.0,SL Malinga,31.0
419151,2009/10,2010-04-12,Nagpur,"Vidarbha Cricket Association Stadium, Jamtha",T20,Deccan Chargers,Royal Challengers Bangalore,Royal Challengers Bangalore,field,Deccan Chargers,13.0,,Harmeet Singh,46.0
419158,2009/10,2010-04-17,Kolkata,Eden Gardens,T20,Kolkata Knight Riders,Rajasthan Royals,Rajasthan Royals,bat,Kolkata Knight Riders,,8.0,JD Unadkat,53.0
501262,2011,2011-05-19,Mumbai,Dr DY Patil Sports Academy,T20,Pune Warriors,Kolkata Knight Riders,Kolkata Knight Riders,field,Kolkata Knight Riders,,7.0,YK Pathan,65.0
1216528,2020/21,2020-10-13,,Dubai International Cricket Stadium,T20,Chennai Super Kings,Sunrisers Hyderabad,Chennai Super Kings,bat,Chennai Super Kings,20.0,,RA Jadeja,29.0
1237181,2020/21,2020-11-10,,Dubai International Cricket Stadium,T20,Delhi Capitals,Mumbai Indians,Delhi Capitals,bat,Mumbai Indians,,5.0,TA Boult,
829713,2015,2015-04-11,Kolkata,Eden Gardens,T20,Kolkata Knight Riders,Royal Challengers Bangalore,Royal Challengers Bangalore,field,Royal Challengers Bangalore,,3.0,CH Gayle,5.0
548380,2012,2012-05-25,Chennai,"MA Chidambaram Stadium, Chepauk",T20,Delhi Daredevils,Chennai Super Kings,Delhi Daredevils,field,Chennai Super Kings,86.0,,M Vijay,
1359542,2023,2023-05-20,Kolkata,"Eden Gardens, Kolkata",T20,Lucknow Super Giants,Kolkata Knight Riders,Kolkata Knight Riders,field,Lucknow Super Giants,1.0,,N Pooran,68.0
1136567,2018,2018-04-12,Hyderabad,Rajiv Gandhi International Stadium,T20,Mumbai Indians,Sunrisers Hyderabad,Sunrisers Hyderabad,field,Sunrisers Hyderabad,,1.0,Rashid Khan,7.0
1529300,2026,2026-05-13,Raipur,"Shaheed Veer Narayan Singh International Stadium, Raipur",T20,Kolkata Knight Riders,Royal Challengers Bengaluru,Royal Challengers Bengaluru,field,Royal Challengers Bengaluru,,6.0,V Kohli,57.0
1426303,2024,2024-05-15,Guwahati,"Barsapara Cricket Stadium, Guwahati",T20,Rajasthan Royals,Punjab Kings,Rajasthan Royals,bat,Punjab Kings,,5.0,SM Curran,65.0
501251,2011,2011-05-10,Chandigarh,"Punjab Cricket Association Stadium, Mohali",T20,Kings XI Punjab,Mumbai Indians,Mumbai Indians,field,Kings XI Punjab,76.0,,BA Bhatt,54.0
1082631,2017,2017-05-03,Kolkata,Eden Gardens,T20,Kolkata Knight Riders,Rising Pune Supergiant,Rising Pune Supergiant,field,Rising Pune Supergiant,,4.0,RA Tripathi,41.0
1370353,2023,2023-05-29,Ahmedabad,"Narendra Modi Stadium, Ahmedabad",T20,Gujarat Titans,Chennai Super Kings,Chennai Super Kings,field,Chennai Super Kings,,5.0,DP Conway,
1359536,2023,2023-05-15,Ahmedabad,"Narendra Modi Stadium, Ahmedabad",T20,Gujarat Titans,Sunrisers Hyderabad,Sunrisers Hyderabad,field,Gujarat Titans,34.0,,Shubman Gill,62.0
1359523,2023,2023-05-06,Chennai,"MA Chidambaram Stadium, Chepauk, Chennai",T20,Mumbai Indians,Chennai Super Kings,Chennai Super Kings,field,Chennai Super Kings,,6.0,M Pathirana,49.0
980983,2016,2016-05-12,Hyderabad,"Rajiv Gandhi International Stadium, Uppal",T20,Sunrisers Hyderabad,Delhi Daredevils,Delhi Daredevils,field,Delhi Daredevils,,7.0,CH Morris,42.0
335984,2007/08,2008-04-19,Delhi,Feroz Shah Kotla,T20,Delhi Daredevils,Rajasthan Royals,Rajasthan Royals,bat,Delhi Daredevils,,9.0,MF Maharoof,3.0
1422130,2024,2024-03-31,Ahmedabad,"Narendra Modi Stadium, Ahmedabad",T20,Sunrisers Hyderabad,Gujarat Titans,Sunrisers Hyderabad,bat,Gujarat Titans,,7.0,MM Sharma,12.0
1426262,2024,2024-04-10,Jaipur,"Sawai Mansingh Stadium, Jaipur",T20,Rajasthan Royals,Gujarat Titans,Gujarat Titans,field,Gujarat Titans,,3.0,Rashid Khan,24.0
548358,2012,2012-05-08,Pune,Subrata Roy Sahara Stadium,T20,Pune Warriors,Rajasthan Royals,Pune Warriors,bat,Rajasthan Royals,,7.0,SR Watson,52.0
598071,2013,2013-05-22,Delhi,Feroz Shah Kotla,T20,Rajasthan Royals,Sunrisers Hyderabad,Sunrisers Hyderabad,bat,Rajasthan Royals,,4.0,BJ Hodge,
1527685,2026,2026-04-06,Kolkata,"Eden Gardens, Kolkata",T20,Kolkata Knight Riders,Punjab Kings,Kolkata Knight Riders,bat,,,,,12.0
1254082,2021,2021-04-29,Ahmedabad,"Narendra Modi Stadium, Ahmedabad",T20,Kolkata Knight Riders,Delhi Capitals,Delhi Capitals,field,Delhi Capitals,,7.0,PP Shaw,25.0
981007,2016,2016-05-21,Kanpur,Green Park,T20,Gujarat Lions,Mumbai Indians,Gujarat Lions,field,Gujarat Lions,,6.0,SK Raina,54.0
392235,2009,2009-05-21,Centurion,SuperSport Park,T20,Delhi Daredevils,Mumbai Indians,Delhi Daredevils,field,Delhi Daredevils,,4.0,V Sehwag,55.0
1359500,2023,2023-04-19,Jaipur,"Sawai Mansingh Stadium, Jaipur",T20,Lucknow Super Giants,Rajasthan Royals,Rajasthan Royals,field,Lucknow Super Giants,10.0,,MP Stoinis,26.0
1473500,2025,2025-05-20,Delhi,"Arun Jaitley Stadium, Delhi",T20,Chennai Super Kings,Rajasthan Royals,Rajasthan Royals,field,Rajasthan Royals,,6.0,Akash Madhwal,62.0
419111,2009/10,2010-03-15,Ahmedabad,"Sardar Patel Stadium, Motera",T20,Rajasthan Royals,Delhi Daredevils,Delhi Daredevils,field,Delhi Daredevils,,6.0,V Sehwag,6.0
548316,2012,2012-04-10,Delhi,Feroz Shah Kotla,T20,Delhi Daredevils,Chennai Super Kings,Delhi Daredevils,field,Delhi Daredevils,,8.0,M Morkel,11.0
501201,2011,2011-04-10,Delhi,Feroz Shah Kotla,T20,Delhi Daredevils,Mumbai Indians,Delhi Daredevils,bat,Mumbai Indians,,8.0,SL Malinga,4.0
1359475,2023,2023-03-31,Ahmedabad,"Narendra Modi Stadium, Ahmedabad",T20,Chennai Super Kings,Gujarat Titans,Gujarat Titans,field,Gujarat Titans,,5.0,Rashid Khan,1.0
1535462,2026,2026-05-26,Dharamsala,"Himachal Pradesh Cricket Association Stadium, Dharamsala",T20,Royal Challengers Bengaluru,Gujarat Titans,Gujarat Titans,field,Royal Challengers Bengaluru,92.0,,RM Patidar,
1359479,2023,2023-04-02,Bengaluru,"M Chinnaswamy Stadium, Bengaluru",T20,Mumbai Indians,Royal Challengers Bangalore,Royal Challengers Bangalore,field,Royal Challengers Bangalore,,8.0,F du Plessis,5.0
548373,2012,2012-05-18,Hyderabad,"Rajiv Gandhi International Stadium, Uppal",T20,Deccan Chargers,Rajasthan Royals,Rajasthan Royals,bat,Deccan Chargers,,5.0,DW Steyn,68.0
829785,2015,2015-05-06,Bangalore,M Chinnaswamy Stadium,T20,Royal Challengers Bangalore,Kings XI Punjab,Kings XI Punjab,field,Royal Challengers Bangalore,138.0,,CH Gayle,40.0
1216493,2020/21,2020-09-20,,Dubai International Cricket Stadium,T20,Delhi Capitals,Kings XI Punjab,Kings XI Punjab,field,,,,MP Stoinis,2.0
1136580,2018,2018-04-22,Hyderabad,Rajiv Gandhi International Stadium,T20,Chennai Super Kings,Sunrisers Hyderabad,Sunrisers Hyderabad,field,Chennai Super Kings,4.0,,AT Rayudu,20.0
729291,2014,2014-04-20,,Sharjah Cricket Stadium,T20,Rajasthan Royals,Kings XI Punjab,Kings XI Punjab,field,Kings XI Punjab,,7.0,GJ Maxwell,7.0
1136564,2018,2018-04-09,Hyderabad,Rajiv Gandhi International Stadium,T20,Rajasthan Royals,Sunrisers Hyderabad,Sunrisers Hyderabad,field,Sunrisers Hyderabad,,9.0,S Dhawan,4.0
1136592,2018,2018-05-02,Delhi,Arun Jaitley Stadium,T20,Delhi Daredevils,Rajasthan Royals,Rajasthan Royals,field,Delhi Daredevils,4.0,,RR Pant,32.0
419116,2009/10,2010-03-19,Delhi,Feroz Shah Kotla,T20,Delhi Daredevils,Chennai Super Kings,Delhi Daredevils,bat,Chennai Super Kings,,5.0,ML Hayden,11.0
1359541,2023,2023-05-20,Delhi,"Arun Jaitley Stadium, Delhi",T20,Chennai Super Kings,Delhi Capitals,Chennai Super Kings,bat,Chennai Super Kings,77.0,,RD Gaikwad,67.0
1473480,2025,2025-04-25,Chennai,"MA Chidambaram Stadium, Chepauk, Chennai",T20,Chennai Super Kings,Sunrisers Hyderabad,Sunrisers Hyderabad,field,Sunrisers Hyderabad,,5.0,HV Patel,43.0
1473498,2025,2025-05-18,Delhi,"Arun Jaitley Stadium, Delhi",T20,Delhi Capitals,Gujarat Titans,Gujarat Titans,field,Gujarat Titans,,10.0,B Sai Sudharsan,60.0
1359529,2023,2023-05-10,Chennai,"MA Chidambaram Stadium, Chepauk, Chennai",T20,Chennai Super Kings,Delhi Capitals,Chennai Super Kings,bat,Chennai Super Kings,27.0,,RA Jadeja,55.0
392204,2009,2009-05-01,Durban,Kingsmead,T20,Royal Challengers Bangalore,Kings XI Punjab,Royal Challengers Bangalore,bat,Royal Challengers Bangalore,8.0,,Yuvraj Singh,24.0
1304081,2022,2022-04-23,Navi Mumbai,"Dr DY Patil Sports Academy, Mumbai",T20,Gujarat Titans,Kolkata Knight Riders,Gujarat Titans,bat,Gujarat Titans,8.0,,Rashid Khan,35.0
501209,2011,2011-04-15,Jaipur,Sawai Mansingh Stadium,T20,Rajasthan Royals,Kolkata Knight Riders,Kolkata Knight Riders,field,Kolkata Knight Riders,,9.0,G Gambhir,12.0
1473475,2025,2025-04-20,Mumbai,"Wankhede Stadium, Mumbai",T20,Chennai Super Kings,Mumbai Indians,Mumbai Indians,field,Mumbai Indians,,9.0,RG Sharma,38.0
501254,2011,2011-05-13,Indore,Holkar Cricket Stadium,T20,Kochi Tuskers Kerala,Kings XI Punjab,Kings XI Punjab,field,Kings XI Punjab,,6.0,KD Karthik,57.0
1082630,2017,2017-05-02,Delhi,Feroz Shah Kotla,T20,Delhi Daredevils,Sunrisers Hyderabad,Delhi Daredevils,field,Delhi Daredevils,,6.0,Mohammed Shami,40.0
1216515,2020/21,2020-10-03,,Sharjah Cricket Stadium,T20,Delhi Capitals,Kolkata Knight Riders,Kolkata Knight Riders,field,Delhi Capitals,18.0,,SS Iyer,16.0
1082607,2017,2017-04-16,Bangalore,M Chinnaswamy Stadium,T20,Royal Challengers Bangalore,Rising Pune Supergiant,Royal Challengers Bangalore,field,Rising Pune Supergiant,27.0,,BA Stokes,17.0
1473466,2025,2025-04-13,Delhi,"Arun Jaitley Stadium, Delhi",T20,Mumbai Indians,Delhi Capitals,Delhi Capitals,field,Mumbai Indians,12.0,,KV Sharma,29.0
501208,2011,2011-04-14,Hyderabad,"Rajiv Gandhi International Stadium, Uppal",T20,Deccan Chargers,Royal Challengers Bangalore,Royal Challengers Bangalore,field,Deccan Chargers,33.0,,DW Steyn,11.0
598009,2013,2013-04-11,Pune,Subrata Roy Sahara Stadium,T20,Pune Warriors,Rajasthan Royals,Rajasthan Royals,bat,Pune Warriors,,7.0,AJ Finch,13.0
419164,2009/10,2010-04-24,Mumbai,Dr DY Patil Sports Academy,T20,Royal Challengers Bangalore,Deccan Chargers,Deccan Chargers,bat,Royal Challengers Bangalore,,9.0,A Kumble,
1136579,2018,2018-04-21,Bengaluru,M.Chinnaswamy Stadium,T20,Delhi Daredevils,Royal Challengers Bangalore,Royal Challengers Bangalore,field,Royal Challengers Bangalore,,6.0,AB de Villiers,19.0
829777,2015,2015-05-03,Mumbai,Brabourne Stadium,T20,Rajasthan Royals,Delhi Daredevils,Delhi Daredevils,field,Rajasthan Royals,14.0,,AM Rahane,36.0
1181767,2019,2019-05-10,Visakhapatnam,Dr. Y.S. Rajasekhara Reddy ACA-VDCA Cricket Stadium,T20,Delhi Capitals,Chennai Super Kings,Chennai Super Kings,field,Chennai Super Kings,,6.0,F du Plessis,
548325,2012,2012-04-16,Mumbai,Wankhede Stadium,T20,Mumbai Indians,Delhi Daredevils,Delhi Daredevils,field,Delhi Daredevils,,7.0,S Nadeem,19.0
598041,2013,2013-05-02,Chennai,"MA Chidambaram Stadium, Chepauk",T20,Chennai Super Kings,Kings XI Punjab,Chennai Super Kings,bat,Chennai Super Kings,15.0,,SK Raina,45.0
419118,2009/10,2010-03-20,Ahmedabad,"Sardar Patel Stadium, Motera",T20,Rajasthan Royals,Kolkata Knight Riders,Rajasthan Royals,bat,Rajasthan Royals,34.0,,AA Jhunjhunwala,13.0
419138,2009/10,2010-04-03,Mumbai,Brabourne Stadium,T20,Mumbai Indians,Deccan Chargers,Mumbai Indians,bat,Mumbai Indians,63.0,,AT Rayudu,33.0
501221,2011,2011-04-22,Mumbai,Wankhede Stadium,T20,Mumbai Indians,Chennai Super Kings,Chennai Super Kings,field,Mumbai Indians,8.0,,Harbhajan Singh,25.0
1304063,2022,2022-04-09,Mumbai,"Dr DY Patil Sports Academy, Mumbai",T20,Chennai Super Kings,Sunrisers Hyderabad,Sunrisers Hyderabad,field,Sunrisers Hyderabad,,8.0,Abhishek Sharma,17.0
1473439,2025,2025-03-23,Hyderabad,"Rajiv Gandhi International Stadium, Uppal, Hyderabad",T20,Sunrisers Hyderabad,Rajasthan Royals,Rajasthan Royals,field,Sunrisers Hyderabad,44.0,,Ishan Kishan,2.0
501248,2011,2011-05-08,Chandigarh,"Punjab Cricket Association Stadium, Mohali",T20,Kings XI Punjab,Pune Warriors,Kings XI Punjab,bat,Pune Warriors,,5.0,R Sharma,51.0
1178404,2019,2019-04-14,Kolkata,Eden Gardens,T20,Kolkata Knight Riders,Chennai Super Kings,Chennai Super Kings,field,Chennai Super Kings,,5.0,Imran Tahir,29.0
1216542,2020/21,2020-10-08,,Dubai International Cricket Stadium,T20,Sunrisers Hyderabad,Kings XI Punjab,Sunrisers Hyderabad,bat,Sunrisers Hyderabad,69.0,,JM Bairstow,22.0
1359496,2023,2023-04-16,Mumbai,"Wankhede Stadium, Mumbai",T20,Kolkata Knight Riders,Mumbai Indians,Mumbai Indians,field,Mumbai Indians,,5.0,VR Iyer,22.0
1527691,2026,2026-04-11,Chennai,"MA Chidambaram Stadium, Chepauk, Chennai",T20,Chennai Super Kings,Delhi Capitals,Delhi Capitals,field,Chennai Super Kings,23.0,,SV Samson,18.0
1254090,2021,2021-10-03,Sharjah,Sharjah Cricket Stadium,T20,Royal Challengers Bangalore,Punjab Kings,Royal Challengers Bangalore,bat,Royal Challengers Bangalore,6.0,,GJ Maxwell,48.0
1082640,2017,2017-05-10,Kanpur,Green Park,T20,Gujarat Lions,Delhi Daredevils,Delhi Daredevils,field,Delhi Daredevils,,2.0,SS Iyer,50.0
1082609,2017,2017-04-17,Hyderabad,"Rajiv Gandhi International Stadium, Uppal",T20,Sunrisers Hyderabad,Kings XI Punjab,Kings XI Punjab,field,Sunrisers Hyderabad,5.0,,B Kumar,19.0
1359517,2023,2023-05-01,Lucknow,"Bharat Ratna Shri Atal Bihari Vajpayee Ekana Cricket Stadium, Lucknow",T20,Royal Challengers Bangalore,Lucknow Super Giants,Royal Challengers Bangalore,bat,Royal Challengers Bangalore,18.0,,F du Plessis,43.0
1178416,2019,2019-04-23,Chennai,MA Chidambaram Stadium,T20,Sunrisers Hyderabad,Chennai Super Kings,Chennai Super Kings,field,Chennai Super Kings,,6.0,SR Watson,41.0
1304115,2022,2022-05-21,Mumbai,"Wankhede Stadium, Mumbai",T20,Delhi Capitals,Mumbai Indians,Mumbai Indians,field,Mumbai Indians,,5.0,JJ Bumrah,69.0
1527679,2026,2026-04-02,Kolkata,"Eden Gardens, Kolkata",T20,Sunrisers Hyderabad,Kolkata Knight Riders,Kolkata Knight Riders,field,Sunrisers Hyderabad,65.0,,Nithish Kumar Reddy,6.0
598036,2013,2013-04-29,Jaipur,Sawai Mansingh Stadium,T20,Rajasthan Royals,Royal Challengers Bangalore,Rajasthan Royals,field,Rajasthan Royals,,4.0,SV Samson,40.0
1175369,2019,2019-04-02,Jaipur,Sawai Mansingh Stadium,T20,Royal Challengers Bangalore,Rajasthan Royals,Rajasthan Royals,field,Rajasthan Royals,,7.0,S Gopal,14.0
1136613,2018,2018-05-19,Jaipur,Sawai Mansingh Stadium,T20,Rajasthan Royals,Royal Challengers Bangalore,Rajasthan Royals,bat,Rajasthan Royals,30.0,,S Gopal,53.0
1529285,2026,2026-04-30,Ahmedabad,"Narendra Modi Stadium, Ahmedabad",T20,Royal Challengers Bengaluru,Gujarat Titans,Gujarat Titans,field,Gujarat Titans,,4.0,JO Holder,42.0
1304084,2022,2022-04-25,Mumbai,"Wankhede Stadium, Mumbai",T20,Punjab Kings,Chennai Super Kings,Chennai Super Kings,field,Punjab Kings,11.0,,S Dhawan,38.0
501239,2011,2011-05-03,Hyderabad,"Rajiv Gandhi International Stadium, Uppal",T20,Deccan Chargers,Kolkata Knight Riders,Deccan Chargers,field,Kolkata Knight Riders,20.0,,YK Pathan,42.0
1426274,2024,2024-04-21,Kolkata,"Eden Gardens, Kolkata",T20,Kolkata Knight Riders,Royal Challengers Bengaluru,Royal Challengers Bengaluru,field,Kolkata Knight Riders,1.0,,AD Russell,36.0
1529310,2026,2026-05-22,Hyderabad,"Rajiv Gandhi International Stadium, Uppal, Hyderabad",T20,Sunrisers Hyderabad,Royal Challengers Bengaluru,Sunrisers Hyderabad,bat,Sunrisers Hyderabad,55.0,,Ishan Kishan,67.0
729315,2014,2014-04-29,Abu Dhabi,Sheikh Zayed Stadium,T20,Kolkata Knight Riders,Rajasthan Royals,Rajasthan Royals,bat,,,,JP Faulkner,19.0
1473455,2025,2025-04-05,Mohali,"Maharaja Yadavindra Singh International Cricket Stadium, Mullanpur",T20,Rajasthan Royals,Punjab Kings,Punjab Kings,field,Rajasthan Royals,50.0,,JC Archer,18.0
548327,2012,2012-04-17,Bangalore,M Chinnaswamy Stadium,T20,Royal Challengers Bangalore,Pune Warriors,Pune Warriors,bat,Royal Challengers Bangalore,,6.0,CH Gayle,21.0
548307,2012,2012-04-05,Kolkata,Eden Gardens,T20,Kolkata Knight Riders,Delhi Daredevils,Delhi Daredevils,field,Delhi Daredevils,,8.0,IK Pathan,2.0
980979,2016,2016-05-10,Visakhapatnam,Dr. Y.S. Rajasekhara Reddy ACA-VDCA Cricket Stadium,T20,Rising Pune Supergiants,Sunrisers Hyderabad,Sunrisers Hyderabad,bat,Sunrisers Hyderabad,4.0,,A Zampa,40.0
598044,2013,2013-05-04,Hyderabad,"Rajiv Gandhi International Stadium, Uppal",T20,Sunrisers Hyderabad,Delhi Daredevils,Delhi Daredevils,bat,Sunrisers Hyderabad,,6.0,DJG Sammy,48.0
1473497,2025,2025-05-18,Jaipur,"Sawai Mansingh Stadium, Jaipur",T20,Punjab Kings,Rajasthan Royals,Punjab Kings,bat,Punjab Kings,10.0,,Harpreet Brar,59.0
501236,2011,2011-05-01,Chennai,"MA Chidambaram Stadium, Chepauk",T20,Chennai Super Kings,Deccan Chargers,Chennai Super Kings,bat,Chennai Super Kings,19.0,,JA Morkel,39.0
598064,2013,2013-05-06,Chandigarh,"Punjab Cricket Association Stadium, Mohali",T20,Kings XI Punjab,Royal Challengers Bangalore,Kings XI Punjab,field,Kings XI Punjab,,6.0,DA Miller,51.0
1304053,2022,2022-03-31,Mumbai,"Brabourne Stadium, Mumbai",T20,Chennai Super Kings,Lucknow Super Giants,Lucknow Super Giants,field,Lucknow Super Giants,,6.0,E Lewis,7.0
419146,2009/10,2010-04-09,Chandigarh,"Punjab Cricket Association Stadium, Mohali",T20,Kings XI Punjab,Mumbai Indians,Mumbai Indians,bat,Kings XI Punjab,,6.0,KC Sangakkara,41.0
1473442,2025,2025-03-25,Ahmedabad,"Narendra Modi Stadium, Ahmedabad",T20,Punjab Kings,Gujarat Titans,Gujarat Titans,field,Punjab Kings,11.0,,SS Iyer,5.0
1216508,2020/21,2020-09-23,Abu Dhabi,Sheikh Zayed Stadium,T20,Mumbai Indians,Kolkata Knight Riders,Kolkata Knight Riders,field,Mumbai Indians,49.0,,RG Sharma,5.0
733983,2014,2014-05-06,Mumbai,Wankhede Stadium,T20,Mumbai Indians,Royal Challengers Bangalore,Royal Challengers Bangalore,field,Mumbai Indians,19.0,,RG Sharma,27.0
1304116,2022,2022-05-22,Mumbai,"Wankhede Stadium, Mumbai",T20,Sunrisers Hyderabad,Punjab Kings,Sunrisers Hyderabad,bat,Punjab Kings,,5.0,Harpreet Brar,70.0
1529290,2026,2026-05-04,Mumbai,"Wankhede Stadium, Mumbai",T20,Lucknow Super Giants,Mumbai Indians,Mumbai Indians,field,Mumbai Indians,,6.0,RD Rickelton,47.0
501212,2011,2011-04-16,Hyderabad,"Rajiv Gandhi International Stadium, Uppal",T20,Deccan Chargers,Kings XI Punjab,Kings XI Punjab,field,Kings XI Punjab,,8.0,PC Valthaty,15.0
1254067,2021,2021-04-18,Chennai,"MA Chidambaram Stadium, Chepauk, Chennai",T20,Royal Challengers Bangalore,Kolkata Knight Riders,Royal Challengers Bangalore,bat,Royal Challengers Bangalore,38.0,,AB de Villiers,10.0
1175366,2019,2019-03-31,Hyderabad,Rajiv Gandhi International Stadium,T20,Sunrisers Hyderabad,Royal Challengers Bangalore,Royal Challengers Bangalore,field,Sunrisers Hyderabad,118.0,,JM Bairstow,11.0
829771,2015,2015-05-02,Bangalore,M Chinnaswamy Stadium,T20,Royal Challengers Bangalore,Kolkata Knight Riders,Royal Challengers Bangalore,field,Royal Challengers Bangalore,,7.0,Mandeep Singh,33.0
392181,2009,2009-04-18,Cape Town,Newlands,T20,Chennai Super Kings,Mumbai Indians,Chennai Super Kings,field,Mumbai Indians,19.0,,SR Tendulkar,1.0
1181764,2019,2019-05-07,Chennai,MA Chidambaram Stadium,T20,Chennai Super Kings,Mumbai Indians,Chennai Super Kings,bat,Mumbai Indians,,6.0,SA Yadav,
1529298,2026,2026-05-11,Dharamsala,"Himachal Pradesh Cricket Association Stadium, Dharamsala",T20,Punjab Kings,Delhi Capitals,Delhi Capitals,field,Delhi Capitals,,3.0,M Tiwari,55.0
1082634,2017,2017-05-06,Hyderabad,"Rajiv Gandhi International Stadium, Uppal",T20,Sunrisers Hyderabad,Rising Pune Supergiant,Sunrisers Hyderabad,field,Rising Pune Supergiant,12.0,,JD Unadkat,44.0
598029,2013,2013-04-24,Kolkata,Eden Gardens,T20,Kolkata Knight Riders,Mumbai Indians,Kolkata Knight Riders,bat,Mumbai Indians,,5.0,DR Smith,33.0
392223,2009,2009-05-13,Durban,Kingsmead,T20,Deccan Chargers,Delhi Daredevils,Deccan Chargers,field,Delhi Daredevils,12.0,,R Bhatia,43.0
1178427,2019,2019-05-03,Chandigarh,Punjab Cricket Association IS Bindra Stadium,T20,Kings XI Punjab,Kolkata Knight Riders,Kolkata Knight Riders,field,Kolkata Knight Riders,,7.0,Shubman Gill,52.0
1304089,2022,2022-04-30,Mumbai,"Brabourne Stadium, Mumbai",T20,Royal Challengers Bangalore,Gujarat Titans,Royal Challengers Bangalore,bat,Gujarat Titans,,6.0,R Tewatia,43.0
981003,2016,2016-05-20,Raipur,Shaheed Veer Narayan Singh International Stadium,T20,Delhi Daredevils,Sunrisers Hyderabad,Delhi Daredevils,field,Delhi Daredevils,,6.0,KK Nair,52.0
1082623,2017,2017-04-28,Chandigarh,"Punjab Cricket Association IS Bindra Stadium, Mohali",T20,Kings XI Punjab,Sunrisers Hyderabad,Kings XI Punjab,field,Sunrisers Hyderabad,26.0,,Rashid Khan,33.0
1426280,2024,2024-04-26,Kolkata,"Eden Gardens, Kolkata",T20,Kolkata Knight Riders,Punjab Kings,Punjab Kings,field,Punjab Kings,,8.0,JM Bairstow,42.0
1312198,2022,2022-05-25,Kolkata,"Eden Gardens, Kolkata",T20,Royal Challengers Bangalore,Lucknow Super Giants,Lucknow Super Giants,field,Royal Challengers Bangalore,14.0,,RM Patidar,
392220,2009,2009-05-11,Kimberley,De Beers Diamond Oval,T20,Deccan Chargers,Rajasthan Royals,Deccan Chargers,bat,Deccan Chargers,53.0,,DR Smith,40.0
1136582,2018,2018-04-23,Delhi,Arun Jaitley Stadium,T20,Kings XI Punjab,Delhi Daredevils,Delhi Daredevils,field,Kings XI Punjab,4.0,,AS Rajpoot,22.0
501244,2011,2011-05-06,Bangalore,M Chinnaswamy Stadium,T20,Royal Challengers Bangalore,Kings XI Punjab,Kings XI Punjab,field,Royal Challengers Bangalore,85.0,,CH Gayle,47.0
1216513,2020/21,2020-10-04,,Dubai International Cricket Stadium,T20,Kings XI Punjab,Chennai Super Kings,Kings XI Punjab,bat,Chennai Super Kings,,10.0,SR Watson,18.0
1237177,2020/21,2020-11-05,,Dubai International Cricket Stadium,T20,Mumbai Indians,Delhi Capitals,Delhi Capitals,field,Mumbai Indians,57.0,,JJ Bumrah,
1473487,2025,2025-05-01,Jaipur,"Sawai Mansingh Stadium, Jaipur",T20,Mumbai Indians,Rajasthan Royals,Rajasthan Royals,field,Mumbai Indians,100.0,,RD Rickelton,50.0
1473484,2025,2025-04-28,Jaipur,"Sawai Mansingh Stadium, Jaipur",T20,Gujarat Titans,Rajasthan Royals,Rajasthan Royals,field,Rajasthan Royals,,8.0,V Suryavanshi,47.0
1082603,2017,2017-04-14,Rajkot,Saurashtra Cricket Association Stadium,T20,Gujarat Lions,Rising Pune Supergiant,Gujarat Lions,field,Gujarat Lions,,7.0,AJ Tye,13.0
1473495,2025,2025-05-08,Dharamsala,"Himachal Pradesh Cricket Association Stadium, Dharamsala",T20,Punjab Kings,Delhi Capitals,Punjab Kings,bat,,,,,58.0
336011,2007/08,2008-05-09,Jaipur,Sawai Mansingh Stadium,T20,Rajasthan Royals,Deccan Chargers,Rajasthan Royals,field,Rajasthan Royals,,8.0,YK Pathan,30.0
597999,2013,2013-04-04,Bangalore,M Chinnaswamy Stadium,T20,Royal Challengers Bangalore,Mumbai Indians,Mumbai Indians,field,Royal Challengers Bangalore,2.0,,CH Gayle,2.0
1304050,2022,2022-03-28,Mumbai,"Wankhede Stadium, Mumbai",T20,Lucknow Super Giants,Gujarat Titans,Gujarat Titans,field,Gujarat Titans,,5.0,Mohammed Shami,4.0
980937,2016,2016-04-24,Rajkot,Saurashtra Cricket Association Stadium,T20,Gujarat Lions,Royal Challengers Bangalore,Royal Challengers Bangalore,bat,Gujarat Lions,,6.0,V Kohli,19.0
1426270,2024,2024-04-17,Ahmedabad,"Narendra Modi Stadium, Ahmedabad",T20,Gujarat Titans,Delhi Capitals,Delhi Capitals,field,Delhi Capitals,,6.0,RR Pant,32.0
1529307,2026,2026-05-19,Jaipur,"Sawai Mansingh Stadium, Jaipur",T20,Lucknow Super Giants,Rajasthan Royals,Rajasthan Royals,field,Rajasthan Royals,,7.0,V Suryavanshi,64.0
335990,2007/08,2008-04-24,Hyderabad,"Rajiv Gandhi International Stadium, Uppal",T20,Deccan Chargers,Rajasthan Royals,Rajasthan Royals,field,Rajasthan Royals,,3.0,YK Pathan,9.0
548346,2012,2012-04-29,Mumbai,Wankhede Stadium,T20,Mumbai Indians,Deccan Chargers,Mumbai Indians,field,Mumbai Indians,,5.0,DW Steyn,40.0
598019,2013,2013-04-17,Jaipur,Sawai Mansingh Stadium,T20,Rajasthan Royals,Mumbai Indians,Rajasthan Royals,bat,Rajasthan Royals,87.0,,AM Rahane,23.0
392236,2009,2009-05-21,Centurion,SuperSport Park,T20,Royal Challengers Bangalore,Deccan Chargers,Royal Challengers Bangalore,bat,Royal Challengers Bangalore,12.0,,MK Pandey,56.0
1136612,2018,2018-05-18,Delhi,Arun Jaitley Stadium,T20,Delhi Daredevils,Chennai Super Kings,Chennai Super Kings,field,Delhi Daredevils,34.0,,HV Patel,52.0
392237,2009,2009-05-22,Centurion,SuperSport Park,T20,Delhi Daredevils,Deccan Chargers,Deccan Chargers,field,Deccan Chargers,,6.0,AC Gilchrist,
1527688,2026,2026-04-09,Kolkata,"Eden Gardens, Kolkata",T20,Kolkata Knight Riders,Lucknow Super Giants,Lucknow Super Giants,field,Lucknow Super Giants,,3.0,MD Choudhary,15.0
1304112,2022,2022-05-18,Navi Mumbai,"Dr DY Patil Sports Academy, Mumbai",T20,Lucknow Super Giants,Kolkata Knight Riders,Lucknow Super Giants,bat,Lucknow Super Giants,2.0,,Q de Kock,66.0
598047,2013,2013-05-05,Jaipur,Sawai Mansingh Stadium,T20,Rajasthan Royals,Pune Warriors,Pune Warriors,bat,Rajasthan Royals,,5.0,AM Rahane,50.0
1082605,2017,2017-04-15,Delhi,Feroz Shah Kotla,T20,Delhi Daredevils,Kings XI Punjab,Delhi Daredevils,bat,Delhi Daredevils,51.0,,CJ Anderson,15.0
829819,2015,2015-05-20,Pune,Maharashtra Cricket Association Stadium,T20,Royal Challengers Bangalore,Rajasthan Royals,Royal Challengers Bangalore,bat,Royal Challengers Bangalore,71.0,,AB de Villiers,
1359497,2023,2023-04-16,Ahmedabad,"Narendra Modi Stadium, Ahmedabad",T20,Gujarat Titans,Rajasthan Royals,Rajasthan Royals,field,Rajasthan Royals,,3.0,SO Hetmyer,23.0
734001,2014,2014-05-12,Hyderabad,"Rajiv Gandhi International Stadium, Uppal",T20,Sunrisers Hyderabad,Mumbai Indians,Sunrisers Hyderabad,bat,Mumbai Indians,,7.0,AT Rayudu,36.0
501238,2011,2011-05-02,Delhi,Feroz Shah Kotla,T20,Delhi Daredevils,Kochi Tuskers Kerala,Kochi Tuskers Kerala,field,Kochi Tuskers Kerala,,7.0,P Parameswaran,41.0
548324,2012,2012-04-15,Bangalore,M Chinnaswamy Stadium,T20,Royal Challengers Bangalore,Rajasthan Royals,Rajasthan Royals,bat,Rajasthan Royals,59.0,,AM Rahane,18.0
1473477,2025,2025-04-22,Lucknow,"Bharat Ratna Shri Atal Bihari Vajpayee Ekana Cricket Stadium, Lucknow",T20,Lucknow Super Giants,Delhi Capitals,Delhi Capitals,field,Delhi Capitals,,8.0,Mukesh Kumar,40.0
1359509,2023,2023-04-25,Ahmedabad,"Narendra Modi Stadium, Ahmedabad",T20,Gujarat Titans,Mumbai Indians,Mumbai Indians,field,Gujarat Titans,55.0,,A Manohar,35.0
598000,2013,2013-04-05,Hyderabad,"Rajiv Gandhi International Stadium, Uppal",T20,Sunrisers Hyderabad,Pune Warriors,Pune Warriors,field,Sunrisers Hyderabad,22.0,,A Mishra,3.0
1216523,2020/21,2020-10-10,Abu Dhabi,Sheikh Zayed Stadium,T20,Kolkata Knight Riders,Kings XI Punjab,Kolkata Knight Riders,bat,Kolkata Knight Riders,2.0,,KD Karthik,24.0
419141,2009/10,2010-04-05,Nagpur,"Vidarbha Cricket Association Stadium, Jamtha",T20,Deccan Chargers,Rajasthan Royals,Rajasthan Royals,bat,Rajasthan Royals,2.0,,SK Warne,36.0
336019,2007/08,2008-05-28,Chandigarh,"Punjab Cricket Association Stadium, Mohali",T20,Kings XI Punjab,Rajasthan Royals,Rajasthan Royals,field,Kings XI Punjab,41.0,,SE Marsh,56.0
1359508,2023,2023-04-24,Hyderabad,"Rajiv Gandhi International Stadium, Uppal, Hyderabad",T20,Delhi Capitals,Sunrisers Hyderabad,Delhi Capitals,bat,Delhi Capitals,7.0,,AR Patel,34.0
336038,2007/08,2008-05-30,Mumbai,Wankhede Stadium,T20,Delhi Daredevils,Rajasthan Royals,Delhi Daredevils,field,Rajasthan Royals,105.0,,SR Watson,
1426278,2024,2024-04-24,Delhi,"Arun Jaitley Stadium, Delhi",T20,Delhi Capitals,Gujarat Titans,Gujarat Titans,field,Delhi Capitals,4.0,,RR Pant,40.0
1254098,2021,2021-09-26,Abu Dhabi,"Zayed Cricket Stadium, Abu Dhabi",T20,Kolkata Knight Riders,Chennai Super Kings,Kolkata Knight Riders,bat,Chennai Super Kings,,2.0,RA Jadeja,38.0
1422127,2024,2024-03-28,Jaipur,"Sawai Mansingh Stadium, Jaipur",T20,Rajasthan Royals,Delhi Capitals,Delhi Capitals,field,Rajasthan Royals,12.0,,R Parag,9.0
1359485,2023,2023-04-08,Guwahati,"Barsapara Cricket Stadium, Guwahati",T20,Rajasthan Royals,Delhi Capitals,Delhi Capitals,field,Rajasthan Royals,57.0,,YBK Jaiswal,11.0
1254088,2021,2021-10-08,Abu Dhabi,"Zayed Cricket Stadium, Abu Dhabi",T20,Mumbai Indians,Sunrisers Hyderabad,Mumbai Indians,bat,Mumbai Indians,42.0,,Ishan Kishan,55.0
336001,2007/08,2008-05-02,Chennai,"MA Chidambaram Stadium, Chepauk",T20,Chennai Super Kings,Delhi Daredevils,Chennai Super Kings,bat,Delhi Daredevils,,8.0,V Sehwag,20.0
501267,2011,2011-05-22,Kolkata,Eden Gardens,T20,Kolkata Knight Riders,Mumbai Indians,Mumbai Indians,field,Mumbai Indians,,5.0,JEC Franklin,70.0
336028,2007/08,2008-05-21,Mumbai,Wankhede Stadium,T20,Mumbai Indians,Kings XI Punjab,Mumbai Indians,field,Kings XI Punjab,1.0,,SE Marsh,45.0
980929,2016,2016-04-21,Rajkot,Saurashtra Cricket Association Stadium,T20,Gujarat Lions,Sunrisers Hyderabad,Sunrisers Hyderabad,field,Sunrisers Hyderabad,,10.0,B Kumar,15.0
734025,2014,2014-05-21,Chandigarh,"Punjab Cricket Association Stadium, Mohali",T20,Kings XI Punjab,Mumbai Indians,Mumbai Indians,field,Mumbai Indians,,7.0,LMP Simmons,48.0
1216541,2020/21,2020-10-25,Abu Dhabi,Sheikh Zayed Stadium,T20,Mumbai Indians,Rajasthan Royals,Mumbai Indians,bat,Rajasthan Royals,,8.0,BA Stokes,45.0
1254115,2021,2021-10-11,Sharjah,Sharjah Cricket Stadium,T20,Royal Challengers Bangalore,Kolkata Knight Riders,Royal Challengers Bangalore,bat,Kolkata Knight Riders,,4.0,SP Narine,
1175365,2019,2019-03-30,Delhi,Arun Jaitley Stadium,T20,Kolkata Knight Riders,Delhi Capitals,Delhi Capitals,field,,,,PP Shaw,10.0
548306,2012,2012-04-04,Chennai,"MA Chidambaram Stadium, Chepauk",T20,Chennai Super Kings,Mumbai Indians,Mumbai Indians,field,Mumbai Indians,,8.0,RE Levi,1.0
729297,2014,2014-04-23,,Dubai International Cricket Stadium,T20,Rajasthan Royals,Chennai Super Kings,Rajasthan Royals,field,Chennai Super Kings,7.0,,RA Jadeja,10.0
1473473,2025,2025-04-19,Jaipur,"Sawai Mansingh Stadium, Jaipur",T20,Lucknow Super Giants,Rajasthan Royals,Lucknow Super Giants,bat,Lucknow Super Giants,2.0,,Avesh Khan,36.0
1422136,2024,2024-04-05,Hyderabad,"Rajiv Gandhi International Stadium, Uppal, Hyderabad",T20,Chennai Super Kings,Sunrisers Hyderabad,Sunrisers Hyderabad,field,Sunrisers Hyderabad,,6.0,Abhishek Sharma,18.0
1529309,2026,2026-05-21,Ahmedabad,"Narendra Modi Stadium, Ahmedabad",T20,Gujarat Titans,Chennai Super Kings,Chennai Super Kings,field,Gujarat Titans,89.0,,Mohammed Siraj,66.0
419133,2009/10,2010-03-31,Chennai,"MA Chidambaram Stadium, Chepauk",T20,Chennai Super Kings,Royal Challengers Bangalore,Royal Challengers Bangalore,bat,Chennai Super Kings,,5.0,M Vijay,28.0
829813,2015,2015-05-17,Bangalore,M Chinnaswamy Stadium,T20,Royal Challengers Bangalore,Delhi Daredevils,Royal Challengers Bangalore,field,,,,,55.0
733991,2014,2014-05-09,Bangalore,M Chinnaswamy Stadium,T20,Royal Challengers Bangalore,Kings XI Punjab,Royal Challengers Bangalore,field,Kings XI Punjab,32.0,,Sandeep Sharma,31.0
1254059,2021,2021-04-10,Mumbai,"Wankhede Stadium, Mumbai",T20,Chennai Super Kings,Delhi Capitals,Delhi Capitals,field,Delhi Capitals,,7.0,S Dhawan,2.0
598065,2013,2013-05-17,Hyderabad,"Rajiv Gandhi International Stadium, Uppal",T20,Sunrisers Hyderabad,Rajasthan Royals,Sunrisers Hyderabad,bat,Sunrisers Hyderabad,23.0,,A Mishra,68.0
1529305,2026,2026-05-17,Delhi,"Arun Jaitley Stadium, Delhi",T20,Rajasthan Royals,Delhi Capitals,Delhi Capitals,field,Delhi Capitals,,5.0,MA Starc,62.0
1529304,2026,2026-05-17,Dharamsala,"Himachal Pradesh Cricket Association Stadium, Dharamsala",T20,Royal Challengers Bengaluru,Punjab Kings,Punjab Kings,field,Royal Challengers Bengaluru,23.0,,VR Iyer,61.0
548341,2012,2012-04-26,Pune,Subrata Roy Sahara Stadium,T20,Pune Warriors,Deccan Chargers,Deccan Chargers,bat,Deccan Chargers,18.0,,CL White,35.0
1304062,2022,2022-04-08,Mumbai,"Brabourne Stadium, Mumbai",T20,Punjab Kings,Gujarat Titans,Gujarat Titans,field,Gujarat Titans,,6.0,Shubman Gill,16.0
1216526,2020/21,2020-10-16,Abu Dhabi,Sheikh Zayed Stadium,T20,Kolkata Knight Riders,Mumbai Indians,Kolkata Knight Riders,bat,Mumbai Indians,,8.0,Q de Kock,32.0
392188,2009,2009-04-22,Cape Town,Newlands,T20,Royal Challengers Bangalore,Deccan Chargers,Deccan Chargers,bat,Deccan Chargers,24.0,,AC Gilchrist,8.0
1473449,2025,2025-03-31,Mumbai,"Wankhede Stadium, Mumbai",T20,Kolkata Knight Riders,Mumbai Indians,Mumbai Indians,field,Mumbai Indians,,8.0,Ashwani Kumar,12.0
829789,2015,2015-05-08,Chennai,"MA Chidambaram Stadium, Chepauk",T20,Chennai Super Kings,Mumbai Indians,Chennai Super Kings,bat,Mumbai Indians,,6.0,HH Pandya,43.0
1175363,2019,2019-03-29,Hyderabad,Rajiv Gandhi International Stadium,T20,Rajasthan Royals,Sunrisers Hyderabad,Rajasthan Royals,bat,Sunrisers Hyderabad,,5.0,Rashid Khan,8.0
1473440,2025,2025-03-23,Chennai,"MA Chidambaram Stadium, Chepauk, Chennai",T20,Mumbai Indians,Chennai Super Kings,Chennai Super Kings,field,Chennai Super Kings,,4.0,Noor Ahmad,3.0
419155,2009/10,2010-04-15,Chennai,"MA Chidambaram Stadium, Chepauk",T20,Chennai Super Kings,Delhi Daredevils,Chennai Super Kings,bat,Delhi Daredevils,,6.0,G Gambhir,50.0
501265,2011,2011-05-21,Delhi,Feroz Shah Kotla,T20,Delhi Daredevils,Pune Warriors,Delhi Daredevils,bat,,,,,68.0
598055,2013,2013-05-11,Pune,Subrata Roy Sahara Stadium,T20,Pune Warriors,Mumbai Indians,Pune Warriors,bat,Mumbai Indians,,5.0,MG Johnson,58.0
1254091,2021,2021-09-30,Sharjah,Sharjah Cricket Stadium,T20,Sunrisers Hyderabad,Chennai Super Kings,Chennai Super Kings,field,Chennai Super Kings,,6.0,JR Hazlewood,44.0
980959,2016,2016-05-02,Bangalore,M Chinnaswamy Stadium,T20,Royal Challengers Bangalore,Kolkata Knight Riders,Kolkata Knight Riders,field,Kolkata Knight Riders,,5.0,AD Russell,30.0
501205,2011,2011-04-12,Bangalore,M Chinnaswamy Stadium,T20,Royal Challengers Bangalore,Mumbai Indians,Mumbai Indians,field,Mumbai Indians,,9.0,SR Tendulkar,8.0
1304109,2022,2022-05-15,Mumbai,"Brabourne Stadium, Mumbai",T20,Rajasthan Royals,Lucknow Super Giants,Rajasthan Royals,bat,Rajasthan Royals,24.0,,TA Boult,63.0
419122,2009/10,2010-03-22,Mumbai,Brabourne Stadium,T20,Mumbai Indians,Kolkata Knight Riders,Kolkata Knight Riders,bat,Mumbai Indians,,7.0,SR Tendulkar,17.0
1254117,2021,2021-10-15,Dubai,Dubai International Cricket Stadium,T20,Chennai Super Kings,Kolkata Knight Riders,Kolkata Knight Riders,field,Chennai Super Kings,27.0,,F du Plessis,
729289,2014,2014-04-19,,Dubai International Cricket Stadium,T20,Kolkata Knight Riders,Delhi Daredevils,Kolkata Knight Riders,bat,Delhi Daredevils,,4.0,JP Duminy,6.0
829749,2015,2015-04-24,Ahmedabad,"Sardar Patel Stadium, Motera",T20,Rajasthan Royals,Royal Challengers Bangalore,Royal Challengers Bangalore,field,Royal Challengers Bangalore,,9.0,MA Starc,22.0
1473482,2025,2025-04-27,Mumbai,"Wankhede Stadium, Mumbai",T20,Mumbai Indians,Lucknow Super Giants,Lucknow Super Giants,field,Mumbai Indians,54.0,,WG Jacks,45.0
392190,2009,2009-04-23,Cape Town,Newlands,T20,Kolkata Knight Riders,Rajasthan Royals,Kolkata Knight Riders,field,,,,YK Pathan,10.0
1216494,2020/21,2020-10-21,Abu Dhabi,Sheikh Zayed Stadium,T20,Kolkata Knight Riders,Royal Challengers Bangalore,Kolkata Knight Riders,bat,Royal Challengers Bangalore,,8.0,Mohammed Siraj,39.0
419149,2009/10,2010-04-11,Delhi,Feroz Shah Kotla,T20,Delhi Daredevils,Kings XI Punjab,Delhi Daredevils,bat,Kings XI Punjab,,7.0,PP Chawla,44.0
548329,2012,2012-05-10,Hyderabad,"Rajiv Gandhi International Stadium, Uppal",T20,Deccan Chargers,Delhi Daredevils,Deccan Chargers,bat,Delhi Daredevils,,9.0,DA Warner,55.0
1304093,2022,2022-05-02,Mumbai,"Wankhede Stadium, Mumbai",T20,Rajasthan Royals,Kolkata Knight Riders,Kolkata Knight Riders,field,Kolkata Knight Riders,,7.0,RK Singh,47.0
980907,2016,2016-04-12,Bangalore,M Chinnaswamy Stadium,T20,Royal Challengers Bangalore,Sunrisers Hyderabad,Sunrisers Hyderabad,field,Royal Challengers Bangalore,45.0,,AB de Villiers,4.0
1473481,2025,2025-04-26,Kolkata,"Eden Gardens, Kolkata",T20,Punjab Kings,Kolkata Knight Riders,Punjab Kings,bat,,,,,44.0
1216533,2020/21,2020-10-19,Abu Dhabi,Sheikh Zayed Stadium,T20,Chennai Super Kings,Rajasthan Royals,Chennai Super Kings,bat,Rajasthan Royals,,7.0,JC Buttler,37.0
980949,2016,2016-04-29,Pune,Maharashtra Cricket Association Stadium,T20,Rising Pune Supergiants,Gujarat Lions,Gujarat Lions,field,Gujarat Lions,,3.0,DR Smith,25.0
980927,2016,2016-04-20,Mumbai,Wankhede Stadium,T20,Mumbai Indians,Royal Challengers Bangalore,Mumbai Indians,field,Mumbai Indians,,6.0,RG Sharma,14.0
1304073,2022,2022-04-16,Mumbai,"Wankhede Stadium, Mumbai",T20,Royal Challengers Bangalore,Delhi Capitals,Delhi Capitals,field,Royal Challengers Bangalore,16.0,,KD Karthik,27.0
1529291,2026,2026-05-05,Delhi,"Arun Jaitley Stadium, Delhi",T20,Delhi Capitals,Chennai Super Kings,Delhi Capitals,bat,Chennai Super Kings,,8.0,SV Samson,48.0
1529269,2026,2026-04-18,Bengaluru,"M Chinnaswamy Stadium, Bengaluru",T20,Royal Challengers Bengaluru,Delhi Capitals,Delhi Capitals,field,Delhi Capitals,,6.0,T Stubbs,26.0
1359491,2023,2023-04-12,Chennai,"MA Chidambaram Stadium, Chepauk, Chennai",T20,Rajasthan Royals,Chennai Super Kings,Chennai Super Kings,field,Rajasthan Royals,3.0,,R Ashwin,17.0
829779,2015,2015-05-04,Chennai,"MA Chidambaram Stadium, Chepauk",T20,Chennai Super Kings,Royal Challengers Bangalore,Chennai Super Kings,bat,Chennai Super Kings,24.0,,SK Raina,37.0
734017,2014,2014-05-19,Ahmedabad,"Sardar Patel Stadium, Motera",T20,Rajasthan Royals,Mumbai Indians,Mumbai Indians,bat,Mumbai Indians,25.0,,MEK Hussey,44.0
1527674,2026,2026-03-28,Bengaluru,"M Chinnaswamy Stadium, Bengaluru",T20,Sunrisers Hyderabad,Royal Challengers Bengaluru,Royal Challengers Bengaluru,field,Royal Challengers Bengaluru,,6.0,JA Duffy,1.0
419110,2009/10,2010-03-14,Chennai,"MA Chidambaram Stadium, Chepauk",T20,Chennai Super Kings,Deccan Chargers,Deccan Chargers,bat,Deccan Chargers,31.0,,WPUJC Vaas,5.0
501223,2011,2011-04-23,Delhi,Feroz Shah Kotla,T20,Delhi Daredevils,Kings XI Punjab,Kings XI Punjab,field,Delhi Daredevils,29.0,,DA Warner,26.0
1178430,2019,2019-05-05,Chandigarh,Punjab Cricket Association IS Bindra Stadium,T20,Chennai Super Kings,Kings XI Punjab,Kings XI Punjab,field,Kings XI Punjab,,6.0,KL Rahul,55.0
336018,2007/08,2008-05-14,Mumbai,Wankhede Stadium,T20,Mumbai Indians,Chennai Super Kings,Mumbai Indians,field,Mumbai Indians,,9.0,ST Jayasuriya,36.0
598073,2013,2013-05-26,Kolkata,Eden Gardens,T20,Chennai Super Kings,Mumbai Indians,Mumbai Indians,bat,Mumbai Indians,23.0,,KA Pollard,
729311,2014,2014-04-27,,Sharjah Cricket Stadium,T20,Sunrisers Hyderabad,Chennai Super Kings,Sunrisers Hyderabad,bat,Chennai Super Kings,,5.0,DR Smith,17.0
829731,2015,2015-04-18,Visakhapatnam,Dr. Y.S. Rajasekhara Reddy ACA-VDCA Cricket Stadium,T20,Sunrisers Hyderabad,Delhi Daredevils,Delhi Daredevils,bat,Delhi Daredevils,4.0,,JP Duminy,13.0
392225,2009,2009-05-14,Durban,Kingsmead,T20,Mumbai Indians,Rajasthan Royals,Rajasthan Royals,bat,Rajasthan Royals,2.0,,SK Warne,45.0
548310,2012,2012-04-07,Bangalore,M Chinnaswamy Stadium,T20,Royal Challengers Bangalore,Delhi Daredevils,Delhi Daredevils,field,Royal Challengers Bangalore,20.0,,AB de Villiers,5.0
548360,2012,2012-05-09,Mumbai,Wankhede Stadium,T20,Mumbai Indians,Royal Challengers Bangalore,Royal Challengers Bangalore,field,Royal Challengers Bangalore,,9.0,CH Gayle,54.0
419136,2009/10,2010-04-02,Chandigarh,"Punjab Cricket Association Stadium, Mohali",T20,Kings XI Punjab,Royal Challengers Bangalore,Kings XI Punjab,bat,Royal Challengers Bangalore,,6.0,KP Pietersen,31.0
501220,2011,2011-04-21,Chandigarh,"Punjab Cricket Association Stadium, Mohali",T20,Kings XI Punjab,Rajasthan Royals,Rajasthan Royals,field,Kings XI Punjab,48.0,,SE Marsh,23.0
1529274,2026,2026-04-21,Hyderabad,"Rajiv Gandhi International Stadium, Uppal, Hyderabad",T20,Sunrisers Hyderabad,Delhi Capitals,Delhi Capitals,field,Sunrisers Hyderabad,47.0,,Abhishek Sharma,31.0
1426306,2024,2024-05-18,Bengaluru,"M Chinnaswamy Stadium, Bengaluru",T20,Royal Challengers Bengaluru,Chennai Super Kings,Chennai Super Kings,field,Royal Challengers Bengaluru,27.0,,F du Plessis,68.0
336002,2007/08,2008-05-25,Hyderabad,"Rajiv Gandhi International Stadium, Uppal",T20,Deccan Chargers,Royal Challengers Bangalore,Deccan Chargers,bat,Royal Challengers Bangalore,,5.0,R Vinay Kumar,51.0
1529286,2026,2026-05-01,Jaipur,"Sawai Mansingh Stadium, Jaipur",T20,Rajasthan Royals,Delhi Capitals,Rajasthan Royals,bat,Delhi Capitals,,7.0,KL Rahul,43.0
829763,2015,2015-04-29,Bangalore,M Chinnaswamy Stadium,T20,Royal Challengers Bangalore,Rajasthan Royals,Rajasthan Royals,field,,,,,29.0
1136570,2018,2018-04-14,Kolkata,Eden Gardens,T20,Kolkata Knight Riders,Sunrisers Hyderabad,Sunrisers Hyderabad,field,Sunrisers Hyderabad,,5.0,B Stanlake,10.0
336014,2007/08,2008-05-11,Hyderabad,"Rajiv Gandhi International Stadium, Uppal",T20,Deccan Chargers,Kolkata Knight Riders,Kolkata Knight Riders,bat,Kolkata Knight Riders,23.0,,SC Ganguly,32.0
548311,2012,2012-04-07,Visakhapatnam,Dr. Y.S. Rajasekhara Reddy ACA-VDCA Cricket Stadium,T20,Deccan Chargers,Chennai Super Kings,Deccan Chargers,field,Chennai Super Kings,74.0,,RA Jadeja,6.0
1181766,2019,2019-05-08,Visakhapatnam,Dr. Y.S. Rajasekhara Reddy ACA-VDCA Cricket Stadium,T20,Sunrisers Hyderabad,Delhi Capitals,Delhi Capitals,field,Delhi Capitals,,2.0,RR Pant,
1426283,2024,2024-04-28,Ahmedabad,"Narendra Modi Stadium, Ahmedabad",T20,Gujarat Titans,Royal Challengers Bengaluru,Royal Challengers Bengaluru,field,Royal Challengers Bengaluru,,9.0,WG Jacks,45.0
1426299,2024,2024-05-12,Chennai,"MA Chidambaram Stadium, Chepauk, Chennai",T20,Rajasthan Royals,Chennai Super Kings,Rajasthan Royals,bat,Chennai Super Kings,,5.0,Simarjeet Singh,61.0
1473456,2025,2025-04-08,Kolkata,"Eden Gardens, Kolkata",T20,Lucknow Super Giants,Kolkata Knight Riders,Kolkata Knight Riders,field,Lucknow Super Giants,4.0,,N Pooran,21.0
598028,2013,2013-05-16,Dharamsala,Himachal Pradesh Cricket Association Stadium,T20,Kings XI Punjab,Delhi Daredevils,Delhi Daredevils,field,Kings XI Punjab,7.0,,DA Miller,67.0
392227,2009,2009-05-16,Port Elizabeth,St George's Park,T20,Chennai Super Kings,Mumbai Indians,Mumbai Indians,bat,Chennai Super Kings,,7.0,ML Hayden,47.0
1216507,2020/21,2020-10-11,,Dubai International Cricket Stadium,T20,Sunrisers Hyderabad,Rajasthan Royals,Sunrisers Hyderabad,bat,Rajasthan Royals,,5.0,R Tewatia,26.0
1529271,2026,2026-04-19,Kolkata,"Eden Gardens, Kolkata",T20,Rajasthan Royals,Kolkata Knight Riders,Rajasthan Royals,bat,Kolkata Knight Riders,,4.0,CV Varun,28.0
336000,2007/08,2008-05-01,Jaipur,Sawai Mansingh Stadium,T20,Rajasthan Royals,Kolkata Knight Riders,Rajasthan Royals,bat,Rajasthan Royals,45.0,,SA Asnodkar,18.0
501224,2011,2011-04-24,Hyderabad,"Rajiv Gandhi International Stadium, Uppal",T20,Deccan Chargers,Mumbai Indians,Deccan Chargers,field,Mumbai Indians,37.0,,SL Malinga,27.0
1529268,2026,2026-04-17,Ahmedabad,"Narendra Modi Stadium, Ahmedabad",T20,Kolkata Knight Riders,Gujarat Titans,Kolkata Knight Riders,bat,Gujarat Titans,,5.0,Shubman Gill,25.0
1359498,2023,2023-04-17,Bengaluru,"M Chinnaswamy Stadium, Bengaluru",T20,Chennai Super Kings,Royal Challengers Bangalore,Royal Challengers Bangalore,field,Chennai Super Kings,8.0,,DP Conway,24.0
419106,2009/10,2010-03-12,Mumbai,Dr DY Patil Sports Academy,T20,Deccan Chargers,Kolkata Knight Riders,Deccan Chargers,field,Kolkata Knight Riders,11.0,,AD Mathews,1.0
1473465,2025,2025-04-13,Jaipur,"Sawai Mansingh Stadium, Jaipur",T20,Rajasthan Royals,Royal Challengers Bengaluru,Royal Challengers Bengaluru,field,Royal Challengers Bengaluru,,9.0,PD Salt,28.0
1254112,2021,2021-10-02,Sharjah,Sharjah Cricket Stadium,T20,Mumbai Indians,Delhi Capitals,Delhi Capitals,field,Delhi Capitals,,4.0,AR Patel,46.0
729313,2014,2014-04-28,,Dubai International Cricket Stadium,T20,Kings XI Punjab,Royal Challengers Bangalore,Kings XI Punjab,field,Kings XI Punjab,,5.0,Sandeep Sharma,18.0
419131,2009/10,2010-03-29,Delhi,Feroz Shah Kotla,T20,Delhi Daredevils,Kolkata Knight Riders,Delhi Daredevils,bat,Delhi Daredevils,40.0,,DA Warner,26.0
1473505,2025,2025-05-25,Delhi,"Arun Jaitley Stadium, Delhi",T20,Sunrisers Hyderabad,Kolkata Knight Riders,Sunrisers Hyderabad,bat,Sunrisers Hyderabad,110.0,,H Klaasen,68.0
548308,2012,2012-04-06,Mumbai,Wankhede Stadium,T20,Mumbai Indians,Pune Warriors,Mumbai Indians,field,Pune Warriors,28.0,,SPD Smith,3.0
829781,2015,2015-05-04,Kolkata,Eden Gardens,T20,Kolkata Knight Riders,Sunrisers Hyderabad,Sunrisers Hyderabad,field,Kolkata Knight Riders,35.0,,UT Yadav,38.0
419147,2009/10,2010-04-10,Nagpur,"Vidarbha Cricket Association Stadium, Jamtha",T20,Deccan Chargers,Chennai Super Kings,Chennai Super Kings,bat,Deccan Chargers,,6.0,RJ Harris,42.0
336005,2007/08,2008-05-04,Jaipur,Sawai Mansingh Stadium,T20,Rajasthan Royals,Chennai Super Kings,Chennai Super Kings,bat,Rajasthan Royals,,8.0,Sohail Tanvir,24.0
1426298,2024,2024-05-11,Kolkata,"Eden Gardens, Kolkata",T20,Kolkata Knight Riders,Mumbai Indians,Mumbai Indians,field,Kolkata Knight Riders,18.0,,CV Varun,60.0
1359502,2023,2023-04-20,Delhi,"Arun Jaitley Stadium, Delhi",T20,Kolkata Knight Riders,Delhi Capitals,Delhi Capitals,field,Delhi Capitals,,4.0,I Sharma,28.0
419165,2009/10,2010-04-25,Mumbai,Dr DY Patil Sports Academy,T20,Chennai Super Kings,Mumbai Indians,Chennai Super Kings,bat,Chennai Super Kings,22.0,,SK Raina,
1473443,2025,2025-03-26,Guwahati,"Barsapara Cricket Stadium, Guwahati",T20,Rajasthan Royals,Kolkata Knight Riders,Kolkata Knight Riders,field,Kolkata Knight Riders,,8.0,Q de Kock,6.0
1422135,2024,2024-04-04,Ahmedabad,"Narendra Modi Stadium, Ahmedabad",T20,Gujarat Titans,Punjab Kings,Punjab Kings,field,Punjab Kings,,3.0,Shashank Singh,17.0
1426305,2024,2024-05-17,Mumbai,"Wankhede Stadium, Mumbai",T20,Lucknow Super Giants,Mumbai Indians,Mumbai Indians,field,Lucknow Super Giants,18.0,,N Pooran,67.0
1216492,2020/21,2020-09-19,Abu Dhabi,Sheikh Zayed Stadium,T20,Mumbai Indians,Chennai Super Kings,Chennai Super Kings,field,Chennai Super Kings,,5.0,AT Rayudu,1.0
733999,2014,2014-05-11,Bangalore,M Chinnaswamy Stadium,T20,Royal Challengers Bangalore,Rajasthan Royals,Royal Challengers Bangalore,bat,Rajasthan Royals,,5.0,JP Faulkner,35.0
336037,2007/08,2008-05-27,Hyderabad,"Rajiv Gandhi International Stadium, Uppal",T20,Deccan Chargers,Chennai Super Kings,Deccan Chargers,bat,Chennai Super Kings,,7.0,SK Raina,54.0
829767,2015,2015-05-01,Delhi,Feroz Shah Kotla,T20,Delhi Daredevils,Kings XI Punjab,Delhi Daredevils,field,Delhi Daredevils,,9.0,NM Coulter-Nile,31.0
734015,2014,2014-05-18,Hyderabad,"Rajiv Gandhi International Stadium, Uppal",T20,Sunrisers Hyderabad,Kolkata Knight Riders,Sunrisers Hyderabad,bat,Kolkata Knight Riders,,7.0,UT Yadav,43.0
1304074,2022,2022-04-17,Mumbai,"Dr DY Patil Sports Academy, Mumbai",T20,Punjab Kings,Sunrisers Hyderabad,Sunrisers Hyderabad,field,Sunrisers Hyderabad,,7.0,Umran Malik,28.0
392218,2009,2009-05-10,Port Elizabeth,St George's Park,T20,Royal Challengers Bangalore,Mumbai Indians,Mumbai Indians,bat,Mumbai Indians,16.0,,JP Duminy,38.0
1359477,2023,2023-04-01,Lucknow,"Bharat Ratna Shri Atal Bihari Vajpayee Ekana Cricket Stadium, Lucknow",T20,Lucknow Super Giants,Delhi Capitals,Delhi Capitals,field,Lucknow Super Giants,50.0,,MA Wood,3.0
419125,2009/10,2010-03-25,Mumbai,"Brabourne Stadium, Mumbai",T20,Chennai Super Kings,Mumbai Indians,Mumbai Indians,field,Mumbai Indians,,5.0,SR Tendulkar,21.0
1529270,2026,2026-04-18,Hyderabad,"Rajiv Gandhi International Stadium, Uppal, Hyderabad",T20,Sunrisers Hyderabad,Chennai Super Kings,Chennai Super Kings,field,Sunrisers Hyderabad,10.0,,E Malinga,27.0
1175360,2019,2019-03-26,Delhi,Arun Jaitley Stadium,T20,Delhi Capitals,Chennai Super Kings,Delhi Capitals,bat,Chennai Super Kings,,6.0,SR Watson,5.0
1237180,2020/21,2020-11-08,Abu Dhabi,Sheikh Zayed Stadium,T20,Delhi Capitals,Sunrisers Hyderabad,Delhi Capitals,bat,Delhi Capitals,17.0,,MP Stoinis,
548370,2012,2012-05-16,Mumbai,Wankhede Stadium,T20,Mumbai Indians,Kolkata Knight Riders,Mumbai Indians,field,Kolkata Knight Riders,32.0,,SP Narine,65.0
734049,2014,2014-06-01,Bangalore,M Chinnaswamy Stadium,T20,Kolkata Knight Riders,Kings XI Punjab,Kolkata Knight Riders,field,Kolkata Knight Riders,,3.0,MK Pandey,
419143,2009/10,2010-04-07,Jaipur,Sawai Mansingh Stadium,T20,Rajasthan Royals,Kings XI Punjab,Kings XI Punjab,bat,Rajasthan Royals,,9.0,MJ Lumb,38.0
1082599,2017,2017-04-11,Pune,Maharashtra Cricket Association Stadium,T20,Rising Pune Supergiant,Delhi Daredevils,Rising Pune Supergiant,field,Delhi Daredevils,97.0,,SV Samson,9.0
335997,2007/08,2008-04-29,Kolkata,Eden Gardens,T20,Kolkata Knight Riders,Mumbai Indians,Kolkata Knight Riders,bat,Mumbai Indians,,7.0,ST Jayasuriya,16.0
1473478,2025,2025-04-23,Hyderabad,"Rajiv Gandhi International Stadium, Uppal, Hyderabad",T20,Sunrisers Hyderabad,Mumbai Indians,Mumbai Indians,field,Mumbai Indians,,7.0,TA Boult,41.0
980923,2016,2016-04-18,Hyderabad,"Rajiv Gandhi International Stadium, Uppal",T20,Sunrisers Hyderabad,Mumbai Indians,Sunrisers Hyderabad,field,Sunrisers Hyderabad,,7.0,DA Warner,12.0
1304070,2022,2022-04-14,Mumbai,"Dr DY Patil Sports Academy, Mumbai",T20,Gujarat Titans,Rajasthan Royals,Rajasthan Royals,field,Gujarat Titans,37.0,,HH Pandya,24.0
1422123,2024,2024-03-24,Ahmedabad,"Narendra Modi Stadium, Ahmedabad",T20,Gujarat Titans,Mumbai Indians,Mumbai Indians,field,Gujarat Titans,6.0,,B Sai Sudharsan,5.0
1082645,2017,2017-05-14,Pune,Maharashtra Cricket Association Stadium,T20,Rising Pune Supergiant,Kings XI Punjab,Rising Pune Supergiant,field,Rising Pune Supergiant,,9.0,JD Unadkat,55.0
1473452,2025,2025-04-03,Kolkata,"Eden Gardens, Kolkata",T20,Kolkata Knight Riders,Sunrisers Hyderabad,Sunrisers Hyderabad,field,Kolkata Knight Riders,80.0,,VG Arora,15.0
1082627,2017,2017-04-30,Hyderabad,"Rajiv Gandhi International Stadium, Uppal",T20,Sunrisers Hyderabad,Kolkata Knight Riders,Kolkata Knight Riders,field,Sunrisers Hyderabad,48.0,,DA Warner,37.0
1426294,2024,2024-05-07,Delhi,"Arun Jaitley Stadium, Delhi",T20,Delhi Capitals,Rajasthan Royals,Rajasthan Royals,field,Delhi Capitals,20.0,,Kuldeep Yadav,56.0
980925,2016,2016-04-19,Chandigarh,"Punjab Cricket Association IS Bindra Stadium, Mohali",T20,Kings XI Punjab,Kolkata Knight Riders,Kolkata Knight Riders,field,Kolkata Knight Riders,,6.0,RV Uthappa,13.0
1426272,2024,2024-04-19,Lucknow,"Bharat Ratna Shri Atal Bihari Vajpayee Ekana Cricket Stadium, Lucknow",T20,Chennai Super Kings,Lucknow Super Giants,Lucknow Super Giants,field,Lucknow Super Giants,,8.0,KL Rahul,34.0
1473467,2025,2025-04-14,Lucknow,"Bharat Ratna Shri Atal Bihari Vajpayee Ekana Cricket Stadium, Lucknow",T20,Lucknow Super Giants,Chennai Super Kings,Chennai Super Kings,field,Chennai Super Kings,,5.0,MS Dhoni,30.0
829711,2015,2015-04-11,Chennai,"MA Chidambaram Stadium, Chepauk",T20,Chennai Super Kings,Sunrisers Hyderabad,Chennai Super Kings,bat,Chennai Super Kings,45.0,,BB McCullum,4.0
1485779,2025,2025-05-24,Jaipur,"Sawai Mansingh Stadium, Jaipur",T20,Punjab Kings,Delhi Capitals,Delhi Capitals,field,Delhi Capitals,,6.0,Sameer Rizvi,66.0
1359503,2023,2023-04-21,Chennai,"MA Chidambaram Stadium, Chepauk, Chennai",T20,Sunrisers Hyderabad,Chennai Super Kings,Chennai Super Kings,field,Chennai Super Kings,,7.0,RA Jadeja,29.0
419129,2009/10,2010-03-28,Ahmedabad,"Sardar Patel Stadium, Motera",T20,Rajasthan Royals,Chennai Super Kings,Rajasthan Royals,bat,Rajasthan Royals,17.0,,NV Ojha,24.0
1254111,2021,2021-09-21,Dubai,Dubai International Cricket Stadium,T20,Rajasthan Royals,Punjab Kings,Punjab Kings,field,Rajasthan Royals,2.0,,Kartik Tyagi,32.0
1426279,2024,2024-04-25,Hyderabad,"Rajiv Gandhi International Stadium, Uppal, Hyderabad",T20,Royal Challengers Bengaluru,Sunrisers Hyderabad,Royal Challengers Bengaluru,bat,Royal Challengers Bengaluru,35.0,,RM Patidar,41.0
1254097,2021,2021-09-25,Abu Dhabi,"Zayed Cricket Stadium, Abu Dhabi",T20,Delhi Capitals,Rajasthan Royals,Rajasthan Royals,field,Delhi Capitals,33.0,,SS Iyer,36.0
1304095,2022,2022-05-04,Pune,"Maharashtra Cricket Association Stadium, Pune",T20,Royal Challengers Bangalore,Chennai Super Kings,Chennai Super Kings,field,Royal Challengers Bangalore,13.0,,HV Patel,49.0
1359493,2023,2023-04-14,Kolkata,"Eden Gardens, Kolkata",T20,Sunrisers Hyderabad,Kolkata Knight Riders,Kolkata Knight Riders,field,Sunrisers Hyderabad,23.0,,HC Brook,19.0
1178418,2019,2019-04-25,Kolkata,Eden Gardens,T20,Kolkata Knight Riders,Rajasthan Royals,Rajasthan Royals,field,Rajasthan Royals,,3.0,VR Aaron,43.0
1304096,2022,2022-05-05,Mumbai,"Brabourne Stadium, Mumbai",T20,Delhi Capitals,Sunrisers Hyderabad,Sunrisers Hyderabad,field,Delhi Capitals,21.0,,DA Warner,50.0
1473471,2025,2025-04-18,Bengaluru,"M Chinnaswamy Stadium, Bengaluru",T20,Royal Challengers Bengaluru,Punjab Kings,Punjab Kings,field,Punjab Kings,,5.0,TH David,34.0
1082625,2017,2017-04-29,Rajkot,Saurashtra Cricket Association Stadium,T20,Gujarat Lions,Mumbai Indians,Gujarat Lions,bat,,,,KH Pandya,35.0
392186,2009,2009-04-21,Durban,Kingsmead,T20,Kings XI Punjab,Kolkata Knight Riders,Kolkata Knight Riders,field,Kolkata Knight Riders,11.0,,CH Gayle,6.0
829801,2015,2015-05-12,Raipur,Shaheed Veer Narayan Singh International Stadium,T20,Delhi Daredevils,Chennai Super Kings,Chennai Super Kings,bat,Delhi Daredevils,,6.0,Z Khan,49.0
335987,2007/08,2008-04-21,Jaipur,Sawai Mansingh Stadium,T20,Rajasthan Royals,Kings XI Punjab,Kings XI Punjab,bat,Rajasthan Royals,,6.0,SR Watson,6.0
501229,2011,2011-04-27,Kochi,Nehru Stadium,T20,Kochi Tuskers Kerala,Deccan Chargers,Kochi Tuskers Kerala,field,Deccan Chargers,55.0,,I Sharma,32.0
419134,2009/10,2010-03-31,Delhi,Feroz Shah Kotla,T20,Delhi Daredevils,Rajasthan Royals,Delhi Daredevils,bat,Delhi Daredevils,67.0,,KD Karthik,29.0
734027,2014,2014-05-22,Kolkata,Eden Gardens,T20,Kolkata Knight Riders,Royal Challengers Bangalore,Royal Challengers Bangalore,field,Kolkata Knight Riders,30.0,,RV Uthappa,49.0
501227,2011,2011-04-26,Delhi,Feroz Shah Kotla,T20,Delhi Daredevils,Royal Challengers Bangalore,Royal Challengers Bangalore,field,Royal Challengers Bangalore,,3.0,V Kohli,30.0
829741,2015,2015-04-21,Ahmedabad,"Sardar Patel Stadium, Motera",T20,Rajasthan Royals,Kings XI Punjab,Kings XI Punjab,field,,,,SE Marsh,18.0
548312,2012,2012-04-08,Jaipur,Sawai Mansingh Stadium,T20,Rajasthan Royals,Kolkata Knight Riders,Kolkata Knight Riders,field,Rajasthan Royals,22.0,,BJ Hodge,7.0
419148,2009/10,2010-04-10,Bangalore,M Chinnaswamy Stadium,T20,Royal Challengers Bangalore,Kolkata Knight Riders,Royal Challengers Bangalore,field,Royal Challengers Bangalore,,7.0,R Vinay Kumar,43.0
980951,2016,2016-04-30,Delhi,Feroz Shah Kotla,T20,Delhi Daredevils,Kolkata Knight Riders,Kolkata Knight Riders,field,Delhi Daredevils,27.0,,CR Brathwaite,26.0
1178424,2019,2019-04-30,Bengaluru,M.Chinnaswamy Stadium,T20,Royal Challengers Bangalore,Rajasthan Royals,Rajasthan Royals,field,,,,,49.0
1359521,2023,2023-05-04,Hyderabad,"Rajiv Gandhi International Stadium, Uppal, Hyderabad",T20,Kolkata Knight Riders,Sunrisers Hyderabad,Kolkata Knight Riders,bat,Kolkata Knight Riders,5.0,,CV Varun,47.0
1359504,2023,2023-04-22,Lucknow,"Bharat Ratna Shri Atal Bihari Vajpayee Ekana Cricket Stadium, Lucknow",T20,Gujarat Titans,Lucknow Super Giants,Gujarat Titans,bat,Gujarat Titans,7.0,,MM Sharma,30.0
548339,2012,2012-04-25,Chandigarh,"Punjab Cricket Association Stadium, Mohali",T20,Kings XI Punjab,Mumbai Indians,Kings XI Punjab,bat,Mumbai Indians,,4.0,AT Rayudu,33.0
1254107,2021,2021-09-25,Sharjah,Sharjah Cricket Stadium,T20,Punjab Kings,Sunrisers Hyderabad,Sunrisers Hyderabad,field,Punjab Kings,5.0,,JO Holder,37.0
829809,2015,2015-05-16,Chandigarh,"Punjab Cricket Association Stadium, Mohali",T20,Kings XI Punjab,Chennai Super Kings,Kings XI Punjab,bat,Chennai Super Kings,,7.0,P Negi,53.0
980993,2016,2016-05-15,Visakhapatnam,Dr. Y.S. Rajasekhara Reddy ACA-VDCA Cricket Stadium,T20,Mumbai Indians,Delhi Daredevils,Delhi Daredevils,field,Mumbai Indians,80.0,,KH Pandya,47.0
335982,2007/08,2008-04-18,Bangalore,M Chinnaswamy Stadium,T20,Royal Challengers Bangalore,Kolkata Knight Riders,Royal Challengers Bangalore,field,Kolkata Knight Riders,140.0,,BB McCullum,1.0
548323,2012,2012-04-15,Kolkata,Eden Gardens,T20,Kolkata Knight Riders,Kings XI Punjab,Kolkata Knight Riders,field,Kings XI Punjab,2.0,,SP Narine,17.0
1422126,2024,2024-03-27,Hyderabad,"Rajiv Gandhi International Stadium, Uppal, Hyderabad",T20,Sunrisers Hyderabad,Mumbai Indians,Mumbai Indians,field,Sunrisers Hyderabad,31.0,,Abhishek Sharma,8.0
501204,2011,2011-04-12,Jaipur,Sawai Mansingh Stadium,T20,Rajasthan Royals,Delhi Daredevils,Delhi Daredevils,bat,Rajasthan Royals,,6.0,SK Warne,7.0
1473507,2025,2025-05-27,Lucknow,"Bharat Ratna Shri Atal Bihari Vajpayee Ekana Cricket Stadium, Lucknow",T20,Lucknow Super Giants,Royal Challengers Bengaluru,Royal Challengers Bengaluru,field,Royal Challengers Bengaluru,,6.0,JM Sharma,70.0
1136575,2018,2018-04-18,Jaipur,Sawai Mansingh Stadium,T20,Rajasthan Royals,Kolkata Knight Riders,Kolkata Knight Riders,field,Kolkata Knight Riders,,7.0,N Rana,15.0
336020,2007/08,2008-05-15,Delhi,Feroz Shah Kotla,T20,Delhi Daredevils,Deccan Chargers,Deccan Chargers,field,Delhi Daredevils,12.0,,A Mishra,37.0
1426286,2024,2024-04-30,Lucknow,"Bharat Ratna Shri Atal Bihari Vajpayee Ekana Cricket Stadium, Lucknow",T20,Mumbai Indians,Lucknow Super Giants,Lucknow Super Giants,field,Lucknow Super Giants,,4.0,MP Stoinis,48.0
1136561,2018,2018-04-07,Mumbai,Wankhede Stadium,T20,Mumbai Indians,Chennai Super Kings,Chennai Super Kings,field,Chennai Super Kings,,1.0,DJ Bravo,1.0
1216535,2020/21,2020-10-31,,Dubai International Cricket Stadium,T20,Delhi Capitals,Mumbai Indians,Mumbai Indians,field,Mumbai Indians,,9.0,Ishan Kishan,51.0
336021,2007/08,2008-05-16,Mumbai,Wankhede Stadium,T20,Mumbai Indians,Kolkata Knight Riders,Mumbai Indians,field,Mumbai Indians,,8.0,SM Pollock,38.0
501203,2011,2011-04-11,Kolkata,Eden Gardens,T20,Kolkata Knight Riders,Deccan Chargers,Kolkata Knight Riders,bat,Kolkata Knight Riders,9.0,,JH Kallis,6.0
419163,2009/10,2010-04-22,Mumbai,Dr DY Patil Sports Academy,T20,Chennai Super Kings,Deccan Chargers,Chennai Super Kings,bat,Chennai Super Kings,38.0,,DE Bollinger,
829721,2015,2015-04-14,Ahmedabad,"Sardar Patel Stadium, Motera",T20,Rajasthan Royals,Mumbai Indians,Mumbai Indians,bat,Rajasthan Royals,,7.0,SPD Smith,9.0
392205,2009,2009-05-02,Port Elizabeth,St George's Park,T20,Deccan Chargers,Rajasthan Royals,Deccan Chargers,bat,Rajasthan Royals,,3.0,YK Pathan,25.0
1304048,2022,2022-03-27,Mumbai,"Brabourne Stadium, Mumbai",T20,Mumbai Indians,Delhi Capitals,Delhi Capitals,field,Delhi Capitals,,4.0,Kuldeep Yadav,2.0
1529313,2026,2026-05-24,Kolkata,"Eden Gardens, Kolkata",T20,Delhi Capitals,Kolkata Knight Riders,Kolkata Knight Riders,field,Delhi Capitals,40.0,,Kuldeep Yadav,70.0
1082601,2017,2017-04-13,Kolkata,Eden Gardens,T20,Kolkata Knight Riders,Kings XI Punjab,Kolkata Knight Riders,field,Kolkata Knight Riders,,8.0,SP Narine,11.0
1304108,2022,2022-05-15,Mumbai,"Wankhede Stadium, Mumbai",T20,Chennai Super Kings,Gujarat Titans,Chennai Super Kings,bat,Gujarat Titans,,7.0,WP Saha,62.0
1254070,2021,2021-04-20,Chennai,"MA Chidambaram Stadium, Chepauk, Chennai",T20,Mumbai Indians,Delhi Capitals,Mumbai Indians,bat,Delhi Capitals,,6.0,A Mishra,13.0
1082596,2017,2017-04-09,Hyderabad,"Rajiv Gandhi International Stadium, Uppal",T20,Sunrisers Hyderabad,Gujarat Lions,Sunrisers Hyderabad,field,Sunrisers Hyderabad,,9.0,Rashid Khan,6.0
1304055,2022,2022-04-02,Mumbai,"Dr DY Patil Sports Academy, Mumbai",T20,Rajasthan Royals,Mumbai Indians,Mumbai Indians,field,Rajasthan Royals,23.0,,JC Buttler,9.0
1178397,2019,2019-04-08,Chandigarh,Punjab Cricket Association IS Bindra Stadium,T20,Sunrisers Hyderabad,Kings XI Punjab,Kings XI Punjab,field,Kings XI Punjab,,6.0,KL Rahul,22.0
1136566,2018,2018-04-11,Jaipur,Sawai Mansingh Stadium,T20,Rajasthan Royals,Delhi Daredevils,Delhi Daredevils,field,Rajasthan Royals,10.0,,SV Samson,6.0
1136577,2018,2018-04-20,Pune,Maharashtra Cricket Association Stadium,T20,Chennai Super Kings,Rajasthan Royals,Rajasthan Royals,field,Chennai Super Kings,64.0,,SR Watson,17.0
1082604,2017,2017-04-15,Kolkata,Eden Gardens,T20,Kolkata Knight Riders,Sunrisers Hyderabad,Sunrisers Hyderabad,field,Kolkata Knight Riders,17.0,,RV Uthappa,14.0
1473488,2025,2025-05-02,Ahmedabad,"Narendra Modi Stadium, Ahmedabad",T20,Gujarat Titans,Sunrisers Hyderabad,Sunrisers Hyderabad,field,Gujarat Titans,38.0,,M Prasidh Krishna,51.0
1136615,2018,2018-05-20,Delhi,Arun Jaitley Stadium,T20,Delhi Daredevils,Mumbai Indians,Delhi Daredevils,bat,Delhi Daredevils,11.0,,A Mishra,55.0
1422119,2024,2024-03-22,Chennai,"MA Chidambaram Stadium, Chepauk, Chennai",T20,Royal Challengers Bengaluru,Chennai Super Kings,Royal Challengers Bengaluru,bat,Chennai Super Kings,,6.0,Mustafizur Rahman,1.0
548333,2012,2012-04-21,Delhi,Feroz Shah Kotla,T20,Delhi Daredevils,Pune Warriors,Delhi Daredevils,field,Pune Warriors,20.0,,SC Ganguly,27.0
501252,2011,2011-05-11,Jaipur,Sawai Mansingh Stadium,T20,Rajasthan Royals,Royal Challengers Bangalore,Royal Challengers Bangalore,field,Royal Challengers Bangalore,,9.0,S Aravind,55.0
1426275,2024,2024-04-21,Mohali,"Maharaja Yadavindra Singh International Cricket Stadium, Mullanpur",T20,Punjab Kings,Gujarat Titans,Punjab Kings,bat,Gujarat Titans,,3.0,R Sai Kishore,37.0
598048,2013,2013-04-09,Bangalore,M Chinnaswamy Stadium,T20,Royal Challengers Bangalore,Sunrisers Hyderabad,Sunrisers Hyderabad,bat,Royal Challengers Bangalore,,7.0,V Kohli,9.0
1082641,2017,2017-05-11,Mumbai,Wankhede Stadium,T20,Mumbai Indians,Kings XI Punjab,Mumbai Indians,field,Kings XI Punjab,7.0,,WP Saha,51.0
1426271,2024,2024-04-18,Mohali,"Maharaja Yadavindra Singh International Cricket Stadium, Mullanpur",T20,Mumbai Indians,Punjab Kings,Punjab Kings,field,Mumbai Indians,9.0,,JJ Bumrah,33.0
1136595,2018,2018-05-05,Pune,Maharashtra Cricket Association Stadium,T20,Royal Challengers Bangalore,Chennai Super Kings,Chennai Super Kings,field,Chennai Super Kings,,6.0,RA Jadeja,35.0
1473438,2025,2025-03-22,Kolkata,"Eden Gardens, Kolkata",T20,Kolkata Knight Riders,Royal Challengers Bengaluru,Royal Challengers Bengaluru,field,Royal Challengers Bengaluru,,7.0,KH Pandya,1.0
1304071,2022,2022-04-15,Mumbai,"Brabourne Stadium, Mumbai",T20,Kolkata Knight Riders,Sunrisers Hyderabad,Sunrisers Hyderabad,field,Sunrisers Hyderabad,,7.0,RA Tripathi,25.0
598049,2013,2013-05-07,Jaipur,Sawai Mansingh Stadium,T20,Rajasthan Royals,Delhi Daredevils,Delhi Daredevils,bat,Rajasthan Royals,,9.0,AM Rahane,52.0
548330,2012,2012-04-19,Chennai,"MA Chidambaram Stadium, Chepauk",T20,Chennai Super Kings,Pune Warriors,Pune Warriors,field,Chennai Super Kings,13.0,,KMDN Kulasekara,24.0
392195,2009,2009-04-26,Cape Town,Newlands,T20,Kings XI Punjab,Rajasthan Royals,Kings XI Punjab,bat,Kings XI Punjab,27.0,,KC Sangakkara,15.0
548361,2012,2012-05-10,Jaipur,Sawai Mansingh Stadium,T20,Rajasthan Royals,Chennai Super Kings,Chennai Super Kings,field,Chennai Super Kings,,4.0,BW Hilfenhaus,56.0
829709,2015,2015-04-10,Pune,Maharashtra Cricket Association Stadium,T20,Kings XI Punjab,Rajasthan Royals,Kings XI Punjab,field,Rajasthan Royals,26.0,,JP Faulkner,3.0
419114,2009/10,2010-03-17,Delhi,Feroz Shah Kotla,T20,Delhi Daredevils,Mumbai Indians,Delhi Daredevils,field,Mumbai Indians,98.0,,SR Tendulkar,9.0
1527676,2026,2026-03-30,Guwahati,"Barsapara Cricket Stadium, Guwahati",T20,Chennai Super Kings,Rajasthan Royals,Rajasthan Royals,field,Rajasthan Royals,,8.0,N Burger,3.0
419159,2009/10,2010-04-18,Dharamsala,Himachal Pradesh Cricket Association Stadium,T20,Kings XI Punjab,Chennai Super Kings,Chennai Super Kings,field,Chennai Super Kings,,6.0,MS Dhoni,54.0
392203,2009,2009-05-01,East London,Buffalo Park,T20,Kolkata Knight Riders,Mumbai Indians,Mumbai Indians,bat,Mumbai Indians,9.0,,JP Duminy,23.0
1082626,2017,2017-04-30,Chandigarh,"Punjab Cricket Association IS Bindra Stadium, Mohali",T20,Kings XI Punjab,Delhi Daredevils,Kings XI Punjab,field,Kings XI Punjab,,10.0,Sandeep Sharma,36.0
980973,2016,2016-05-08,Visakhapatnam,Dr. Y.S. Rajasekhara Reddy ACA-VDCA Cricket Stadium,T20,Mumbai Indians,Sunrisers Hyderabad,Mumbai Indians,field,Sunrisers Hyderabad,85.0,,A Nehra,37.0
392217,2009,2009-05-09,Kimberley,De Beers Diamond Oval,T20,Chennai Super Kings,Rajasthan Royals,Rajasthan Royals,bat,Chennai Super Kings,,7.0,S Badrinath,37.0
1304101,2022,2022-05-08,Navi Mumbai,"Dr DY Patil Sports Academy, Mumbai",T20,Chennai Super Kings,Delhi Capitals,Delhi Capitals,field,Chennai Super Kings,91.0,,DP Conway,55.0
419121,2009/10,2010-03-21,Chennai,"MA Chidambaram Stadium, Chepauk",T20,Chennai Super Kings,Kings XI Punjab,Chennai Super Kings,field,,,,J Theron,16.0
1304088,2022,2022-04-29,Pune,"Maharashtra Cricket Association Stadium, Pune",T20,Lucknow Super Giants,Punjab Kings,Punjab Kings,field,Lucknow Super Giants,20.0,,KH Pandya,42.0
734007,2014,2014-05-14,Hyderabad,"Rajiv Gandhi International Stadium, Uppal",T20,Sunrisers Hyderabad,Kings XI Punjab,Kings XI Punjab,field,Kings XI Punjab,,6.0,WP Saha,39.0
1216503,2020/21,2020-10-01,Abu Dhabi,Sheikh Zayed Stadium,T20,Mumbai Indians,Kings XI Punjab,Kings XI Punjab,field,Mumbai Indians,48.0,,KA Pollard,13.0
1136593,2018,2018-05-03,Kolkata,Eden Gardens,T20,Chennai Super Kings,Kolkata Knight Riders,Kolkata Knight Riders,field,Kolkata Knight Riders,,6.0,SP Narine,33.0
548376,2012,2012-05-20,Hyderabad,"Rajiv Gandhi International Stadium, Uppal",T20,Deccan Chargers,Royal Challengers Bangalore,Royal Challengers Bangalore,field,Deccan Chargers,9.0,,DW Steyn,71.0
1216495,2020/21,2020-11-03,,Sharjah Cricket Stadium,T20,Mumbai Indians,Sunrisers Hyderabad,Sunrisers Hyderabad,field,Sunrisers Hyderabad,,10.0,S Nadeem,56.0
501263,2011,2011-05-20,Mumbai,Wankhede Stadium,T20,Mumbai Indians,Rajasthan Royals,Mumbai Indians,bat,Rajasthan Royals,,10.0,SR Watson,66.0
1304047,2022,2022-03-26,Mumbai,"Wankhede Stadium, Mumbai",T20,Chennai Super Kings,Kolkata Knight Riders,Kolkata Knight Riders,field,Kolkata Knight Riders,,6.0,UT Yadav,1.0
335988,2007/08,2008-04-22,Hyderabad,"Rajiv Gandhi International Stadium, Uppal",T20,Deccan Chargers,Delhi Daredevils,Deccan Chargers,bat,Delhi Daredevils,,9.0,V Sehwag,7.0
392211,2009,2009-05-05,Durban,Kingsmead,T20,Delhi Daredevils,Kolkata Knight Riders,Kolkata Knight Riders,bat,Delhi Daredevils,,9.0,G Gambhir,31.0
829715,2015,2015-04-12,Delhi,Feroz Shah Kotla,T20,Delhi Daredevils,Rajasthan Royals,Rajasthan Royals,field,Rajasthan Royals,,3.0,DJ Hooda,6.0
1529306,2026,2026-05-18,Chennai,"MA Chidambaram Stadium, Chepauk, Chennai",T20,Chennai Super Kings,Sunrisers Hyderabad,Chennai Super Kings,bat,Sunrisers Hyderabad,,5.0,Ishan Kishan,63.0
1359514,2023,2023-04-29,Delhi,"Arun Jaitley Stadium, Delhi",T20,Sunrisers Hyderabad,Delhi Capitals,Sunrisers Hyderabad,bat,Sunrisers Hyderabad,9.0,,MR Marsh,40.0
336024,2007/08,2008-05-18,Hyderabad,"Rajiv Gandhi International Stadium, Uppal",T20,Deccan Chargers,Mumbai Indians,Deccan Chargers,field,Mumbai Indians,25.0,,DJ Bravo,42.0
1216519,2020/21,2020-10-05,,Dubai International Cricket Stadium,T20,Delhi Capitals,Royal Challengers Bangalore,Royal Challengers Bangalore,field,Delhi Capitals,59.0,,AR Patel,19.0
1136589,2018,2018-04-29,Bengaluru,M.Chinnaswamy Stadium,T20,Royal Challengers Bangalore,Kolkata Knight Riders,Kolkata Knight Riders,field,Kolkata Knight Riders,,6.0,CA Lynn,29.0
1359532,2023,2023-05-13,Hyderabad,"Rajiv Gandhi International Stadium, Uppal, Hyderabad",T20,Sunrisers Hyderabad,Lucknow Super Giants,Sunrisers Hyderabad,bat,Lucknow Super Giants,,7.0,PN Mankad,58.0
1422132,2024,2024-04-01,Mumbai,"Wankhede Stadium, Mumbai",T20,Mumbai Indians,Rajasthan Royals,Rajasthan Royals,field,Rajasthan Royals,,6.0,TA Boult,14.0
829753,2015,2015-04-25,Chennai,"MA Chidambaram Stadium, Chepauk",T20,Chennai Super Kings,Kings XI Punjab,Chennai Super Kings,bat,Chennai Super Kings,97.0,,BB McCullum,24.0
1216543,2020/21,2020-10-14,,Dubai International Cricket Stadium,T20,Delhi Capitals,Rajasthan Royals,Delhi Capitals,bat,Delhi Capitals,13.0,,A Nortje,30.0
1473489,2025,2025-05-03,Bengaluru,"M Chinnaswamy Stadium, Bengaluru",T20,Royal Challengers Bengaluru,Chennai Super Kings,Chennai Super Kings,field,Royal Challengers Bengaluru,2.0,,R Shepherd,52.0
980917,2016,2016-04-16,Mumbai,Wankhede Stadium,T20,Mumbai Indians,Gujarat Lions,Gujarat Lions,field,Gujarat Lions,,3.0,AJ Finch,9.0
1254087,2021,2021-09-20,Abu Dhabi,"Zayed Cricket Stadium, Abu Dhabi",T20,Royal Challengers Bangalore,Kolkata Knight Riders,Royal Challengers Bangalore,bat,Kolkata Knight Riders,,9.0,CV Varun,31.0
1136594,2018,2018-05-04,Indore,Holkar Cricket Stadium,T20,Kings XI Punjab,Mumbai Indians,Mumbai Indians,field,Mumbai Indians,,6.0,SA Yadav,34.0
729283,2014,2014-04-18,Abu Dhabi,Sheikh Zayed Stadium,T20,Chennai Super Kings,Kings XI Punjab,Chennai Super Kings,bat,Kings XI Punjab,,6.0,GJ Maxwell,3.0
1426261,2024,2024-04-09,Mohali,"Maharaja Yadavindra Singh International Cricket Stadium, Mullanpur",T20,Sunrisers Hyderabad,Punjab Kings,Punjab Kings,field,Sunrisers Hyderabad,2.0,,Nithish Kumar Reddy,23.0
1082633,2017,2017-05-05,Bangalore,M Chinnaswamy Stadium,T20,Royal Challengers Bangalore,Kings XI Punjab,Royal Challengers Bangalore,field,Kings XI Punjab,19.0,,Sandeep Sharma,43.0
1304058,2022,2022-04-04,Mumbai,"Dr DY Patil Sports Academy, Mumbai",T20,Lucknow Super Giants,Sunrisers Hyderabad,Sunrisers Hyderabad,field,Lucknow Super Giants,12.0,,Avesh Khan,12.0
829723,2015,2015-04-30,Kolkata,Eden Gardens,T20,Kolkata Knight Riders,Chennai Super Kings,Kolkata Knight Riders,field,Kolkata Knight Riders,,7.0,AD Russell,30.0
1082613,2017,2017-04-21,Kolkata,Eden Gardens,T20,Kolkata Knight Riders,Gujarat Lions,Gujarat Lions,field,Gujarat Lions,,4.0,SK Raina,23.0
1178429,2019,2019-05-04,Bengaluru,M.Chinnaswamy Stadium,T20,Sunrisers Hyderabad,Royal Challengers Bangalore,Royal Challengers Bangalore,field,Royal Challengers Bangalore,,4.0,SO Hetmyer,54.0
1422138,2024,2024-04-07,Mumbai,"Wankhede Stadium, Mumbai",T20,Mumbai Indians,Delhi Capitals,Delhi Capitals,field,Mumbai Indians,29.0,,R Shepherd,20.0
336031,2007/08,2008-05-23,Chandigarh,"Punjab Cricket Association Stadium, Mohali",T20,Kings XI Punjab,Deccan Chargers,Kings XI Punjab,field,Kings XI Punjab,,6.0,SE Marsh,48.0
1529275,2026,2026-04-22,Lucknow,"Bharat Ratna Shri Atal Bihari Vajpayee Ekana Cricket Stadium, Lucknow",T20,Rajasthan Royals,Lucknow Super Giants,Lucknow Super Giants,field,Rajasthan Royals,40.0,,RA Jadeja,32.0
829745,2015,2015-04-22,Bangalore,M Chinnaswamy Stadium,T20,Royal Challengers Bangalore,Chennai Super Kings,Royal Challengers Bangalore,field,Chennai Super Kings,27.0,,SK Raina,20.0
1216534,2020/21,2020-09-21,,Dubai International Cricket Stadium,T20,Royal Challengers Bangalore,Sunrisers Hyderabad,Sunrisers Hyderabad,field,Royal Challengers Bangalore,10.0,,YS Chahal,3.0
1359538,2023,2023-05-17,Dharamsala,"Himachal Pradesh Cricket Association Stadium, Dharamsala",T20,Delhi Capitals,Punjab Kings,Punjab Kings,field,Delhi Capitals,15.0,,RR Rossouw,64.0
336006,2007/08,2008-05-05,Bangalore,M Chinnaswamy Stadium,T20,Royal Challengers Bangalore,Kings XI Punjab,Kings XI Punjab,field,Kings XI Punjab,,6.0,S Sreesanth,25.0
729285,2014,2014-04-18,Abu Dhabi,Sheikh Zayed Stadium,T20,Sunrisers Hyderabad,Rajasthan Royals,Rajasthan Royals,field,Rajasthan Royals,,4.0,AM Rahane,4.0
1136568,2018,2018-04-13,Bengaluru,M.Chinnaswamy Stadium,T20,Kings XI Punjab,Royal Challengers Bangalore,Royal Challengers Bangalore,field,Royal Challengers Bangalore,,4.0,UT Yadav,8.0
548309,2012,2012-04-06,Jaipur,Sawai Mansingh Stadium,T20,Rajasthan Royals,Kings XI Punjab,Kings XI Punjab,field,Rajasthan Royals,31.0,,AM Rahane,4.0
1304079,2022,2022-04-21,Navi Mumbai,"Dr DY Patil Sports Academy, Mumbai",T20,Mumbai Indians,Chennai Super Kings,Chennai Super Kings,field,Chennai Super Kings,,3.0,Mukesh Choudhary,33.0
501211,2011,2011-04-16,Chennai,"MA Chidambaram Stadium, Chepauk",T20,Chennai Super Kings,Royal Challengers Bangalore,Chennai Super Kings,bat,Chennai Super Kings,21.0,,MEK Hussey,14.0
1216504,2020/21,2020-09-30,,Dubai International Cricket Stadium,T20,Kolkata Knight Riders,Rajasthan Royals,Rajasthan Royals,field,Kolkata Knight Riders,37.0,,Shivam Mavi,12.0
1473506,2025,2025-05-26,Jaipur,"Sawai Mansingh Stadium, Jaipur",T20,Mumbai Indians,Punjab Kings,Punjab Kings,field,Punjab Kings,,7.0,JP Inglis,69.0
980903,2016,2016-04-10,Kolkata,Eden Gardens,T20,Kolkata Knight Riders,Delhi Daredevils,Kolkata Knight Riders,field,Kolkata Knight Riders,,9.0,AD Russell,2.0
1175357,2019,2019-03-24,Kolkata,Eden Gardens,T20,Sunrisers Hyderabad,Kolkata Knight Riders,Kolkata Knight Riders,field,Kolkata Knight Riders,,6.0,AD Russell,2.0
501218,2011,2011-04-20,Mumbai,Wankhede Stadium,T20,Mumbai Indians,Pune Warriors,Pune Warriors,bat,Mumbai Indians,,7.0,MM Patel,21.0
1359478,2023,2023-04-02,Hyderabad,"Rajiv Gandhi International Stadium, Uppal, Hyderabad",T20,Rajasthan Royals,Sunrisers Hyderabad,Sunrisers Hyderabad,field,Rajasthan Royals,72.0,,JC Buttler,4.0
548314,2012,2012-04-09,Visakhapatnam,Dr. Y.S. Rajasekhara Reddy ACA-VDCA Cricket Stadium,T20,Deccan Chargers,Mumbai Indians,Deccan Chargers,bat,Mumbai Indians,,5.0,RG Sharma,9.0
1216525,2020/21,2020-10-10,,Dubai International Cricket Stadium,T20,Royal Challengers Bangalore,Chennai Super Kings,Royal Challengers Bangalore,bat,Royal Challengers Bangalore,37.0,,V Kohli,25.0
1178420,2019,2019-04-27,Jaipur,Sawai Mansingh Stadium,T20,Sunrisers Hyderabad,Rajasthan Royals,Rajasthan Royals,field,Rajasthan Royals,,7.0,JD Unadkat,45.0
1529295,2026,2026-05-09,Jaipur,"Sawai Mansingh Stadium, Jaipur",T20,Gujarat Titans,Rajasthan Royals,Rajasthan Royals,field,Gujarat Titans,77.0,,Rashid Khan,52.0
336003,2007/08,2008-05-03,Chandigarh,"Punjab Cricket Association Stadium, Mohali",T20,Kings XI Punjab,Kolkata Knight Riders,Kings XI Punjab,bat,Kings XI Punjab,9.0,,IK Pathan,22.0
1175372,2019,2019-04-05,Bengaluru,M.Chinnaswamy Stadium,T20,Royal Challengers Bangalore,Kolkata Knight Riders,Kolkata Knight Riders,field,Kolkata Knight Riders,,5.0,AD Russell,17.0
829823,2015,2015-05-24,Kolkata,Eden Gardens,T20,Mumbai Indians,Chennai Super Kings,Chennai Super Kings,field,Mumbai Indians,41.0,,RG Sharma,
1216536,2020/21,2020-10-29,,Dubai International Cricket Stadium,T20,Kolkata Knight Riders,Chennai Super Kings,Chennai Super Kings,field,Chennai Super Kings,,6.0,RD Gaikwad,49.0
1426309,2024,2024-05-21,Ahmedabad,"Narendra Modi Stadium, Ahmedabad",T20,Sunrisers Hyderabad,Kolkata Knight Riders,Sunrisers Hyderabad,bat,Kolkata Knight Riders,,8.0,MA Starc,
392214,2009,2009-05-07,Centurion,SuperSport Park,T20,Chennai Super Kings,Kings XI Punjab,Chennai Super Kings,bat,Chennai Super Kings,12.0,,ML Hayden,34.0
501215,2011,2011-04-18,Kochi,Nehru Stadium,T20,Kochi Tuskers Kerala,Chennai Super Kings,Kochi Tuskers Kerala,field,Kochi Tuskers Kerala,,7.0,BB McCullum,18.0
1304049,2022,2022-03-27,Mumbai,"Dr DY Patil Sports Academy, Mumbai",T20,Royal Challengers Bangalore,Punjab Kings,Punjab Kings,field,Punjab Kings,,5.0,OF Smith,3.0
1216502,2020/21,2020-10-31,,Sharjah Cricket Stadium,T20,Royal Challengers Bangalore,Sunrisers Hyderabad,Sunrisers Hyderabad,field,Sunrisers Hyderabad,,5.0,Sandeep Sharma,52.0
1359490,2023,2023-04-11,Delhi,"Arun Jaitley Stadium, Delhi",T20,Delhi Capitals,Mumbai Indians,Mumbai Indians,field,Mumbai Indians,,6.0,RG Sharma,16.0
598024,2013,2013-04-21,Delhi,Feroz Shah Kotla,T20,Delhi Daredevils,Mumbai Indians,Mumbai Indians,bat,Delhi Daredevils,,9.0,V Sehwag,28.0
829769,2015,2015-05-01,Mumbai,Wankhede Stadium,T20,Mumbai Indians,Rajasthan Royals,Rajasthan Royals,field,Mumbai Indians,8.0,,AT Rayudu,32.0
1136585,2018,2018-04-26,Hyderabad,Rajiv Gandhi International Stadium,T20,Sunrisers Hyderabad,Kings XI Punjab,Kings XI Punjab,field,Sunrisers Hyderabad,13.0,,AS Rajpoot,25.0
1304078,2022,2022-04-20,Mumbai,"Brabourne Stadium, Mumbai",T20,Punjab Kings,Delhi Capitals,Delhi Capitals,field,Delhi Capitals,,9.0,Kuldeep Yadav,32.0
1529292,2026,2026-05-06,Hyderabad,"Rajiv Gandhi International Stadium, Uppal, Hyderabad",T20,Sunrisers Hyderabad,Punjab Kings,Punjab Kings,field,Sunrisers Hyderabad,33.0,,PJ Cummins,49.0
1254086,2021,2021-05-02,Ahmedabad,"Narendra Modi Stadium, Ahmedabad",T20,Punjab Kings,Delhi Capitals,Delhi Capitals,field,Delhi Capitals,,7.0,MA Agarwal,29.0
733997,2014,2014-05-11,Cuttack,Barabati Stadium,T20,Kings XI Punjab,Kolkata Knight Riders,Kolkata Knight Riders,field,Kolkata Knight Riders,,9.0,G Gambhir,34.0
1304103,2022,2022-05-10,Pune,"Maharashtra Cricket Association Stadium, Pune",T20,Gujarat Titans,Lucknow Super Giants,Gujarat Titans,bat,Gujarat Titans,62.0,,Shubman Gill,57.0
1473492,2025,2025-05-05,Hyderabad,"Rajiv Gandhi International Stadium, Uppal, Hyderabad",T20,Delhi Capitals,Sunrisers Hyderabad,Sunrisers Hyderabad,field,,,,,55.0
1254103,2021,2021-09-29,Dubai,Dubai International Cricket Stadium,T20,Rajasthan Royals,Royal Challengers Bangalore,Royal Challengers Bangalore,field,Royal Challengers Bangalore,,7.0,YS Chahal,43.0
1082620,2017,2017-04-26,Pune,Maharashtra Cricket Association Stadium,T20,Rising Pune Supergiant,Kolkata Knight Riders,Kolkata Knight Riders,field,Kolkata Knight Riders,,7.0,RV Uthappa,30.0
501253,2011,2011-05-12,Chennai,"MA Chidambaram Stadium, Chepauk",T20,Chennai Super Kings,Delhi Daredevils,Chennai Super Kings,bat,Chennai Super Kings,18.0,,MS Dhoni,56.0
1529296,2026,2026-05-10,Chennai,"MA Chidambaram Stadium, Chepauk, Chennai",T20,Lucknow Super Giants,Chennai Super Kings,Chennai Super Kings,field,Chennai Super Kings,,5.0,J Overton,53.0
1529301,2026,2026-05-14,Dharamsala,"Himachal Pradesh Cricket Association Stadium, Dharamsala",T20,Punjab Kings,Mumbai Indians,Mumbai Indians,field,Mumbai Indians,,6.0,Tilak Varma,58.0
1082612,2017,2017-04-20,Indore,Holkar Cricket Stadium,T20,Kings XI Punjab,Mumbai Indians,Mumbai Indians,field,Mumbai Indians,,8.0,JC Buttler,22.0
1312197,2022,2022-05-24,Kolkata,"Eden Gardens, Kolkata",T20,Rajasthan Royals,Gujarat Titans,Gujarat Titans,field,Gujarat Titans,,7.0,DA Miller,
1473462,2025,2025-04-11,Chennai,"MA Chidambaram Stadium, Chepauk, Chennai",T20,Chennai Super Kings,Kolkata Knight Riders,Kolkata Knight Riders,field,Kolkata Knight Riders,,8.0,SP Narine,25.0
1426295,2024,2024-05-08,Hyderabad,"Rajiv Gandhi International Stadium, Uppal, Hyderabad",T20,Lucknow Super Giants,Sunrisers Hyderabad,Lucknow Super Giants,bat,Sunrisers Hyderabad,,10.0,TM Head,57.0
419140,2009/10,2010-04-04,Delhi,Feroz Shah Kotla,T20,Delhi Daredevils,Royal Challengers Bangalore,Delhi Daredevils,bat,Delhi Daredevils,37.0,,PD Collingwood,35.0
1359534,2023,2023-05-14,Jaipur,"Sawai Mansingh Stadium, Jaipur",T20,Royal Challengers Bangalore,Rajasthan Royals,Royal Challengers Bangalore,bat,Royal Challengers Bangalore,112.0,,WD Parnell,60.0
1370351,2023,2023-05-24,Chennai,"MA Chidambaram Stadium, Chepauk, Chennai",T20,Mumbai Indians,Lucknow Super Giants,Mumbai Indians,bat,Mumbai Indians,81.0,,Akash Madhwal,
1473502,2025,2025-05-22,Ahmedabad,"Narendra Modi Stadium, Ahmedabad",T20,Lucknow Super Giants,Gujarat Titans,Gujarat Titans,field,Lucknow Super Giants,33.0,,MR Marsh,64.0
1178431,2019,2019-05-05,Mumbai,Wankhede Stadium,T20,Kolkata Knight Riders,Mumbai Indians,Mumbai Indians,field,Mumbai Indians,,9.0,HH Pandya,56.0
336007,2007/08,2008-05-06,Chennai,"MA Chidambaram Stadium, Chepauk",T20,Chennai Super Kings,Deccan Chargers,Deccan Chargers,field,Deccan Chargers,,7.0,AC Gilchrist,26.0
980921,2016,2016-04-17,Bangalore,M Chinnaswamy Stadium,T20,Royal Challengers Bangalore,Delhi Daredevils,Delhi Daredevils,field,Delhi Daredevils,,7.0,Q de Kock,11.0
1359537,2023,2023-05-16,Lucknow,"Bharat Ratna Shri Atal Bihari Vajpayee Ekana Cricket Stadium, Lucknow",T20,Lucknow Super Giants,Mumbai Indians,Mumbai Indians,field,Lucknow Super Giants,5.0,,MP Stoinis,63.0
734019,2014,2014-05-19,Delhi,Feroz Shah Kotla,T20,Delhi Daredevils,Kings XI Punjab,Kings XI Punjab,field,Kings XI Punjab,,4.0,AR Patel,45.0
392202,2009,2009-04-30,Centurion,SuperSport Park,T20,Chennai Super Kings,Rajasthan Royals,Rajasthan Royals,field,Chennai Super Kings,38.0,,SK Raina,22.0
1304075,2022,2022-04-17,Pune,"Maharashtra Cricket Association Stadium, Pune",T20,Chennai Super Kings,Gujarat Titans,Gujarat Titans,field,Gujarat Titans,,3.0,DA Miller,29.0
335996,2007/08,2008-04-28,Bangalore,M Chinnaswamy Stadium,T20,Royal Challengers Bangalore,Chennai Super Kings,Chennai Super Kings,bat,Chennai Super Kings,13.0,,MS Dhoni,15.0
1359520,2023,2023-05-03,Chandigarh,"Punjab Cricket Association IS Bindra Stadium, Mohali, Chandigarh",T20,Punjab Kings,Mumbai Indians,Mumbai Indians,field,Mumbai Indians,,6.0,Ishan Kishan,46.0
548353,2012,2012-05-05,Kolkata,Eden Gardens,T20,Kolkata Knight Riders,Pune Warriors,Kolkata Knight Riders,bat,Kolkata Knight Riders,7.0,,SP Narine,47.0
1254109,2021,2021-10-03,Dubai,Dubai International Cricket Stadium,T20,Sunrisers Hyderabad,Kolkata Knight Riders,Sunrisers Hyderabad,bat,Kolkata Knight Riders,,6.0,Shubman Gill,49.0
980919,2016,2016-04-17,Chandigarh,"Punjab Cricket Association IS Bindra Stadium, Mohali",T20,Kings XI Punjab,Rising Pune Supergiants,Rising Pune Supergiants,bat,Kings XI Punjab,,6.0,M Vohra,10.0
1527684,2026,2026-04-05,Bengaluru,"M Chinnaswamy Stadium, Bengaluru",T20,Royal Challengers Bengaluru,Chennai Super Kings,Chennai Super Kings,field,Royal Challengers Bengaluru,43.0,,TH David,11.0
1529282,2026,2026-04-27,Delhi,"Arun Jaitley Stadium, Delhi",T20,Delhi Capitals,Royal Challengers Bengaluru,Royal Challengers Bengaluru,field,Royal Challengers Bengaluru,,9.0,JR Hazlewood,39.0
336015,2007/08,2008-05-11,Jaipur,Sawai Mansingh Stadium,T20,Rajasthan Royals,Delhi Daredevils,Rajasthan Royals,field,Rajasthan Royals,,3.0,SR Watson,33.0
1178393,2019,2019-04-06,Chennai,MA Chidambaram Stadium,T20,Chennai Super Kings,Kings XI Punjab,Chennai Super Kings,bat,Chennai Super Kings,22.0,,Harbhajan Singh,18.0
501210,2011,2011-04-15,Mumbai,Wankhede Stadium,T20,Mumbai Indians,Kochi Tuskers Kerala,Kochi Tuskers Kerala,field,Kochi Tuskers Kerala,,8.0,BB McCullum,13.0
1529280,2026,2026-04-26,Chennai,"MA Chidambaram Stadium, Chepauk, Chennai",T20,Chennai Super Kings,Gujarat Titans,Gujarat Titans,field,Gujarat Titans,,8.0,K Rabada,37.0
1359515,2023,2023-04-30,Chennai,"MA Chidambaram Stadium, Chepauk, Chennai",T20,Chennai Super Kings,Punjab Kings,Chennai Super Kings,bat,Punjab Kings,,4.0,DP Conway,41.0
1473464,2025,2025-04-12,Hyderabad,"Rajiv Gandhi International Stadium, Uppal, Hyderabad",T20,Punjab Kings,Sunrisers Hyderabad,Punjab Kings,bat,Sunrisers Hyderabad,,8.0,Abhishek Sharma,27.0
1426284,2024,2024-04-28,Chennai,"MA Chidambaram Stadium, Chepauk, Chennai",T20,Chennai Super Kings,Sunrisers Hyderabad,Sunrisers Hyderabad,field,Chennai Super Kings,78.0,,RD Gaikwad,46.0
1082638,2017,2017-05-08,Hyderabad,"Rajiv Gandhi International Stadium, Uppal",T20,Sunrisers Hyderabad,Mumbai Indians,Mumbai Indians,bat,Sunrisers Hyderabad,,7.0,S Dhawan,48.0
733977,2014,2014-05-04,Bangalore,M Chinnaswamy Stadium,T20,Royal Challengers Bangalore,Sunrisers Hyderabad,Royal Challengers Bangalore,field,Royal Challengers Bangalore,,4.0,AB de Villiers,24.0
1422120,2024,2024-03-23,Mohali,"Maharaja Yadavindra Singh International Cricket Stadium, Mullanpur",T20,Delhi Capitals,Punjab Kings,Punjab Kings,field,Punjab Kings,,4.0,SM Curran,2.0
980989,2016,2016-05-14,Kolkata,Eden Gardens,T20,Kolkata Knight Riders,Rising Pune Supergiants,Rising Pune Supergiants,bat,Kolkata Knight Riders,,8.0,YK Pathan,45.0
548331,2012,2012-04-20,Chandigarh,"Punjab Cricket Association Stadium, Mohali",T20,Kings XI Punjab,Royal Challengers Bangalore,Royal Challengers Bangalore,field,Royal Challengers Bangalore,,5.0,CH Gayle,25.0
1359489,2023,2023-04-10,Bengaluru,"M Chinnaswamy Stadium, Bengaluru",T20,Royal Challengers Bangalore,Lucknow Super Giants,Lucknow Super Giants,field,Lucknow Super Giants,,1.0,N Pooran,15.0
548322,2012,2012-04-14,Pune,Subrata Roy Sahara Stadium,T20,Pune Warriors,Chennai Super Kings,Chennai Super Kings,bat,Pune Warriors,,7.0,JD Ryder,16.0
501231,2011,2011-04-29,Jaipur,Sawai Mansingh Stadium,T20,Rajasthan Royals,Mumbai Indians,Rajasthan Royals,field,Rajasthan Royals,,7.0,J Botha,34.0
598060,2013,2013-05-13,Mumbai,Wankhede Stadium,T20,Mumbai Indians,Sunrisers Hyderabad,Sunrisers Hyderabad,bat,Mumbai Indians,,7.0,KA Pollard,62.0
1254068,2021,2021-04-18,Mumbai,"Wankhede Stadium, Mumbai",T20,Punjab Kings,Delhi Capitals,Delhi Capitals,field,Delhi Capitals,,6.0,S Dhawan,11.0
1136611,2018,2018-05-17,Bengaluru,M.Chinnaswamy Stadium,T20,Royal Challengers Bangalore,Sunrisers Hyderabad,Sunrisers Hyderabad,field,Royal Challengers Bangalore,14.0,,AB de Villiers,51.0
1254060,2021,2021-04-11,Chennai,"MA Chidambaram Stadium, Chepauk, Chennai",T20,Kolkata Knight Riders,Sunrisers Hyderabad,Sunrisers Hyderabad,field,Kolkata Knight Riders,10.0,,N Rana,3.0
1304072,2022,2022-04-16,Mumbai,"Brabourne Stadium, Mumbai",T20,Lucknow Super Giants,Mumbai Indians,Mumbai Indians,field,Lucknow Super Giants,18.0,,KL Rahul,26.0
1359501,2023,2023-04-20,Chandigarh,"Punjab Cricket Association IS Bindra Stadium, Mohali, Chandigarh",T20,Royal Challengers Bangalore,Punjab Kings,Punjab Kings,field,Royal Challengers Bangalore,24.0,,Mohammed Siraj,27.0
392200,2009,2009-04-29,Durban,Kingsmead,T20,Kings XI Punjab,Mumbai Indians,Kings XI Punjab,bat,Kings XI Punjab,3.0,,KC Sangakkara,20.0
1304060,2022,2022-04-06,Pune,"Maharashtra Cricket Association Stadium, Pune",T20,Mumbai Indians,Kolkata Knight Riders,Kolkata Knight Riders,field,Kolkata Knight Riders,,5.0,PJ Cummins,14.0
729301,2014,2014-04-25,,Dubai International Cricket Stadium,T20,Sunrisers Hyderabad,Delhi Daredevils,Sunrisers Hyderabad,bat,Sunrisers Hyderabad,4.0,,AJ Finch,12.0
1254062,2021,2021-04-13,Chennai,"MA Chidambaram Stadium, Chepauk, Chennai",T20,Mumbai Indians,Kolkata Knight Riders,Kolkata Knight Riders,field,Mumbai Indians,10.0,,RD Chahar,5.0
335986,2007/08,2008-04-20,Kolkata,Eden Gardens,T20,Kolkata Knight Riders,Deccan Chargers,Deccan Chargers,bat,Kolkata Knight Riders,,5.0,DJ Hussey,4.0
1304067,2022,2022-04-11,Mumbai,"Dr DY Patil Sports Academy, Mumbai",T20,Gujarat Titans,Sunrisers Hyderabad,Sunrisers Hyderabad,field,Sunrisers Hyderabad,,8.0,KS Williamson,21.0
1254116,2021,2021-10-13,Sharjah,Sharjah Cricket Stadium,T20,Delhi Capitals,Kolkata Knight Riders,Kolkata Knight Riders,field,Kolkata Knight Riders,,3.0,VR Iyer,
501206,2011,2011-04-13,Chandigarh,"Punjab Cricket Association Stadium, Mohali",T20,Kings XI Punjab,Chennai Super Kings,Kings XI Punjab,field,Kings XI Punjab,,6.0,PC Valthaty,9.0
548328,2012,2012-04-18,Chandigarh,"Punjab Cricket Association Stadium, Mohali",T20,Kings XI Punjab,Kolkata Knight Riders,Kings XI Punjab,bat,Kolkata Knight Riders,,8.0,G Gambhir,22.0
1426310,2024,2024-05-22,Ahmedabad,"Narendra Modi Stadium, Ahmedabad",T20,Royal Challengers Bengaluru,Rajasthan Royals,Rajasthan Royals,field,Rajasthan Royals,,4.0,R Ashwin,
1529276,2026,2026-04-23,Mumbai,"Wankhede Stadium, Mumbai",T20,Chennai Super Kings,Mumbai Indians,Mumbai Indians,field,Chennai Super Kings,103.0,,SV Samson,33.0
1216499,2020/21,2020-10-28,Abu Dhabi,Sheikh Zayed Stadium,T20,Royal Challengers Bangalore,Mumbai Indians,Mumbai Indians,field,Mumbai Indians,,5.0,SA Yadav,48.0
1304097,2022,2022-05-06,Mumbai,"Brabourne Stadium, Mumbai",T20,Mumbai Indians,Gujarat Titans,Gujarat Titans,field,Mumbai Indians,5.0,,TH David,51.0
1529277,2026,2026-04-24,Bengaluru,"M Chinnaswamy Stadium, Bengaluru",T20,Gujarat Titans,Royal Challengers Bengaluru,Royal Challengers Bengaluru,field,Royal Challengers Bengaluru,,5.0,V Kohli,34.0
1359484,2023,2023-04-07,Lucknow,"Bharat Ratna Shri Atal Bihari Vajpayee Ekana Cricket Stadium, Lucknow",T20,Sunrisers Hyderabad,Lucknow Super Giants,Sunrisers Hyderabad,bat,Lucknow Super Giants,,5.0,KH Pandya,10.0
419124,2009/10,2010-03-24,Chandigarh,"Punjab Cricket Association Stadium, Mohali",T20,Kings XI Punjab,Rajasthan Royals,Kings XI Punjab,field,Rajasthan Royals,31.0,,AC Voges,19.0
734045,2014,2014-05-28,Mumbai,Brabourne Stadium,T20,Chennai Super Kings,Mumbai Indians,Chennai Super Kings,field,Chennai Super Kings,,7.0,SK Raina,
1216505,2020/21,2020-11-02,Abu Dhabi,Sheikh Zayed Stadium,T20,Royal Challengers Bangalore,Delhi Capitals,Delhi Capitals,field,Delhi Capitals,,6.0,A Nortje,55.0
829735,2015,2015-04-19,Ahmedabad,"Sardar Patel Stadium, Motera",T20,Rajasthan Royals,Chennai Super Kings,Chennai Super Kings,bat,Rajasthan Royals,,8.0,AM Rahane,15.0
598057,2013,2013-05-12,Ranchi,JSCA International Stadium Complex,T20,Kolkata Knight Riders,Royal Challengers Bangalore,Kolkata Knight Riders,field,Kolkata Knight Riders,,5.0,JH Kallis,60.0
598012,2013,2013-04-13,Chennai,"MA Chidambaram Stadium, Chepauk",T20,Chennai Super Kings,Royal Challengers Bangalore,Chennai Super Kings,field,Chennai Super Kings,,4.0,RA Jadeja,16.0
419144,2009/10,2010-04-07,Kolkata,Eden Gardens,T20,Kolkata Knight Riders,Delhi Daredevils,Kolkata Knight Riders,bat,Kolkata Knight Riders,14.0,,SC Ganguly,39.0
336010,2007/08,2008-05-08,Kolkata,Eden Gardens,T20,Kolkata Knight Riders,Royal Challengers Bangalore,Kolkata Knight Riders,bat,Kolkata Knight Riders,5.0,,SC Ganguly,29.0
1527692,2026,2026-04-12,Lucknow,"Bharat Ratna Shri Atal Bihari Vajpayee Ekana Cricket Stadium, Lucknow",T20,Lucknow Super Giants,Gujarat Titans,Gujarat Titans,field,Gujarat Titans,,7.0,M Prasidh Krishna,19.0
598005,2013,2013-04-08,Jaipur,Sawai Mansingh Stadium,T20,Rajasthan Royals,Kolkata Knight Riders,Kolkata Knight Riders,field,Rajasthan Royals,19.0,,SK Trivedi,8.0
1304086,2022,2022-04-27,Mumbai,"Wankhede Stadium, Mumbai",T20,Sunrisers Hyderabad,Gujarat Titans,Gujarat Titans,field,Gujarat Titans,,5.0,Umran Malik,40.0
548318,2012,2012-04-12,Chennai,"MA Chidambaram Stadium, Chepauk",T20,Chennai Super Kings,Royal Challengers Bangalore,Royal Challengers Bangalore,bat,Chennai Super Kings,,5.0,F du Plessis,13.0
1426287,2024,2024-05-01,Chennai,"MA Chidambaram Stadium, Chepauk, Chennai",T20,Chennai Super Kings,Punjab Kings,Punjab Kings,field,Punjab Kings,,7.0,Harpreet Brar,49.0
1304111,2022,2022-05-17,Mumbai,"Wankhede Stadium, Mumbai",T20,Sunrisers Hyderabad,Mumbai Indians,Mumbai Indians,field,Sunrisers Hyderabad,3.0,,RA Tripathi,65.0
419162,2009/10,2010-04-21,Mumbai,Dr DY Patil Sports Academy,T20,Royal Challengers Bangalore,Mumbai Indians,Mumbai Indians,bat,Mumbai Indians,35.0,,KA Pollard,
1426282,2024,2024-04-27,Lucknow,"Bharat Ratna Shri Atal Bihari Vajpayee Ekana Cricket Stadium, Lucknow",T20,Lucknow Super Giants,Rajasthan Royals,Rajasthan Royals,field,Rajasthan Royals,,7.0,SV Samson,44.0
1254078,2021,2021-04-26,Ahmedabad,"Narendra Modi Stadium, Ahmedabad",T20,Punjab Kings,Kolkata Knight Riders,Kolkata Knight Riders,field,Kolkata Knight Riders,,5.0,EJG Morgan,21.0
829807,2015,2015-05-15,Hyderabad,"Rajiv Gandhi International Stadium, Uppal",T20,Sunrisers Hyderabad,Royal Challengers Bangalore,Sunrisers Hyderabad,bat,Royal Challengers Bangalore,,6.0,V Kohli,52.0
1136608,2018,2018-05-14,Indore,Holkar Cricket Stadium,T20,Kings XI Punjab,Royal Challengers Bangalore,Royal Challengers Bangalore,field,Royal Challengers Bangalore,,10.0,UT Yadav,48.0
501249,2011,2011-05-09,Jaipur,Sawai Mansingh Stadium,T20,Rajasthan Royals,Chennai Super Kings,Rajasthan Royals,field,Chennai Super Kings,63.0,,M Vijay,52.0
1304083,2022,2022-04-24,Mumbai,"Wankhede Stadium, Mumbai",T20,Lucknow Super Giants,Mumbai Indians,Mumbai Indians,field,Lucknow Super Giants,36.0,,KL Rahul,37.0
1136563,2018,2018-04-08,Kolkata,Eden Gardens,T20,Royal Challengers Bangalore,Kolkata Knight Riders,Kolkata Knight Riders,field,Kolkata Knight Riders,,4.0,SP Narine,3.0
1359535,2023,2023-05-14,Chennai,"MA Chidambaram Stadium, Chepauk, Chennai",T20,Chennai Super Kings,Kolkata Knight Riders,Chennai Super Kings,bat,Kolkata Knight Riders,,6.0,RK Singh,61.0
548348,2012,2012-05-01,Cuttack,Barabati Stadium,T20,Deccan Chargers,Pune Warriors,Deccan Chargers,bat,Deccan Chargers,13.0,,KC Sangakkara,42.0
598038,2013,2013-04-30,Pune,Subrata Roy Sahara Stadium,T20,Pune Warriors,Chennai Super Kings,Chennai Super Kings,bat,Chennai Super Kings,37.0,,MS Dhoni,42.0
1359526,2023,2023-05-07,Jaipur,"Sawai Mansingh Stadium, Jaipur",T20,Rajasthan Royals,Sunrisers Hyderabad,Rajasthan Royals,bat,Sunrisers Hyderabad,,4.0,GD Phillips,52.0
1473458,2025,2025-04-07,Mumbai,"Wankhede Stadium, Mumbai",T20,Royal Challengers Bengaluru,Mumbai Indians,Mumbai Indians,field,Royal Challengers Bengaluru,12.0,,RM Patidar,20.0
1304054,2022,2022-04-01,Mumbai,"Wankhede Stadium, Mumbai",T20,Punjab Kings,Kolkata Knight Riders,Kolkata Knight Riders,field,Kolkata Knight Riders,,6.0,UT Yadav,8.0
733985,2014,2014-05-07,Delhi,Feroz Shah Kotla,T20,Delhi Daredevils,Kolkata Knight Riders,Delhi Daredevils,bat,Kolkata Knight Riders,,8.0,G Gambhir,28.0
729295,2014,2014-04-22,,Sharjah Cricket Stadium,T20,Kings XI Punjab,Sunrisers Hyderabad,Sunrisers Hyderabad,field,Kings XI Punjab,72.0,,GJ Maxwell,9.0
1473485,2025,2025-04-29,Delhi,"Arun Jaitley Stadium, Delhi",T20,Kolkata Knight Riders,Delhi Capitals,Delhi Capitals,field,Kolkata Knight Riders,14.0,,SP Narine,48.0
1082606,2017,2017-04-16,Mumbai,Wankhede Stadium,T20,Mumbai Indians,Gujarat Lions,Mumbai Indians,field,Mumbai Indians,,6.0,N Rana,16.0
598027,2013,2013-04-23,Bangalore,M Chinnaswamy Stadium,T20,Royal Challengers Bangalore,Pune Warriors,Pune Warriors,field,Royal Challengers Bangalore,130.0,,CH Gayle,31.0
1175371,2019,2019-04-04,Delhi,Arun Jaitley Stadium,T20,Delhi Capitals,Sunrisers Hyderabad,Sunrisers Hyderabad,field,Sunrisers Hyderabad,,5.0,JM Bairstow,16.0
1254066,2021,2021-04-17,Chennai,"MA Chidambaram Stadium, Chepauk, Chennai",T20,Mumbai Indians,Sunrisers Hyderabad,Mumbai Indians,bat,Mumbai Indians,13.0,,KA Pollard,9.0
1473469,2025,2025-04-16,Delhi,"Arun Jaitley Stadium, Delhi",T20,Delhi Capitals,Rajasthan Royals,Rajasthan Royals,field,,,,MA Starc,32.0
548357,2012,2012-05-07,Delhi,Feroz Shah Kotla,T20,Delhi Daredevils,Kolkata Knight Riders,Delhi Daredevils,bat,Kolkata Knight Riders,,6.0,JH Kallis,51.0
419108,2009/10,2010-03-13,Chandigarh,"Punjab Cricket Association Stadium, Mohali",T20,Kings XI Punjab,Delhi Daredevils,Delhi Daredevils,field,Delhi Daredevils,,5.0,G Gambhir,3.0
1082618,2017,2017-04-24,Mumbai,Wankhede Stadium,T20,Mumbai Indians,Rising Pune Supergiant,Mumbai Indians,field,Rising Pune Supergiant,3.0,,BA Stokes,28.0
598039,2013,2013-05-01,Hyderabad,"Rajiv Gandhi International Stadium, Uppal",T20,Sunrisers Hyderabad,Mumbai Indians,Mumbai Indians,bat,Sunrisers Hyderabad,,7.0,I Sharma,43.0
829797,2015,2015-05-10,Chennai,"MA Chidambaram Stadium, Chepauk",T20,Chennai Super Kings,Rajasthan Royals,Chennai Super Kings,bat,Chennai Super Kings,12.0,,RA Jadeja,47.0
1473476,2025,2025-04-21,Kolkata,"Eden Gardens, Kolkata",T20,Gujarat Titans,Kolkata Knight Riders,Kolkata Knight Riders,field,Gujarat Titans,39.0,,Shubman Gill,39.0
548364,2012,2012-05-12,Chennai,"MA Chidambaram Stadium, Chepauk",T20,Chennai Super Kings,Delhi Daredevils,Chennai Super Kings,field,Chennai Super Kings,,9.0,BW Hilfenhaus,59.0
980987,2016,2016-05-14,Bangalore,M Chinnaswamy Stadium,T20,Royal Challengers Bangalore,Gujarat Lions,Gujarat Lions,field,Royal Challengers Bangalore,144.0,,AB de Villiers,44.0
1254061,2021,2021-04-12,Mumbai,"Wankhede Stadium, Mumbai",T20,Punjab Kings,Rajasthan Royals,Rajasthan Royals,field,Punjab Kings,4.0,,SV Samson,4.0
1527689,2026,2026-04-10,Guwahati,"Barsapara Cricket Stadium, Guwahati",T20,Royal Challengers Bengaluru,Rajasthan Royals,Rajasthan Royals,field,Rajasthan Royals,,6.0,V Suryavanshi,16.0
1359488,2023,2023-04-09,Hyderabad,"Rajiv Gandhi International Stadium, Uppal, Hyderabad",T20,Punjab Kings,Sunrisers Hyderabad,Sunrisers Hyderabad,field,Sunrisers Hyderabad,,8.0,S Dhawan,14.0
1178396,2019,2019-04-07,Jaipur,Sawai Mansingh Stadium,T20,Rajasthan Royals,Kolkata Knight Riders,Kolkata Knight Riders,field,Kolkata Knight Riders,,8.0,HF Gurney,21.0
419139,2009/10,2010-04-04,Kolkata,Eden Gardens,T20,Kolkata Knight Riders,Kings XI Punjab,Kolkata Knight Riders,bat,Kings XI Punjab,,8.0,DPMD Jayawardene,34.0
1304087,2022,2022-04-28,Mumbai,"Wankhede Stadium, Mumbai",T20,Kolkata Knight Riders,Delhi Capitals,Delhi Capitals,field,Delhi Capitals,,4.0,Kuldeep Yadav,41.0
1136609,2018,2018-05-15,Kolkata,Eden Gardens,T20,Rajasthan Royals,Kolkata Knight Riders,Kolkata Knight Riders,field,Kolkata Knight Riders,,6.0,Kuldeep Yadav,49.0
1359480,2023,2023-04-03,Chennai,"MA Chidambaram Stadium, Chepauk, Chennai",T20,Chennai Super Kings,Lucknow Super Giants,Lucknow Super Giants,field,Chennai Super Kings,12.0,,MM Ali,6.0
1359510,2023,2023-04-26,Bengaluru,"M Chinnaswamy Stadium, Bengaluru",T20,Kolkata Knight Riders,Royal Challengers Bangalore,Royal Challengers Bangalore,field,Kolkata Knight Riders,21.0,,CV Varun,36.0
980999,2016,2016-05-18,Bangalore,M Chinnaswamy Stadium,T20,Royal Challengers Bangalore,Kings XI Punjab,Kings XI Punjab,field,Royal Challengers Bangalore,82.0,,V Kohli,50.0
548326,2012,2012-04-17,Jaipur,Sawai Mansingh Stadium,T20,Rajasthan Royals,Deccan Chargers,Deccan Chargers,bat,Rajasthan Royals,,5.0,BJ Hodge,20.0
1136571,2018,2018-04-15,Bengaluru,M.Chinnaswamy Stadium,T20,Rajasthan Royals,Royal Challengers Bangalore,Royal Challengers Bangalore,field,Rajasthan Royals,19.0,,SV Samson,11.0
598007,2013,2013-04-10,Chandigarh,"Punjab Cricket Association Stadium, Mohali",T20,Kings XI Punjab,Chennai Super Kings,Chennai Super Kings,field,Chennai Super Kings,,10.0,MEK Hussey,11.0
392209,2009,2009-05-04,East London,Buffalo Park,T20,Chennai Super Kings,Deccan Chargers,Chennai Super Kings,bat,Chennai Super Kings,78.0,,MS Dhoni,29.0
1527693,2026,2026-04-12,Mumbai,"Wankhede Stadium, Mumbai",T20,Royal Challengers Bengaluru,Mumbai Indians,Mumbai Indians,field,Royal Challengers Bengaluru,18.0,,PD Salt,20.0
419150,2009/10,2010-04-11,Jaipur,Sawai Mansingh Stadium,T20,Rajasthan Royals,Mumbai Indians,Rajasthan Royals,field,Mumbai Indians,37.0,,SR Tendulkar,45.0
336008,2007/08,2008-05-07,Mumbai,Dr DY Patil Sports Academy,T20,Mumbai Indians,Rajasthan Royals,Mumbai Indians,field,Mumbai Indians,,7.0,A Nehra,27.0
598025,2013,2013-04-21,Chandigarh,"Punjab Cricket Association Stadium, Mohali",T20,Kings XI Punjab,Pune Warriors,Kings XI Punjab,field,Kings XI Punjab,,7.0,DA Miller,29.0
598030,2013,2013-04-25,Chennai,"MA Chidambaram Stadium, Chepauk",T20,Chennai Super Kings,Sunrisers Hyderabad,Sunrisers Hyderabad,bat,Chennai Super Kings,,5.0,MS Dhoni,34.0
1426300,2024,2024-05-12,Bengaluru,"M Chinnaswamy Stadium, Bengaluru",T20,Royal Challengers Bengaluru,Delhi Capitals,Delhi Capitals,field,Royal Challengers Bengaluru,47.0,,C Green,62.0
1426291,2024,2024-05-05,Dharamsala,"Himachal Pradesh Cricket Association Stadium, Dharamsala",T20,Chennai Super Kings,Punjab Kings,Punjab Kings,field,Chennai Super Kings,28.0,,RA Jadeja,53.0
1422129,2024,2024-03-30,Lucknow,"Bharat Ratna Shri Atal Bihari Vajpayee Ekana Cricket Stadium, Lucknow",T20,Lucknow Super Giants,Punjab Kings,Lucknow Super Giants,bat,Lucknow Super Giants,21.0,,MP Yadav,11.0
1304065,2022,2022-04-10,Mumbai,"Brabourne Stadium, Mumbai",T20,Delhi Capitals,Kolkata Knight Riders,Kolkata Knight Riders,field,Delhi Capitals,44.0,,Kuldeep Yadav,19.0
1426292,2024,2024-05-05,Lucknow,"Bharat Ratna Shri Atal Bihari Vajpayee Ekana Cricket Stadium, Lucknow",T20,Kolkata Knight Riders,Lucknow Super Giants,Lucknow Super Giants,field,Kolkata Knight Riders,98.0,,SP Narine,54.0
1426277,2024,2024-04-23,Chennai,"MA Chidambaram Stadium, Chepauk, Chennai",T20,Chennai Super Kings,Lucknow Super Giants,Lucknow Super Giants,field,Lucknow Super Giants,,6.0,MP Stoinis,39.0
1175358,2019,2019-03-24,Mumbai,Wankhede Stadium,T20,Delhi Capitals,Mumbai Indians,Mumbai Indians,field,Delhi Capitals,37.0,,RR Pant,3.0
829747,2015,2015-04-23,Delhi,Feroz Shah Kotla,T20,Delhi Daredevils,Mumbai Indians,Mumbai Indians,field,Delhi Daredevils,37.0,,SS Iyer,21.0
1136588,2018,2018-04-29,Jaipur,Sawai Mansingh Stadium,T20,Sunrisers Hyderabad,Rajasthan Royals,Sunrisers Hyderabad,bat,Sunrisers Hyderabad,11.0,,KS Williamson,28.0
1426281,2024,2024-04-27,Delhi,"Arun Jaitley Stadium, Delhi",T20,Delhi Capitals,Mumbai Indians,Mumbai Indians,field,Delhi Capitals,10.0,,J Fraser-McGurk,43.0
419142,2009/10,2010-04-06,Chennai,"MA Chidambaram Stadium, Chepauk",T20,Chennai Super Kings,Mumbai Indians,Chennai Super Kings,bat,Chennai Super Kings,24.0,,SK Raina,37.0
598045,2013,2013-05-14,Bangalore,M Chinnaswamy Stadium,T20,Royal Challengers Bangalore,Kings XI Punjab,Kings XI Punjab,field,Kings XI Punjab,,7.0,AC Gilchrist,63.0
1216509,2020/21,2020-10-17,,Sharjah Cricket Stadium,T20,Chennai Super Kings,Delhi Capitals,Chennai Super Kings,bat,Delhi Capitals,,5.0,S Dhawan,34.0
598016,2013,2013-04-16,Chandigarh,"Punjab Cricket Association Stadium, Mohali",T20,Kings XI Punjab,Kolkata Knight Riders,Kolkata Knight Riders,field,Kings XI Punjab,4.0,,MS Gony,20.0
598067,2013,2013-05-19,Pune,Subrata Roy Sahara Stadium,T20,Pune Warriors,Delhi Daredevils,Pune Warriors,bat,Pune Warriors,38.0,,LJ Wright,71.0
501261,2011,2011-05-18,Chennai,"MA Chidambaram Stadium, Chepauk",T20,Chennai Super Kings,Kochi Tuskers Kerala,Chennai Super Kings,bat,Chennai Super Kings,11.0,,WP Saha,64.0
1082615,2017,2017-04-22,Pune,Maharashtra Cricket Association Stadium,T20,Rising Pune Supergiant,Sunrisers Hyderabad,Rising Pune Supergiant,field,Rising Pune Supergiant,,6.0,MS Dhoni,24.0
980909,2016,2016-04-13,Kolkata,Eden Gardens,T20,Kolkata Knight Riders,Mumbai Indians,Mumbai Indians,field,Mumbai Indians,,6.0,RG Sharma,5.0
1178407,2019,2019-04-16,Chandigarh,Punjab Cricket Association IS Bindra Stadium,T20,Kings XI Punjab,Rajasthan Royals,Rajasthan Royals,field,Kings XI Punjab,12.0,,R Ashwin,32.0
1527677,2026,2026-03-31,New Chandigarh,"Maharaja Yadavindra Singh International Cricket Stadium, New Chandigarh",T20,Gujarat Titans,Punjab Kings,Punjab Kings,field,Punjab Kings,,3.0,C Connolly,4.0
729303,2014,2014-04-25,,Dubai International Cricket Stadium,T20,Chennai Super Kings,Mumbai Indians,Mumbai Indians,bat,Chennai Super Kings,,7.0,MM Sharma,13.0
336016,2007/08,2008-05-12,Chandigarh,"Punjab Cricket Association Stadium, Mohali",T20,Kings XI Punjab,Royal Challengers Bangalore,Royal Challengers Bangalore,bat,Kings XI Punjab,,9.0,SE Marsh,34.0
336040,2007/08,2008-06-01,Mumbai,Dr DY Patil Sports Academy,T20,Chennai Super Kings,Rajasthan Royals,Rajasthan Royals,field,Rajasthan Royals,,3.0,YK Pathan,
336012,2007/08,2008-05-28,Bangalore,M Chinnaswamy Stadium,T20,Royal Challengers Bangalore,Mumbai Indians,Mumbai Indians,field,Mumbai Indians,,9.0,CRD Fernando,55.0
392199,2009,2009-04-29,Durban,Kingsmead,T20,Royal Challengers Bangalore,Kolkata Knight Riders,Kolkata Knight Riders,bat,Royal Challengers Bangalore,,5.0,MV Boucher,19.0
548352,2012,2012-05-04,Chennai,"MA Chidambaram Stadium, Chepauk",T20,Chennai Super Kings,Deccan Chargers,Chennai Super Kings,bat,Chennai Super Kings,10.0,,SK Raina,46.0
1529267,2026,2026-04-16,Mumbai,"Wankhede Stadium, Mumbai",T20,Mumbai Indians,Punjab Kings,Punjab Kings,field,Punjab Kings,,7.0,Arshdeep Singh,24.0
733993,2014,2014-05-10,Delhi,Feroz Shah Kotla,T20,Delhi Daredevils,Sunrisers Hyderabad,Sunrisers Hyderabad,field,Sunrisers Hyderabad,,8.0,DW Steyn,32.0
980981,2016,2016-05-11,Bangalore,M Chinnaswamy Stadium,T20,Royal Challengers Bangalore,Mumbai Indians,Mumbai Indians,field,Mumbai Indians,,6.0,KH Pandya,41.0
1254114,2021,2021-10-10,Dubai,Dubai International Cricket Stadium,T20,Delhi Capitals,Chennai Super Kings,Chennai Super Kings,field,Chennai Super Kings,,4.0,RD Gaikwad,
981009,2016,2016-05-22,Kolkata,Eden Gardens,T20,Kolkata Knight Riders,Sunrisers Hyderabad,Sunrisers Hyderabad,field,Kolkata Knight Riders,22.0,,YK Pathan,55.0
501233,2011,2011-04-30,Kochi,Nehru Stadium,T20,Kochi Tuskers Kerala,Delhi Daredevils,Delhi Daredevils,bat,Delhi Daredevils,38.0,,V Sehwag,36.0
1082647,2017,2017-05-16,Mumbai,Wankhede Stadium,T20,Mumbai Indians,Rising Pune Supergiant,Mumbai Indians,field,Rising Pune Supergiant,20.0,,Washington Sundar,
392228,2009,2009-05-16,Johannesburg,New Wanderers Stadium,T20,Deccan Chargers,Kolkata Knight Riders,Deccan Chargers,field,Deccan Chargers,,6.0,RG Sharma,48.0
598059,2013,2013-04-23,Delhi,Feroz Shah Kotla,T20,Delhi Daredevils,Kings XI Punjab,Kings XI Punjab,field,Kings XI Punjab,,5.0,Harmeet Singh,32.0
1254099,2021,2021-09-28,Abu Dhabi,"Zayed Cricket Stadium, Abu Dhabi",T20,Punjab Kings,Mumbai Indians,Mumbai Indians,field,Mumbai Indians,,6.0,KA Pollard,42.0
501250,2011,2011-05-10,Hyderabad,"Rajiv Gandhi International Stadium, Uppal",T20,Deccan Chargers,Pune Warriors,Deccan Chargers,bat,Pune Warriors,,6.0,MR Marsh,53.0
392198,2009,2009-04-28,Centurion,SuperSport Park,T20,Delhi Daredevils,Rajasthan Royals,Delhi Daredevils,bat,Rajasthan Royals,,5.0,YK Pathan,18.0
1529287,2026,2026-05-02,Chennai,"MA Chidambaram Stadium, Chepauk, Chennai",T20,Mumbai Indians,Chennai Super Kings,Mumbai Indians,bat,Chennai Super Kings,,8.0,RD Gaikwad,44.0
1082598,2017,2017-04-10,Indore,Holkar Cricket Stadium,T20,Kings XI Punjab,Royal Challengers Bangalore,Royal Challengers Bangalore,bat,Kings XI Punjab,,8.0,AR Patel,8.0
1422133,2024,2024-04-02,Bengaluru,"M Chinnaswamy Stadium, Bengaluru",T20,Lucknow Super Giants,Royal Challengers Bengaluru,Royal Challengers Bengaluru,field,Lucknow Super Giants,28.0,,MP Yadav,15.0
1254102,2021,2021-10-01,Dubai,Dubai International Cricket Stadium,T20,Kolkata Knight Riders,Punjab Kings,Punjab Kings,field,Punjab Kings,,5.0,KL Rahul,45.0
734021,2014,2014-05-20,Hyderabad,"Rajiv Gandhi International Stadium, Uppal",T20,Sunrisers Hyderabad,Royal Challengers Bangalore,Royal Challengers Bangalore,bat,Sunrisers Hyderabad,,7.0,DA Warner,46.0
1304068,2022,2022-04-12,Mumbai,"Dr DY Patil Sports Academy, Mumbai",T20,Chennai Super Kings,Royal Challengers Bangalore,Royal Challengers Bangalore,field,Chennai Super Kings,23.0,,S Dube,22.0
392226,2009,2009-05-15,Bloemfontein,OUTsurance Oval,T20,Delhi Daredevils,Kings XI Punjab,Kings XI Punjab,field,Kings XI Punjab,,6.0,B Lee,46.0
419145,2009/10,2010-04-08,Bangalore,M Chinnaswamy Stadium,T20,Royal Challengers Bangalore,Deccan Chargers,Deccan Chargers,field,Deccan Chargers,,7.0,TL Suman,40.0
598037,2013,2013-04-29,Mumbai,Wankhede Stadium,T20,Mumbai Indians,Kings XI Punjab,Mumbai Indians,bat,Mumbai Indians,4.0,,RG Sharma,41.0
1136618,2018,2018-05-23,Kolkata,Eden Gardens,T20,Kolkata Knight Riders,Rajasthan Royals,Rajasthan Royals,field,Kolkata Knight Riders,25.0,,AD Russell,
1473499,2025,2025-05-19,Lucknow,"Bharat Ratna Shri Atal Bihari Vajpayee Ekana Cricket Stadium, Lucknow",T20,Lucknow Super Giants,Sunrisers Hyderabad,Sunrisers Hyderabad,field,Sunrisers Hyderabad,,6.0,Abhishek Sharma,61.0
980901,2016,2016-04-09,Mumbai,Wankhede Stadium,T20,Mumbai Indians,Rising Pune Supergiants,Mumbai Indians,bat,Rising Pune Supergiants,,9.0,AM Rahane,1.0
419113,2009/10,2010-03-16,Kolkata,Eden Gardens,T20,Kolkata Knight Riders,Chennai Super Kings,Chennai Super Kings,bat,Chennai Super Kings,55.0,,MS Dhoni,8.0
829795,2015,2015-05-10,Mumbai,Wankhede Stadium,T20,Mumbai Indians,Royal Challengers Bangalore,Royal Challengers Bangalore,bat,Royal Challengers Bangalore,39.0,,AB de Villiers,46.0
392196,2009,2009-04-27,Durban,Kingsmead,T20,Chennai Super Kings,Deccan Chargers,Deccan Chargers,field,Deccan Chargers,,6.0,HH Gibbs,16.0
1136578,2018,2018-04-21,Kolkata,Eden Gardens,T20,Kolkata Knight Riders,Kings XI Punjab,Kings XI Punjab,field,Kings XI Punjab,,9.0,KL Rahul,18.0
1359519,2023,2023-05-03,Lucknow,"Bharat Ratna Shri Atal Bihari Vajpayee Ekana Cricket Stadium, Lucknow",T20,Lucknow Super Giants,Chennai Super Kings,Chennai Super Kings,field,,,,,45.0
1254073,2021,2021-04-22,Mumbai,"Wankhede Stadium, Mumbai",T20,Rajasthan Royals,Royal Challengers Bangalore,Royal Challengers Bangalore,field,Royal Challengers Bangalore,,10.0,D Padikkal,16.0
336026,2007/08,2008-05-19,Bangalore,M Chinnaswamy Stadium,T20,Royal Challengers Bangalore,Delhi Daredevils,Delhi Daredevils,field,Delhi Daredevils,,5.0,SP Goswami,43.0
1237178,2020/21,2020-11-06,Abu Dhabi,Sheikh Zayed Stadium,T20,Royal Challengers Bangalore,Sunrisers Hyderabad,Sunrisers Hyderabad,field,Sunrisers Hyderabad,,6.0,KS Williamson,
335991,2007/08,2008-04-25,Chandigarh,"Punjab Cricket Association Stadium, Mohali",T20,Kings XI Punjab,Mumbai Indians,Mumbai Indians,field,Kings XI Punjab,66.0,,KC Sangakkara,10.0
501271,2011,2011-05-28,Chennai,"MA Chidambaram Stadium, Chepauk",T20,Chennai Super Kings,Royal Challengers Bangalore,Chennai Super Kings,bat,Chennai Super Kings,58.0,,M Vijay,
829793,2015,2015-05-09,Raipur,Shaheed Veer Narayan Singh International Stadium,T20,Delhi Daredevils,Sunrisers Hyderabad,Sunrisers Hyderabad,bat,Sunrisers Hyderabad,6.0,,MC Henriques,45.0
1304099,2022,2022-05-07,Pune,"Maharashtra Cricket Association Stadium, Pune",T20,Lucknow Super Giants,Kolkata Knight Riders,Kolkata Knight Riders,field,Lucknow Super Giants,75.0,,Avesh Khan,53.0
598001,2013,2013-04-06,Delhi,Feroz Shah Kotla,T20,Delhi Daredevils,Rajasthan Royals,Rajasthan Royals,bat,Rajasthan Royals,5.0,,R Dravid,4.0
548372,2012,2012-05-17,Delhi,Feroz Shah Kotla,T20,Delhi Daredevils,Royal Challengers Bangalore,Delhi Daredevils,field,Royal Challengers Bangalore,21.0,,CH Gayle,67.0
