Player,ESPN_Player_ID,Representative_Team,Photo_URL,ESPN_Profile_URL
A Ashish Reddy,1c2a64cd,Deccan Chargers,https://a.espncdn.com/i/headshots/cricket/players/full/1c2a64cd.png,https://www.espncricinfo.com/cricketers/a-ashish-reddy-1c2a64cd
A Badoni,872b03f7,Lucknow Super Giants,https://a.espncdn.com/i/headshots/cricket/players/full/872b03f7.png,https://www.espncricinfo.com/cricketers/a-badoni-872b03f7
A Chandila,99b202b3,Rajasthan Royals,https://a.espncdn.com/i/headshots/cricket/players/full/99b202b3.png,https://www.espncricinfo.com/cricketers/a-chandila-99b202b3
A Chopra,e249fdaa,Kolkata Knight Riders,https://a.espncdn.com/i/headshots/cricket/players/full/e249fdaa.png,https://www.espncricinfo.com/cricketers/a-chopra-e249fdaa
A Choudhary,18e6906e,Royal Challengers Bangalore,https://a.espncdn.com/i/headshots/cricket/players/full/18e6906e.png,https://www.espncricinfo.com/cricketers/a-choudhary-18e6906e
A Dananjaya,5b16a806,Mumbai Indians,https://a.espncdn.com/i/headshots/cricket/players/full/5b16a806.png,https://www.espncricinfo.com/cricketers/a-dananjaya-5b16a806
A Flintoff,ddc0828d,Chennai Super Kings,https://a.espncdn.com/i/headshots/cricket/players/full/ddc0828d.png,https://www.espncricinfo.com/cricketers/a-flintoff-ddc0828d
A Kamboj,fcc21ace,Chennai Super Kings,https://a.espncdn.com/i/headshots/cricket/players/full/fcc21ace.png,https://www.espncricinfo.com/cricketers/a-kamboj-fcc21ace
A Kumble,0c2730df,Royal Challengers Bangalore,https://a.espncdn.com/i/headshots/cricket/players/full/0c2730df.png,https://www.espncricinfo.com/cricketers/a-kumble-0c2730df
A Manohar,0890552f,Gujarat Titans,https://a.espncdn.com/i/headshots/cricket/players/full/0890552f.png,https://www.espncricinfo.com/cricketers/a-manohar-0890552f
A Mhatre,b2b4f545,Chennai Super Kings,https://a.espncdn.com/i/headshots/cricket/players/full/b2b4f545.png,https://www.espncricinfo.com/cricketers/a-mhatre-b2b4f545
A Mishra,6b19d823,Deccan Chargers,https://a.espncdn.com/i/headshots/cricket/players/full/6b19d823.png,https://www.espncricinfo.com/cricketers/a-mishra-6b19d823
A Mithun,66cf56a5,Royal Challengers Bangalore,https://a.espncdn.com/i/headshots/cricket/players/full/66cf56a5.png,https://www.espncricinfo.com/cricketers/a-mithun-66cf56a5
A Mukund,6165bca6,Chennai Super Kings,https://a.espncdn.com/i/headshots/cricket/players/full/6165bca6.png,https://www.espncricinfo.com/cricketers/a-mukund-6165bca6
A Nehra,96fd40ae,Chennai Super Kings,https://a.espncdn.com/i/headshots/cricket/players/full/96fd40ae.png,https://www.espncricinfo.com/cricketers/a-nehra-96fd40ae
A Nel,2503e881,Mumbai Indians,https://a.espncdn.com/i/headshots/cricket/players/full/2503e881.png,https://www.espncricinfo.com/cricketers/a-nel-2503e881
A Nortje,acdc62f5,Delhi Capitals,https://a.espncdn.com/i/headshots/cricket/players/full/acdc62f5.png,https://www.espncricinfo.com/cricketers/a-nortje-acdc62f5
A Raghuvanshi,d7017798,Kolkata Knight Riders,https://a.espncdn.com/i/headshots/cricket/players/full/d7017798.png,https://www.espncricinfo.com/cricketers/a-raghuvanshi-d7017798
A Singh,5b040b81,Rajasthan Royals,https://a.espncdn.com/i/headshots/cricket/players/full/5b040b81.png,https://www.espncricinfo.com/cricketers/a-singh-5b040b81
A Symonds,bd77eb62,Deccan Chargers,https://a.espncdn.com/i/headshots/cricket/players/full/bd77eb62.png,https://www.espncricinfo.com/cricketers/a-symonds-bd77eb62
A Tomar,aa5d8c9e,Kolkata Knight Riders,https://a.espncdn.com/i/headshots/cricket/players/full/aa5d8c9e.png,https://www.espncricinfo.com/cricketers/a-tomar-aa5d8c9e
A Uniyal,fdcb08c2,Rajasthan Royals,https://a.espncdn.com/i/headshots/cricket/players/full/fdcb08c2.png,https://www.espncricinfo.com/cricketers/a-uniyal-fdcb08c2
A Zampa,14f96089,Rajasthan Royals,https://a.espncdn.com/i/headshots/cricket/players/full/14f96089.png,https://www.espncricinfo.com/cricketers/a-zampa-14f96089
AA Bilakhia,bff458c6,Deccan Chargers,https://a.espncdn.com/i/headshots/cricket/players/full/bff458c6.png,https://www.espncricinfo.com/cricketers/aa-bilakhia-bff458c6
AA Chavan,29d72eb2,Rajasthan Royals,https://a.espncdn.com/i/headshots/cricket/players/full/29d72eb2.png,https://www.espncricinfo.com/cricketers/aa-chavan-29d72eb2
AA Jhunjhunwala,2815fe50,Deccan Chargers,https://a.espncdn.com/i/headshots/cricket/players/full/2815fe50.png,https://www.espncricinfo.com/cricketers/aa-jhunjhunwala-2815fe50
AA Kazi,16605a1b,Royal Challengers Bangalore,https://a.espncdn.com/i/headshots/cricket/players/full/16605a1b.png,https://www.espncricinfo.com/cricketers/aa-kazi-16605a1b
AA Kulkarni,2d140b79,Lucknow Super Giants,https://a.espncdn.com/i/headshots/cricket/players/full/2d140b79.png,https://www.espncricinfo.com/cricketers/aa-kulkarni-2d140b79
AA Noffke,b69e69ed,Royal Challengers Bangalore,https://a.espncdn.com/i/headshots/cricket/players/full/b69e69ed.png,https://www.espncricinfo.com/cricketers/aa-noffke-b69e69ed
AB Agarkar,fa463154,Delhi Daredevils,https://a.espncdn.com/i/headshots/cricket/players/full/fa463154.png,https://www.espncricinfo.com/cricketers/ab-agarkar-fa463154
AB Barath,d3a3e82d,Kings XI Punjab,https://a.espncdn.com/i/headshots/cricket/players/full/d3a3e82d.png,https://www.espncricinfo.com/cricketers/ab-barath-d3a3e82d
AB Dinda,66b30f71,Delhi Daredevils,https://a.espncdn.com/i/headshots/cricket/players/full/66b30f71.png,https://www.espncricinfo.com/cricketers/ab-dinda-66b30f71
AB McDonald,16043342,Delhi Daredevils,https://a.espncdn.com/i/headshots/cricket/players/full/16043342.png,https://www.espncricinfo.com/cricketers/ab-mcdonald-16043342
AB de Villiers,c4487b84,Delhi Daredevils,https://a.espncdn.com/i/headshots/cricket/players/full/c4487b84.png,https://www.espncricinfo.com/cricketers/ab-de-villiers-c4487b84
AC Blizzard,1efb8a28,Mumbai Indians,https://a.espncdn.com/i/headshots/cricket/players/full/1efb8a28.png,https://www.espncricinfo.com/cricketers/ac-blizzard-1efb8a28
AC Gilchrist,2b6e6dec,Deccan Chargers,https://a.espncdn.com/i/headshots/cricket/players/full/2b6e6dec.png,https://www.espncricinfo.com/cricketers/ac-gilchrist-2b6e6dec
AC Thomas,b552a935,Pune Warriors,https://a.espncdn.com/i/headshots/cricket/players/full/b552a935.png,https://www.espncricinfo.com/cricketers/ac-thomas-b552a935
AC Voges,864c199e,Rajasthan Royals,https://a.espncdn.com/i/headshots/cricket/players/full/864c199e.png,https://www.espncricinfo.com/cricketers/ac-voges-864c199e
AD Hales,92aeac25,Sunrisers Hyderabad,https://a.espncdn.com/i/headshots/cricket/players/full/92aeac25.png,https://www.espncricinfo.com/cricketers/ad-hales-92aeac25
AD Mascarenhas,3edb58fc,Kings XI Punjab,https://a.espncdn.com/i/headshots/cricket/players/full/3edb58fc.png,https://www.espncricinfo.com/cricketers/ad-mascarenhas-3edb58fc
AD Mathews,896d78ad,Delhi Daredevils,https://a.espncdn.com/i/headshots/cricket/players/full/896d78ad.png,https://www.espncricinfo.com/cricketers/ad-mathews-896d78ad
AD Nath,f10e94c4,Gujarat Lions,https://a.espncdn.com/i/headshots/cricket/players/full/f10e94c4.png,https://www.espncricinfo.com/cricketers/ad-nath-f10e94c4
AD Russell,bbd41817,Delhi Daredevils,https://a.espncdn.com/i/headshots/cricket/players/full/bbd41817.png,https://www.espncricinfo.com/cricketers/ad-russell-bbd41817
AF Milne,350bb1b1,Chennai Super Kings,https://a.espncdn.com/i/headshots/cricket/players/full/350bb1b1.png,https://www.espncricinfo.com/cricketers/af-milne-350bb1b1
AG Murtaza,ef5da05c,Mumbai Indians,https://a.espncdn.com/i/headshots/cricket/players/full/ef5da05c.png,https://www.espncricinfo.com/cricketers/ag-murtaza-ef5da05c
AG Paunikar,3a02626a,Rajasthan Royals,https://a.espncdn.com/i/headshots/cricket/players/full/3a02626a.png,https://www.espncricinfo.com/cricketers/ag-paunikar-3a02626a
AJ Finch,b8d490fd,Delhi Daredevils,https://a.espncdn.com/i/headshots/cricket/players/full/b8d490fd.png,https://www.espncricinfo.com/cricketers/aj-finch-b8d490fd
AJ Hosein,4d7f517e,Chennai Super Kings,https://a.espncdn.com/i/headshots/cricket/players/full/4d7f517e.png,https://www.espncricinfo.com/cricketers/aj-hosein-4d7f517e
AJ Turner,ff1e12a0,Lucknow Super Giants,https://a.espncdn.com/i/headshots/cricket/players/full/ff1e12a0.png,https://www.espncricinfo.com/cricketers/aj-turner-ff1e12a0
AJ Tye,7c7d63a2,Gujarat Lions,https://a.espncdn.com/i/headshots/cricket/players/full/7c7d63a2.png,https://www.espncricinfo.com/cricketers/aj-tye-7c7d63a2
AK Markram,6a26221c,Lucknow Super Giants,https://a.espncdn.com/i/headshots/cricket/players/full/6a26221c.png,https://www.espncricinfo.com/cricketers/ak-markram-6a26221c
AL Menaria,8291f939,Rajasthan Royals,https://a.espncdn.com/i/headshots/cricket/players/full/8291f939.png,https://www.espncricinfo.com/cricketers/al-menaria-8291f939
AM Ghazanfar,9ca68676,Mumbai Indians,https://a.espncdn.com/i/headshots/cricket/players/full/9ca68676.png,https://www.espncricinfo.com/cricketers/am-ghazanfar-9ca68676
AM Nayar,a45a5e8d,Kings XI Punjab,https://a.espncdn.com/i/headshots/cricket/players/full/a45a5e8d.png,https://www.espncricinfo.com/cricketers/am-nayar-a45a5e8d
AM Rahane,29e95537,Chennai Super Kings,https://a.espncdn.com/i/headshots/cricket/players/full/29e95537.png,https://www.espncricinfo.com/cricketers/am-rahane-29e95537
AM Salvi,260fd380,Delhi Daredevils,https://a.espncdn.com/i/headshots/cricket/players/full/260fd380.png,https://www.espncricinfo.com/cricketers/am-salvi-260fd380
AN Ahmed,2af1b6d2,Mumbai Indians,https://a.espncdn.com/i/headshots/cricket/players/full/2af1b6d2.png,https://www.espncricinfo.com/cricketers/an-ahmed-2af1b6d2
AN Ghosh,7023d182,Kolkata Knight Riders,https://a.espncdn.com/i/headshots/cricket/players/full/7023d182.png,https://www.espncricinfo.com/cricketers/an-ghosh-7023d182
AP Dole,dbc50253,Rajasthan Royals,https://a.espncdn.com/i/headshots/cricket/players/full/dbc50253.png,https://www.espncricinfo.com/cricketers/ap-dole-dbc50253
AP Majumdar,f4cb4f53,Pune Warriors,https://a.espncdn.com/i/headshots/cricket/players/full/f4cb4f53.png,https://www.espncricinfo.com/cricketers/ap-majumdar-f4cb4f53
AP Tare,855a210c,Delhi Daredevils,https://a.espncdn.com/i/headshots/cricket/players/full/855a210c.png,https://www.espncricinfo.com/cricketers/ap-tare-855a210c
AR Bawne,afe3355a,Delhi Daredevils,https://a.espncdn.com/i/headshots/cricket/players/full/afe3355a.png,https://www.espncricinfo.com/cricketers/ar-bawne-afe3355a
AR Patel,2e171977,Delhi Capitals,https://a.espncdn.com/i/headshots/cricket/players/full/2e171977.png,https://www.espncricinfo.com/cricketers/ar-patel-2e171977
AS Joseph,b0946605,Gujarat Titans,https://a.espncdn.com/i/headshots/cricket/players/full/b0946605.png,https://www.espncricinfo.com/cricketers/as-joseph-b0946605
AS Rajpoot,db31895a,Chennai Super Kings,https://a.espncdn.com/i/headshots/cricket/players/full/db31895a.png,https://www.espncricinfo.com/cricketers/as-rajpoot-db31895a
AS Raut,c69a7b5c,Rajasthan Royals,https://a.espncdn.com/i/headshots/cricket/players/full/c69a7b5c.png,https://www.espncricinfo.com/cricketers/as-raut-c69a7b5c
AS Roy,e4cdf230,Kolkata Knight Riders,https://a.espncdn.com/i/headshots/cricket/players/full/e4cdf230.png,https://www.espncricinfo.com/cricketers/as-roy-e4cdf230
AS Yadav,b9be6507,Deccan Chargers,https://a.espncdn.com/i/headshots/cricket/players/full/b9be6507.png,https://www.espncricinfo.com/cricketers/as-yadav-b9be6507
AT Carey,69d03465,Delhi Capitals,https://a.espncdn.com/i/headshots/cricket/players/full/69d03465.png,https://www.espncricinfo.com/cricketers/at-carey-69d03465
AT Rayudu,70d205c9,Chennai Super Kings,https://a.espncdn.com/i/headshots/cricket/players/full/70d205c9.png,https://www.espncricinfo.com/cricketers/at-rayudu-70d205c9
AU Rashid,249d60c9,Punjab Kings,https://a.espncdn.com/i/headshots/cricket/players/full/249d60c9.png,https://www.espncricinfo.com/cricketers/au-rashid-249d60c9
AUK Pathan,3ae3f034,Royal Challengers Bangalore,https://a.espncdn.com/i/headshots/cricket/players/full/3ae3f034.png,https://www.espncricinfo.com/cricketers/auk-pathan-3ae3f034
Abdul Basith,cc777ffa,Rajasthan Royals,https://a.espncdn.com/i/headshots/cricket/players/full/cc777ffa.png,https://www.espncricinfo.com/cricketers/abdul-basith-cc777ffa
Abdul Samad,8e514b4c,Lucknow Super Giants,https://a.espncdn.com/i/headshots/cricket/players/full/8e514b4c.png,https://www.espncricinfo.com/cricketers/abdul-samad-8e514b4c
Abdur Razzak,888e32bf,Royal Challengers Bangalore,https://a.espncdn.com/i/headshots/cricket/players/full/888e32bf.png,https://www.espncricinfo.com/cricketers/abdur-razzak-888e32bf
Abhinandan Singh,82c10dac,Royal Challengers Bengaluru,https://a.espncdn.com/i/headshots/cricket/players/full/82c10dac.png,https://www.espncricinfo.com/cricketers/abhinandan-singh-82c10dac
Abhishek Sharma,f29185a1,Delhi Daredevils,https://a.espncdn.com/i/headshots/cricket/players/full/f29185a1.png,https://www.espncricinfo.com/cricketers/abhishek-sharma-f29185a1
Abishek Porel,ad3b6e95,Delhi Capitals,https://a.espncdn.com/i/headshots/cricket/players/full/ad3b6e95.png,https://www.espncricinfo.com/cricketers/abishek-porel-ad3b6e95
Akash Deep,0a67aec0,Lucknow Super Giants,https://a.espncdn.com/i/headshots/cricket/players/full/0a67aec0.png,https://www.espncricinfo.com/cricketers/akash-deep-0a67aec0
Akash Madhwal,4bd09374,Mumbai Indians,https://a.espncdn.com/i/headshots/cricket/players/full/4bd09374.png,https://www.espncricinfo.com/cricketers/akash-madhwal-4bd09374
Akash Singh,b483905d,Chennai Super Kings,https://a.espncdn.com/i/headshots/cricket/players/full/b483905d.png,https://www.espncricinfo.com/cricketers/akash-singh-b483905d
Akshat Raghuwanshi,d8d67045,Lucknow Super Giants,https://a.espncdn.com/i/headshots/cricket/players/full/d8d67045.png,https://www.espncricinfo.com/cricketers/akshat-raghuwanshi-d8d67045
Aman Hakim Khan,378daa89,Delhi Capitals,https://a.espncdn.com/i/headshots/cricket/players/full/378daa89.png,https://www.espncricinfo.com/cricketers/aman-hakim-khan-378daa89
Anand Rajan,d2340a43,Deccan Chargers,https://a.espncdn.com/i/headshots/cricket/players/full/d2340a43.png,https://www.espncricinfo.com/cricketers/anand-rajan-d2340a43
Aniket Verma,a3b0600d,Sunrisers Hyderabad,https://a.espncdn.com/i/headshots/cricket/players/full/a3b0600d.png,https://www.espncricinfo.com/cricketers/aniket-verma-a3b0600d
Anirudh Singh,7bb62642,Deccan Chargers,https://a.espncdn.com/i/headshots/cricket/players/full/7bb62642.png,https://www.espncricinfo.com/cricketers/anirudh-singh-7bb62642
Ankit Sharma,24d94623,Deccan Chargers,https://a.espncdn.com/i/headshots/cricket/players/full/24d94623.png,https://www.espncricinfo.com/cricketers/ankit-sharma-24d94623
Ankit Soni,f18ba07f,Gujarat Lions,https://a.espncdn.com/i/headshots/cricket/players/full/f18ba07f.png,https://www.espncricinfo.com/cricketers/ankit-soni-f18ba07f
Anmolpreet Singh,1399b39c,Mumbai Indians,https://a.espncdn.com/i/headshots/cricket/players/full/1399b39c.png,https://www.espncricinfo.com/cricketers/anmolpreet-singh-1399b39c
Anuj Rawat,c8f5f961,Rajasthan Royals,https://a.espncdn.com/i/headshots/cricket/players/full/c8f5f961.png,https://www.espncricinfo.com/cricketers/anuj-rawat-c8f5f961
Anureet Singh,69be866a,Kings XI Punjab,https://a.espncdn.com/i/headshots/cricket/players/full/69be866a.png,https://www.espncricinfo.com/cricketers/anureet-singh-69be866a
Arjun Tendulkar,44aac2f0,Lucknow Super Giants,https://a.espncdn.com/i/headshots/cricket/players/full/44aac2f0.png,https://www.espncricinfo.com/cricketers/arjun-tendulkar-44aac2f0
Arshad Khan,12314277,Gujarat Titans,https://a.espncdn.com/i/headshots/cricket/players/full/12314277.png,https://www.espncricinfo.com/cricketers/arshad-khan-12314277
Arshdeep Singh,244048f6,Kings XI Punjab,https://a.espncdn.com/i/headshots/cricket/players/full/244048f6.png,https://www.espncricinfo.com/cricketers/arshdeep-singh-244048f6
Ashok Sharma,50c09020,Gujarat Titans,https://a.espncdn.com/i/headshots/cricket/players/full/50c09020.png,https://www.espncricinfo.com/cricketers/ashok-sharma-50c09020
Ashutosh Sharma,84d9c311,Delhi Capitals,https://a.espncdn.com/i/headshots/cricket/players/full/84d9c311.png,https://www.espncricinfo.com/cricketers/ashutosh-sharma-84d9c311
Ashwani Kumar,d45c29b1,Mumbai Indians,https://a.espncdn.com/i/headshots/cricket/players/full/d45c29b1.png,https://www.espncricinfo.com/cricketers/ashwani-kumar-d45c29b1
Atharva Taide,1ac746c8,Punjab Kings,https://a.espncdn.com/i/headshots/cricket/players/full/1ac746c8.png,https://www.espncricinfo.com/cricketers/atharva-taide-1ac746c8
Auqib Nabi,7c3c0337,Delhi Capitals,https://a.espncdn.com/i/headshots/cricket/players/full/7c3c0337.png,https://www.espncricinfo.com/cricketers/auqib-nabi-7c3c0337
Avesh Khan,eef2536f,Delhi Capitals,https://a.espncdn.com/i/headshots/cricket/players/full/eef2536f.png,https://www.espncricinfo.com/cricketers/avesh-khan-eef2536f
Azhar Mahmood,9a158001,Kings XI Punjab,https://a.espncdn.com/i/headshots/cricket/players/full/9a158001.png,https://www.espncricinfo.com/cricketers/azhar-mahmood-9a158001
Azmatullah Omarzai,8f6dd463,Gujarat Titans,https://a.espncdn.com/i/headshots/cricket/players/full/8f6dd463.png,https://www.espncricinfo.com/cricketers/azmatullah-omarzai-8f6dd463
B Akhil,af7dadf7,Kochi Tuskers Kerala,https://a.espncdn.com/i/headshots/cricket/players/full/af7dadf7.png,https://www.espncricinfo.com/cricketers/b-akhil-af7dadf7
B Chipli,5451a2c1,Deccan Chargers,https://a.espncdn.com/i/headshots/cricket/players/full/5451a2c1.png,https://www.espncricinfo.com/cricketers/b-chipli-5451a2c1
B Geeves,50758325,Delhi Daredevils,https://a.espncdn.com/i/headshots/cricket/players/full/50758325.png,https://www.espncricinfo.com/cricketers/b-geeves-50758325
B Indrajith,ff1e68fa,Kolkata Knight Riders,https://a.espncdn.com/i/headshots/cricket/players/full/ff1e68fa.png,https://www.espncricinfo.com/cricketers/b-indrajith-ff1e68fa
B Kumar,2e81a32d,Pune Warriors,https://a.espncdn.com/i/headshots/cricket/players/full/2e81a32d.png,https://www.espncricinfo.com/cricketers/b-kumar-2e81a32d
B Laughlin,b2a79f17,Chennai Super Kings,https://a.espncdn.com/i/headshots/cricket/players/full/b2a79f17.png,https://www.espncricinfo.com/cricketers/b-laughlin-b2a79f17
B Lee,dd09ff8e,Kings XI Punjab,https://a.espncdn.com/i/headshots/cricket/players/full/dd09ff8e.png,https://www.espncricinfo.com/cricketers/b-lee-dd09ff8e
B Muzarabani,449f4e3c,Kolkata Knight Riders,https://a.espncdn.com/i/headshots/cricket/players/full/449f4e3c.png,https://www.espncricinfo.com/cricketers/b-muzarabani-449f4e3c
B Sai Sudharsan,d5130a30,Gujarat Titans,https://a.espncdn.com/i/headshots/cricket/players/full/d5130a30.png,https://www.espncricinfo.com/cricketers/b-sai-sudharsan-d5130a30
B Stanlake,6834d1f2,Royal Challengers Bangalore,https://a.espncdn.com/i/headshots/cricket/players/full/6834d1f2.png,https://www.espncricinfo.com/cricketers/b-stanlake-6834d1f2
B Sumanth,f4f0fafd,Deccan Chargers,https://a.espncdn.com/i/headshots/cricket/players/full/f4f0fafd.png,https://www.espncricinfo.com/cricketers/b-sumanth-f4f0fafd
BA Bhatt,dc4686e6,Kings XI Punjab,https://a.espncdn.com/i/headshots/cricket/players/full/dc4686e6.png,https://www.espncricinfo.com/cricketers/ba-bhatt-dc4686e6
BA Stokes,e087956b,Chennai Super Kings,https://a.espncdn.com/i/headshots/cricket/players/full/e087956b.png,https://www.espncricinfo.com/cricketers/ba-stokes-e087956b
BAW Mendis,ea0cdc12,Kolkata Knight Riders,https://a.espncdn.com/i/headshots/cricket/players/full/ea0cdc12.png,https://www.espncricinfo.com/cricketers/baw-mendis-ea0cdc12
BB McCullum,b8a55852,Chennai Super Kings,https://a.espncdn.com/i/headshots/cricket/players/full/b8a55852.png,https://www.espncricinfo.com/cricketers/bb-mccullum-b8a55852
BB Samantray,53f27a35,Deccan Chargers,https://a.espncdn.com/i/headshots/cricket/players/full/53f27a35.png,https://www.espncricinfo.com/cricketers/bb-samantray-53f27a35
BB Sran,d8b2f218,Kings XI Punjab,https://a.espncdn.com/i/headshots/cricket/players/full/d8b2f218.png,https://www.espncricinfo.com/cricketers/bb-sran-d8b2f218
BCJ Cutting,2e11c706,Mumbai Indians,https://a.espncdn.com/i/headshots/cricket/players/full/2e11c706.png,https://www.espncricinfo.com/cricketers/bcj-cutting-2e11c706
BE Hendricks,b56dc5f7,Kings XI Punjab,https://a.espncdn.com/i/headshots/cricket/players/full/b56dc5f7.png,https://www.espncricinfo.com/cricketers/be-hendricks-b56dc5f7
BJ Dwarshuis,e1b9f3a9,Punjab Kings,https://a.espncdn.com/i/headshots/cricket/players/full/e1b9f3a9.png,https://www.espncricinfo.com/cricketers/bj-dwarshuis-e1b9f3a9
BJ Haddin,b0c772ee,Kolkata Knight Riders,https://a.espncdn.com/i/headshots/cricket/players/full/b0c772ee.png,https://www.espncricinfo.com/cricketers/bj-haddin-b0c772ee
BJ Hodge,b57f8a9a,Kochi Tuskers Kerala,https://a.espncdn.com/i/headshots/cricket/players/full/b57f8a9a.png,https://www.espncricinfo.com/cricketers/bj-hodge-b57f8a9a
BJ Rohrer,27af6414,Delhi Daredevils,https://a.espncdn.com/i/headshots/cricket/players/full/27af6414.png,https://www.espncricinfo.com/cricketers/bj-rohrer-27af6414
BKG Mendis,5d1e7582,Gujarat Titans,https://a.espncdn.com/i/headshots/cricket/players/full/5d1e7582.png,https://www.espncricinfo.com/cricketers/bkg-mendis-5d1e7582
BMAJ Mendis,9868bc75,Delhi Daredevils,https://a.espncdn.com/i/headshots/cricket/players/full/9868bc75.png,https://www.espncricinfo.com/cricketers/bmaj-mendis-9868bc75
BR Dunk,272d796e,Mumbai Indians,https://a.espncdn.com/i/headshots/cricket/players/full/272d796e.png,https://www.espncricinfo.com/cricketers/br-dunk-272d796e
BR Sharath,c2dd89ea,Gujarat Titans,https://a.espncdn.com/i/headshots/cricket/players/full/c2dd89ea.png,https://www.espncricinfo.com/cricketers/br-sharath-c2dd89ea
BW Hilfenhaus,f3171936,Chennai Super Kings,https://a.espncdn.com/i/headshots/cricket/players/full/f3171936.png,https://www.espncricinfo.com/cricketers/bw-hilfenhaus-f3171936
Basil Thampi,871e9faf,Gujarat Lions,https://a.espncdn.com/i/headshots/cricket/players/full/871e9faf.png,https://www.espncricinfo.com/cricketers/basil-thampi-871e9faf
Bipul Sharma,c18496e1,Kings XI Punjab,https://a.espncdn.com/i/headshots/cricket/players/full/c18496e1.png,https://www.espncricinfo.com/cricketers/bipul-sharma-c18496e1
Brijesh Sharma,133bbd61,Rajasthan Royals,https://a.espncdn.com/i/headshots/cricket/players/full/133bbd61.png,https://www.espncricinfo.com/cricketers/brijesh-sharma-133bbd61
C Bosch,172dff15,Mumbai Indians,https://a.espncdn.com/i/headshots/cricket/players/full/172dff15.png,https://www.espncricinfo.com/cricketers/c-bosch-172dff15
C Connolly,fe366f34,Punjab Kings,https://a.espncdn.com/i/headshots/cricket/players/full/fe366f34.png,https://www.espncricinfo.com/cricketers/c-connolly-fe366f34
C Ganapathy,798934ea,Chennai Super Kings,https://a.espncdn.com/i/headshots/cricket/players/full/798934ea.png,https://www.espncricinfo.com/cricketers/c-ganapathy-798934ea
C Green,eaa76d3c,Kolkata Knight Riders,https://a.espncdn.com/i/headshots/cricket/players/full/eaa76d3c.png,https://www.espncricinfo.com/cricketers/c-green-eaa76d3c
C Madan,2eeb4370,Mumbai Indians,https://a.espncdn.com/i/headshots/cricket/players/full/2eeb4370.png,https://www.espncricinfo.com/cricketers/c-madan-2eeb4370
C Munro,af2c687b,Delhi Capitals,https://a.espncdn.com/i/headshots/cricket/players/full/af2c687b.png,https://www.espncricinfo.com/cricketers/c-munro-af2c687b
C Nanda,f24ca2ba,Mumbai Indians,https://a.espncdn.com/i/headshots/cricket/players/full/f24ca2ba.png,https://www.espncricinfo.com/cricketers/c-nanda-f24ca2ba
C Sakariya,2cdce1be,Delhi Capitals,https://a.espncdn.com/i/headshots/cricket/players/full/2cdce1be.png,https://www.espncricinfo.com/cricketers/c-sakariya-2cdce1be
C de Grandhomme,94d7f855,Kolkata Knight Riders,https://a.espncdn.com/i/headshots/cricket/players/full/94d7f855.png,https://www.espncricinfo.com/cricketers/c-de-grandhomme-94d7f855
CA Ingram,c995d726,Delhi Capitals,https://a.espncdn.com/i/headshots/cricket/players/full/c995d726.png,https://www.espncricinfo.com/cricketers/ca-ingram-c995d726
CA Lynn,45eda7c8,Deccan Chargers,https://a.espncdn.com/i/headshots/cricket/players/full/45eda7c8.png,https://www.espncricinfo.com/cricketers/ca-lynn-45eda7c8
CA Pujara,d4f9dbd4,Kings XI Punjab,https://a.espncdn.com/i/headshots/cricket/players/full/d4f9dbd4.png,https://www.espncricinfo.com/cricketers/ca-pujara-d4f9dbd4
CH Gayle,db584dad,Kings XI Punjab,https://a.espncdn.com/i/headshots/cricket/players/full/db584dad.png,https://www.espncricinfo.com/cricketers/ch-gayle-db584dad
CH Morris,fb66ce1f,Chennai Super Kings,https://a.espncdn.com/i/headshots/cricket/players/full/fb66ce1f.png,https://www.espncricinfo.com/cricketers/ch-morris-fb66ce1f
CJ Anderson,8abdf100,Delhi Daredevils,https://a.espncdn.com/i/headshots/cricket/players/full/8abdf100.png,https://www.espncricinfo.com/cricketers/cj-anderson-8abdf100
CJ Dala,1cb14aa4,Delhi Daredevils,https://a.espncdn.com/i/headshots/cricket/players/full/1cb14aa4.png,https://www.espncricinfo.com/cricketers/cj-dala-1cb14aa4
CJ Ferguson,9b4935c8,Pune Warriors,https://a.espncdn.com/i/headshots/cricket/players/full/9b4935c8.png,https://www.espncricinfo.com/cricketers/cj-ferguson-9b4935c8
CJ Green,19b9f399,Kolkata Knight Riders,https://a.espncdn.com/i/headshots/cricket/players/full/19b9f399.png,https://www.espncricinfo.com/cricketers/cj-green-19b9f399
CJ Jordan,ffe699c0,Chennai Super Kings,https://a.espncdn.com/i/headshots/cricket/players/full/ffe699c0.png,https://www.espncricinfo.com/cricketers/cj-jordan-ffe699c0
CJ McKay,94eac556,Mumbai Indians,https://a.espncdn.com/i/headshots/cricket/players/full/94eac556.png,https://www.espncricinfo.com/cricketers/cj-mckay-94eac556
CK Kapugedera,cfad138c,Chennai Super Kings,https://a.espncdn.com/i/headshots/cricket/players/full/cfad138c.png,https://www.espncricinfo.com/cricketers/ck-kapugedera-cfad138c
CK Langeveldt,d1c94b25,Kolkata Knight Riders,https://a.espncdn.com/i/headshots/cricket/players/full/d1c94b25.png,https://www.espncricinfo.com/cricketers/ck-langeveldt-d1c94b25
CL White,d0513f63,Deccan Chargers,https://a.espncdn.com/i/headshots/cricket/players/full/d0513f63.png,https://www.espncricinfo.com/cricketers/cl-white-d0513f63
CM Gautam,30a2649b,Delhi Daredevils,https://a.espncdn.com/i/headshots/cricket/players/full/30a2649b.png,https://www.espncricinfo.com/cricketers/cm-gautam-30a2649b
CR Brathwaite,e342e5fb,Delhi Daredevils,https://a.espncdn.com/i/headshots/cricket/players/full/e342e5fb.png,https://www.espncricinfo.com/cricketers/cr-brathwaite-e342e5fb
CR Woakes,4c5d73db,Delhi Capitals,https://a.espncdn.com/i/headshots/cricket/players/full/4c5d73db.png,https://www.espncricinfo.com/cricketers/cr-woakes-4c5d73db
CRD Fernando,342d8ade,Mumbai Indians,https://a.espncdn.com/i/headshots/cricket/players/full/342d8ade.png,https://www.espncricinfo.com/cricketers/crd-fernando-342d8ade
CV Varun,5b7ab5a9,Kings XI Punjab,https://a.espncdn.com/i/headshots/cricket/players/full/5b7ab5a9.png,https://www.espncricinfo.com/cricketers/cv-varun-5b7ab5a9
D Brevis,844e79d1,Chennai Super Kings,https://a.espncdn.com/i/headshots/cricket/players/full/844e79d1.png,https://www.espncricinfo.com/cricketers/d-brevis-844e79d1
D Ferreira,f0af99a7,Delhi Capitals,https://a.espncdn.com/i/headshots/cricket/players/full/f0af99a7.png,https://www.espncricinfo.com/cricketers/d-ferreira-f0af99a7
D Jansen,8dc152d1,Mumbai Indians,https://a.espncdn.com/i/headshots/cricket/players/full/8dc152d1.png,https://www.espncricinfo.com/cricketers/d-jansen-8dc152d1
D Kalyankrishna,94bc776b,Deccan Chargers,https://a.espncdn.com/i/headshots/cricket/players/full/94bc776b.png,https://www.espncricinfo.com/cricketers/d-kalyankrishna-94bc776b
D Madushanka,de7d833e,Sunrisers Hyderabad,https://a.espncdn.com/i/headshots/cricket/players/full/de7d833e.png,https://www.espncricinfo.com/cricketers/d-madushanka-de7d833e
D Padikkal,2c25d4f5,Lucknow Super Giants,https://a.espncdn.com/i/headshots/cricket/players/full/2c25d4f5.png,https://www.espncricinfo.com/cricketers/d-padikkal-2c25d4f5
D Pretorius,11614d87,Chennai Super Kings,https://a.espncdn.com/i/headshots/cricket/players/full/11614d87.png,https://www.espncricinfo.com/cricketers/d-pretorius-11614d87
D Salunkhe,0264c10e,Rajasthan Royals,https://a.espncdn.com/i/headshots/cricket/players/full/0264c10e.png,https://www.espncricinfo.com/cricketers/d-salunkhe-0264c10e
D Wiese,aa8d28ae,Kolkata Knight Riders,https://a.espncdn.com/i/headshots/cricket/players/full/aa8d28ae.png,https://www.espncricinfo.com/cricketers/d-wiese-aa8d28ae
D du Preez,d7a57f75,Royal Challengers Bangalore,https://a.espncdn.com/i/headshots/cricket/players/full/d7a57f75.png,https://www.espncricinfo.com/cricketers/d-du-preez-d7a57f75
DA Miller,d67d5f00,Delhi Capitals,https://a.espncdn.com/i/headshots/cricket/players/full/d67d5f00.png,https://www.espncricinfo.com/cricketers/da-miller-d67d5f00
DA Payne,6c79c098,Sunrisers Hyderabad,https://a.espncdn.com/i/headshots/cricket/players/full/6c79c098.png,https://www.espncricinfo.com/cricketers/da-payne-6c79c098
DA Warner,dcce6f09,Delhi Capitals,https://a.espncdn.com/i/headshots/cricket/players/full/dcce6f09.png,https://www.espncricinfo.com/cricketers/da-warner-dcce6f09
DAJ Bracewell,2e9fdf9b,Delhi Daredevils,https://a.espncdn.com/i/headshots/cricket/players/full/2e9fdf9b.png,https://www.espncricinfo.com/cricketers/daj-bracewell-2e9fdf9b
DB Das,7050a1e7,Kolkata Knight Riders,https://a.espncdn.com/i/headshots/cricket/players/full/7050a1e7.png,https://www.espncricinfo.com/cricketers/db-das-7050a1e7
DB Ravi Teja,b720a5d6,Deccan Chargers,https://a.espncdn.com/i/headshots/cricket/players/full/b720a5d6.png,https://www.espncricinfo.com/cricketers/db-ravi-teja-b720a5d6
DE Bollinger,45c2196c,Chennai Super Kings,https://a.espncdn.com/i/headshots/cricket/players/full/45c2196c.png,https://www.espncricinfo.com/cricketers/de-bollinger-45c2196c
DG Nalkande,cd8d2859,Gujarat Titans,https://a.espncdn.com/i/headshots/cricket/players/full/cd8d2859.png,https://www.espncricinfo.com/cricketers/dg-nalkande-cd8d2859
DH Yagnik,063b3673,Rajasthan Royals,https://a.espncdn.com/i/headshots/cricket/players/full/063b3673.png,https://www.espncricinfo.com/cricketers/dh-yagnik-063b3673
DJ Bravo,87e562a9,Chennai Super Kings,https://a.espncdn.com/i/headshots/cricket/players/full/87e562a9.png,https://www.espncricinfo.com/cricketers/dj-bravo-87e562a9
DJ Harris,39f82db3,Deccan Chargers,https://a.espncdn.com/i/headshots/cricket/players/full/39f82db3.png,https://www.espncricinfo.com/cricketers/dj-harris-39f82db3
DJ Hooda,73ad96ed,Chennai Super Kings,https://a.espncdn.com/i/headshots/cricket/players/full/73ad96ed.png,https://www.espncricinfo.com/cricketers/dj-hooda-73ad96ed
DJ Hussey,fd835ab3,Chennai Super Kings,https://a.espncdn.com/i/headshots/cricket/players/full/fd835ab3.png,https://www.espncricinfo.com/cricketers/dj-hussey-fd835ab3
DJ Jacobs,a84468fe,Mumbai Indians,https://a.espncdn.com/i/headshots/cricket/players/full/a84468fe.png,https://www.espncricinfo.com/cricketers/dj-jacobs-a84468fe
DJ Malan,ad9c32a2,Punjab Kings,https://a.espncdn.com/i/headshots/cricket/players/full/ad9c32a2.png,https://www.espncricinfo.com/cricketers/dj-malan-ad9c32a2
DJ Mitchell,eade4650,Chennai Super Kings,https://a.espncdn.com/i/headshots/cricket/players/full/eade4650.png,https://www.espncricinfo.com/cricketers/dj-mitchell-eade4650
DJ Muthuswami,2c76b512,Delhi Daredevils,https://a.espncdn.com/i/headshots/cricket/players/full/2c76b512.png,https://www.espncricinfo.com/cricketers/dj-muthuswami-2c76b512
DJ Thornely,7d3937ed,Mumbai Indians,https://a.espncdn.com/i/headshots/cricket/players/full/7d3937ed.png,https://www.espncricinfo.com/cricketers/dj-thornely-7d3937ed
DJ Willey,7f048519,Chennai Super Kings,https://a.espncdn.com/i/headshots/cricket/players/full/7f048519.png,https://www.espncricinfo.com/cricketers/dj-willey-7f048519
DJG Sammy,c03c6200,Royal Challengers Bangalore,https://a.espncdn.com/i/headshots/cricket/players/full/c03c6200.png,https://www.espncricinfo.com/cricketers/djg-sammy-c03c6200
DJM Short,1a156c88,Rajasthan Royals,https://a.espncdn.com/i/headshots/cricket/players/full/1a156c88.png,https://www.espncricinfo.com/cricketers/djm-short-1a156c88
DL Chahar,23eeb873,Chennai Super Kings,https://a.espncdn.com/i/headshots/cricket/players/full/23eeb873.png,https://www.espncricinfo.com/cricketers/dl-chahar-23eeb873
DL Vettori,d7c6af50,Delhi Daredevils,https://a.espncdn.com/i/headshots/cricket/players/full/d7c6af50.png,https://www.espncricinfo.com/cricketers/dl-vettori-d7c6af50
DM Bravo,14b14cd8,Kolkata Knight Riders,https://a.espncdn.com/i/headshots/cricket/players/full/14b14cd8.png,https://www.espncricinfo.com/cricketers/dm-bravo-14b14cd8
DNT Zoysa,e0351c86,Deccan Chargers,https://a.espncdn.com/i/headshots/cricket/players/full/e0351c86.png,https://www.espncricinfo.com/cricketers/dnt-zoysa-e0351c86
DP Conway,df5a6881,Chennai Super Kings,https://a.espncdn.com/i/headshots/cricket/players/full/df5a6881.png,https://www.espncricinfo.com/cricketers/dp-conway-df5a6881
DP Nannes,c404f58a,Chennai Super Kings,https://a.espncdn.com/i/headshots/cricket/players/full/c404f58a.png,https://www.espncricinfo.com/cricketers/dp-nannes-c404f58a
DP Vijaykumar,acd4f5dc,Deccan Chargers,https://a.espncdn.com/i/headshots/cricket/players/full/acd4f5dc.png,https://www.espncricinfo.com/cricketers/dp-vijaykumar-acd4f5dc
DPMD Jayawardene,d18f9182,Delhi Daredevils,https://a.espncdn.com/i/headshots/cricket/players/full/d18f9182.png,https://www.espncricinfo.com/cricketers/dpmd-jayawardene-d18f9182
DR Martyn,69762509,Rajasthan Royals,https://a.espncdn.com/i/headshots/cricket/players/full/69762509.png,https://www.espncricinfo.com/cricketers/dr-martyn-69762509
DR Sams,caf69bf7,Delhi Capitals,https://a.espncdn.com/i/headshots/cricket/players/full/caf69bf7.png,https://www.espncricinfo.com/cricketers/dr-sams-caf69bf7
DR Shorey,faa7365d,Chennai Super Kings,https://a.espncdn.com/i/headshots/cricket/players/full/faa7365d.png,https://www.espncricinfo.com/cricketers/dr-shorey-faa7365d
DR Smith,35205dfc,Chennai Super Kings,https://a.espncdn.com/i/headshots/cricket/players/full/35205dfc.png,https://www.espncricinfo.com/cricketers/dr-smith-35205dfc
DS Kulkarni,d2a989fc,Gujarat Lions,https://a.espncdn.com/i/headshots/cricket/players/full/d2a989fc.png,https://www.espncricinfo.com/cricketers/ds-kulkarni-d2a989fc
DS Lehmann,53fe6ee4,Rajasthan Royals,https://a.espncdn.com/i/headshots/cricket/players/full/53fe6ee4.png,https://www.espncricinfo.com/cricketers/ds-lehmann-53fe6ee4
DS Rathi,13fc5c6d,Lucknow Super Giants,https://a.espncdn.com/i/headshots/cricket/players/full/13fc5c6d.png,https://www.espncricinfo.com/cricketers/ds-rathi-13fc5c6d
DT Christian,2a2e6343,Deccan Chargers,https://a.espncdn.com/i/headshots/cricket/players/full/2a2e6343.png,https://www.espncricinfo.com/cricketers/dt-christian-2a2e6343
DT Patil,f48cf4da,Royal Challengers Bangalore,https://a.espncdn.com/i/headshots/cricket/players/full/f48cf4da.png,https://www.espncricinfo.com/cricketers/dt-patil-f48cf4da
DV Malewar,9e6032fa,Mumbai Indians,https://a.espncdn.com/i/headshots/cricket/players/full/9e6032fa.png,https://www.espncricinfo.com/cricketers/dv-malewar-9e6032fa
DW Steyn,8fd1a8f5,Deccan Chargers,https://a.espncdn.com/i/headshots/cricket/players/full/8fd1a8f5.png,https://www.espncricinfo.com/cricketers/dw-steyn-8fd1a8f5
Dhruv Jurel,bcf325d2,Rajasthan Royals,https://a.espncdn.com/i/headshots/cricket/players/full/bcf325d2.png,https://www.espncricinfo.com/cricketers/dhruv-jurel-bcf325d2
E Lewis,0ebfb1ad,Lucknow Super Giants,https://a.espncdn.com/i/headshots/cricket/players/full/0ebfb1ad.png,https://www.espncricinfo.com/cricketers/e-lewis-0ebfb1ad
E Malinga,5750bcb4,Sunrisers Hyderabad,https://a.espncdn.com/i/headshots/cricket/players/full/5750bcb4.png,https://www.espncricinfo.com/cricketers/e-malinga-5750bcb4
EJG Morgan,d2a6c0e6,Kings XI Punjab,https://a.espncdn.com/i/headshots/cricket/players/full/d2a6c0e6.png,https://www.espncricinfo.com/cricketers/ejg-morgan-d2a6c0e6
ER Dwivedi,b274dbbd,Gujarat Lions,https://a.espncdn.com/i/headshots/cricket/players/full/b274dbbd.png,https://www.espncricinfo.com/cricketers/er-dwivedi-b274dbbd
F Behardien,dce2019b,Kings XI Punjab,https://a.espncdn.com/i/headshots/cricket/players/full/dce2019b.png,https://www.espncricinfo.com/cricketers/f-behardien-dce2019b
F du Plessis,3355b542,Chennai Super Kings,https://a.espncdn.com/i/headshots/cricket/players/full/3355b542.png,https://www.espncricinfo.com/cricketers/f-du-plessis-3355b542
FA Allen,b52ffbbd,Mumbai Indians,https://a.espncdn.com/i/headshots/cricket/players/full/b52ffbbd.png,https://www.espncricinfo.com/cricketers/fa-allen-b52ffbbd
FH Allen,bf74b130,Kolkata Knight Riders,https://a.espncdn.com/i/headshots/cricket/players/full/bf74b130.png,https://www.espncricinfo.com/cricketers/fh-allen-bf74b130
FH Edwards,a7c226e1,Deccan Chargers,https://a.espncdn.com/i/headshots/cricket/players/full/a7c226e1.png,https://www.espncricinfo.com/cricketers/fh-edwards-a7c226e1
FY Fazal,c15e2193,Rajasthan Royals,https://a.espncdn.com/i/headshots/cricket/players/full/c15e2193.png,https://www.espncricinfo.com/cricketers/fy-fazal-c15e2193
Fazalhaq Farooqi,e9c7f0d0,Rajasthan Royals,https://a.espncdn.com/i/headshots/cricket/players/full/e9c7f0d0.png,https://www.espncricinfo.com/cricketers/fazalhaq-farooqi-e9c7f0d0
G Coetzee,3204c99f,Gujarat Titans,https://a.espncdn.com/i/headshots/cricket/players/full/3204c99f.png,https://www.espncricinfo.com/cricketers/g-coetzee-3204c99f
G Gambhir,bb345e0b,Delhi Daredevils,https://a.espncdn.com/i/headshots/cricket/players/full/bb345e0b.png,https://www.espncricinfo.com/cricketers/g-gambhir-bb345e0b
GB Hogg,f708a0bc,Kolkata Knight Riders,https://a.espncdn.com/i/headshots/cricket/players/full/f708a0bc.png,https://www.espncricinfo.com/cricketers/gb-hogg-f708a0bc
GC Smith,72861603,Pune Warriors,https://a.espncdn.com/i/headshots/cricket/players/full/72861603.png,https://www.espncricinfo.com/cricketers/gc-smith-72861603
GC Viljoen,a316d663,Kings XI Punjab,https://a.espncdn.com/i/headshots/cricket/players/full/a316d663.png,https://www.espncricinfo.com/cricketers/gc-viljoen-a316d663
GD McGrath,ee7d0c82,Delhi Daredevils,https://a.espncdn.com/i/headshots/cricket/players/full/ee7d0c82.png,https://www.espncricinfo.com/cricketers/gd-mcgrath-ee7d0c82
GD Phillips,9a46c4e5,Gujarat Titans,https://a.espncdn.com/i/headshots/cricket/players/full/9a46c4e5.png,https://www.espncricinfo.com/cricketers/gd-phillips-9a46c4e5
GF Linde,e5437608,Lucknow Super Giants,https://a.espncdn.com/i/headshots/cricket/players/full/e5437608.png,https://www.espncricinfo.com/cricketers/gf-linde-e5437608
GH Vihari,94253925,Delhi Capitals,https://a.espncdn.com/i/headshots/cricket/players/full/94253925.png,https://www.espncricinfo.com/cricketers/gh-vihari-94253925
GHS Garton,be869ccf,Royal Challengers Bangalore,https://a.espncdn.com/i/headshots/cricket/players/full/be869ccf.png,https://www.espncricinfo.com/cricketers/ghs-garton-be869ccf
GJ Bailey,5056011d,Chennai Super Kings,https://a.espncdn.com/i/headshots/cricket/players/full/5056011d.png,https://www.espncricinfo.com/cricketers/gj-bailey-5056011d
GJ Maxwell,b681e71e,Delhi Daredevils,https://a.espncdn.com/i/headshots/cricket/players/full/b681e71e.png,https://www.espncricinfo.com/cricketers/gj-maxwell-b681e71e
GR Napier,611926bc,Mumbai Indians,https://a.espncdn.com/i/headshots/cricket/players/full/611926bc.png,https://www.espncricinfo.com/cricketers/gr-napier-611926bc
GS Sandhu,1558d83b,Delhi Daredevils,https://a.espncdn.com/i/headshots/cricket/players/full/1558d83b.png,https://www.espncricinfo.com/cricketers/gs-sandhu-1558d83b
Gagandeep Singh,890de8cb,Kings XI Punjab,https://a.espncdn.com/i/headshots/cricket/players/full/890de8cb.png,https://www.espncricinfo.com/cricketers/gagandeep-singh-890de8cb
Gulbadin Naib,9f77963a,Delhi Capitals,https://a.espncdn.com/i/headshots/cricket/players/full/9f77963a.png,https://www.espncricinfo.com/cricketers/gulbadin-naib-9f77963a
Gurjapneet Singh,cc61ee8f,Chennai Super Kings,https://a.espncdn.com/i/headshots/cricket/players/full/cc61ee8f.png,https://www.espncricinfo.com/cricketers/gurjapneet-singh-cc61ee8f
Gurkeerat Singh,6eb146d2,Kings XI Punjab,https://a.espncdn.com/i/headshots/cricket/players/full/6eb146d2.png,https://www.espncricinfo.com/cricketers/gurkeerat-singh-6eb146d2
Gurnoor Brar,99258814,Punjab Kings,https://a.espncdn.com/i/headshots/cricket/players/full/99258814.png,https://www.espncricinfo.com/cricketers/gurnoor-brar-99258814
H Das,0ed0cdbf,Deccan Chargers,https://a.espncdn.com/i/headshots/cricket/players/full/0ed0cdbf.png,https://www.espncricinfo.com/cricketers/h-das-0ed0cdbf
H Klaasen,235c2bb6,Rajasthan Royals,https://a.espncdn.com/i/headshots/cricket/players/full/235c2bb6.png,https://www.espncricinfo.com/cricketers/h-klaasen-235c2bb6
H Sharma,52294a79,Royal Challengers Bangalore,https://a.espncdn.com/i/headshots/cricket/players/full/52294a79.png,https://www.espncricinfo.com/cricketers/h-sharma-52294a79
HC Brook,4ae1755b,Sunrisers Hyderabad,https://a.espncdn.com/i/headshots/cricket/players/full/4ae1755b.png,https://www.espncricinfo.com/cricketers/hc-brook-4ae1755b
HE van der Dussen,9948e262,Rajasthan Royals,https://a.espncdn.com/i/headshots/cricket/players/full/9948e262.png,https://www.espncricinfo.com/cricketers/he-van-der-dussen-9948e262
HF Gurney,e412cb64,Kolkata Knight Riders,https://a.espncdn.com/i/headshots/cricket/players/full/e412cb64.png,https://www.espncricinfo.com/cricketers/hf-gurney-e412cb64
HH Gibbs,e1d1b294,Deccan Chargers,https://a.espncdn.com/i/headshots/cricket/players/full/e1d1b294.png,https://www.espncricinfo.com/cricketers/hh-gibbs-e1d1b294
HH Pandya,dbe50b21,Gujarat Titans,https://a.espncdn.com/i/headshots/cricket/players/full/dbe50b21.png,https://www.espncricinfo.com/cricketers/hh-pandya-dbe50b21
HM Amla,e798611a,Kings XI Punjab,https://a.espncdn.com/i/headshots/cricket/players/full/e798611a.png,https://www.espncricinfo.com/cricketers/hm-amla-e798611a
HR Shokeen,0c9652b0,Mumbai Indians,https://a.espncdn.com/i/headshots/cricket/players/full/0c9652b0.png,https://www.espncricinfo.com/cricketers/hr-shokeen-0c9652b0
HV Patel,f986ca1a,Delhi Capitals,https://a.espncdn.com/i/headshots/cricket/players/full/f986ca1a.png,https://www.espncricinfo.com/cricketers/hv-patel-f986ca1a
Harbhajan Singh,8b5b6769,Chennai Super Kings,https://a.espncdn.com/i/headshots/cricket/players/full/8b5b6769.png,https://www.espncricinfo.com/cricketers/harbhajan-singh-8b5b6769
Harmeet Singh,0bf15e52,Rajasthan Royals,https://a.espncdn.com/i/headshots/cricket/players/full/0bf15e52.png,https://www.espncricinfo.com/cricketers/harmeet-singh-0bf15e52
Harmeet Singh,2a72fd4f,Deccan Chargers,https://a.espncdn.com/i/headshots/cricket/players/full/2a72fd4f.png,https://www.espncricinfo.com/cricketers/harmeet-singh-2a72fd4f
Harpreet Brar,c05edf8e,Kings XI Punjab,https://a.espncdn.com/i/headshots/cricket/players/full/c05edf8e.png,https://www.espncricinfo.com/cricketers/harpreet-brar-c05edf8e
Harpreet Singh,28c78fb3,Kolkata Knight Riders,https://a.espncdn.com/i/headshots/cricket/players/full/28c78fb3.png,https://www.espncricinfo.com/cricketers/harpreet-singh-28c78fb3
Harsh Dubey,25228673,Sunrisers Hyderabad,https://a.espncdn.com/i/headshots/cricket/players/full/25228673.png,https://www.espncricinfo.com/cricketers/harsh-dubey-25228673
Harshit Rana,77b1aa15,Kolkata Knight Riders,https://a.espncdn.com/i/headshots/cricket/players/full/77b1aa15.png,https://www.espncricinfo.com/cricketers/harshit-rana-77b1aa15
Himmat Singh,ebcfef83,Lucknow Super Giants,https://a.espncdn.com/i/headshots/cricket/players/full/ebcfef83.png,https://www.espncricinfo.com/cricketers/himmat-singh-ebcfef83
I Malhotra,943fd425,Deccan Chargers,https://a.espncdn.com/i/headshots/cricket/players/full/943fd425.png,https://www.espncricinfo.com/cricketers/i-malhotra-943fd425
I Sharma,5bb1a1c4,Deccan Chargers,https://a.espncdn.com/i/headshots/cricket/players/full/5bb1a1c4.png,https://www.espncricinfo.com/cricketers/i-sharma-5bb1a1c4
I Udana,ac5ae4af,Royal Challengers Bangalore,https://a.espncdn.com/i/headshots/cricket/players/full/ac5ae4af.png,https://www.espncricinfo.com/cricketers/i-udana-ac5ae4af
IC Pandey,e0407c01,Chennai Super Kings,https://a.espncdn.com/i/headshots/cricket/players/full/e0407c01.png,https://www.espncricinfo.com/cricketers/ic-pandey-e0407c01
IC Porel,fdf7491e,Punjab Kings,https://a.espncdn.com/i/headshots/cricket/players/full/fdf7491e.png,https://www.espncricinfo.com/cricketers/ic-porel-fdf7491e
IK Pathan,5fa06777,Delhi Daredevils,https://a.espncdn.com/i/headshots/cricket/players/full/5fa06777.png,https://www.espncricinfo.com/cricketers/ik-pathan-5fa06777
IR Jaggi,dded65e7,Deccan Chargers,https://a.espncdn.com/i/headshots/cricket/players/full/dded65e7.png,https://www.espncricinfo.com/cricketers/ir-jaggi-dded65e7
IS Sodhi,641ac5ff,Rajasthan Royals,https://a.espncdn.com/i/headshots/cricket/players/full/641ac5ff.png,https://www.espncricinfo.com/cricketers/is-sodhi-641ac5ff
Imran Tahir,acee4cc4,Chennai Super Kings,https://a.espncdn.com/i/headshots/cricket/players/full/acee4cc4.png,https://www.espncricinfo.com/cricketers/imran-tahir-acee4cc4
Iqbal Abdulla,85aae393,Kolkata Knight Riders,https://a.espncdn.com/i/headshots/cricket/players/full/85aae393.png,https://www.espncricinfo.com/cricketers/iqbal-abdulla-85aae393
Ishan Kishan,752f7486,Gujarat Lions,https://a.espncdn.com/i/headshots/cricket/players/full/752f7486.png,https://www.espncricinfo.com/cricketers/ishan-kishan-752f7486
J Arunkumar,f663ef00,Royal Challengers Bangalore,https://a.espncdn.com/i/headshots/cricket/players/full/f663ef00.png,https://www.espncricinfo.com/cricketers/j-arunkumar-f663ef00
J Botha,7c503806,Delhi Daredevils,https://a.espncdn.com/i/headshots/cricket/players/full/7c503806.png,https://www.espncricinfo.com/cricketers/j-botha-7c503806
J Fraser-McGurk,9b6e1b3f,Delhi Capitals,https://a.espncdn.com/i/headshots/cricket/players/full/9b6e1b3f.png,https://www.espncricinfo.com/cricketers/j-fraser-mcgurk-9b6e1b3f
J Little,9061a703,Gujarat Titans,https://a.espncdn.com/i/headshots/cricket/players/full/9061a703.png,https://www.espncricinfo.com/cricketers/j-little-9061a703
J Overton,59559bc2,Chennai Super Kings,https://a.espncdn.com/i/headshots/cricket/players/full/59559bc2.png,https://www.espncricinfo.com/cricketers/j-overton-59559bc2
J Suchith,4125d931,Delhi Capitals,https://a.espncdn.com/i/headshots/cricket/players/full/4125d931.png,https://www.espncricinfo.com/cricketers/j-suchith-4125d931
J Syed Mohammad,c64c2443,Royal Challengers Bangalore,https://a.espncdn.com/i/headshots/cricket/players/full/c64c2443.png,https://www.espncricinfo.com/cricketers/j-syed-mohammad-c64c2443
J Theron,dec8e038,Deccan Chargers,https://a.espncdn.com/i/headshots/cricket/players/full/dec8e038.png,https://www.espncricinfo.com/cricketers/j-theron-dec8e038
J Yadav,81049310,Delhi Daredevils,https://a.espncdn.com/i/headshots/cricket/players/full/81049310.png,https://www.espncricinfo.com/cricketers/j-yadav-81049310
JA Duffy,dadbdb68,Royal Challengers Bengaluru,https://a.espncdn.com/i/headshots/cricket/players/full/dadbdb68.png,https://www.espncricinfo.com/cricketers/ja-duffy-dadbdb68
JA Morkel,c3d35165,Chennai Super Kings,https://a.espncdn.com/i/headshots/cricket/players/full/c3d35165.png,https://www.espncricinfo.com/cricketers/ja-morkel-c3d35165
JA Richardson,1ee08e9a,Delhi Capitals,https://a.espncdn.com/i/headshots/cricket/players/full/1ee08e9a.png,https://www.espncricinfo.com/cricketers/ja-richardson-1ee08e9a
JC Archer,5574750c,Mumbai Indians,https://a.espncdn.com/i/headshots/cricket/players/full/5574750c.png,https://www.espncricinfo.com/cricketers/jc-archer-5574750c
JC Buttler,99b75528,Gujarat Titans,https://a.espncdn.com/i/headshots/cricket/players/full/99b75528.png,https://www.espncricinfo.com/cricketers/jc-buttler-99b75528
JD Ryder,91ffa6c6,Pune Warriors,https://a.espncdn.com/i/headshots/cricket/players/full/91ffa6c6.png,https://www.espncricinfo.com/cricketers/jd-ryder-91ffa6c6
JD Unadkat,1e66c162,Delhi Daredevils,https://a.espncdn.com/i/headshots/cricket/players/full/1e66c162.png,https://www.espncricinfo.com/cricketers/jd-unadkat-1e66c162
JDP Oram,3eac9d95,Chennai Super Kings,https://a.espncdn.com/i/headshots/cricket/players/full/3eac9d95.png,https://www.espncricinfo.com/cricketers/jdp-oram-3eac9d95
JDS Neesham,9219eff0,Delhi Daredevils,https://a.espncdn.com/i/headshots/cricket/players/full/9219eff0.png,https://www.espncricinfo.com/cricketers/jds-neesham-9219eff0
JE Root,a343262c,Rajasthan Royals,https://a.espncdn.com/i/headshots/cricket/players/full/a343262c.png,https://www.espncricinfo.com/cricketers/je-root-a343262c
JE Taylor,4180d897,Pune Warriors,https://a.espncdn.com/i/headshots/cricket/players/full/4180d897.png,https://www.espncricinfo.com/cricketers/je-taylor-4180d897
JEC Franklin,cf73ad76,Mumbai Indians,https://a.espncdn.com/i/headshots/cricket/players/full/cf73ad76.png,https://www.espncricinfo.com/cricketers/jec-franklin-cf73ad76
JG Bethell,3c55c703,Royal Challengers Bengaluru,https://a.espncdn.com/i/headshots/cricket/players/full/3c55c703.png,https://www.espncricinfo.com/cricketers/jg-bethell-3c55c703
JH Kallis,86dc8f2e,Kolkata Knight Riders,https://a.espncdn.com/i/headshots/cricket/players/full/86dc8f2e.png,https://www.espncricinfo.com/cricketers/jh-kallis-86dc8f2e
JJ Bumrah,462411b3,Mumbai Indians,https://a.espncdn.com/i/headshots/cricket/players/full/462411b3.png,https://www.espncricinfo.com/cricketers/jj-bumrah-462411b3
JJ Roy,d1c36f5c,Delhi Daredevils,https://a.espncdn.com/i/headshots/cricket/players/full/d1c36f5c.png,https://www.espncricinfo.com/cricketers/jj-roy-d1c36f5c
JJ van der Wath,6821ac10,Royal Challengers Bangalore,https://a.espncdn.com/i/headshots/cricket/players/full/6821ac10.png,https://www.espncricinfo.com/cricketers/jj-van-der-wath-6821ac10
JL Denly,bdadf7da,Kolkata Knight Riders,https://a.espncdn.com/i/headshots/cricket/players/full/bdadf7da.png,https://www.espncricinfo.com/cricketers/jl-denly-bdadf7da
JL Pattinson,f752db61,Mumbai Indians,https://a.espncdn.com/i/headshots/cricket/players/full/f752db61.png,https://www.espncricinfo.com/cricketers/jl-pattinson-f752db61
JM Bairstow,abb83e27,Mumbai Indians,https://a.espncdn.com/i/headshots/cricket/players/full/abb83e27.png,https://www.espncricinfo.com/cricketers/jm-bairstow-abb83e27
JM Kemp,6581d753,Chennai Super Kings,https://a.espncdn.com/i/headshots/cricket/players/full/6581d753.png,https://www.espncricinfo.com/cricketers/jm-kemp-6581d753
JM Sharma,800d2d97,Punjab Kings,https://a.espncdn.com/i/headshots/cricket/players/full/800d2d97.png,https://www.espncricinfo.com/cricketers/jm-sharma-800d2d97
JO Holder,0f721006,Chennai Super Kings,https://a.espncdn.com/i/headshots/cricket/players/full/0f721006.png,https://www.espncricinfo.com/cricketers/jo-holder-0f721006
JP Behrendorff,4933f499,Mumbai Indians,https://a.espncdn.com/i/headshots/cricket/players/full/4933f499.png,https://www.espncricinfo.com/cricketers/jp-behrendorff-4933f499
JP Duminy,2e8994e7,Deccan Chargers,https://a.espncdn.com/i/headshots/cricket/players/full/2e8994e7.png,https://www.espncricinfo.com/cricketers/jp-duminy-2e8994e7
JP Faulkner,808f425a,Gujarat Lions,https://a.espncdn.com/i/headshots/cricket/players/full/808f425a.png,https://www.espncricinfo.com/cricketers/jp-faulkner-808f425a
JP Inglis,989889ff,Lucknow Super Giants,https://a.espncdn.com/i/headshots/cricket/players/full/989889ff.png,https://www.espncricinfo.com/cricketers/jp-inglis-989889ff
JPR Scantlebury-Searles,99ed60f8,Kolkata Knight Riders,https://a.espncdn.com/i/headshots/cricket/players/full/99ed60f8.png,https://www.espncricinfo.com/cricketers/jpr-scantlebury-searles-99ed60f8
JR Hazlewood,03806cf8,Chennai Super Kings,https://a.espncdn.com/i/headshots/cricket/players/full/03806cf8.png,https://www.espncricinfo.com/cricketers/jr-hazlewood-03806cf8
JR Hopes,2498e163,Delhi Daredevils,https://a.espncdn.com/i/headshots/cricket/players/full/2498e163.png,https://www.espncricinfo.com/cricketers/jr-hopes-2498e163
JR Philippe,39086549,Royal Challengers Bangalore,https://a.espncdn.com/i/headshots/cricket/players/full/39086549.png,https://www.espncricinfo.com/cricketers/jr-philippe-39086549
JW Hastings,012829ff,Chennai Super Kings,https://a.espncdn.com/i/headshots/cricket/players/full/012829ff.png,https://www.espncricinfo.com/cricketers/jw-hastings-012829ff
Jalaj S Saxena,249abedf,Punjab Kings,https://a.espncdn.com/i/headshots/cricket/players/full/249abedf.png,https://www.espncricinfo.com/cricketers/jalaj-s-saxena-249abedf
Jaskaran Singh,d7b3a420,Deccan Chargers,https://a.espncdn.com/i/headshots/cricket/players/full/d7b3a420.png,https://www.espncricinfo.com/cricketers/jaskaran-singh-d7b3a420
Joginder Sharma,9f961c14,Chennai Super Kings,https://a.espncdn.com/i/headshots/cricket/players/full/9f961c14.png,https://www.espncricinfo.com/cricketers/joginder-sharma-9f961c14
K Goel,a1f1829d,Kings XI Punjab,https://a.espncdn.com/i/headshots/cricket/players/full/a1f1829d.png,https://www.espncricinfo.com/cricketers/k-goel-a1f1829d
K Gowtham,90de905a,Kings XI Punjab,https://a.espncdn.com/i/headshots/cricket/players/full/90de905a.png,https://www.espncricinfo.com/cricketers/k-gowtham-90de905a
K Kartikeya,f6d8a7ab,Mumbai Indians,https://a.espncdn.com/i/headshots/cricket/players/full/f6d8a7ab.png,https://www.espncricinfo.com/cricketers/k-kartikeya-f6d8a7ab
K Khejroliya,fa2f1dde,Gujarat Titans,https://a.espncdn.com/i/headshots/cricket/players/full/fa2f1dde.png,https://www.espncricinfo.com/cricketers/k-khejroliya-fa2f1dde
K Rabada,e62dd25d,Delhi Capitals,https://a.espncdn.com/i/headshots/cricket/players/full/e62dd25d.png,https://www.espncricinfo.com/cricketers/k-rabada-e62dd25d
K Santokie,531f0278,Mumbai Indians,https://a.espncdn.com/i/headshots/cricket/players/full/531f0278.png,https://www.espncricinfo.com/cricketers/k-santokie-531f0278
K Upadhyay,27e71d47,Pune Warriors,https://a.espncdn.com/i/headshots/cricket/players/full/27e71d47.png,https://www.espncricinfo.com/cricketers/k-upadhyay-27e71d47
K Yadav,030f3089,Rajasthan Royals,https://a.espncdn.com/i/headshots/cricket/players/full/030f3089.png,https://www.espncricinfo.com/cricketers/k-yadav-030f3089
KA Jamieson,68c56d09,Delhi Capitals,https://a.espncdn.com/i/headshots/cricket/players/full/68c56d09.png,https://www.espncricinfo.com/cricketers/ka-jamieson-68c56d09
KA Maharaj,0b60eb09,Rajasthan Royals,https://a.espncdn.com/i/headshots/cricket/players/full/0b60eb09.png,https://www.espncricinfo.com/cricketers/ka-maharaj-0b60eb09
KA Pollard,a757b0d8,Mumbai Indians,https://a.espncdn.com/i/headshots/cricket/players/full/a757b0d8.png,https://www.espncricinfo.com/cricketers/ka-pollard-a757b0d8
KAJ Roach,78eb4223,Deccan Chargers,https://a.espncdn.com/i/headshots/cricket/players/full/78eb4223.png,https://www.espncricinfo.com/cricketers/kaj-roach-78eb4223
KB Arun Karthik,7daedf2f,Chennai Super Kings,https://a.espncdn.com/i/headshots/cricket/players/full/7daedf2f.png,https://www.espncricinfo.com/cricketers/kb-arun-karthik-7daedf2f
KC Cariappa,edb3d4f8,Kings XI Punjab,https://a.espncdn.com/i/headshots/cricket/players/full/edb3d4f8.png,https://www.espncricinfo.com/cricketers/kc-cariappa-edb3d4f8
KC Sangakkara,6b71e6cf,Deccan Chargers,https://a.espncdn.com/i/headshots/cricket/players/full/6b71e6cf.png,https://www.espncricinfo.com/cricketers/kc-sangakkara-6b71e6cf
KD Karthik,c03f1114,Delhi Daredevils,https://a.espncdn.com/i/headshots/cricket/players/full/c03f1114.png,https://www.espncricinfo.com/cricketers/kd-karthik-c03f1114
KH Devdhar,62e07f92,Deccan Chargers,https://a.espncdn.com/i/headshots/cricket/players/full/62e07f92.png,https://www.espncricinfo.com/cricketers/kh-devdhar-62e07f92
KH Pandya,5b8c830e,Lucknow Super Giants,https://a.espncdn.com/i/headshots/cricket/players/full/5b8c830e.png,https://www.espncricinfo.com/cricketers/kh-pandya-5b8c830e
KJ Abbott,a9da7784,Kings XI Punjab,https://a.espncdn.com/i/headshots/cricket/players/full/a9da7784.png,https://www.espncricinfo.com/cricketers/kj-abbott-a9da7784
KK Ahmed,a2f46292,Chennai Super Kings,https://a.espncdn.com/i/headshots/cricket/players/full/a2f46292.png,https://www.espncricinfo.com/cricketers/kk-ahmed-a2f46292
KK Cooper,557153ca,Rajasthan Royals,https://a.espncdn.com/i/headshots/cricket/players/full/557153ca.png,https://www.espncricinfo.com/cricketers/kk-cooper-557153ca
KK Nair,944533a5,Delhi Capitals,https://a.espncdn.com/i/headshots/cricket/players/full/944533a5.png,https://www.espncricinfo.com/cricketers/kk-nair-944533a5
KL Nagarkoti,b4f5c2d9,Delhi Capitals,https://a.espncdn.com/i/headshots/cricket/players/full/b4f5c2d9.png,https://www.espncricinfo.com/cricketers/kl-nagarkoti-b4f5c2d9
KL Rahul,b17e2f24,Delhi Capitals,https://a.espncdn.com/i/headshots/cricket/players/full/b17e2f24.png,https://www.espncricinfo.com/cricketers/kl-rahul-b17e2f24
KM Asif,798cc28e,Chennai Super Kings,https://a.espncdn.com/i/headshots/cricket/players/full/798cc28e.png,https://www.espncricinfo.com/cricketers/km-asif-798cc28e
KM Jadhav,99d63244,Chennai Super Kings,https://a.espncdn.com/i/headshots/cricket/players/full/99d63244.png,https://www.espncricinfo.com/cricketers/km-jadhav-99d63244
KMA Paul,75224f22,Delhi Capitals,https://a.espncdn.com/i/headshots/cricket/players/full/75224f22.png,https://www.espncricinfo.com/cricketers/kma-paul-75224f22
KMDN Kulasekara,469ea22b,Chennai Super Kings,https://a.espncdn.com/i/headshots/cricket/players/full/469ea22b.png,https://www.espncricinfo.com/cricketers/kmdn-kulasekara-469ea22b
KP Appanna,d92e42f5,Royal Challengers Bangalore,https://a.espncdn.com/i/headshots/cricket/players/full/d92e42f5.png,https://www.espncricinfo.com/cricketers/kp-appanna-d92e42f5
KP Pietersen,39f01cdb,Delhi Daredevils,https://a.espncdn.com/i/headshots/cricket/players/full/39f01cdb.png,https://www.espncricinfo.com/cricketers/kp-pietersen-39f01cdb
KR Mayers,73c18486,Lucknow Super Giants,https://a.espncdn.com/i/headshots/cricket/players/full/73c18486.png,https://www.espncricinfo.com/cricketers/kr-mayers-73c18486
KR Sen,2e78f685,Rajasthan Royals,https://a.espncdn.com/i/headshots/cricket/players/full/2e78f685.png,https://www.espncricinfo.com/cricketers/kr-sen-2e78f685
KS Bharat,44a89551,Delhi Capitals,https://a.espncdn.com/i/headshots/cricket/players/full/44a89551.png,https://www.espncricinfo.com/cricketers/ks-bharat-44a89551
KS Rathore,e3851766,Rajasthan Royals,https://a.espncdn.com/i/headshots/cricket/players/full/e3851766.png,https://www.espncricinfo.com/cricketers/ks-rathore-e3851766
KS Sharma,39ed0d2f,Lucknow Super Giants,https://a.espncdn.com/i/headshots/cricket/players/full/39ed0d2f.png,https://www.espncricinfo.com/cricketers/ks-sharma-39ed0d2f
KS Williamson,d027ba9f,Gujarat Titans,https://a.espncdn.com/i/headshots/cricket/players/full/d027ba9f.png,https://www.espncricinfo.com/cricketers/ks-williamson-d027ba9f
KT Maphaka,107c26fb,Mumbai Indians,https://a.espncdn.com/i/headshots/cricket/players/full/107c26fb.png,https://www.espncricinfo.com/cricketers/kt-maphaka-107c26fb
KV Sharma,119678fd,Chennai Super Kings,https://a.espncdn.com/i/headshots/cricket/players/full/119678fd.png,https://www.espncricinfo.com/cricketers/kv-sharma-119678fd
KW Richardson,dfc4d8b5,Pune Warriors,https://a.espncdn.com/i/headshots/cricket/players/full/dfc4d8b5.png,https://www.espncricinfo.com/cricketers/kw-richardson-dfc4d8b5
Kamran Akmal,ff077124,Rajasthan Royals,https://a.espncdn.com/i/headshots/cricket/players/full/ff077124.png,https://www.espncricinfo.com/cricketers/kamran-akmal-ff077124
Kamran Khan,6ef60d3a,Pune Warriors,https://a.espncdn.com/i/headshots/cricket/players/full/6ef60d3a.png,https://www.espncricinfo.com/cricketers/kamran-khan-6ef60d3a
Karanveer Singh,1647bd37,Kings XI Punjab,https://a.espncdn.com/i/headshots/cricket/players/full/1647bd37.png,https://www.espncricinfo.com/cricketers/karanveer-singh-1647bd37
Karim Janat,62175638,Gujarat Titans,https://a.espncdn.com/i/headshots/cricket/players/full/62175638.png,https://www.espncricinfo.com/cricketers/karim-janat-62175638
Kartik Sharma,7b679de5,Chennai Super Kings,https://a.espncdn.com/i/headshots/cricket/players/full/7b679de5.png,https://www.espncricinfo.com/cricketers/kartik-sharma-7b679de5
Kartik Tyagi,5d2eea49,Gujarat Titans,https://a.espncdn.com/i/headshots/cricket/players/full/5d2eea49.png,https://www.espncricinfo.com/cricketers/kartik-tyagi-5d2eea49
Krish Bhagat,e48a4814,Mumbai Indians,https://a.espncdn.com/i/headshots/cricket/players/full/e48a4814.png,https://www.espncricinfo.com/cricketers/krish-bhagat-e48a4814
Kuldeep Yadav,8d2c70ad,Delhi Capitals,https://a.espncdn.com/i/headshots/cricket/players/full/8d2c70ad.png,https://www.espncricinfo.com/cricketers/kuldeep-yadav-8d2c70ad
Kumar Kushagra,57ca01b3,Delhi Capitals,https://a.espncdn.com/i/headshots/cricket/players/full/57ca01b3.png,https://www.espncricinfo.com/cricketers/kumar-kushagra-57ca01b3
L Ablish,8b9704ae,Kings XI Punjab,https://a.espncdn.com/i/headshots/cricket/players/full/8b9704ae.png,https://www.espncricinfo.com/cricketers/l-ablish-8b9704ae
L Balaji,b2b50355,Chennai Super Kings,https://a.espncdn.com/i/headshots/cricket/players/full/b2b50355.png,https://www.espncricinfo.com/cricketers/l-balaji-b2b50355
L Ngidi,f834dcfc,Chennai Super Kings,https://a.espncdn.com/i/headshots/cricket/players/full/f834dcfc.png,https://www.espncricinfo.com/cricketers/l-ngidi-f834dcfc
L Ronchi,0fa5042b,Mumbai Indians,https://a.espncdn.com/i/headshots/cricket/players/full/0fa5042b.png,https://www.espncricinfo.com/cricketers/l-ronchi-0fa5042b
L Wood,65b6943c,Mumbai Indians,https://a.espncdn.com/i/headshots/cricket/players/full/65b6943c.png,https://www.espncricinfo.com/cricketers/l-wood-65b6943c
LA Carseldine,d872f52a,Rajasthan Royals,https://a.espncdn.com/i/headshots/cricket/players/full/d872f52a.png,https://www.espncricinfo.com/cricketers/la-carseldine-d872f52a
LA Pomersbach,b63ab531,Kings XI Punjab,https://a.espncdn.com/i/headshots/cricket/players/full/b63ab531.png,https://www.espncricinfo.com/cricketers/la-pomersbach-b63ab531
LB Williams,a1d95bd8,Delhi Capitals,https://a.espncdn.com/i/headshots/cricket/players/full/a1d95bd8.png,https://www.espncricinfo.com/cricketers/lb-williams-a1d95bd8
LE Plunkett,9a963804,Delhi Daredevils,https://a.espncdn.com/i/headshots/cricket/players/full/9a963804.png,https://www.espncricinfo.com/cricketers/le-plunkett-9a963804
LG Pretorius,60aa2db3,Rajasthan Royals,https://a.espncdn.com/i/headshots/cricket/players/full/60aa2db3.png,https://www.espncricinfo.com/cricketers/lg-pretorius-60aa2db3
LH Ferguson,2f9d0389,Gujarat Titans,https://a.espncdn.com/i/headshots/cricket/players/full/2f9d0389.png,https://www.espncricinfo.com/cricketers/lh-ferguson-2f9d0389
LI Meriwala,d3611425,Delhi Capitals,https://a.espncdn.com/i/headshots/cricket/players/full/d3611425.png,https://www.espncricinfo.com/cricketers/li-meriwala-d3611425
LJ Wright,cca50cd6,Pune Warriors,https://a.espncdn.com/i/headshots/cricket/players/full/cca50cd6.png,https://www.espncricinfo.com/cricketers/lj-wright-cca50cd6
LMP Simmons,89f64c19,Mumbai Indians,https://a.espncdn.com/i/headshots/cricket/players/full/89f64c19.png,https://www.espncricinfo.com/cricketers/lmp-simmons-89f64c19
LPC Silva,1be70c88,Deccan Chargers,https://a.espncdn.com/i/headshots/cricket/players/full/1be70c88.png,https://www.espncricinfo.com/cricketers/lpc-silva-1be70c88
LR Shukla,b1451597,Delhi Daredevils,https://a.espncdn.com/i/headshots/cricket/players/full/b1451597.png,https://www.espncricinfo.com/cricketers/lr-shukla-b1451597
LRPL Taylor,b61a3e1a,Delhi Daredevils,https://a.espncdn.com/i/headshots/cricket/players/full/b61a3e1a.png,https://www.espncricinfo.com/cricketers/lrpl-taylor-b61a3e1a
LS Livingstone,50c6bc2b,Punjab Kings,https://a.espncdn.com/i/headshots/cricket/players/full/50c6bc2b.png,https://www.espncricinfo.com/cricketers/ls-livingstone-50c6bc2b
Lalit Yadav,ad427b5c,Delhi Capitals,https://a.espncdn.com/i/headshots/cricket/players/full/ad427b5c.png,https://www.espncricinfo.com/cricketers/lalit-yadav-ad427b5c
Liton Das,0404d43c,Kolkata Knight Riders,https://a.espncdn.com/i/headshots/cricket/players/full/0404d43c.png,https://www.espncricinfo.com/cricketers/liton-das-0404d43c
M Ashwin,e2db2409,Kings XI Punjab,https://a.espncdn.com/i/headshots/cricket/players/full/e2db2409.png,https://www.espncricinfo.com/cricketers/m-ashwin-e2db2409
M Jansen,81c36ee9,Mumbai Indians,https://a.espncdn.com/i/headshots/cricket/players/full/81c36ee9.png,https://www.espncricinfo.com/cricketers/m-jansen-81c36ee9
M Kaif,d84378a4,Kings XI Punjab,https://a.espncdn.com/i/headshots/cricket/players/full/d84378a4.png,https://www.espncricinfo.com/cricketers/m-kaif-d84378a4
M Kartik,abfeb126,Kings XI Punjab,https://a.espncdn.com/i/headshots/cricket/players/full/abfeb126.png,https://www.espncricinfo.com/cricketers/m-kartik-abfeb126
M Klinger,b970a03f,Kochi Tuskers Kerala,https://a.espncdn.com/i/headshots/cricket/players/full/b970a03f.png,https://www.espncricinfo.com/cricketers/m-klinger-b970a03f
M Manhas,c42aaf71,Chennai Super Kings,https://a.espncdn.com/i/headshots/cricket/players/full/c42aaf71.png,https://www.espncricinfo.com/cricketers/m-manhas-c42aaf71
M Markande,a9fd84fb,Mumbai Indians,https://a.espncdn.com/i/headshots/cricket/players/full/a9fd84fb.png,https://www.espncricinfo.com/cricketers/m-markande-a9fd84fb
M Morkel,5bb5a915,Delhi Daredevils,https://a.espncdn.com/i/headshots/cricket/players/full/5bb5a915.png,https://www.espncricinfo.com/cricketers/m-morkel-5bb5a915
M Muralitharan,4ba44e19,Chennai Super Kings,https://a.espncdn.com/i/headshots/cricket/players/full/4ba44e19.png,https://www.espncricinfo.com/cricketers/m-muralitharan-4ba44e19
M Ntini,20a941bb,Chennai Super Kings,https://a.espncdn.com/i/headshots/cricket/players/full/20a941bb.png,https://www.espncricinfo.com/cricketers/m-ntini-20a941bb
M Pathirana,64839cb3,Chennai Super Kings,https://a.espncdn.com/i/headshots/cricket/players/full/64839cb3.png,https://www.espncricinfo.com/cricketers/m-pathirana-64839cb3
M Prasidh Krishna,85e0cf10,Gujarat Titans,https://a.espncdn.com/i/headshots/cricket/players/full/85e0cf10.png,https://www.espncricinfo.com/cricketers/m-prasidh-krishna-85e0cf10
M Rawat,de8d3876,Pune Warriors,https://a.espncdn.com/i/headshots/cricket/players/full/de8d3876.png,https://www.espncricinfo.com/cricketers/m-rawat-de8d3876
M Shahrukh Khan,7dcb9bc9,Gujarat Titans,https://a.espncdn.com/i/headshots/cricket/players/full/7dcb9bc9.png,https://www.espncricinfo.com/cricketers/m-shahrukh-khan-7dcb9bc9
M Siddharth,cf0ccafa,Lucknow Super Giants,https://a.espncdn.com/i/headshots/cricket/players/full/cf0ccafa.png,https://www.espncricinfo.com/cricketers/m-siddharth-cf0ccafa
M Theekshana,f24c6701,Chennai Super Kings,https://a.espncdn.com/i/headshots/cricket/players/full/f24c6701.png,https://www.espncricinfo.com/cricketers/m-theekshana-f24c6701
M Tiwari,fb5f69e4,Delhi Capitals,https://a.espncdn.com/i/headshots/cricket/players/full/fb5f69e4.png,https://www.espncricinfo.com/cricketers/m-tiwari-fb5f69e4
M Vijay,4b57e452,Chennai Super Kings,https://a.espncdn.com/i/headshots/cricket/players/full/4b57e452.png,https://www.espncricinfo.com/cricketers/m-vijay-4b57e452
M Vohra,c03e2850,Kings XI Punjab,https://a.espncdn.com/i/headshots/cricket/players/full/c03e2850.png,https://www.espncricinfo.com/cricketers/m-vohra-c03e2850
M de Lange,d4eef961,Kolkata Knight Riders,https://a.espncdn.com/i/headshots/cricket/players/full/d4eef961.png,https://www.espncricinfo.com/cricketers/m-de-lange-d4eef961
MA Agarwal,00ea847a,Delhi Daredevils,https://a.espncdn.com/i/headshots/cricket/players/full/00ea847a.png,https://www.espncricinfo.com/cricketers/ma-agarwal-00ea847a
MA Khote,0d232ffd,Mumbai Indians,https://a.espncdn.com/i/headshots/cricket/players/full/0d232ffd.png,https://www.espncricinfo.com/cricketers/ma-khote-0d232ffd
MA Starc,3fb19989,Delhi Capitals,https://a.espncdn.com/i/headshots/cricket/players/full/3fb19989.png,https://www.espncricinfo.com/cricketers/ma-starc-3fb19989
MA Wood,8d92a2c3,Chennai Super Kings,https://a.espncdn.com/i/headshots/cricket/players/full/8d92a2c3.png,https://www.espncricinfo.com/cricketers/ma-wood-8d92a2c3
MB Parmar,86ae8ef2,Kolkata Knight Riders,https://a.espncdn.com/i/headshots/cricket/players/full/86ae8ef2.png,https://www.espncricinfo.com/cricketers/mb-parmar-86ae8ef2
MC Henriques,32198ae0,Delhi Daredevils,https://a.espncdn.com/i/headshots/cricket/players/full/32198ae0.png,https://www.espncricinfo.com/cricketers/mc-henriques-32198ae0
MC Juneja,605b7efa,Delhi Daredevils,https://a.espncdn.com/i/headshots/cricket/players/full/605b7efa.png,https://www.espncricinfo.com/cricketers/mc-juneja-605b7efa
MD Choudhary,1c84109e,Lucknow Super Giants,https://a.espncdn.com/i/headshots/cricket/players/full/1c84109e.png,https://www.espncricinfo.com/cricketers/md-choudhary-1c84109e
MD Mishra,6afb26d6,Deccan Chargers,https://a.espncdn.com/i/headshots/cricket/players/full/6afb26d6.png,https://www.espncricinfo.com/cricketers/md-mishra-6afb26d6
MD Shanaka,3ff033bb,Gujarat Titans,https://a.espncdn.com/i/headshots/cricket/players/full/3ff033bb.png,https://www.espncricinfo.com/cricketers/md-shanaka-3ff033bb
MDKJ Perera,f21043a5,Rajasthan Royals,https://a.espncdn.com/i/headshots/cricket/players/full/f21043a5.png,https://www.espncricinfo.com/cricketers/mdkj-perera-f21043a5
MEK Hussey,48fd7349,Chennai Super Kings,https://a.espncdn.com/i/headshots/cricket/players/full/48fd7349.png,https://www.espncricinfo.com/cricketers/mek-hussey-48fd7349
MF Maharoof,ab89348d,Delhi Daredevils,https://a.espncdn.com/i/headshots/cricket/players/full/ab89348d.png,https://www.espncricinfo.com/cricketers/mf-maharoof-ab89348d
MG Bracewell,e38bce7a,Royal Challengers Bangalore,https://a.espncdn.com/i/headshots/cricket/players/full/e38bce7a.png,https://www.espncricinfo.com/cricketers/mg-bracewell-e38bce7a
MG Johnson,f5180fe6,Kings XI Punjab,https://a.espncdn.com/i/headshots/cricket/players/full/f5180fe6.png,https://www.espncricinfo.com/cricketers/mg-johnson-f5180fe6
MG Neser,0164b064,Kings XI Punjab,https://a.espncdn.com/i/headshots/cricket/players/full/0164b064.png,https://www.espncricinfo.com/cricketers/mg-neser-0164b064
MJ Clarke,f842c2cf,Pune Warriors,https://a.espncdn.com/i/headshots/cricket/players/full/f842c2cf.png,https://www.espncricinfo.com/cricketers/mj-clarke-f842c2cf
MJ Guptill,2be41edb,Kings XI Punjab,https://a.espncdn.com/i/headshots/cricket/players/full/2be41edb.png,https://www.espncricinfo.com/cricketers/mj-guptill-2be41edb
MJ Henry,e84ac20c,Chennai Super Kings,https://a.espncdn.com/i/headshots/cricket/players/full/e84ac20c.png,https://www.espncricinfo.com/cricketers/mj-henry-e84ac20c
MJ Lumb,11df3dc8,Deccan Chargers,https://a.espncdn.com/i/headshots/cricket/players/full/11df3dc8.png,https://www.espncricinfo.com/cricketers/mj-lumb-11df3dc8
MJ McClenaghan,51a3c5ef,Mumbai Indians,https://a.espncdn.com/i/headshots/cricket/players/full/51a3c5ef.png,https://www.espncricinfo.com/cricketers/mj-mcclenaghan-51a3c5ef
MJ Owen,f2c936d7,Punjab Kings,https://a.espncdn.com/i/headshots/cricket/players/full/f2c936d7.png,https://www.espncricinfo.com/cricketers/mj-owen-f2c936d7
MJ Santner,e4a0deae,Chennai Super Kings,https://a.espncdn.com/i/headshots/cricket/players/full/e4a0deae.png,https://www.espncricinfo.com/cricketers/mj-santner-e4a0deae
MJ Suthar,025c4400,Gujarat Titans,https://a.espncdn.com/i/headshots/cricket/players/full/025c4400.png,https://www.espncricinfo.com/cricketers/mj-suthar-025c4400
MK Lomror,da934ee8,Rajasthan Royals,https://a.espncdn.com/i/headshots/cricket/players/full/da934ee8.png,https://www.espncricinfo.com/cricketers/mk-lomror-da934ee8
MK Pandey,93b4fc78,Delhi Capitals,https://a.espncdn.com/i/headshots/cricket/players/full/93b4fc78.png,https://www.espncricinfo.com/cricketers/mk-pandey-93b4fc78
MK Tiwary,26e5cabf,Delhi Daredevils,https://a.espncdn.com/i/headshots/cricket/players/full/26e5cabf.png,https://www.espncricinfo.com/cricketers/mk-tiwary-26e5cabf
ML Hayden,d8699ab7,Chennai Super Kings,https://a.espncdn.com/i/headshots/cricket/players/full/d8699ab7.png,https://www.espncricinfo.com/cricketers/ml-hayden-d8699ab7
MM Ali,bb351c23,Chennai Super Kings,https://a.espncdn.com/i/headshots/cricket/players/full/bb351c23.png,https://www.espncricinfo.com/cricketers/mm-ali-bb351c23
MM Patel,f0f628c7,Gujarat Lions,https://a.espncdn.com/i/headshots/cricket/players/full/f0f628c7.png,https://www.espncricinfo.com/cricketers/mm-patel-f0f628c7
MM Sharma,759ac88f,Chennai Super Kings,https://a.espncdn.com/i/headshots/cricket/players/full/759ac88f.png,https://www.espncricinfo.com/cricketers/mm-sharma-759ac88f
MN Samuels,f846de6a,Delhi Daredevils,https://a.espncdn.com/i/headshots/cricket/players/full/f846de6a.png,https://www.espncricinfo.com/cricketers/mn-samuels-f846de6a
MN van Wyk,710dd98c,Kolkata Knight Riders,https://a.espncdn.com/i/headshots/cricket/players/full/710dd98c.png,https://www.espncricinfo.com/cricketers/mn-van-wyk-710dd98c
MP Breetzke,35f173a0,Lucknow Super Giants,https://a.espncdn.com/i/headshots/cricket/players/full/35f173a0.png,https://www.espncricinfo.com/cricketers/mp-breetzke-35f173a0
MP Stoinis,d9273ee7,Delhi Capitals,https://a.espncdn.com/i/headshots/cricket/players/full/d9273ee7.png,https://www.espncricinfo.com/cricketers/mp-stoinis-d9273ee7
MP Yadav,b1ad996b,Lucknow Super Giants,https://a.espncdn.com/i/headshots/cricket/players/full/b1ad996b.png,https://www.espncricinfo.com/cricketers/mp-yadav-b1ad996b
MR Marsh,3d8feaf8,Deccan Chargers,https://a.espncdn.com/i/headshots/cricket/players/full/3d8feaf8.png,https://www.espncricinfo.com/cricketers/mr-marsh-3d8feaf8
MS Bhandage,e96801ea,Royal Challengers Bengaluru,https://a.espncdn.com/i/headshots/cricket/players/full/e96801ea.png,https://www.espncricinfo.com/cricketers/ms-bhandage-e96801ea
MS Bisla,5afd4539,Kings XI Punjab,https://a.espncdn.com/i/headshots/cricket/players/full/5afd4539.png,https://www.espncricinfo.com/cricketers/ms-bisla-5afd4539
MS Dhoni,4a8a2e3b,Chennai Super Kings,https://a.espncdn.com/i/headshots/cricket/players/full/4a8a2e3b.png,https://www.espncricinfo.com/cricketers/ms-dhoni-4a8a2e3b
MS Gony,ae78bc32,Chennai Super Kings,https://a.espncdn.com/i/headshots/cricket/players/full/ae78bc32.png,https://www.espncricinfo.com/cricketers/ms-gony-ae78bc32
MS Wade,afa7e784,Delhi Daredevils,https://a.espncdn.com/i/headshots/cricket/players/full/afa7e784.png,https://www.espncricinfo.com/cricketers/ms-wade-afa7e784
MV Boucher,f3cb53a1,Kolkata Knight Riders,https://a.espncdn.com/i/headshots/cricket/players/full/f3cb53a1.png,https://www.espncricinfo.com/cricketers/mv-boucher-f3cb53a1
MW Short,a90e53ec,Chennai Super Kings,https://a.espncdn.com/i/headshots/cricket/players/full/a90e53ec.png,https://www.espncricinfo.com/cricketers/mw-short-a90e53ec
Mandeep Singh,c3a96caf,Delhi Capitals,https://a.espncdn.com/i/headshots/cricket/players/full/c3a96caf.png,https://www.espncricinfo.com/cricketers/mandeep-singh-c3a96caf
Mashrafe Mortaza,e186f49c,Kolkata Knight Riders,https://a.espncdn.com/i/headshots/cricket/players/full/e186f49c.png,https://www.espncricinfo.com/cricketers/mashrafe-mortaza-e186f49c
Mayank Dagar,a457cfb5,Royal Challengers Bengaluru,https://a.espncdn.com/i/headshots/cricket/players/full/a457cfb5.png,https://www.espncricinfo.com/cricketers/mayank-dagar-a457cfb5
Mayank Rawat,2b801189,Mumbai Indians,https://a.espncdn.com/i/headshots/cricket/players/full/2b801189.png,https://www.espncricinfo.com/cricketers/mayank-rawat-2b801189
Misbah-ul-Haq,7eae4418,Royal Challengers Bangalore,https://a.espncdn.com/i/headshots/cricket/players/full/7eae4418.png,https://www.espncricinfo.com/cricketers/misbah-ul-haq-7eae4418
Mohammad Ashraful,2bb09eb2,Mumbai Indians,https://a.espncdn.com/i/headshots/cricket/players/full/2bb09eb2.png,https://www.espncricinfo.com/cricketers/mohammad-ashraful-2bb09eb2
Mohammad Asif,e03b66ec,Delhi Daredevils,https://a.espncdn.com/i/headshots/cricket/players/full/e03b66ec.png,https://www.espncricinfo.com/cricketers/mohammad-asif-e03b66ec
Mohammad Hafeez,9ab63e7b,Kolkata Knight Riders,https://a.espncdn.com/i/headshots/cricket/players/full/9ab63e7b.png,https://www.espncricinfo.com/cricketers/mohammad-hafeez-9ab63e7b
Mohammad Nabi,62af8546,Mumbai Indians,https://a.espncdn.com/i/headshots/cricket/players/full/62af8546.png,https://www.espncricinfo.com/cricketers/mohammad-nabi-62af8546
Mohammed Shami,8cf9814c,Delhi Daredevils,https://a.espncdn.com/i/headshots/cricket/players/full/8cf9814c.png,https://www.espncricinfo.com/cricketers/mohammed-shami-8cf9814c
Mohammed Siraj,2f49c897,Gujarat Titans,https://a.espncdn.com/i/headshots/cricket/players/full/2f49c897.png,https://www.espncricinfo.com/cricketers/mohammed-siraj-2f49c897
Mohit Rathee,9a5f2863,Punjab Kings,https://a.espncdn.com/i/headshots/cricket/players/full/9a5f2863.png,https://www.espncricinfo.com/cricketers/mohit-rathee-9a5f2863
Mohsin Khan,c33d8116,Lucknow Super Giants,https://a.espncdn.com/i/headshots/cricket/players/full/c33d8116.png,https://www.espncricinfo.com/cricketers/mohsin-khan-c33d8116
Monu Kumar,fb24e76c,Chennai Super Kings,https://a.espncdn.com/i/headshots/cricket/players/full/fb24e76c.png,https://www.espncricinfo.com/cricketers/monu-kumar-fb24e76c
Mujeeb Ur Rahman,7d92277a,Kings XI Punjab,https://a.espncdn.com/i/headshots/cricket/players/full/7d92277a.png,https://www.espncricinfo.com/cricketers/mujeeb-ur-rahman-7d92277a
Mukesh Choudhary,765a4731,Chennai Super Kings,https://a.espncdn.com/i/headshots/cricket/players/full/765a4731.png,https://www.espncricinfo.com/cricketers/mukesh-choudhary-765a4731
Mukesh Kumar,2cffab74,Delhi Capitals,https://a.espncdn.com/i/headshots/cricket/players/full/2cffab74.png,https://www.espncricinfo.com/cricketers/mukesh-kumar-2cffab74
Musheer Khan,d621b427,Punjab Kings,https://a.espncdn.com/i/headshots/cricket/players/full/d621b427.png,https://www.espncricinfo.com/cricketers/musheer-khan-d621b427
Mustafizur Rahman,0a8fce53,Chennai Super Kings,https://a.espncdn.com/i/headshots/cricket/players/full/0a8fce53.png,https://www.espncricinfo.com/cricketers/mustafizur-rahman-0a8fce53
N Burger,465aa633,Rajasthan Royals,https://a.espncdn.com/i/headshots/cricket/players/full/465aa633.png,https://www.espncricinfo.com/cricketers/n-burger-465aa633
N Jagadeesan,bd54eef5,Chennai Super Kings,https://a.espncdn.com/i/headshots/cricket/players/full/bd54eef5.png,https://www.espncricinfo.com/cricketers/n-jagadeesan-bd54eef5
N Pooran,3241e3fd,Kings XI Punjab,https://a.espncdn.com/i/headshots/cricket/players/full/3241e3fd.png,https://www.espncricinfo.com/cricketers/n-pooran-3241e3fd
N Rana,fb2d1dda,Delhi Capitals,https://a.espncdn.com/i/headshots/cricket/players/full/fb2d1dda.png,https://www.espncricinfo.com/cricketers/n-rana-fb2d1dda
N Saini,addbde6c,Kings XI Punjab,https://a.espncdn.com/i/headshots/cricket/players/full/addbde6c.png,https://www.espncricinfo.com/cricketers/n-saini-addbde6c
N Sindhu,3cea23da,Gujarat Titans,https://a.espncdn.com/i/headshots/cricket/players/full/3cea23da.png,https://www.espncricinfo.com/cricketers/n-sindhu-3cea23da
N Thushara,ee1b6c27,Mumbai Indians,https://a.espncdn.com/i/headshots/cricket/players/full/ee1b6c27.png,https://www.espncricinfo.com/cricketers/n-thushara-ee1b6c27
N Wadhera,d1a60072,Mumbai Indians,https://a.espncdn.com/i/headshots/cricket/players/full/d1a60072.png,https://www.espncricinfo.com/cricketers/n-wadhera-d1a60072
NA Saini,21d4e29b,Rajasthan Royals,https://a.espncdn.com/i/headshots/cricket/players/full/21d4e29b.png,https://www.espncricinfo.com/cricketers/na-saini-21d4e29b
NB Singh,b822e99c,Gujarat Lions,https://a.espncdn.com/i/headshots/cricket/players/full/b822e99c.png,https://www.espncricinfo.com/cricketers/nb-singh-b822e99c
ND Doshi,6ec424a9,Rajasthan Royals,https://a.espncdn.com/i/headshots/cricket/players/full/6ec424a9.png,https://www.espncricinfo.com/cricketers/nd-doshi-6ec424a9
NJ Maddinson,44afbf2d,Royal Challengers Bangalore,https://a.espncdn.com/i/headshots/cricket/players/full/44afbf2d.png,https://www.espncricinfo.com/cricketers/nj-maddinson-44afbf2d
NJ Rimmington,6042bf26,Kings XI Punjab,https://a.espncdn.com/i/headshots/cricket/players/full/6042bf26.png,https://www.espncricinfo.com/cricketers/nj-rimmington-6042bf26
NK Patel,a2870fb7,Rajasthan Royals,https://a.espncdn.com/i/headshots/cricket/players/full/a2870fb7.png,https://www.espncricinfo.com/cricketers/nk-patel-a2870fb7
NL McCullum,5673a3fc,Pune Warriors,https://a.espncdn.com/i/headshots/cricket/players/full/5673a3fc.png,https://www.espncricinfo.com/cricketers/nl-mccullum-5673a3fc
NLTC Perera,0f12f9df,Chennai Super Kings,https://a.espncdn.com/i/headshots/cricket/players/full/0f12f9df.png,https://www.espncricinfo.com/cricketers/nltc-perera-0f12f9df
NM Coulter-Nile,56ab442f,Delhi Daredevils,https://a.espncdn.com/i/headshots/cricket/players/full/56ab442f.png,https://www.espncricinfo.com/cricketers/nm-coulter-nile-56ab442f
NS Naik,aedc3b7c,Kings XI Punjab,https://a.espncdn.com/i/headshots/cricket/players/full/aedc3b7c.png,https://www.espncricinfo.com/cricketers/ns-naik-aedc3b7c
NT Ellis,9eb1455b,Chennai Super Kings,https://a.espncdn.com/i/headshots/cricket/players/full/9eb1455b.png,https://www.espncricinfo.com/cricketers/nt-ellis-9eb1455b
NV Ojha,890946a0,Delhi Daredevils,https://a.espncdn.com/i/headshots/cricket/players/full/890946a0.png,https://www.espncricinfo.com/cricketers/nv-ojha-890946a0
Naman Dhir,fffa744b,Mumbai Indians,https://a.espncdn.com/i/headshots/cricket/players/full/fffa744b.png,https://www.espncricinfo.com/cricketers/naman-dhir-fffa744b
Naveen-ul-Haq,c0c411cb,Lucknow Super Giants,https://a.espncdn.com/i/headshots/cricket/players/full/c0c411cb.png,https://www.espncricinfo.com/cricketers/naveen-ul-haq-c0c411cb
Nithish Kumar Reddy,aad0c365,Sunrisers Hyderabad,https://a.espncdn.com/i/headshots/cricket/players/full/aad0c365.png,https://www.espncricinfo.com/cricketers/nithish-kumar-reddy-aad0c365
Noor Ahmad,efc04be7,Chennai Super Kings,https://a.espncdn.com/i/headshots/cricket/players/full/efc04be7.png,https://www.espncricinfo.com/cricketers/noor-ahmad-efc04be7
O Thomas,c6097d68,Rajasthan Royals,https://a.espncdn.com/i/headshots/cricket/players/full/c6097d68.png,https://www.espncricinfo.com/cricketers/o-thomas-c6097d68
OA Shah,7bf96684,Kochi Tuskers Kerala,https://a.espncdn.com/i/headshots/cricket/players/full/7bf96684.png,https://www.espncricinfo.com/cricketers/oa-shah-7bf96684
OC McCoy,529eb9e0,Rajasthan Royals,https://a.espncdn.com/i/headshots/cricket/players/full/529eb9e0.png,https://www.espncricinfo.com/cricketers/oc-mccoy-529eb9e0
OF Smith,23cca426,Punjab Kings,https://a.espncdn.com/i/headshots/cricket/players/full/23cca426.png,https://www.espncricinfo.com/cricketers/of-smith-23cca426
P Amarnath,6ad3a659,Chennai Super Kings,https://a.espncdn.com/i/headshots/cricket/players/full/6ad3a659.png,https://www.espncricinfo.com/cricketers/p-amarnath-6ad3a659
P Awana,1a0c3177,Kings XI Punjab,https://a.espncdn.com/i/headshots/cricket/players/full/1a0c3177.png,https://www.espncricinfo.com/cricketers/p-awana-1a0c3177
P Chopra,8ac93ca2,Rajasthan Royals,https://a.espncdn.com/i/headshots/cricket/players/full/8ac93ca2.png,https://www.espncricinfo.com/cricketers/p-chopra-8ac93ca2
P Dharmani,eaa90ab4,Kings XI Punjab,https://a.espncdn.com/i/headshots/cricket/players/full/eaa90ab4.png,https://www.espncricinfo.com/cricketers/p-dharmani-eaa90ab4
P Dogra,2728e7e9,Kings XI Punjab,https://a.espncdn.com/i/headshots/cricket/players/full/2728e7e9.png,https://www.espncricinfo.com/cricketers/p-dogra-2728e7e9
P Dubey,ed5a5510,Delhi Capitals,https://a.espncdn.com/i/headshots/cricket/players/full/ed5a5510.png,https://www.espncricinfo.com/cricketers/p-dubey-ed5a5510
P Kumar,e938e1bc,Gujarat Lions,https://a.espncdn.com/i/headshots/cricket/players/full/e938e1bc.png,https://www.espncricinfo.com/cricketers/p-kumar-e938e1bc
P Negi,f62772e5,Chennai Super Kings,https://a.espncdn.com/i/headshots/cricket/players/full/f62772e5.png,https://www.espncricinfo.com/cricketers/p-negi-f62772e5
P Nissanka,8ee36b18,Delhi Capitals,https://a.espncdn.com/i/headshots/cricket/players/full/8ee36b18.png,https://www.espncricinfo.com/cricketers/p-nissanka-8ee36b18
P Parameswaran,0c432afb,Kochi Tuskers Kerala,https://a.espncdn.com/i/headshots/cricket/players/full/0c432afb.png,https://www.espncricinfo.com/cricketers/p-parameswaran-0c432afb
P Prasanth,ddb00822,Kochi Tuskers Kerala,https://a.espncdn.com/i/headshots/cricket/players/full/ddb00822.png,https://www.espncricinfo.com/cricketers/p-prasanth-ddb00822
P Ray Barman,441c72ae,Royal Challengers Bangalore,https://a.espncdn.com/i/headshots/cricket/players/full/441c72ae.png,https://www.espncricinfo.com/cricketers/p-ray-barman-441c72ae
P Sahu,9a0146b3,Kings XI Punjab,https://a.espncdn.com/i/headshots/cricket/players/full/9a0146b3.png,https://www.espncricinfo.com/cricketers/p-sahu-9a0146b3
P Simran Singh,9418198b,Kings XI Punjab,https://a.espncdn.com/i/headshots/cricket/players/full/9418198b.png,https://www.espncricinfo.com/cricketers/p-simran-singh-9418198b
P Suyal,cedc1d9a,Mumbai Indians,https://a.espncdn.com/i/headshots/cricket/players/full/cedc1d9a.png,https://www.espncricinfo.com/cricketers/p-suyal-cedc1d9a
PA Patel,b5da6c24,Chennai Super Kings,https://a.espncdn.com/i/headshots/cricket/players/full/b5da6c24.png,https://www.espncricinfo.com/cricketers/pa-patel-b5da6c24
PA Reddy,2461eef2,Deccan Chargers,https://a.espncdn.com/i/headshots/cricket/players/full/2461eef2.png,https://www.espncricinfo.com/cricketers/pa-reddy-2461eef2
PBB Rajapaksa,6c882e9a,Punjab Kings,https://a.espncdn.com/i/headshots/cricket/players/full/6c882e9a.png,https://www.espncricinfo.com/cricketers/pbb-rajapaksa-6c882e9a
PC Valthaty,25eeb281,Kings XI Punjab,https://a.espncdn.com/i/headshots/cricket/players/full/25eeb281.png,https://www.espncricinfo.com/cricketers/pc-valthaty-25eeb281
PD Collingwood,a386e91b,Delhi Daredevils,https://a.espncdn.com/i/headshots/cricket/players/full/a386e91b.png,https://www.espncricinfo.com/cricketers/pd-collingwood-a386e91b
PD Salt,3d284ca3,Delhi Capitals,https://a.espncdn.com/i/headshots/cricket/players/full/3d284ca3.png,https://www.espncricinfo.com/cricketers/pd-salt-3d284ca3
PH Solanki,c695b423,Chennai Super Kings,https://a.espncdn.com/i/headshots/cricket/players/full/c695b423.png,https://www.espncricinfo.com/cricketers/ph-solanki-c695b423
PHKD Mendis,08548b13,Sunrisers Hyderabad,https://a.espncdn.com/i/headshots/cricket/players/full/08548b13.png,https://www.espncricinfo.com/cricketers/phkd-mendis-08548b13
PJ Cummins,ded9240e,Delhi Daredevils,https://a.espncdn.com/i/headshots/cricket/players/full/ded9240e.png,https://www.espncricinfo.com/cricketers/pj-cummins-ded9240e
PJ Sangwan,9fc0ef64,Delhi Daredevils,https://a.espncdn.com/i/headshots/cricket/players/full/9fc0ef64.png,https://www.espncricinfo.com/cricketers/pj-sangwan-9fc0ef64
PK Garg,bb965e9a,Delhi Capitals,https://a.espncdn.com/i/headshots/cricket/players/full/bb965e9a.png,https://www.espncricinfo.com/cricketers/pk-garg-bb965e9a
PM Sarvesh Kumar,4b4d1957,Deccan Chargers,https://a.espncdn.com/i/headshots/cricket/players/full/4b4d1957.png,https://www.espncricinfo.com/cricketers/pm-sarvesh-kumar-4b4d1957
PN Mankad,663b5e34,Lucknow Super Giants,https://a.espncdn.com/i/headshots/cricket/players/full/663b5e34.png,https://www.espncricinfo.com/cricketers/pn-mankad-663b5e34
PP Chawla,98ae73b1,Chennai Super Kings,https://a.espncdn.com/i/headshots/cricket/players/full/98ae73b1.png,https://www.espncricinfo.com/cricketers/pp-chawla-98ae73b1
PP Hinge,ece7b6b3,Sunrisers Hyderabad,https://a.espncdn.com/i/headshots/cricket/players/full/ece7b6b3.png,https://www.espncricinfo.com/cricketers/pp-hinge-ece7b6b3
PP Ojha,6c6591ab,Deccan Chargers,https://a.espncdn.com/i/headshots/cricket/players/full/6c6591ab.png,https://www.espncricinfo.com/cricketers/pp-ojha-6c6591ab
PP Shaw,8b3e9c7c,Delhi Capitals,https://a.espncdn.com/i/headshots/cricket/players/full/8b3e9c7c.png,https://www.espncricinfo.com/cricketers/pp-shaw-8b3e9c7c
PR Shah,0aadc906,Mumbai Indians,https://a.espncdn.com/i/headshots/cricket/players/full/0aadc906.png,https://www.espncricinfo.com/cricketers/pr-shah-0aadc906
PR Veer,e148e6bd,Chennai Super Kings,https://a.espncdn.com/i/headshots/cricket/players/full/e148e6bd.png,https://www.espncricinfo.com/cricketers/pr-veer-e148e6bd
PSP Handscomb,ada15e88,Rising Pune Supergiants,https://a.espncdn.com/i/headshots/cricket/players/full/ada15e88.png,https://www.espncricinfo.com/cricketers/psp-handscomb-ada15e88
PV Tambe,6aed7e79,Gujarat Lions,https://a.espncdn.com/i/headshots/cricket/players/full/6aed7e79.png,https://www.espncricinfo.com/cricketers/pv-tambe-6aed7e79
PVD Chameera,327b58d3,Delhi Capitals,https://a.espncdn.com/i/headshots/cricket/players/full/327b58d3.png,https://www.espncricinfo.com/cricketers/pvd-chameera-327b58d3
PVSN Raju,c27b5a0e,Mumbai Indians,https://a.espncdn.com/i/headshots/cricket/players/full/c27b5a0e.png,https://www.espncricinfo.com/cricketers/pvsn-raju-c27b5a0e
PWA Mulder,c96f6ac5,Sunrisers Hyderabad,https://a.espncdn.com/i/headshots/cricket/players/full/c96f6ac5.png,https://www.espncricinfo.com/cricketers/pwa-mulder-c96f6ac5
PWH de Silva,a97c8ec2,Rajasthan Royals,https://a.espncdn.com/i/headshots/cricket/players/full/a97c8ec2.png,https://www.espncricinfo.com/cricketers/pwh-de-silva-a97c8ec2
Pankaj Singh,e32d22f6,Rajasthan Royals,https://a.espncdn.com/i/headshots/cricket/players/full/e32d22f6.png,https://www.espncricinfo.com/cricketers/pankaj-singh-e32d22f6
Parvez Rasool,9170ff49,Pune Warriors,https://a.espncdn.com/i/headshots/cricket/players/full/9170ff49.png,https://www.espncricinfo.com/cricketers/parvez-rasool-9170ff49
Prince Yadav,80b2fb19,Lucknow Super Giants,https://a.espncdn.com/i/headshots/cricket/players/full/80b2fb19.png,https://www.espncricinfo.com/cricketers/prince-yadav-80b2fb19
Priyansh Arya,b5797845,Punjab Kings,https://a.espncdn.com/i/headshots/cricket/players/full/b5797845.png,https://www.espncricinfo.com/cricketers/priyansh-arya-b5797845
Q de Kock,372455c4,Delhi Daredevils,https://a.espncdn.com/i/headshots/cricket/players/full/372455c4.png,https://www.espncricinfo.com/cricketers/q-de-kock-372455c4
R Ashwin,495d42a5,Chennai Super Kings,https://a.espncdn.com/i/headshots/cricket/players/full/495d42a5.png,https://www.espncricinfo.com/cricketers/r-ashwin-495d42a5
R Bhatia,33a364a6,Delhi Daredevils,https://a.espncdn.com/i/headshots/cricket/players/full/33a364a6.png,https://www.espncricinfo.com/cricketers/r-bhatia-33a364a6
R Bishnoi,4d5a1617,Royal Challengers Bangalore,https://a.espncdn.com/i/headshots/cricket/players/full/4d5a1617.png,https://www.espncricinfo.com/cricketers/r-bishnoi-4d5a1617
R Dhawan,26a85969,Kings XI Punjab,https://a.espncdn.com/i/headshots/cricket/players/full/26a85969.png,https://www.espncricinfo.com/cricketers/r-dhawan-26a85969
R Dravid,0184dc35,Rajasthan Royals,https://a.espncdn.com/i/headshots/cricket/players/full/0184dc35.png,https://www.espncricinfo.com/cricketers/r-dravid-0184dc35
R Goyal,266849c1,Mumbai Indians,https://a.espncdn.com/i/headshots/cricket/players/full/266849c1.png,https://www.espncricinfo.com/cricketers/r-goyal-266849c1
R McLaren,c654af19,Kings XI Punjab,https://a.espncdn.com/i/headshots/cricket/players/full/c654af19.png,https://www.espncricinfo.com/cricketers/r-mclaren-c654af19
R Minz,bafd0398,Mumbai Indians,https://a.espncdn.com/i/headshots/cricket/players/full/bafd0398.png,https://www.espncricinfo.com/cricketers/r-minz-bafd0398
R Ninan,ce4cc4d5,Royal Challengers Bangalore,https://a.espncdn.com/i/headshots/cricket/players/full/ce4cc4d5.png,https://www.espncricinfo.com/cricketers/r-ninan-ce4cc4d5
R Parag,04a418e8,Rajasthan Royals,https://a.espncdn.com/i/headshots/cricket/players/full/04a418e8.png,https://www.espncricinfo.com/cricketers/r-parag-04a418e8
R Powell,650d5e49,Delhi Capitals,https://a.espncdn.com/i/headshots/cricket/players/full/650d5e49.png,https://www.espncricinfo.com/cricketers/r-powell-650d5e49
R Rampaul,d68e7f48,Royal Challengers Bangalore,https://a.espncdn.com/i/headshots/cricket/players/full/d68e7f48.png,https://www.espncricinfo.com/cricketers/r-rampaul-d68e7f48
R Ravindra,ba5e1069,Chennai Super Kings,https://a.espncdn.com/i/headshots/cricket/players/full/ba5e1069.png,https://www.espncricinfo.com/cricketers/r-ravindra-ba5e1069
R Sai Kishore,c7a995d3,Gujarat Titans,https://a.espncdn.com/i/headshots/cricket/players/full/c7a995d3.png,https://www.espncricinfo.com/cricketers/r-sai-kishore-c7a995d3
R Sanjay Yadav,33ffc3dd,Mumbai Indians,https://a.espncdn.com/i/headshots/cricket/players/full/33ffc3dd.png,https://www.espncricinfo.com/cricketers/r-sanjay-yadav-33ffc3dd
R Sathish,626c5379,Kings XI Punjab,https://a.espncdn.com/i/headshots/cricket/players/full/626c5379.png,https://www.espncricinfo.com/cricketers/r-sathish-626c5379
R Sharma,5d9a1a73,Deccan Chargers,https://a.espncdn.com/i/headshots/cricket/players/full/5d9a1a73.png,https://www.espncricinfo.com/cricketers/r-sharma-5d9a1a73
R Shepherd,c5aef772,Lucknow Super Giants,https://a.espncdn.com/i/headshots/cricket/players/full/c5aef772.png,https://www.espncricinfo.com/cricketers/r-shepherd-c5aef772
R Shukla,de4b0555,Delhi Daredevils,https://a.espncdn.com/i/headshots/cricket/players/full/de4b0555.png,https://www.espncricinfo.com/cricketers/r-shukla-de4b0555
R Smaran,c1e53c3f,Sunrisers Hyderabad,https://a.espncdn.com/i/headshots/cricket/players/full/c1e53c3f.png,https://www.espncricinfo.com/cricketers/r-smaran-c1e53c3f
R Tewatia,39a2dfa8,Delhi Capitals,https://a.espncdn.com/i/headshots/cricket/players/full/39a2dfa8.png,https://www.espncricinfo.com/cricketers/r-tewatia-39a2dfa8
R Vinay Kumar,41eb4a4f,Kochi Tuskers Kerala,https://a.espncdn.com/i/headshots/cricket/players/full/41eb4a4f.png,https://www.espncricinfo.com/cricketers/r-vinay-kumar-41eb4a4f
RA Bawa,ba6b2f91,Mumbai Indians,https://a.espncdn.com/i/headshots/cricket/players/full/ba6b2f91.png,https://www.espncricinfo.com/cricketers/ra-bawa-ba6b2f91
RA Jadeja,fe93fd9d,Chennai Super Kings,https://a.espncdn.com/i/headshots/cricket/players/full/fe93fd9d.png,https://www.espncricinfo.com/cricketers/ra-jadeja-fe93fd9d
RA Shaikh,7c390b03,Mumbai Indians,https://a.espncdn.com/i/headshots/cricket/players/full/7c390b03.png,https://www.espncricinfo.com/cricketers/ra-shaikh-7c390b03
RA Tripathi,77255a9e,Chennai Super Kings,https://a.espncdn.com/i/headshots/cricket/players/full/77255a9e.png,https://www.espncricinfo.com/cricketers/ra-tripathi-77255a9e
RD Chahar,2ed569a0,Chennai Super Kings,https://a.espncdn.com/i/headshots/cricket/players/full/2ed569a0.png,https://www.espncricinfo.com/cricketers/rd-chahar-2ed569a0
RD Gaikwad,45a43fe2,Chennai Super Kings,https://a.espncdn.com/i/headshots/cricket/players/full/45a43fe2.png,https://www.espncricinfo.com/cricketers/rd-gaikwad-45a43fe2
RD Rickelton,e66732f8,Mumbai Indians,https://a.espncdn.com/i/headshots/cricket/players/full/e66732f8.png,https://www.espncricinfo.com/cricketers/rd-rickelton-e66732f8
RE Levi,18c78b11,Mumbai Indians,https://a.espncdn.com/i/headshots/cricket/players/full/18c78b11.png,https://www.espncricinfo.com/cricketers/re-levi-18c78b11
RE van der Merwe,05c2ca46,Delhi Daredevils,https://a.espncdn.com/i/headshots/cricket/players/full/05c2ca46.png,https://www.espncricinfo.com/cricketers/re-van-der-merwe-05c2ca46
RG More,b2b23612,Chennai Super Kings,https://a.espncdn.com/i/headshots/cricket/players/full/b2b23612.png,https://www.espncricinfo.com/cricketers/rg-more-b2b23612
RG Sharma,740742ef,Deccan Chargers,https://a.espncdn.com/i/headshots/cricket/players/full/740742ef.png,https://www.espncricinfo.com/cricketers/rg-sharma-740742ef
RJ Gleeson,402f8494,Chennai Super Kings,https://a.espncdn.com/i/headshots/cricket/players/full/402f8494.png,https://www.espncricinfo.com/cricketers/rj-gleeson-402f8494
RJ Harris,12eddf28,Deccan Chargers,https://a.espncdn.com/i/headshots/cricket/players/full/12eddf28.png,https://www.espncricinfo.com/cricketers/rj-harris-12eddf28
RJ Peterson,26ff4c29,Mumbai Indians,https://a.espncdn.com/i/headshots/cricket/players/full/26ff4c29.png,https://www.espncricinfo.com/cricketers/rj-peterson-26ff4c29
RJ Quiney,23ac69e6,Rajasthan Royals,https://a.espncdn.com/i/headshots/cricket/players/full/23ac69e6.png,https://www.espncricinfo.com/cricketers/rj-quiney-23ac69e6
RJW Topley,8db7f47f,Mumbai Indians,https://a.espncdn.com/i/headshots/cricket/players/full/8db7f47f.png,https://www.espncricinfo.com/cricketers/rjw-topley-8db7f47f
RK Bhui,b63e358a,Delhi Capitals,https://a.espncdn.com/i/headshots/cricket/players/full/b63e358a.png,https://www.espncricinfo.com/cricketers/rk-bhui-b63e358a
RK Singh,0a509d6b,Kolkata Knight Riders,https://a.espncdn.com/i/headshots/cricket/players/full/0a509d6b.png,https://www.espncricinfo.com/cricketers/rk-singh-0a509d6b
RM Patidar,c740ea83,Royal Challengers Bangalore,https://a.espncdn.com/i/headshots/cricket/players/full/c740ea83.png,https://www.espncricinfo.com/cricketers/rm-patidar-c740ea83
RN ten Doeschate,4ec07775,Kolkata Knight Riders,https://a.espncdn.com/i/headshots/cricket/players/full/4ec07775.png,https://www.espncricinfo.com/cricketers/rn-ten-doeschate-4ec07775
RP Meredith,64775749,Mumbai Indians,https://a.espncdn.com/i/headshots/cricket/players/full/64775749.png,https://www.espncricinfo.com/cricketers/rp-meredith-64775749
RP Singh,c3d1402f,Deccan Chargers,https://a.espncdn.com/i/headshots/cricket/players/full/c3d1402f.png,https://www.espncricinfo.com/cricketers/rp-singh-c3d1402f
RR Bhatkal,7d3720ba,Royal Challengers Bangalore,https://a.espncdn.com/i/headshots/cricket/players/full/7d3720ba.png,https://www.espncricinfo.com/cricketers/rr-bhatkal-7d3720ba
RR Bose,21ac077a,Kings XI Punjab,https://a.espncdn.com/i/headshots/cricket/players/full/21ac077a.png,https://www.espncricinfo.com/cricketers/rr-bose-21ac077a
RR Pant,919a3be2,Delhi Capitals,https://a.espncdn.com/i/headshots/cricket/players/full/919a3be2.png,https://www.espncricinfo.com/cricketers/rr-pant-919a3be2
RR Powar,5d096f3d,Kings XI Punjab,https://a.espncdn.com/i/headshots/cricket/players/full/5d096f3d.png,https://www.espncricinfo.com/cricketers/rr-powar-5d096f3d
RR Raje,5f4e9e8f,Mumbai Indians,https://a.espncdn.com/i/headshots/cricket/players/full/5f4e9e8f.png,https://www.espncricinfo.com/cricketers/rr-raje-5f4e9e8f
RR Rossouw,cad00a4d,Delhi Capitals,https://a.espncdn.com/i/headshots/cricket/players/full/cad00a4d.png,https://www.espncricinfo.com/cricketers/rr-rossouw-cad00a4d
RR Sarwan,36d33dd0,Kings XI Punjab,https://a.espncdn.com/i/headshots/cricket/players/full/36d33dd0.png,https://www.espncricinfo.com/cricketers/rr-sarwan-36d33dd0
RS Bopara,7ca5e05d,Kings XI Punjab,https://a.espncdn.com/i/headshots/cricket/players/full/7ca5e05d.png,https://www.espncricinfo.com/cricketers/rs-bopara-7ca5e05d
RS Gavaskar,9ff100a6,Kolkata Knight Riders,https://a.espncdn.com/i/headshots/cricket/players/full/9ff100a6.png,https://www.espncricinfo.com/cricketers/rs-gavaskar-9ff100a6
RS Ghosh,dee07622,Chennai Super Kings,https://a.espncdn.com/i/headshots/cricket/players/full/dee07622.png,https://www.espncricinfo.com/cricketers/rs-ghosh-dee07622
RS Hangargekar,c3c92b42,Chennai Super Kings,https://a.espncdn.com/i/headshots/cricket/players/full/c3c92b42.png,https://www.espncricinfo.com/cricketers/rs-hangargekar-c3c92b42
RS Sodhi,a3ecf01f,Kings XI Punjab,https://a.espncdn.com/i/headshots/cricket/players/full/a3ecf01f.png,https://www.espncricinfo.com/cricketers/rs-sodhi-a3ecf01f
RT Ponting,7d415ea5,Kolkata Knight Riders,https://a.espncdn.com/i/headshots/cricket/players/full/7d415ea5.png,https://www.espncricinfo.com/cricketers/rt-ponting-7d415ea5
RV Gomez,b2570b38,Kochi Tuskers Kerala,https://a.espncdn.com/i/headshots/cricket/players/full/b2570b38.png,https://www.espncricinfo.com/cricketers/rv-gomez-b2570b38
RV Patel,60500956,Delhi Capitals,https://a.espncdn.com/i/headshots/cricket/players/full/60500956.png,https://www.espncricinfo.com/cricketers/rv-patel-60500956
RV Pawar,c9d33ef5,Mumbai Indians,https://a.espncdn.com/i/headshots/cricket/players/full/c9d33ef5.png,https://www.espncricinfo.com/cricketers/rv-pawar-c9d33ef5
RV Uthappa,1c17e270,Chennai Super Kings,https://a.espncdn.com/i/headshots/cricket/players/full/1c17e270.png,https://www.espncricinfo.com/cricketers/rv-uthappa-1c17e270
RW Price,67af6f81,Mumbai Indians,https://a.espncdn.com/i/headshots/cricket/players/full/67af6f81.png,https://www.espncricinfo.com/cricketers/rw-price-67af6f81
Raghu Sharma,5b615e7c,Mumbai Indians,https://a.espncdn.com/i/headshots/cricket/players/full/5b615e7c.png,https://www.espncricinfo.com/cricketers/raghu-sharma-5b615e7c
Rahmanullah Gurbaz,0bacade8,Kolkata Knight Riders,https://a.espncdn.com/i/headshots/cricket/players/full/0bacade8.png,https://www.espncricinfo.com/cricketers/rahmanullah-gurbaz-0bacade8
Ramandeep Singh,be24ead0,Kolkata Knight Riders,https://a.espncdn.com/i/headshots/cricket/players/full/be24ead0.png,https://www.espncricinfo.com/cricketers/ramandeep-singh-be24ead0
Rashid Khan,5f547c8b,Gujarat Titans,https://a.espncdn.com/i/headshots/cricket/players/full/5f547c8b.png,https://www.espncricinfo.com/cricketers/rashid-khan-5f547c8b
Rasikh Salam,b8527c3d,Delhi Capitals,https://a.espncdn.com/i/headshots/cricket/players/full/b8527c3d.png,https://www.espncricinfo.com/cricketers/rasikh-salam-b8527c3d
Ravi Bishnoi,df064e1a,Kings XI Punjab,https://a.espncdn.com/i/headshots/cricket/players/full/df064e1a.png,https://www.espncricinfo.com/cricketers/ravi-bishnoi-df064e1a
Ravi Singh,548516a6,Rajasthan Royals,https://a.espncdn.com/i/headshots/cricket/players/full/548516a6.png,https://www.espncricinfo.com/cricketers/ravi-singh-548516a6
S Anirudha,95a2ea61,Chennai Super Kings,https://a.espncdn.com/i/headshots/cricket/players/full/95a2ea61.png,https://www.espncricinfo.com/cricketers/s-anirudha-95a2ea61
S Aravind,957532de,Royal Challengers Bangalore,https://a.espncdn.com/i/headshots/cricket/players/full/957532de.png,https://www.espncricinfo.com/cricketers/s-aravind-957532de
S Arora,d7423da1,Sunrisers Hyderabad,https://a.espncdn.com/i/headshots/cricket/players/full/d7423da1.png,https://www.espncricinfo.com/cricketers/s-arora-d7423da1
S Badree,76388dc8,Chennai Super Kings,https://a.espncdn.com/i/headshots/cricket/players/full/76388dc8.png,https://www.espncricinfo.com/cricketers/s-badree-76388dc8
S Badrinath,3576e47e,Chennai Super Kings,https://a.espncdn.com/i/headshots/cricket/players/full/3576e47e.png,https://www.espncricinfo.com/cricketers/s-badrinath-3576e47e
S Chanderpaul,881a9bdd,Royal Challengers Bangalore,https://a.espncdn.com/i/headshots/cricket/players/full/881a9bdd.png,https://www.espncricinfo.com/cricketers/s-chanderpaul-881a9bdd
S Dhawan,0a476045,Deccan Chargers,https://a.espncdn.com/i/headshots/cricket/players/full/0a476045.png,https://www.espncricinfo.com/cricketers/s-dhawan-0a476045
S Dube,a4e37e47,Chennai Super Kings,https://a.espncdn.com/i/headshots/cricket/players/full/a4e37e47.png,https://www.espncricinfo.com/cricketers/s-dube-a4e37e47
S Gopal,7a8bd078,Mumbai Indians,https://a.espncdn.com/i/headshots/cricket/players/full/7a8bd078.png,https://www.espncricinfo.com/cricketers/s-gopal-7a8bd078
S Joseph,97290faf,Lucknow Super Giants,https://a.espncdn.com/i/headshots/cricket/players/full/97290faf.png,https://www.espncricinfo.com/cricketers/s-joseph-97290faf
S Kaul,dcf81436,Delhi Daredevils,https://a.espncdn.com/i/headshots/cricket/players/full/dcf81436.png,https://www.espncricinfo.com/cricketers/s-kaul-dcf81436
S Kaushik,1da489ff,Gujarat Lions,https://a.espncdn.com/i/headshots/cricket/players/full/1da489ff.png,https://www.espncricinfo.com/cricketers/s-kaushik-1da489ff
S Ladda,fb693839,Delhi Daredevils,https://a.espncdn.com/i/headshots/cricket/players/full/fb693839.png,https://www.espncricinfo.com/cricketers/s-ladda-fb693839
S Lamichhane,b410bd3d,Delhi Capitals,https://a.espncdn.com/i/headshots/cricket/players/full/b410bd3d.png,https://www.espncricinfo.com/cricketers/s-lamichhane-b410bd3d
S Midhun,ade90de7,Rajasthan Royals,https://a.espncdn.com/i/headshots/cricket/players/full/ade90de7.png,https://www.espncricinfo.com/cricketers/s-midhun-ade90de7
S Nadeem,9d80c5e1,Delhi Daredevils,https://a.espncdn.com/i/headshots/cricket/players/full/9d80c5e1.png,https://www.espncricinfo.com/cricketers/s-nadeem-9d80c5e1
S Narwal,287686fd,Kolkata Knight Riders,https://a.espncdn.com/i/headshots/cricket/players/full/287686fd.png,https://www.espncricinfo.com/cricketers/s-narwal-287686fd
S Rana,90edaaa9,Pune Warriors,https://a.espncdn.com/i/headshots/cricket/players/full/90edaaa9.png,https://www.espncricinfo.com/cricketers/s-rana-90edaaa9
S Randiv,f5f18a18,Chennai Super Kings,https://a.espncdn.com/i/headshots/cricket/players/full/f5f18a18.png,https://www.espncricinfo.com/cricketers/s-randiv-f5f18a18
S Sandeep Warrier,cdc6bdba,Gujarat Titans,https://a.espncdn.com/i/headshots/cricket/players/full/cdc6bdba.png,https://www.espncricinfo.com/cricketers/s-sandeep-warrier-cdc6bdba
S Sohal,3fca55af,Deccan Chargers,https://a.espncdn.com/i/headshots/cricket/players/full/3fca55af.png,https://www.espncricinfo.com/cricketers/s-sohal-3fca55af
S Sreesanth,6b8eb6e5,Kings XI Punjab,https://a.espncdn.com/i/headshots/cricket/players/full/6b8eb6e5.png,https://www.espncricinfo.com/cricketers/s-sreesanth-6b8eb6e5
S Sriram,64a4c383,Delhi Daredevils,https://a.espncdn.com/i/headshots/cricket/players/full/64a4c383.png,https://www.espncricinfo.com/cricketers/s-sriram-64a4c383
S Tyagi,c24a2c5d,Chennai Super Kings,https://a.espncdn.com/i/headshots/cricket/players/full/c24a2c5d.png,https://www.espncricinfo.com/cricketers/s-tyagi-c24a2c5d
S Vidyut,756389bd,Chennai Super Kings,https://a.espncdn.com/i/headshots/cricket/players/full/756389bd.png,https://www.espncricinfo.com/cricketers/s-vidyut-756389bd
SA Abbott,1a2676c5,Royal Challengers Bangalore,https://a.espncdn.com/i/headshots/cricket/players/full/1a2676c5.png,https://www.espncricinfo.com/cricketers/sa-abbott-1a2676c5
SA Asnodkar,ae091d39,Rajasthan Royals,https://a.espncdn.com/i/headshots/cricket/players/full/ae091d39.png,https://www.espncricinfo.com/cricketers/sa-asnodkar-ae091d39
SA Yadav,271f83cd,Kolkata Knight Riders,https://a.espncdn.com/i/headshots/cricket/players/full/271f83cd.png,https://www.espncricinfo.com/cricketers/sa-yadav-271f83cd
SB Bangar,0604ef16,Deccan Chargers,https://a.espncdn.com/i/headshots/cricket/players/full/0604ef16.png,https://www.espncricinfo.com/cricketers/sb-bangar-0604ef16
SB Dubey,6b2ff18f,Rajasthan Royals,https://a.espncdn.com/i/headshots/cricket/players/full/6b2ff18f.png,https://www.espncricinfo.com/cricketers/sb-dubey-6b2ff18f
SB Jakati,c8179c68,Chennai Super Kings,https://a.espncdn.com/i/headshots/cricket/players/full/c8179c68.png,https://www.espncricinfo.com/cricketers/sb-jakati-c8179c68
SB Joshi,670709ec,Royal Challengers Bangalore,https://a.espncdn.com/i/headshots/cricket/players/full/670709ec.png,https://www.espncricinfo.com/cricketers/sb-joshi-670709ec
SB Styris,57efa3be,Chennai Super Kings,https://a.espncdn.com/i/headshots/cricket/players/full/57efa3be.png,https://www.espncricinfo.com/cricketers/sb-styris-57efa3be
SB Wagh,dddca1d6,Pune Warriors,https://a.espncdn.com/i/headshots/cricket/players/full/dddca1d6.png,https://www.espncricinfo.com/cricketers/sb-wagh-dddca1d6
SC Ganguly,725529bc,Kolkata Knight Riders,https://a.espncdn.com/i/headshots/cricket/players/full/725529bc.png,https://www.espncricinfo.com/cricketers/sc-ganguly-725529bc
SC Kuggeleijn,fef92afc,Chennai Super Kings,https://a.espncdn.com/i/headshots/cricket/players/full/fef92afc.png,https://www.espncricinfo.com/cricketers/sc-kuggeleijn-fef92afc
SD Chitnis,facb9086,Kings XI Punjab,https://a.espncdn.com/i/headshots/cricket/players/full/facb9086.png,https://www.espncricinfo.com/cricketers/sd-chitnis-facb9086
SD Hope,1fc6ef83,Delhi Capitals,https://a.espncdn.com/i/headshots/cricket/players/full/1fc6ef83.png,https://www.espncricinfo.com/cricketers/sd-hope-1fc6ef83
SD Lad,9601c534,Mumbai Indians,https://a.espncdn.com/i/headshots/cricket/players/full/9601c534.png,https://www.espncricinfo.com/cricketers/sd-lad-9601c534
SE Bond,4f629497,Kolkata Knight Riders,https://a.espncdn.com/i/headshots/cricket/players/full/4f629497.png,https://www.espncricinfo.com/cricketers/se-bond-4f629497
SE Marsh,508a1ea7,Kings XI Punjab,https://a.espncdn.com/i/headshots/cricket/players/full/508a1ea7.png,https://www.espncricinfo.com/cricketers/se-marsh-508a1ea7
SE Rutherford,d014d5ac,Delhi Capitals,https://a.espncdn.com/i/headshots/cricket/players/full/d014d5ac.png,https://www.espncricinfo.com/cricketers/se-rutherford-d014d5ac
SH Johnson,83c3e8e3,Chennai Super Kings,https://a.espncdn.com/i/headshots/cricket/players/full/83c3e8e3.png,https://www.espncricinfo.com/cricketers/sh-johnson-83c3e8e3
SJ Srivastava,2049f3a0,Kings XI Punjab,https://a.espncdn.com/i/headshots/cricket/players/full/2049f3a0.png,https://www.espncricinfo.com/cricketers/sj-srivastava-2049f3a0
SK Raina,1dc12ab9,Chennai Super Kings,https://a.espncdn.com/i/headshots/cricket/players/full/1dc12ab9.png,https://www.espncricinfo.com/cricketers/sk-raina-1dc12ab9
SK Rasheed,cbf58a86,Chennai Super Kings,https://a.espncdn.com/i/headshots/cricket/players/full/cbf58a86.png,https://www.espncricinfo.com/cricketers/sk-rasheed-cbf58a86
SK Trivedi,3d7e087f,Rajasthan Royals,https://a.espncdn.com/i/headshots/cricket/players/full/3d7e087f.png,https://www.espncricinfo.com/cricketers/sk-trivedi-3d7e087f
SK Warne,bb18be76,Rajasthan Royals,https://a.espncdn.com/i/headshots/cricket/players/full/bb18be76.png,https://www.espncricinfo.com/cricketers/sk-warne-bb18be76
SL Malinga,a12e1d51,Mumbai Indians,https://a.espncdn.com/i/headshots/cricket/players/full/a12e1d51.png,https://www.espncricinfo.com/cricketers/sl-malinga-a12e1d51
SM Boland,d167edd3,Rising Pune Supergiants,https://a.espncdn.com/i/headshots/cricket/players/full/d167edd3.png,https://www.espncricinfo.com/cricketers/sm-boland-d167edd3
SM Curran,e94915e6,Chennai Super Kings,https://a.espncdn.com/i/headshots/cricket/players/full/e94915e6.png,https://www.espncricinfo.com/cricketers/sm-curran-e94915e6
SM Harwood,63bff7f9,Rajasthan Royals,https://a.espncdn.com/i/headshots/cricket/players/full/63bff7f9.png,https://www.espncricinfo.com/cricketers/sm-harwood-63bff7f9
SM Katich,fdedb37c,Kings XI Punjab,https://a.espncdn.com/i/headshots/cricket/players/full/fdedb37c.png,https://www.espncricinfo.com/cricketers/sm-katich-fdedb37c
SM Pollock,88fccd6c,Mumbai Indians,https://a.espncdn.com/i/headshots/cricket/players/full/88fccd6c.png,https://www.espncricinfo.com/cricketers/sm-pollock-88fccd6c
SMSM Senanayake,4c4fa80b,Kolkata Knight Riders,https://a.espncdn.com/i/headshots/cricket/players/full/4c4fa80b.png,https://www.espncricinfo.com/cricketers/smsm-senanayake-4c4fa80b
SN Khan,f088b960,Chennai Super Kings,https://a.espncdn.com/i/headshots/cricket/players/full/f088b960.png,https://www.espncricinfo.com/cricketers/sn-khan-f088b960
SN Thakur,1abb78f8,Chennai Super Kings,https://a.espncdn.com/i/headshots/cricket/players/full/1abb78f8.png,https://www.espncricinfo.com/cricketers/sn-thakur-1abb78f8
SO Hetmyer,48a1d7b7,Delhi Capitals,https://a.espncdn.com/i/headshots/cricket/players/full/48a1d7b7.png,https://www.espncricinfo.com/cricketers/so-hetmyer-48a1d7b7
SP Fleming,eea6b7f1,Chennai Super Kings,https://a.espncdn.com/i/headshots/cricket/players/full/eea6b7f1.png,https://www.espncricinfo.com/cricketers/sp-fleming-eea6b7f1
SP Goswami,541f85c9,Kolkata Knight Riders,https://a.espncdn.com/i/headshots/cricket/players/full/541f85c9.png,https://www.espncricinfo.com/cricketers/sp-goswami-541f85c9
SP Jackson,acc1aeda,Kolkata Knight Riders,https://a.espncdn.com/i/headshots/cricket/players/full/acc1aeda.png,https://www.espncricinfo.com/cricketers/sp-jackson-acc1aeda
SP Narine,9d430b40,Kolkata Knight Riders,https://a.espncdn.com/i/headshots/cricket/players/full/9d430b40.png,https://www.espncricinfo.com/cricketers/sp-narine-9d430b40
SPD Smith,30a45b23,Delhi Capitals,https://a.espncdn.com/i/headshots/cricket/players/full/30a45b23.png,https://www.espncricinfo.com/cricketers/spd-smith-30a45b23
SR Dubey,11061889,Kolkata Knight Riders,https://a.espncdn.com/i/headshots/cricket/players/full/11061889.png,https://www.espncricinfo.com/cricketers/sr-dubey-11061889
SR Tendulkar,d2c2b2d5,Mumbai Indians,https://a.espncdn.com/i/headshots/cricket/players/full/d2c2b2d5.png,https://www.espncricinfo.com/cricketers/sr-tendulkar-d2c2b2d5
SR Watson,4329fbb5,Chennai Super Kings,https://a.espncdn.com/i/headshots/cricket/players/full/4329fbb5.png,https://www.espncricinfo.com/cricketers/sr-watson-4329fbb5
SS Agarwal,b51f72a5,Gujarat Lions,https://a.espncdn.com/i/headshots/cricket/players/full/b51f72a5.png,https://www.espncricinfo.com/cricketers/ss-agarwal-b51f72a5
SS Cottrell,a1d053dd,Kings XI Punjab,https://a.espncdn.com/i/headshots/cricket/players/full/a1d053dd.png,https://www.espncricinfo.com/cricketers/ss-cottrell-a1d053dd
SS Iyer,85ec8e33,Delhi Capitals,https://a.espncdn.com/i/headshots/cricket/players/full/85ec8e33.png,https://www.espncricinfo.com/cricketers/ss-iyer-85ec8e33
SS Mishra,92500ad5,Rajasthan Royals,https://a.espncdn.com/i/headshots/cricket/players/full/92500ad5.png,https://www.espncricinfo.com/cricketers/ss-mishra-92500ad5
SS Mundhe,0af3426f,Pune Warriors,https://a.espncdn.com/i/headshots/cricket/players/full/0af3426f.png,https://www.espncricinfo.com/cricketers/ss-mundhe-0af3426f
SS Prabhudessai,9385de2e,Royal Challengers Bangalore,https://a.espncdn.com/i/headshots/cricket/players/full/9385de2e.png,https://www.espncricinfo.com/cricketers/ss-prabhudessai-9385de2e
SS Sarkar,caa89a48,Kolkata Knight Riders,https://a.espncdn.com/i/headshots/cricket/players/full/caa89a48.png,https://www.espncricinfo.com/cricketers/ss-sarkar-caa89a48
SS Shaikh,5f5d3ad4,Kolkata Knight Riders,https://a.espncdn.com/i/headshots/cricket/players/full/5f5d3ad4.png,https://www.espncricinfo.com/cricketers/ss-shaikh-5f5d3ad4
SS Tiwary,709b0bac,Delhi Daredevils,https://a.espncdn.com/i/headshots/cricket/players/full/709b0bac.png,https://www.espncricinfo.com/cricketers/ss-tiwary-709b0bac
SSB Magala,8361e524,Chennai Super Kings,https://a.espncdn.com/i/headshots/cricket/players/full/8361e524.png,https://www.espncricinfo.com/cricketers/ssb-magala-8361e524
ST Jayasuriya,f233bbb4,Mumbai Indians,https://a.espncdn.com/i/headshots/cricket/players/full/f233bbb4.png,https://www.espncricinfo.com/cricketers/st-jayasuriya-f233bbb4
STR Binny,bd17b45f,Mumbai Indians,https://a.espncdn.com/i/headshots/cricket/players/full/bd17b45f.png,https://www.espncricinfo.com/cricketers/str-binny-bd17b45f
SU Parakh,926c7443,Delhi Capitals,https://a.espncdn.com/i/headshots/cricket/players/full/926c7443.png,https://www.espncricinfo.com/cricketers/su-parakh-926c7443
SV Samson,a4cc73aa,Chennai Super Kings,https://a.espncdn.com/i/headshots/cricket/players/full/a4cc73aa.png,https://www.espncricinfo.com/cricketers/sv-samson-a4cc73aa
SW Billings,c16d4035,Chennai Super Kings,https://a.espncdn.com/i/headshots/cricket/players/full/c16d4035.png,https://www.espncricinfo.com/cricketers/sw-billings-c16d4035
SW Tait,addfb70e,Rajasthan Royals,https://a.espncdn.com/i/headshots/cricket/players/full/addfb70e.png,https://www.espncricinfo.com/cricketers/sw-tait-addfb70e
SZ Mulani,9d704f6f,Mumbai Indians,https://a.espncdn.com/i/headshots/cricket/players/full/9d704f6f.png,https://www.espncricinfo.com/cricketers/sz-mulani-9d704f6f
Sachin Baby,dc9dd038,Rajasthan Royals,https://a.espncdn.com/i/headshots/cricket/players/full/dc9dd038.png,https://www.espncricinfo.com/cricketers/sachin-baby-dc9dd038
Sakib Hussain,280fff14,Sunrisers Hyderabad,https://a.espncdn.com/i/headshots/cricket/players/full/280fff14.png,https://www.espncricinfo.com/cricketers/sakib-hussain-280fff14
Salman Butt,4d6d6280,Kolkata Knight Riders,https://a.espncdn.com/i/headshots/cricket/players/full/4d6d6280.png,https://www.espncricinfo.com/cricketers/salman-butt-4d6d6280
Sameer Rizvi,f89d3b11,Chennai Super Kings,https://a.espncdn.com/i/headshots/cricket/players/full/f89d3b11.png,https://www.espncricinfo.com/cricketers/sameer-rizvi-f89d3b11
Sandeep Sharma,ce820073,Kings XI Punjab,https://a.espncdn.com/i/headshots/cricket/players/full/ce820073.png,https://www.espncricinfo.com/cricketers/sandeep-sharma-ce820073
Sanvir Singh,b0f2baf4,Sunrisers Hyderabad,https://a.espncdn.com/i/headshots/cricket/players/full/b0f2baf4.png,https://www.espncricinfo.com/cricketers/sanvir-singh-b0f2baf4
Saurav Chauhan,9e7225b0,Royal Challengers Bengaluru,https://a.espncdn.com/i/headshots/cricket/players/full/9e7225b0.png,https://www.espncricinfo.com/cricketers/saurav-chauhan-9e7225b0
Sediqullah Atal,3c28853f,Delhi Capitals,https://a.espncdn.com/i/headshots/cricket/players/full/3c28853f.png,https://www.espncricinfo.com/cricketers/sediqullah-atal-3c28853f
Shahbaz Ahmed,f9e6e7ef,Lucknow Super Giants,https://a.espncdn.com/i/headshots/cricket/players/full/f9e6e7ef.png,https://www.espncricinfo.com/cricketers/shahbaz-ahmed-f9e6e7ef
Shahid Afridi,0dc00542,Deccan Chargers,https://a.espncdn.com/i/headshots/cricket/players/full/0dc00542.png,https://www.espncricinfo.com/cricketers/shahid-afridi-0dc00542
Shakib Al Hasan,7dc35884,Kolkata Knight Riders,https://a.espncdn.com/i/headshots/cricket/players/full/7dc35884.png,https://www.espncricinfo.com/cricketers/shakib-al-hasan-7dc35884
Shashank Singh,26989d80,Punjab Kings,https://a.espncdn.com/i/headshots/cricket/players/full/26989d80.png,https://www.espncricinfo.com/cricketers/shashank-singh-26989d80
Shivam Mavi,c38d3503,Kolkata Knight Riders,https://a.espncdn.com/i/headshots/cricket/players/full/c38d3503.png,https://www.espncricinfo.com/cricketers/shivam-mavi-c38d3503
Shivam Sharma,6f49cc6e,Kings XI Punjab,https://a.espncdn.com/i/headshots/cricket/players/full/6f49cc6e.png,https://www.espncricinfo.com/cricketers/shivam-sharma-6f49cc6e
Shivam Singh,e1d9ae9c,Punjab Kings,https://a.espncdn.com/i/headshots/cricket/players/full/e1d9ae9c.png,https://www.espncricinfo.com/cricketers/shivam-singh-e1d9ae9c
Shivang Kumar,7b44eb3e,Sunrisers Hyderabad,https://a.espncdn.com/i/headshots/cricket/players/full/7b44eb3e.png,https://www.espncricinfo.com/cricketers/shivang-kumar-7b44eb3e
Shoaib Ahmed,8a668774,Deccan Chargers,https://a.espncdn.com/i/headshots/cricket/players/full/8a668774.png,https://www.espncricinfo.com/cricketers/shoaib-ahmed-8a668774
Shoaib Akhtar,10a91f35,Kolkata Knight Riders,https://a.espncdn.com/i/headshots/cricket/players/full/10a91f35.png,https://www.espncricinfo.com/cricketers/shoaib-akhtar-10a91f35
Shoaib Malik,64c34cd0,Delhi Daredevils,https://a.espncdn.com/i/headshots/cricket/players/full/64c34cd0.png,https://www.espncricinfo.com/cricketers/shoaib-malik-64c34cd0
Shubman Gill,b4b99816,Gujarat Titans,https://a.espncdn.com/i/headshots/cricket/players/full/b4b99816.png,https://www.espncricinfo.com/cricketers/shubman-gill-b4b99816
Sikandar Raza,26d041c4,Punjab Kings,https://a.espncdn.com/i/headshots/cricket/players/full/26d041c4.png,https://www.espncricinfo.com/cricketers/sikandar-raza-26d041c4
Simarjeet Singh,30df8c66,Chennai Super Kings,https://a.espncdn.com/i/headshots/cricket/players/full/30df8c66.png,https://www.espncricinfo.com/cricketers/simarjeet-singh-30df8c66
Sohail Tanvir,64d43928,Rajasthan Royals,https://a.espncdn.com/i/headshots/cricket/players/full/64d43928.png,https://www.espncricinfo.com/cricketers/sohail-tanvir-64d43928
Sumit Kumar,8998a68f,Delhi Capitals,https://a.espncdn.com/i/headshots/cricket/players/full/8998a68f.png,https://www.espncricinfo.com/cricketers/sumit-kumar-8998a68f
Sunny Gupta,ee3dfa89,Delhi Daredevils,https://a.espncdn.com/i/headshots/cricket/players/full/ee3dfa89.png,https://www.espncricinfo.com/cricketers/sunny-gupta-ee3dfa89
Sunny Singh,30e37810,Kings XI Punjab,https://a.espncdn.com/i/headshots/cricket/players/full/30e37810.png,https://www.espncricinfo.com/cricketers/sunny-singh-30e37810
Suryansh Shedge,970ddd24,Punjab Kings,https://a.espncdn.com/i/headshots/cricket/players/full/970ddd24.png,https://www.espncricinfo.com/cricketers/suryansh-shedge-970ddd24
Suyash Sharma,9440ef41,Kolkata Knight Riders,https://a.espncdn.com/i/headshots/cricket/players/full/9440ef41.png,https://www.espncricinfo.com/cricketers/suyash-sharma-9440ef41
Swapnil Singh,983f2f61,Kings XI Punjab,https://a.espncdn.com/i/headshots/cricket/players/full/983f2f61.png,https://www.espncricinfo.com/cricketers/swapnil-singh-983f2f61
T Banton,25f7b7d6,Kolkata Knight Riders,https://a.espncdn.com/i/headshots/cricket/players/full/25f7b7d6.png,https://www.espncricinfo.com/cricketers/t-banton-25f7b7d6
T Dahiya,f12fe2a1,Kolkata Knight Riders,https://a.espncdn.com/i/headshots/cricket/players/full/f12fe2a1.png,https://www.espncricinfo.com/cricketers/t-dahiya-f12fe2a1
T Henderson,0a4ebc61,Rajasthan Royals,https://a.espncdn.com/i/headshots/cricket/players/full/0a4ebc61.png,https://www.espncricinfo.com/cricketers/t-henderson-0a4ebc61
T Kohler-Cadmore,f836b33d,Rajasthan Royals,https://a.espncdn.com/i/headshots/cricket/players/full/f836b33d.png,https://www.espncricinfo.com/cricketers/t-kohler-cadmore-f836b33d
T Kohli,40caa465,Kings XI Punjab,https://a.espncdn.com/i/headshots/cricket/players/full/40caa465.png,https://www.espncricinfo.com/cricketers/t-kohli-40caa465
T Mishra,c9cac448,Deccan Chargers,https://a.espncdn.com/i/headshots/cricket/players/full/c9cac448.png,https://www.espncricinfo.com/cricketers/t-mishra-c9cac448
T Natarajan,ce794613,Delhi Capitals,https://a.espncdn.com/i/headshots/cricket/players/full/ce794613.png,https://www.espncricinfo.com/cricketers/t-natarajan-ce794613
T Shamsi,a03bba42,Rajasthan Royals,https://a.espncdn.com/i/headshots/cricket/players/full/a03bba42.png,https://www.espncricinfo.com/cricketers/t-shamsi-a03bba42
T Stubbs,85b3fab2,Delhi Capitals,https://a.espncdn.com/i/headshots/cricket/players/full/85b3fab2.png,https://www.espncricinfo.com/cricketers/t-stubbs-85b3fab2
T Taibu,75de770f,Kolkata Knight Riders,https://a.espncdn.com/i/headshots/cricket/players/full/75de770f.png,https://www.espncricinfo.com/cricketers/t-taibu-75de770f
T Thushara,b2ae53f5,Chennai Super Kings,https://a.espncdn.com/i/headshots/cricket/players/full/b2ae53f5.png,https://www.espncricinfo.com/cricketers/t-thushara-b2ae53f5
T Vijay,51ec3919,Delhi Capitals,https://a.espncdn.com/i/headshots/cricket/players/full/51ec3919.png,https://www.espncricinfo.com/cricketers/t-vijay-51ec3919
TA Boult,a818c1be,Delhi Capitals,https://a.espncdn.com/i/headshots/cricket/players/full/a818c1be.png,https://www.espncricinfo.com/cricketers/ta-boult-a818c1be
TD Paine,5748e866,Pune Warriors,https://a.espncdn.com/i/headshots/cricket/players/full/5748e866.png,https://www.espncricinfo.com/cricketers/td-paine-5748e866
TG Southee,13c35c9e,Chennai Super Kings,https://a.espncdn.com/i/headshots/cricket/players/full/13c35c9e.png,https://www.espncricinfo.com/cricketers/tg-southee-13c35c9e
TH David,f1f99156,Mumbai Indians,https://a.espncdn.com/i/headshots/cricket/players/full/f1f99156.png,https://www.espncricinfo.com/cricketers/th-david-f1f99156
TK Curran,e86754b2,Delhi Capitals,https://a.espncdn.com/i/headshots/cricket/players/full/e86754b2.png,https://www.espncricinfo.com/cricketers/tk-curran-e86754b2
TL Seifert,4663bd23,Delhi Capitals,https://a.espncdn.com/i/headshots/cricket/players/full/4663bd23.png,https://www.espncricinfo.com/cricketers/tl-seifert-4663bd23
TL Suman,aaa1b522,Deccan Chargers,https://a.espncdn.com/i/headshots/cricket/players/full/aaa1b522.png,https://www.espncricinfo.com/cricketers/tl-suman-aaa1b522
TM Dilshan,5bdcdb72,Delhi Daredevils,https://a.espncdn.com/i/headshots/cricket/players/full/5bdcdb72.png,https://www.espncricinfo.com/cricketers/tm-dilshan-5bdcdb72
TM Head,12b610c2,Royal Challengers Bangalore,https://a.espncdn.com/i/headshots/cricket/players/full/12b610c2.png,https://www.espncricinfo.com/cricketers/tm-head-12b610c2
TM Srivastava,a76d10ba,Kings XI Punjab,https://a.espncdn.com/i/headshots/cricket/players/full/a76d10ba.png,https://www.espncricinfo.com/cricketers/tm-srivastava-a76d10ba
TP Sudhindra,2f3817ce,Deccan Chargers,https://a.espncdn.com/i/headshots/cricket/players/full/2f3817ce.png,https://www.espncricinfo.com/cricketers/tp-sudhindra-2f3817ce
TR Birt,d2d4bb0a,Delhi Daredevils,https://a.espncdn.com/i/headshots/cricket/players/full/d2d4bb0a.png,https://www.espncricinfo.com/cricketers/tr-birt-d2d4bb0a
TS Mills,245c97cb,Mumbai Indians,https://a.espncdn.com/i/headshots/cricket/players/full/245c97cb.png,https://www.espncricinfo.com/cricketers/ts-mills-245c97cb
TU Deshpande,46a9bea1,Chennai Super Kings,https://a.espncdn.com/i/headshots/cricket/players/full/46a9bea1.png,https://www.espncricinfo.com/cricketers/tu-deshpande-46a9bea1
Tanush Kotian,5724e517,Rajasthan Royals,https://a.espncdn.com/i/headshots/cricket/players/full/5724e517.png,https://www.espncricinfo.com/cricketers/tanush-kotian-5724e517
Tejas Baroka,c28e9f12,Gujarat Lions,https://a.espncdn.com/i/headshots/cricket/players/full/c28e9f12.png,https://www.espncricinfo.com/cricketers/tejas-baroka-c28e9f12
Tilak Varma,b0482a1d,Mumbai Indians,https://a.espncdn.com/i/headshots/cricket/players/full/b0482a1d.png,https://www.espncricinfo.com/cricketers/tilak-varma-b0482a1d
U Kaul,622cc511,Kings XI Punjab,https://a.espncdn.com/i/headshots/cricket/players/full/622cc511.png,https://www.espncricinfo.com/cricketers/u-kaul-622cc511
UA Birla,91b9300b,Pune Warriors,https://a.espncdn.com/i/headshots/cricket/players/full/91b9300b.png,https://www.espncricinfo.com/cricketers/ua-birla-91b9300b
UBT Chand,0c94f480,Delhi Daredevils,https://a.espncdn.com/i/headshots/cricket/players/full/0c94f480.png,https://www.espncricinfo.com/cricketers/ubt-chand-0c94f480
UT Khawaja,331ea488,Rising Pune Supergiants,https://a.espncdn.com/i/headshots/cricket/players/full/331ea488.png,https://www.espncricinfo.com/cricketers/ut-khawaja-331ea488
UT Yadav,cc1e8c68,Delhi Daredevils,https://a.espncdn.com/i/headshots/cricket/players/full/cc1e8c68.png,https://www.espncricinfo.com/cricketers/ut-yadav-cc1e8c68
Umar Gul,16dfcc19,Kolkata Knight Riders,https://a.espncdn.com/i/headshots/cricket/players/full/16dfcc19.png,https://www.espncricinfo.com/cricketers/umar-gul-16dfcc19
Umran Malik,81c08fa3,Sunrisers Hyderabad,https://a.espncdn.com/i/headshots/cricket/players/full/81c08fa3.png,https://www.espncricinfo.com/cricketers/umran-malik-81c08fa3
Urvil Patel,cf59b3f0,Chennai Super Kings,https://a.espncdn.com/i/headshots/cricket/players/full/cf59b3f0.png,https://www.espncricinfo.com/cricketers/urvil-patel-cf59b3f0
V Kaverappa,d4d929b0,Punjab Kings,https://a.espncdn.com/i/headshots/cricket/players/full/d4d929b0.png,https://www.espncricinfo.com/cricketers/v-kaverappa-d4d929b0
V Kohli,ba607b88,Royal Challengers Bangalore,https://a.espncdn.com/i/headshots/cricket/players/full/ba607b88.png,https://www.espncricinfo.com/cricketers/v-kohli-ba607b88
V Nigam,5ffc0565,Delhi Capitals,https://a.espncdn.com/i/headshots/cricket/players/full/5ffc0565.png,https://www.espncricinfo.com/cricketers/v-nigam-5ffc0565
V Pratap Singh,d718440b,Deccan Chargers,https://a.espncdn.com/i/headshots/cricket/players/full/d718440b.png,https://www.espncricinfo.com/cricketers/v-pratap-singh-d718440b
V Puthur,1e030637,Mumbai Indians,https://a.espncdn.com/i/headshots/cricket/players/full/1e030637.png,https://www.espncricinfo.com/cricketers/v-puthur-1e030637
V Sehwag,8ba8195d,Delhi Daredevils,https://a.espncdn.com/i/headshots/cricket/players/full/8ba8195d.png,https://www.espncricinfo.com/cricketers/v-sehwag-8ba8195d
V Shankar,0994d0ae,Chennai Super Kings,https://a.espncdn.com/i/headshots/cricket/players/full/0994d0ae.png,https://www.espncricinfo.com/cricketers/v-shankar-0994d0ae
V Suryavanshi,470f446b,Rajasthan Royals,https://a.espncdn.com/i/headshots/cricket/players/full/470f446b.png,https://www.espncricinfo.com/cricketers/v-suryavanshi-470f446b
V Viyaskanth,03a83c50,Sunrisers Hyderabad,https://a.espncdn.com/i/headshots/cricket/players/full/03a83c50.png,https://www.espncricinfo.com/cricketers/v-viyaskanth-03a83c50
VG Arora,7c3b3b78,Kolkata Knight Riders,https://a.espncdn.com/i/headshots/cricket/players/full/7c3b3b78.png,https://www.espncricinfo.com/cricketers/vg-arora-7c3b3b78
VH Zol,6dbcf855,Royal Challengers Bangalore,https://a.espncdn.com/i/headshots/cricket/players/full/6dbcf855.png,https://www.espncricinfo.com/cricketers/vh-zol-6dbcf855
VR Aaron,0a3d54b9,Delhi Daredevils,https://a.espncdn.com/i/headshots/cricket/players/full/0a3d54b9.png,https://www.espncricinfo.com/cricketers/vr-aaron-0a3d54b9
VR Iyer,a24be938,Kolkata Knight Riders,https://a.espncdn.com/i/headshots/cricket/players/full/a24be938.png,https://www.espncricinfo.com/cricketers/vr-iyer-a24be938
VRV Singh,034b4b7d,Kings XI Punjab,https://a.espncdn.com/i/headshots/cricket/players/full/034b4b7d.png,https://www.espncricinfo.com/cricketers/vrv-singh-034b4b7d
VS Malik,5f26df4f,Kings XI Punjab,https://a.espncdn.com/i/headshots/cricket/players/full/5f26df4f.png,https://www.espncricinfo.com/cricketers/vs-malik-5f26df4f
VS Yeligati,38f2c66c,Mumbai Indians,https://a.espncdn.com/i/headshots/cricket/players/full/38f2c66c.png,https://www.espncricinfo.com/cricketers/vs-yeligati-38f2c66c
VVS Laxman,de8cce37,Deccan Chargers,https://a.espncdn.com/i/headshots/cricket/players/full/de8cce37.png,https://www.espncricinfo.com/cricketers/vvs-laxman-de8cce37
VY Mahesh,93a17209,Chennai Super Kings,https://a.espncdn.com/i/headshots/cricket/players/full/93a17209.png,https://www.espncricinfo.com/cricketers/vy-mahesh-93a17209
Vijaykumar Vyshak,54e52590,Punjab Kings,https://a.espncdn.com/i/headshots/cricket/players/full/54e52590.png,https://www.espncricinfo.com/cricketers/vijaykumar-vyshak-54e52590
Virat Singh,26d76ad9,Sunrisers Hyderabad,https://a.espncdn.com/i/headshots/cricket/players/full/26d76ad9.png,https://www.espncricinfo.com/cricketers/virat-singh-26d76ad9
Vishnu Vinod,0494fa6e,Mumbai Indians,https://a.espncdn.com/i/headshots/cricket/players/full/0494fa6e.png,https://www.espncricinfo.com/cricketers/vishnu-vinod-0494fa6e
Vivrant Sharma,1b7b0fa7,Sunrisers Hyderabad,https://a.espncdn.com/i/headshots/cricket/players/full/1b7b0fa7.png,https://www.espncricinfo.com/cricketers/vivrant-sharma-1b7b0fa7
W Jaffer,619aa81f,Royal Challengers Bangalore,https://a.espncdn.com/i/headshots/cricket/players/full/619aa81f.png,https://www.espncricinfo.com/cricketers/w-jaffer-619aa81f
W O'Rourke,cb9b8664,Lucknow Super Giants,https://a.espncdn.com/i/headshots/cricket/players/full/cb9b8664.png,https://www.espncricinfo.com/cricketers/w-o-rourke-cb9b8664
WA Mota,3dba85c2,Kings XI Punjab,https://a.espncdn.com/i/headshots/cricket/players/full/3dba85c2.png,https://www.espncricinfo.com/cricketers/wa-mota-3dba85c2
WD Parnell,3a60e0b5,Delhi Daredevils,https://a.espncdn.com/i/headshots/cricket/players/full/3a60e0b5.png,https://www.espncricinfo.com/cricketers/wd-parnell-3a60e0b5
WG Jacks,9caf69a1,Mumbai Indians,https://a.espncdn.com/i/headshots/cricket/players/full/9caf69a1.png,https://www.espncricinfo.com/cricketers/wg-jacks-9caf69a1
WP Saha,fe11caa6,Chennai Super Kings,https://a.espncdn.com/i/headshots/cricket/players/full/fe11caa6.png,https://www.espncricinfo.com/cricketers/wp-saha-fe11caa6
WPUJC Vaas,bcce309e,Deccan Chargers,https://a.espncdn.com/i/headshots/cricket/players/full/bcce309e.png,https://www.espncricinfo.com/cricketers/wpujc-vaas-bcce309e
Washington Sundar,f19ccfad,Gujarat Titans,https://a.espncdn.com/i/headshots/cricket/players/full/f19ccfad.png,https://www.espncricinfo.com/cricketers/washington-sundar-f19ccfad
X Thalaivan Sargunam,1763bc6c,Sunrisers Hyderabad,https://a.espncdn.com/i/headshots/cricket/players/full/1763bc6c.png,https://www.espncricinfo.com/cricketers/x-thalaivan-sargunam-1763bc6c
XC Bartlett,3b53243a,Punjab Kings,https://a.espncdn.com/i/headshots/cricket/players/full/3b53243a.png,https://www.espncricinfo.com/cricketers/xc-bartlett-3b53243a
Y Gnaneswara Rao,bae11797,Kochi Tuskers Kerala,https://a.espncdn.com/i/headshots/cricket/players/full/bae11797.png,https://www.espncricinfo.com/cricketers/y-gnaneswara-rao-bae11797
Y Nagar,662c47a6,Delhi Daredevils,https://a.espncdn.com/i/headshots/cricket/players/full/662c47a6.png,https://www.espncricinfo.com/cricketers/y-nagar-662c47a6
Y Prithvi Raj,cfa4bd2b,Kolkata Knight Riders,https://a.espncdn.com/i/headshots/cricket/players/full/cfa4bd2b.png,https://www.espncricinfo.com/cricketers/y-prithvi-raj-cfa4bd2b
Y Venugopal Rao,fe763256,Deccan Chargers,https://a.espncdn.com/i/headshots/cricket/players/full/fe763256.png,https://www.espncricinfo.com/cricketers/y-venugopal-rao-fe763256
YA Abdulla,4353bba5,Kings XI Punjab,https://a.espncdn.com/i/headshots/cricket/players/full/4353bba5.png,https://www.espncricinfo.com/cricketers/ya-abdulla-4353bba5
YBK Jaiswal,6c19c6e5,Rajasthan Royals,https://a.espncdn.com/i/headshots/cricket/players/full/6c19c6e5.png,https://www.espncricinfo.com/cricketers/ybk-jaiswal-6c19c6e5
YK Pathan,3c6ffae8,Kolkata Knight Riders,https://a.espncdn.com/i/headshots/cricket/players/full/3c6ffae8.png,https://www.espncricinfo.com/cricketers/yk-pathan-3c6ffae8
YS Chahal,57ee1fde,Mumbai Indians,https://a.espncdn.com/i/headshots/cricket/players/full/57ee1fde.png,https://www.espncricinfo.com/cricketers/ys-chahal-57ee1fde
YV Dhull,dd7e9b3b,Delhi Capitals,https://a.espncdn.com/i/headshots/cricket/players/full/dd7e9b3b.png,https://www.espncricinfo.com/cricketers/yv-dhull-dd7e9b3b
YV Takawale,4e04666c,Mumbai Indians,https://a.espncdn.com/i/headshots/cricket/players/full/4e04666c.png,https://www.espncricinfo.com/cricketers/yv-takawale-4e04666c
Yash Dayal,7210d461,Gujarat Titans,https://a.espncdn.com/i/headshots/cricket/players/full/7210d461.png,https://www.espncricinfo.com/cricketers/yash-dayal-7210d461
Yash Raj Punja,02dfebbe,Rajasthan Royals,https://a.espncdn.com/i/headshots/cricket/players/full/02dfebbe.png,https://www.espncricinfo.com/cricketers/yash-raj-punja-02dfebbe
Yash Thakur,4b31f3a3,Lucknow Super Giants,https://a.espncdn.com/i/headshots/cricket/players/full/4b31f3a3.png,https://www.espncricinfo.com/cricketers/yash-thakur-4b31f3a3
Yashpal Singh,297b26da,Kolkata Knight Riders,https://a.espncdn.com/i/headshots/cricket/players/full/297b26da.png,https://www.espncricinfo.com/cricketers/yashpal-singh-297b26da
Younis Khan,33cb3411,Rajasthan Royals,https://a.espncdn.com/i/headshots/cricket/players/full/33cb3411.png,https://www.espncricinfo.com/cricketers/younis-khan-33cb3411
Yudhvir Singh,4885bbe6,Lucknow Super Giants,https://a.espncdn.com/i/headshots/cricket/players/full/4885bbe6.png,https://www.espncricinfo.com/cricketers/yudhvir-singh-4885bbe6
Yuvraj Singh,1c914163,Delhi Daredevils,https://a.espncdn.com/i/headshots/cricket/players/full/1c914163.png,https://www.espncricinfo.com/cricketers/yuvraj-singh-1c914163
Z Khan,91a4a398,Delhi Daredevils,https://a.espncdn.com/i/headshots/cricket/players/full/91a4a398.png,https://www.espncricinfo.com/cricketers/z-khan-91a4a398
Zeeshan Ansari,36619795,Sunrisers Hyderabad,https://a.espncdn.com/i/headshots/cricket/players/full/36619795.png,https://www.espncricinfo.com/cricketers/zeeshan-ansari-36619795
